playerId,jumperNumber,playerPosition,photoURL,playerName.givenName,playerName.surname,team.teamId,team.teamAbbr,team.teamName,team.teamNickname,matchesPlayed,timeOnGroundPercentage,behinds,bounces,centreBounceAttendances,centreClearances,clangers,contestDefLosses,contestDefOneOnOnes,contestedMarks,contestedPossessions,contestOffOneOnOnes,contestOffWins,defHalfPressureActs,disposals,dreamTeamPoints,effectiveDisposals,effectiveKicks,f50GroundBallGets,freesAgainst,freesFor,goalAccuracy,goalAssists,goals,groundBallGets,handballs,hitouts,hitoutsToAdvantage,inside50s,interceptMarks,intercepts,kickins,kickinsPlayon,kicks,marks,marksInside50,marksOnLead,metresGained,onePercenters,pressureActs,ranking,ratingPoints,rebound50s,ruckContests,scoreInvolvements,scoreLaunches,shotsAtGoal,spoils,stoppageClearances,tackles,tacklesInside50,totalClearances,totalPossessions,turnovers,uncontestedPossessions,datePulled,filename,contestDefLossPercentage,contestOffWinsPercentage,contestedPossessionRate,disposalEfficiency,effectiveHandballs,kickEfficiency,handballEfficiency,hitoutWinPercentage,contestsToHTARate,kickToHandballRatio,effectiveTacklePerPressureAct,kickinPlayonRate,ruckContestShare,cbaAttendanceRate,kickInShare,matchId,round,date,opponent,roundId
CD_I1001686,60,RUCK,"https://s.afl.com.au/staticfile/AFL Tenant/AFL/Players/ChampIDImages/AFLW/2026264/1001686.png?im=Scale,width=0.6,height=0.6",Emma,King,CD_T8466,NMFC,North Melbourne,Kangaroos,3,70.09999999999997,1,0,3,0,1,0,0,2,7,2,2,1,11,50,7,2,1,0,2,50,1,1,2,5,4,2,2,0,4,0,0,6,3,2,1,121,0,2,0,0,0,11,6,0,2,0,1,0,0,1,10,2,3,2026-09-06,data//AFLW_2026-09-06.csv,NA,1,0.7,0.6363636363636364,5,0.3333333333333333,1,0.36363636363636365,0.18181818181818182,1.2,0,NA,0.16923076923076924,0.15789473684210525,0,CD_M20262640402,4,2026-09-05,St Kilda,CD_R202626404
CD_I1003018,35,MEDIUM_FORWARD,"https://s.afl.com.au/staticfile/AFL Tenant/AFL/Players/ChampIDImages/AFLW/2026264/1003018.png?im=Scale,width=0.6,height=0.6",Jenna,Bruton,CD_T8466,NMFC,North Melbourne,Kangaroos,4,59.99999999999997,0,0,0,0,2,0,0,0,6,0,0,4,17,61,9,3,3,0,0,0,1,0,6,9,0,0,6,0,3,0,0,8,1,0,0,241,1,12,0,0,0,0,6,0,0,0,0,4,1,0,15,6,9,2026-09-06,data//AFLW_2026-09-06.csv,NA,NA,0.4,0.5294117647058824,6,0.375,0.6666666666666666,NA,NA,0.8888888888888888,0.3333333333333333,NA,0,0,0,CD_M20262640402,4,2026-09-05,St Kilda,CD_R202626404
CD_I1003019,1,KEY_FORWARD,"https://s.afl.com.au/staticfile/AFL Tenant/AFL/Players/ChampIDImages/AFLW/2026264/1003019.png?im=Scale,width=0.6,height=0.6",Sabrina,Frederick,CD_T8097,COLL,Collingwood,Magpies,3,38.19999999999999,0,0,6,1,1,0,0,0,5,0,0,3,12,51,10,3,0,0,1,0,0,0,3,8,5,0,1,0,4,0,0,4,3,0,0,77,4,5,0,0,1,14,3,0,0,2,1,2,0,2,12,1,7,2026-09-06,data//AFLW_2026-09-06.csv,NA,NA,0.4166666666666667,0.8333333333333334,7,0.75,0.875,0.35714285714285715,0,0.5,0.4,NA,0.2545454545454545,0.3380281690140845,0,CD_M20262640408,4,2026-09-06,Carlton,CD_R202626404
CD_I1003020,3,MIDFIELDER,"https://s.afl.com.au/staticfile/AFL Tenant/AFL/Players/ChampIDImages/AFLW/2026264/1003020.png?im=Scale,width=0.6,height=0.6",Brianna,Davey,CD_T8097,COLL,Collingwood,Magpies,3,61.20000000000002,0,0,9,0,5,0,0,0,6,1,1,4,10,35,7,3,1,4,1,0,0,0,5,5,0,0,2,0,4,0,0,5,3,0,0,163,0,6,0,0,0,0,1,0,0,0,1,3,0,1,11,2,5,2026-09-06,data//AFLW_2026-09-06.csv,NA,1,0.5454545454545454,0.7,4,0.6,0.8,NA,NA,1,0.5,NA,0,0.5070422535211268,0,CD_M20262640408,4,2026-09-06,Carlton,CD_R202626404
CD_I1003023,16,MEDIUM_FORWARD,"https://s.afl.com.au/staticfile/AFL Tenant/AFL/Players/ChampIDImages/AFLW/2026264/1003023.png?im=Scale,width=0.6,height=0.6",Tahlia,Randall,CD_T8466,NMFC,North Melbourne,Kangaroos,4,77.89999999999998,3,0,0,0,3,0,0,1,12,0,0,0,18,111,12,6,5,1,3,45.8,1,5,5,6,3,0,0,0,3,0,0,12,5,4,1,255,0,11,0,0,0,11,13,0,10,0,2,3,1,2,18,3,6,2026-09-06,data//AFLW_2026-09-06.csv,NA,NA,0.6666666666666666,0.6666666666666666,6,0.5,1,0.2727272727272727,0,2,0.2727272727272727,NA,0.16923076923076924,0,0,CD_M20262640402,4,2026-09-05,St Kilda,CD_R202626404
CD_I1004415,9,MEDIUM_DEFENDER,"https://s.afl.com.au/staticfile/AFL Tenant/AFL/Players/ChampIDImages/AFLW/2026264/1004415.png?im=Scale,width=0.6,height=0.6",Jaimee,Lambert,CD_T8796,EUR,St Kilda,St Kilda,4,67.30000000000004,0,0,0,0,2,0,1,1,5,0,0,12,14,47,10,6,0,1,0,0,0,0,4,6,0,0,0,0,6,4,4,8,2,0,0,240,1,13,0,0,5,0,0,0,0,0,0,2,0,0,10,2,5,2026-09-06,data//AFLW_2026-09-06.csv,0,NA,0.5,0.7142857142857143,4,0.75,0.6666666666666666,NA,NA,1.3333333333333333,0.15384615384615385,1,0,0,0.2857142857142857,CD_M20262640402,4,2026-09-05,North Melbourne,CD_R202626404
CD_I1005258,2,MEDIUM_DEFENDER,"https://s.afl.com.au/staticfile/AFL Tenant/AFL/Players/ChampIDImages/AFLW/2026264/1005258.png?im=Scale,width=0.6,height=0.6",Eloise,Jones,CD_T8098,KUW,Adelaide Crows,Crows,4,86.10000000000002,0,0,0,0,2,0,1,1,3,0,0,8,11,56,8,5,0,1,0,0,0,0,1,3,0,0,2,0,4,2,1,8,3,0,0,124,3,11,0,0,1,0,2,0,0,2,0,5,0,0,11,2,8,2026-09-06,data//AFLW_2026-09-06.csv,0,NA,0.2727272727272727,0.7272727272727273,3,0.625,1,NA,NA,2.6666666666666665,0.45454545454545453,0.5,0,0,0.25,CD_M20262640406,4,2026-09-06,Hawthorn,CD_R202626404
CD_I1005264,8,MIDFIELDER,"https://s.afl.com.au/staticfile/AFL Tenant/AFL/Players/ChampIDImages/AFLW/2026264/1005264.png?im=Scale,width=0.6,height=0.6",Ashleigh,Woodland,CD_T9409,YAR,Port Adelaide,Power,4,81,0,0,5,1,2,0,0,0,10,0,0,9,10,50,2,1,3,1,1,50,0,0,7,2,0,0,2,0,3,0,0,8,0,0,0,136,1,17,0,0,1,0,1,0,0,0,3,6,1,4,11,6,1,2026-09-06,data//AFLW_2026-09-06.csv,NA,NA,0.9090909090909091,0.2,1,0.125,0.5,NA,NA,4,0.35294117647058826,NA,0,0.7142857142857143,0,CD_M20262640403,4,2026-09-05,Gold Coast SUNS,CD_R202626404
CD_I1005269,34,MIDFIELDER,"https://s.afl.com.au/staticfile/AFL Tenant/AFL/Players/ChampIDImages/AFLW/2026264/1005269.png?im=Scale,width=0.6,height=0.6",Anne,Hatchard,CD_T8786,GCFC,Gold Coast SUNS,SUNS,4,92.9,0,0,3,1,4,0,0,0,8,0,0,12,18,72,11,4,3,1,1,0,0,0,7,13,0,0,2,0,5,0,0,5,3,0,0,162,0,15,0,0,3,0,2,0,1,0,0,6,1,1,17,4,9,2026-09-06,data//AFLW_2026-09-06.csv,NA,NA,0.47058823529411764,0.6111111111111112,7,0.8,0.5384615384615384,NA,NA,0.38461538461538464,0.4,NA,0,0.42857142857142855,0,CD_M20262640403,4,2026-09-05,Port Adelaide,CD_R202626404
CD_I1005279,10,MIDFIELDER,"https://s.afl.com.au/staticfile/AFL Tenant/AFL/Players/ChampIDImages/AFLW/2026264/1005279.png?im=Scale,width=0.6,height=0.6",Ebony,Marinoff,CD_T8098,KUW,Adelaide Crows,Crows,4,76.30000000000001,0,0,14,1,3,0,0,0,9,0,0,14,24,129,13,8,1,2,3,100,1,1,6,7,0,0,5,0,6,0,0,17,3,0,0,248,0,24,0,0,2,0,4,0,1,0,3,13,2,4,21,6,12,2026-09-06,data//AFLW_2026-09-06.csv,NA,NA,0.42857142857142855,0.5416666666666666,5,0.47058823529411764,0.7142857142857143,NA,NA,2.4285714285714284,0.5416666666666666,NA,0,0.7777777777777778,0,CD_M20262640406,4,2026-09-06,Hawthorn,CD_R202626404
CD_I1005285,39,KEY_DEFENDER,"https://s.afl.com.au/staticfile/AFL Tenant/AFL/Players/ChampIDImages/AFLW/2026264/1005285.png?im=Scale,width=0.6,height=0.6",Sarah,Allan,CD_T8098,KUW,Adelaide Crows,Crows,4,96,0,0,0,0,0,1,6,1,4,0,0,12,10,55,5,4,0,0,1,0,0,0,2,2,0,0,1,0,4,1,1,8,2,0,0,270,5,13,0,0,5,0,2,0,0,5,0,5,0,0,10,3,6,2026-09-06,data//AFLW_2026-09-06.csv,0.16666666666666666,NA,0.4,0.5,1,0.5,0.5,NA,NA,4,0.38461538461538464,1,0,0,0.125,CD_M20262640406,4,2026-09-06,Hawthorn,CD_R202626404
CD_I1005452,17,MIDFIELDER,"https://s.afl.com.au/staticfile/AFL Tenant/AFL/Players/ChampIDImages/AFLW/2026264/1005452.png?im=Scale,width=0.6,height=0.6",Nicola,Barr,CD_T8796,EUR,St Kilda,St Kilda,3,66.79999999999998,0,1,0,0,3,0,0,0,6,0,0,13,15,61,8,3,0,0,1,0,0,0,5,6,0,0,1,0,6,0,0,9,3,0,0,173,2,14,0,0,2,0,0,0,0,1,1,3,0,1,15,4,9,2026-09-06,data//AFLW_2026-09-06.csv,NA,NA,0.4,0.5333333333333333,5,0.3333333333333333,0.8333333333333334,NA,NA,1.5,0.21428571428571427,NA,0,0,0,CD_M20262640402,4,2026-09-05,North Melbourne,CD_R202626404
CD_I1005453,6,MIDFIELDER,"https://s.afl.com.au/staticfile/AFL Tenant/AFL/Players/ChampIDImages/AFLW/2026264/1005453.png?im=Scale,width=0.6,height=0.6",Rebecca,Beeson,CD_T7889,GWS,GWS GIANTS,GIANTS,4,75.29999999999995,0,0,12,1,2,0,0,0,14,0,0,7,25,85,19,9,0,2,2,60,0,0,12,13,0,0,3,0,3,0,0,12,1,0,0,235,0,13,0,0,3,0,3,0,1,0,6,6,2,7,25,5,11,2026-09-06,data//AFLW_2026-09-06.csv,NA,NA,0.56,0.76,10,0.75,0.7692307692307693,NA,NA,0.9230769230769231,0.46153846153846156,NA,0,0.8571428571428571,0,CD_M20262640404,4,2026-09-05,Brisbane Lions,CD_R202626404
CD_I1005661,3,MEDIUM_DEFENDER,"https://s.afl.com.au/staticfile/AFL Tenant/AFL/Players/ChampIDImages/AFLW/2026264/1005661.png?im=Scale,width=0.6,height=0.6",Breanna,Koenen,CD_T7887,BL,Brisbane Lions,Lions,4,89.00000000000003,0,0,0,0,0,1,1,0,7,0,0,5,11,54,7,3,0,0,1,0,0,0,5,5,0,0,1,0,8,0,0,6,3,0,0,91,1,6,0,0,3,0,2,0,0,1,0,4,0,0,11,3,4,2026-09-06,data//AFLW_2026-09-06.csv,1,NA,0.6363636363636364,0.6363636363636364,4,0.5,0.8,NA,NA,1.2,0.6666666666666666,NA,0,0,0,CD_M20262640404,4,2026-09-05,GWS GIANTS,CD_R202626404
CD_I1005955,1,MEDIUM_FORWARD,"https://s.afl.com.au/staticfile/AFL Tenant/AFL/Players/ChampIDImages/AFLW/2026264/1005955.png?im=Scale,width=0.6,height=0.6",Justine,Mules-Robinson,CD_T9409,YAR,Port Adelaide,Power,4,55.200000000000045,0,0,0,0,1,0,0,0,2,0,0,1,3,17,1,1,0,0,0,0,0,0,2,0,0,0,1,0,1,0,0,3,0,0,0,79,1,14,0,0,0,0,0,0,0,0,0,2,0,0,3,1,1,2026-09-06,data//AFLW_2026-09-06.csv,NA,NA,0.6666666666666666,0.3333333333333333,0,0.3333333333333333,NA,NA,NA,Inf,0.14285714285714285,NA,0,0,0,CD_M20262640403,4,2026-09-05,Gold Coast SUNS,CD_R202626404
CD_I1006997,20,MIDFIELDER,"https://s.afl.com.au/staticfile/AFL Tenant/AFL/Players/ChampIDImages/AFLW/2026264/1006997.png?im=Scale,width=0.6,height=0.6",Stephanie,Cain,CD_T9406,ESS,Essendon,Bombers,4,75.60000000000002,1,1,0,0,1,1,3,0,6,0,0,6,11,35,6,3,2,0,0,0,0,0,4,6,0,0,1,0,2,1,1,5,1,0,0,137,3,10,0,0,2,0,4,0,1,3,2,1,0,2,9,2,3,2026-09-06,data//AFLW_2026-09-06.csv,0.3333333333333333,NA,0.6666666666666666,0.5454545454545454,3,0.6,0.5,NA,NA,0.8333333333333334,0.1,1,0,0,0.2,CD_M20262640407,4,2026-09-06,Geelong Cats,CD_R202626404
CD_I1007011,8,MEDIUM_DEFENDER,"https://s.afl.com.au/staticfile/AFL Tenant/AFL/Players/ChampIDImages/AFLW/2026264/1007011.png?im=Scale,width=0.6,height=0.6",Sarah,Lampard,CD_T7386,NAR,Melbourne,Demons,4,88.40000000000003,0,0,0,0,2,1,4,0,4,0,0,3,12,41,9,4,0,1,1,0,0,0,3,6,0,0,0,0,5,1,1,6,3,0,0,149,1,4,0,0,4,0,1,0,0,1,0,1,0,0,10,3,6,2026-09-06,data//AFLW_2026-09-06.csv,0.25,NA,0.4,0.75,5,0.6666666666666666,0.8333333333333334,NA,NA,1,0.25,1,0,0,0.125,CD_M20262640409,4,2026-09-06,West Coast Eagles,CD_R202626404
CD_I1007017,22,MIDFIELDER,"https://s.afl.com.au/staticfile/AFL Tenant/AFL/Players/ChampIDImages/AFLW/2026264/1007017.png?im=Scale,width=0.6,height=0.6",Tilly,Lucas-Rodd,CD_T7889,GWS,GWS GIANTS,GIANTS,4,87.59999999999997,0,2,0,0,1,0,1,0,5,0,0,9,20,62,15,8,0,0,0,0,0,0,5,7,0,0,0,0,9,2,2,13,3,0,0,319,0,11,0,0,4,0,2,0,0,0,0,0,0,0,16,3,11,2026-09-06,data//AFLW_2026-09-06.csv,0,NA,0.3125,0.75,7,0.6153846153846154,1,NA,NA,1.8571428571428572,0,1,0,0,0.15384615384615385,CD_M20262640404,4,2026-09-05,Brisbane Lions,CD_R202626404
CD_I1007027,18,MEDIUM_FORWARD,"https://s.afl.com.au/staticfile/AFL Tenant/AFL/Players/ChampIDImages/AFLW/2026264/1007027.png?im=Scale,width=0.6,height=0.6",Ruby,Schleicher,CD_T8097,COLL,Collingwood,Magpies,4,97.20000000000005,4,5,1,1,5,0,0,0,5,2,0,1,12,79,4,3,1,1,1,53.8,0,3,4,3,2,0,3,0,1,0,0,9,4,2,1,321,2,7,0,0,0,5,7,0,7,2,0,3,1,1,13,5,8,2026-09-06,data//AFLW_2026-09-06.csv,NA,0,0.38461538461538464,0.3333333333333333,1,0.3333333333333333,0.3333333333333333,0.4,0,3,0.42857142857142855,NA,0.09090909090909091,0.056338028169014086,0,CD_M20262640408,4,2026-09-06,Carlton,CD_R202626404
CD_I1007029,14,MEDIUM_DEFENDER,"https://s.afl.com.au/staticfile/AFL Tenant/AFL/Players/ChampIDImages/AFLW/2026264/1007029.png?im=Scale,width=0.6,height=0.6",Belinda,Smith,CD_T8787,WAA,West Coast Eagles,Eagles,4,76.19999999999999,0,0,0,0,0,0,1,0,3,0,0,7,8,34,6,2,0,0,1,0,0,0,2,5,0,0,0,0,3,0,0,3,2,0,0,77,2,8,0,0,0,0,2,0,1,2,0,2,0,0,8,0,5,2026-09-06,data//AFLW_2026-09-06.csv,0,NA,0.375,0.75,4,0.6666666666666666,0.8,NA,NA,0.6,0.25,NA,0,0,0,CD_M20262640409,4,2026-09-06,Melbourne,CD_R202626404
CD_I1007130,20,MEDIUM_DEFENDER,"https://s.afl.com.au/staticfile/AFL Tenant/AFL/Players/ChampIDImages/AFLW/2026264/1007130.png?im=Scale,width=0.6,height=0.6",Shannon,Campbell,CD_T7887,BL,Brisbane Lions,Lions,4,93.5,2,0,0,0,0,0,0,1,6,5,1,0,11,55,7,5,2,0,0,0,1,0,3,2,0,0,2,0,0,0,0,9,6,3,1,219,3,9,0,0,0,0,9,0,2,1,0,1,1,0,13,0,7,2026-09-06,data//AFLW_2026-09-06.csv,NA,0.2,0.46153846153846156,0.6363636363636364,2,0.5555555555555556,1,NA,NA,4.5,0.1111111111111111,NA,0,0,0,CD_M20262640404,4,2026-09-05,GWS GIANTS,CD_R202626404
CD_I1007138,33,MEDIUM_DEFENDER,"https://s.afl.com.au/staticfile/AFL Tenant/AFL/Players/ChampIDImages/AFLW/2026264/1007138.png?im=Scale,width=0.6,height=0.6",Kate,Shierlaw,CD_T8466,NMFC,North Melbourne,Kangaroos,4,76.30000000000001,0,0,0,0,2,0,0,1,4,1,0,0,11,76,7,6,1,0,1,58.3,2,4,1,1,0,0,2,0,0,0,0,10,5,4,2,247,1,3,0,0,0,0,8,0,6,0,0,1,1,0,11,4,7,2026-09-06,data//AFLW_2026-09-06.csv,NA,0,0.36363636363636365,0.6363636363636364,1,0.6,1,NA,NA,10,0.3333333333333333,NA,0,0,0,CD_M20262640402,4,2026-09-05,St Kilda,CD_R202626404
CD_I1007141,27,KEY_FORWARD,"https://s.afl.com.au/staticfile/AFL Tenant/AFL/Players/ChampIDImages/AFLW/2026264/1007141.png?im=Scale,width=0.6,height=0.6",Gemma,Houghton,CD_T9409,YAR,Port Adelaide,Power,4,84.40000000000003,1,0,0,0,2,0,0,0,4,2,0,2,10,42,3,1,2,1,1,16.7,0,1,3,3,0,0,0,0,2,0,0,7,2,2,1,128,2,11,0,0,0,0,4,0,5,2,0,1,0,0,8,2,4,2026-09-06,data//AFLW_2026-09-06.csv,NA,0,0.5,0.3,2,0.14285714285714285,0.6666666666666666,NA,NA,2.3333333333333335,0.09090909090909091,NA,0,0,0,CD_M20262640403,4,2026-09-05,Gold Coast SUNS,CD_R202626404
CD_I1007144,9,MEDIUM_FORWARD,"https://s.afl.com.au/staticfile/AFL Tenant/AFL/Players/ChampIDImages/AFLW/2026264/1007144.png?im=Scale,width=0.6,height=0.6",Gabby,O'Sullivan,CD_T7886,WAL,Fremantle,Dockers,4,78.9,1,0,0,0,3,0,0,2,8,2,1,2,14,79,10,5,2,1,2,66.7,0,3,4,5,0,0,3,0,3,0,0,9,4,2,2,224,2,11,0,0,2,0,5,0,4,2,2,3,2,2,13,2,5,2026-09-06,data//AFLW_2026-09-06.csv,NA,0.5,0.6153846153846154,0.7142857142857143,5,0.5555555555555556,1,NA,NA,1.8,0.2727272727272727,NA,0,0,0,CD_M20262640405,4,2026-09-06,Richmond,CD_R202626404
CD_I1007152,21,KEY_DEFENDER,"https://s.afl.com.au/staticfile/AFL Tenant/AFL/Players/ChampIDImages/AFLW/2026264/1007152.png?im=Scale,width=0.6,height=0.6",Harriet,Cordner,CD_T8096,CARL,Carlton,Blues,4,94.90000000000003,0,0,0,0,2,0,1,1,7,0,0,2,23,94,20,13,0,1,1,0,0,0,5,7,0,0,2,0,16,0,0,16,10,0,0,150,3,3,0,0,2,0,3,0,0,3,0,1,0,0,21,3,14,2026-09-06,data//AFLW_2026-09-06.csv,0,NA,0.3333333333333333,0.8695652173913043,7,0.8125,1,NA,NA,2.2857142857142856,0.3333333333333333,NA,0,0,0,CD_M20262640408,4,2026-09-06,Collingwood,CD_R202626404
CD_I1007157,2,KEY_DEFENDER,"https://s.afl.com.au/staticfile/AFL Tenant/AFL/Players/ChampIDImages/AFLW/2026264/1007157.png?im=Scale,width=0.6,height=0.6",Libby,Birch,CD_T8466,NMFC,North Melbourne,Kangaroos,4,100,0,1,0,0,2,0,0,0,5,0,0,0,20,68,14,6,0,0,1,0,0,0,4,9,0,0,2,0,6,0,0,11,4,0,0,296,1,2,0,0,3,0,1,0,0,0,0,1,0,0,20,3,15,2026-09-06,data//AFLW_2026-09-06.csv,NA,NA,0.25,0.7,8,0.5454545454545454,0.8888888888888888,NA,NA,1.2222222222222223,0.5,NA,0,0,0,CD_M20262640402,4,2026-09-05,St Kilda,CD_R202626404
CD_I1007313,32,RUCK,"https://s.afl.com.au/staticfile/AFL Tenant/AFL/Players/ChampIDImages/AFLW/2026264/1007313.png?im=Scale,width=0.6,height=0.6",Jess,Allan,CD_T8098,KUW,Adelaide Crows,Crows,4,72.39999999999998,1,0,14,0,4,1,1,0,8,0,0,15,13,98,5,4,1,0,3,50,0,1,3,6,19,4,0,0,1,0,0,7,0,0,0,255,2,21,0,0,2,46,3,0,2,0,2,9,0,2,13,4,5,2026-09-06,data//AFLW_2026-09-06.csv,1,NA,0.6153846153846154,0.38461538461538464,1,0.5714285714285714,0.16666666666666666,0.41304347826086957,0.08695652173913043,1.1666666666666667,0.42857142857142855,NA,0.6865671641791045,0.7777777777777778,0,CD_M20262640406,4,2026-09-06,Hawthorn,CD_R202626404
CD_I1007342,14,MEDIUM_FORWARD,"https://s.afl.com.au/staticfile/AFL Tenant/AFL/Players/ChampIDImages/AFLW/2026264/1007342.png?im=Scale,width=0.6,height=0.6",Chloe,Scheer,CD_T8467,GEEL,Geelong Cats,Cats,4,67.5,1,0,0,0,3,0,0,0,4,2,0,0,11,44,7,3,2,1,0,50,1,2,3,5,0,0,2,0,0,0,0,6,2,1,2,151,1,1,0,0,0,0,5,0,5,0,0,0,0,0,12,4,8,2026-09-06,data//AFLW_2026-09-06.csv,NA,0,0.3333333333333333,0.6363636363636364,4,0.5,0.8,NA,NA,1.2,0,NA,0,0,0,CD_M20262640407,4,2026-09-06,Essendon,CD_R202626404
CD_I1007360,2,MEDIUM_DEFENDER,"https://s.afl.com.au/staticfile/AFL Tenant/AFL/Players/ChampIDImages/AFLW/2026264/1007360.png?im=Scale,width=0.6,height=0.6",Ebony,O'Dea,CD_T9409,YAR,Port Adelaide,Power,4,75.79999999999995,0,1,0,0,5,0,0,0,7,0,0,3,14,44,9,7,0,1,1,0,0,0,6,3,0,0,1,0,8,1,1,11,1,0,0,136,0,4,0,0,2,0,1,0,0,0,0,1,0,0,11,2,4,2026-09-06,data//AFLW_2026-09-06.csv,NA,NA,0.6363636363636364,0.6428571428571429,2,0.6363636363636364,0.6666666666666666,NA,NA,3.6666666666666665,0.25,1,0,0,0.2,CD_M20262640403,4,2026-09-05,Gold Coast SUNS,CD_R202626404
CD_I1009764,35,KEY_FORWARD,"https://s.afl.com.au/staticfile/AFL Tenant/AFL/Players/ChampIDImages/AFLW/2026264/1009764.png?im=Scale,width=0.6,height=0.6",Eden,Zanker,CD_T7886,WAL,Fremantle,Dockers,4,70.30000000000001,1,0,8,0,5,0,2,1,7,1,0,0,19,68,9,5,2,2,1,40,0,0,4,5,5,0,3,0,3,0,0,14,5,2,1,213,2,3,0,0,2,28,2,0,2,2,2,0,0,2,17,4,10,2026-09-06,data//AFLW_2026-09-06.csv,0,0,0.4117647058823529,0.47368421052631576,4,0.35714285714285715,0.8,0.17857142857142858,0,2.8,0,NA,0.4666666666666667,0.4444444444444444,0,CD_M20262640405,4,2026-09-06,Richmond,CD_R202626404
CD_I1009765,27,MEDIUM_DEFENDER,"https://s.afl.com.au/staticfile/AFL Tenant/AFL/Players/ChampIDImages/AFLW/2026264/1009765.png?im=Scale,width=0.6,height=0.6",Sophie,Van De Heuvel,CD_T9406,ESS,Essendon,Bombers,2,87.1,0,0,0,0,3,0,1,0,4,0,0,9,6,21,5,2,1,2,0,0,0,0,3,3,0,0,0,0,4,0,0,3,0,0,0,73,2,13,0,0,2,0,2,0,0,1,1,3,0,1,7,2,3,2026-09-06,data//AFLW_2026-09-06.csv,0,NA,0.5714285714285714,0.8333333333333334,3,0.6666666666666666,1,NA,NA,1,0.23076923076923078,NA,0,0,0,CD_M20262640407,4,2026-09-06,Geelong Cats,CD_R202626404
CD_I1009799,3,MIDFIELDER,"https://s.afl.com.au/staticfile/AFL Tenant/AFL/Players/ChampIDImages/AFLW/2026264/1009799.png?im=Scale,width=0.6,height=0.6",Alyce,Parker,CD_T7889,GWS,GWS GIANTS,GIANTS,4,85.30000000000001,0,0,13,3,6,0,0,1,14,0,0,10,31,115,18,11,3,1,1,0,0,0,8,9,0,0,5,0,6,0,0,22,7,1,1,507,3,14,0,0,3,0,4,0,0,0,2,3,0,5,33,8,19,2026-09-06,data//AFLW_2026-09-06.csv,NA,NA,0.42424242424242425,0.5806451612903226,7,0.5,0.7777777777777778,NA,NA,2.4444444444444446,0.21428571428571427,NA,0,0.9285714285714286,0,CD_M20262640404,4,2026-09-05,Brisbane Lions,CD_R202626404
CD_I1009803,30,KEY_DEFENDER,"https://s.afl.com.au/staticfile/AFL Tenant/AFL/Players/ChampIDImages/AFLW/2026264/1009803.png?im=Scale,width=0.6,height=0.6",Alexia,Hamilton,CD_T9408,SYD,Sydney Swans,Swans,4,90.6,0,0,0,0,3,0,2,0,4,0,0,15,12,59,7,6,0,1,1,0,0,0,3,1,0,0,2,0,9,1,1,11,2,0,0,310,4,17,0,0,3,0,3,0,0,3,0,5,0,0,8,3,4,2026-09-06,data//AFLW_2026-09-06.csv,0,NA,0.5,0.5833333333333334,1,0.5454545454545454,1,NA,NA,11,0.29411764705882354,1,0,0,0.16666666666666666,CD_M20262640401,4,2026-09-05,Western Bulldogs,CD_R202626404
CD_I1009813,20,KEY_DEFENDER,"https://s.afl.com.au/staticfile/AFL Tenant/AFL/Players/ChampIDImages/AFLW/2026264/1009813.png?im=Scale,width=0.6,height=0.6",Brenna,Tarrant,CD_T9408,SYD,Sydney Swans,Swans,4,81.6,0,0,0,0,1,1,1,0,5,0,0,5,14,52,7,4,0,0,0,0,0,0,5,7,0,0,0,0,7,0,0,7,3,0,0,209,1,5,0,0,2,3,0,0,0,1,0,2,0,0,13,6,8,2026-09-06,data//AFLW_2026-09-06.csv,1,NA,0.38461538461538464,0.5,3,0.5714285714285714,0.42857142857142855,0,0,1,0.4,NA,0.04918032786885246,0,0,CD_M20262640401,4,2026-09-05,Western Bulldogs,CD_R202626404
CD_I1009822,17,MEDIUM_FORWARD,"https://s.afl.com.au/staticfile/AFL Tenant/AFL/Players/ChampIDImages/AFLW/2026264/1009822.png?im=Scale,width=0.6,height=0.6",Georgia,Garnett,CD_T7889,GWS,GWS GIANTS,GIANTS,4,74.79999999999998,0,0,0,0,3,0,0,0,3,1,0,2,7,31,7,3,1,2,0,100,0,0,3,4,0,0,1,0,2,0,0,3,4,0,1,53,0,5,0,0,1,0,2,0,0,0,0,2,2,0,7,2,4,2026-09-06,data//AFLW_2026-09-06.csv,NA,0,0.42857142857142855,1,4,1,1,NA,NA,0.75,0.4,NA,0,0,0,CD_M20262640404,4,2026-09-05,Brisbane Lions,CD_R202626404
CD_I1009824,6,MEDIUM_DEFENDER,"https://s.afl.com.au/staticfile/AFL Tenant/AFL/Players/ChampIDImages/AFLW/2026264/1009824.png?im=Scale,width=0.6,height=0.6",Lily,Postlethwaite,CD_T7887,BL,Brisbane Lions,Lions,4,89.99999999999997,0,0,5,1,3,0,0,0,5,0,0,8,16,67,12,8,0,2,1,0,0,0,4,5,0,0,2,0,4,0,0,11,3,0,0,180,2,14,0,0,1,0,2,0,0,2,0,5,0,1,15,3,10,2026-09-06,data//AFLW_2026-09-06.csv,NA,NA,0.3333333333333333,0.75,4,0.7272727272727273,0.8,NA,NA,2.2,0.35714285714285715,NA,0,0.35714285714285715,0,CD_M20262640404,4,2026-09-05,GWS GIANTS,CD_R202626404
CD_I1009828,5,MEDIUM_DEFENDER,"https://s.afl.com.au/staticfile/AFL Tenant/AFL/Players/ChampIDImages/AFLW/2026264/1009828.png?im=Scale,width=0.6,height=0.6",Jade,Ellenger,CD_T7887,BL,Brisbane Lions,Lions,4,89.80000000000001,0,0,0,0,3,1,2,0,4,0,0,8,12,63,7,4,0,0,2,0,0,0,2,5,0,0,0,0,6,0,0,7,2,0,0,195,4,15,0,0,1,0,2,0,0,3,0,6,0,0,12,5,8,2026-09-06,data//AFLW_2026-09-06.csv,0.5,NA,0.3333333333333333,0.5833333333333334,3,0.5714285714285714,0.6,NA,NA,1.4,0.4,NA,0,0,0,CD_M20262640404,4,2026-09-05,GWS GIANTS,CD_R202626404
CD_I1009831,29,MEDIUM_DEFENDER,"https://s.afl.com.au/staticfile/AFL Tenant/AFL/Players/ChampIDImages/AFLW/2026264/1009831.png?im=Scale,width=0.6,height=0.6",Tarni,White,CD_T8097,COLL,Collingwood,Magpies,4,99.89999999999998,0,1,0,0,2,1,1,0,3,0,0,13,13,60,8,6,0,0,0,100,0,0,2,3,0,0,0,0,5,3,3,10,4,0,0,276,3,16,0,0,6,0,1,0,0,3,0,3,0,0,9,3,6,2026-09-06,data//AFLW_2026-09-06.csv,1,NA,0.3333333333333333,0.6153846153846154,2,0.6,0.6666666666666666,NA,NA,3.3333333333333335,0.1875,1,0,0,0.375,CD_M20262640408,4,2026-09-06,Carlton,CD_R202626404
CD_I1009833,17,MIDFIELDER,"https://s.afl.com.au/staticfile/AFL Tenant/AFL/Players/ChampIDImages/AFLW/2026264/1009833.png?im=Scale,width=0.6,height=0.6",Isabel,Dawes,CD_T7887,BL,Brisbane Lions,Lions,4,85.19999999999999,2,0,13,2,0,0,0,0,10,0,0,7,20,83,12,4,2,0,1,16.7,0,0,7,8,0,0,5,0,4,0,0,12,0,0,0,466,3,19,0,0,1,0,8,0,2,2,6,7,1,8,20,5,10,2026-09-06,data//AFLW_2026-09-06.csv,NA,NA,0.5,0.6,8,0.3333333333333333,1,NA,NA,1.5,0.3684210526315789,NA,0,0.9285714285714286,0,CD_M20262640404,4,2026-09-05,GWS GIANTS,CD_R202626404
CD_I1009836,10,MEDIUM_DEFENDER,"https://s.afl.com.au/staticfile/AFL Tenant/AFL/Players/ChampIDImages/AFLW/2026264/1009836.png?im=Scale,width=0.6,height=0.6",Natalie,Grider,CD_T7887,BL,Brisbane Lions,Lions,4,87.60000000000002,0,0,0,0,2,0,1,0,6,0,0,7,13,47,6,4,0,1,0,0,0,0,6,6,0,0,0,0,6,0,0,7,3,0,0,141,7,10,0,0,2,0,1,0,0,6,0,2,0,0,12,3,6,2026-09-06,data//AFLW_2026-09-06.csv,0,NA,0.5,0.46153846153846156,2,0.5714285714285714,0.3333333333333333,NA,NA,1.1666666666666667,0.2,NA,0,0,0,CD_M20262640404,4,2026-09-05,GWS GIANTS,CD_R202626404
CD_I1009838,30,KEY_FORWARD,"https://s.afl.com.au/staticfile/AFL Tenant/AFL/Players/ChampIDImages/AFLW/2026264/1009838.png?im=Scale,width=0.6,height=0.6",Jesse,Tawhiao-Wardlaw,CD_T8796,EUR,St Kilda,St Kilda,4,82.79999999999995,1,0,4,0,4,0,0,1,6,1,1,5,6,25,2,2,2,3,1,11.1,0,0,3,2,5,3,1,0,2,0,0,4,1,1,0,70,0,7,0,0,1,19,1,0,1,0,1,2,0,1,8,4,2,2026-09-06,data//AFLW_2026-09-06.csv,NA,1,0.75,0.3333333333333333,0,0.5,0,0.2631578947368421,0.15789473684210525,2,0.2857142857142857,NA,0.2923076923076923,0.21052631578947367,0,CD_M20262640402,4,2026-09-05,North Melbourne,CD_R202626404
CD_I1009844,2,RUCK,"https://s.afl.com.au/staticfile/AFL Tenant/AFL/Players/ChampIDImages/AFLW/2026264/1009844.png?im=Scale,width=0.6,height=0.6",Tahlia,Hickie,CD_T7887,BL,Brisbane Lions,Lions,4,81.30000000000004,0,0,12,1,2,1,2,0,5,0,0,7,8,56,3,1,0,1,0,0,0,0,4,4,16,3,3,0,2,0,0,4,1,0,0,197,2,16,0,0,0,31,3,0,0,2,1,5,0,2,8,0,3,2026-09-06,data//AFLW_2026-09-06.csv,0.5,NA,0.625,0.375,2,0.25,0.5,0.5161290322580645,0.0967741935483871,1,0.3125,NA,0.5961538461538461,0.8571428571428571,0,CD_M20262640404,4,2026-09-05,GWS GIANTS,CD_R202626404
CD_I1009845,35,MEDIUM_DEFENDER,"https://s.afl.com.au/staticfile/AFL Tenant/AFL/Players/ChampIDImages/AFLW/2026264/1009845.png?im=Scale,width=0.6,height=0.6",Kalinda,Howarth,CD_T8097,COLL,Collingwood,Magpies,3,70.50000000000001,0,0,2,0,3,0,0,1,5,0,0,2,7,38,1,1,3,0,0,0,0,0,4,2,0,0,1,0,3,0,0,5,1,0,0,79,1,12,0,0,0,0,2,0,0,1,1,4,1,1,8,3,3,2026-09-06,data//AFLW_2026-09-06.csv,NA,NA,0.625,0.14285714285714285,0,0.2,0,NA,NA,2.5,0.3333333333333333,NA,0,0.11267605633802817,0,CD_M20262640408,4,2026-09-06,Carlton,CD_R202626404
CD_I1009847,12,MIDFIELDER,"https://s.afl.com.au/staticfile/AFL Tenant/AFL/Players/ChampIDImages/AFLW/2026264/1009847.png?im=Scale,width=0.6,height=0.6",Sophie,Conway,CD_T7887,BL,Brisbane Lions,Lions,4,79.70000000000002,0,0,6,0,4,0,0,0,8,0,0,8,19,90,10,7,1,0,2,33.3,0,1,6,4,0,0,3,0,2,0,0,15,3,1,3,478,0,20,0,0,4,0,7,0,3,0,2,5,3,2,21,7,13,2026-09-06,data//AFLW_2026-09-06.csv,NA,NA,0.38095238095238093,0.5263157894736842,3,0.4666666666666667,0.75,NA,NA,3.75,0.25,NA,0,0.42857142857142855,0,CD_M20262640404,4,2026-09-05,GWS GIANTS,CD_R202626404
CD_I1009853,5,MIDFIELDER,"https://s.afl.com.au/staticfile/AFL Tenant/AFL/Players/ChampIDImages/AFLW/2026264/1009853.png?im=Scale,width=0.6,height=0.6",Tyla,Hanks,CD_T7386,NAR,Melbourne,Demons,4,91.79999999999995,1,4,15,2,2,0,1,0,15,0,0,11,29,141,22,11,1,2,4,66.7,1,1,10,15,0,0,3,0,5,0,0,14,4,1,0,437,2,25,0,0,1,0,8,0,2,0,5,13,4,7,28,2,13,2026-09-06,data//AFLW_2026-09-06.csv,0,NA,0.5357142857142857,0.7586206896551724,11,0.7857142857142857,0.7333333333333333,NA,NA,0.9333333333333333,0.52,NA,0,0.6818181818181818,0,CD_M20262640409,4,2026-09-06,West Coast Eagles,CD_R202626404
CD_I1009855,5,MEDIUM_FORWARD,"https://s.afl.com.au/staticfile/AFL Tenant/AFL/Players/ChampIDImages/AFLW/2026264/1009855.png?im=Scale,width=0.6,height=0.6",Darcy,Guttridge,CD_T8796,EUR,St Kilda,St Kilda,3,73.29999999999998,0,0,0,0,1,0,0,0,1,0,0,5,1,11,0,0,0,1,0,50,0,0,1,1,0,0,0,0,0,0,0,0,0,0,0,-7,0,18,0,0,0,0,0,0,0,0,0,3,0,0,1,1,0,2026-09-06,data//AFLW_2026-09-06.csv,NA,NA,1,0,0,NA,0,NA,NA,0,0.16666666666666666,NA,0,0,0,CD_M20262640402,4,2026-09-05,North Melbourne,CD_R202626404
CD_I1009856,3,MEDIUM_FORWARD,"https://s.afl.com.au/staticfile/AFL Tenant/AFL/Players/ChampIDImages/AFLW/2026264/1009856.png?im=Scale,width=0.6,height=0.6",Grace,Egan,CD_T8098,KUW,Adelaide Crows,Crows,4,78.9,0,0,0,0,3,0,0,0,7,1,0,4,17,80,13,5,4,2,0,50,1,1,7,8,0,0,3,0,2,0,0,9,7,2,1,272,0,18,0,0,0,0,5,0,2,0,1,4,2,1,20,6,13,2026-09-06,data//AFLW_2026-09-06.csv,NA,0,0.35,0.7647058823529411,8,0.5555555555555556,1,NA,NA,1.125,0.2222222222222222,NA,0,0,0,CD_M20262640406,4,2026-09-06,Hawthorn,CD_R202626404
CD_I1009857,17,MEDIUM_DEFENDER,"https://s.afl.com.au/staticfile/AFL Tenant/AFL/Players/ChampIDImages/AFLW/2026264/1009857.png?im=Scale,width=0.6,height=0.6",Georgia,Clarke,CD_T9406,ESS,Essendon,Bombers,3,72.79999999999998,0,0,0,0,1,0,0,0,2,0,0,13,13,65,12,8,0,0,0,0,0,0,2,4,0,0,2,0,6,1,1,9,6,0,0,250,3,14,0,0,3,0,1,0,0,3,0,3,0,0,12,1,10,2026-09-06,data//AFLW_2026-09-06.csv,NA,NA,0.16666666666666666,0.9230769230769231,4,0.8888888888888888,1,NA,NA,2.25,0.21428571428571427,1,0,0,0.2,CD_M20262640407,4,2026-09-06,Geelong Cats,CD_R202626404
CD_I1009860,21,MEDIUM_DEFENDER,"https://s.afl.com.au/staticfile/AFL Tenant/AFL/Players/ChampIDImages/AFLW/2026264/1009860.png?im=Scale,width=0.6,height=0.6",Rebecca,Webster,CD_T8467,GEEL,Geelong Cats,Cats,4,90.90000000000003,0,0,0,0,3,1,1,0,4,0,0,8,21,73,16,10,0,0,0,0,1,0,4,9,0,0,2,0,6,3,3,12,1,0,0,302,1,9,0,0,3,0,2,0,0,1,0,4,0,0,17,3,13,2026-09-06,data//AFLW_2026-09-06.csv,1,NA,0.23529411764705882,0.7619047619047619,6,0.8333333333333334,0.6666666666666666,NA,NA,1.3333333333333333,0.4444444444444444,1,0,0,0.3333333333333333,CD_M20262640407,4,2026-09-06,Essendon,CD_R202626404
CD_I1009861,2,MIDFIELDER,"https://s.afl.com.au/staticfile/AFL Tenant/AFL/Players/ChampIDImages/AFLW/2026264/1009861.png?im=Scale,width=0.6,height=0.6",Olivia,Purcell,CD_T7386,NAR,Melbourne,Demons,4,84.9,0,0,20,2,6,0,0,0,11,0,0,7,28,95,17,1,1,1,1,0,0,0,7,20,0,0,4,0,2,0,0,8,3,0,0,216,0,18,0,0,0,0,6,0,0,0,3,6,0,5,30,4,19,2026-09-06,data//AFLW_2026-09-06.csv,NA,NA,0.36666666666666664,0.6071428571428571,16,0.125,0.8,NA,NA,0.4,0.3333333333333333,NA,0,0.9090909090909091,0,CD_M20262640409,4,2026-09-06,West Coast Eagles,CD_R202626404
CD_I1009863,9,MIDFIELDER,"https://s.afl.com.au/staticfile/AFL Tenant/AFL/Players/ChampIDImages/AFLW/2026264/1009863.png?im=Scale,width=0.6,height=0.6",Nina,Morrison,CD_T8467,GEEL,Geelong Cats,Cats,4,86.60000000000002,0,0,21,0,3,0,0,0,6,0,0,15,26,153,18,10,1,0,1,100,0,2,5,10,0,0,4,0,6,0,0,16,4,1,1,377,1,30,0,0,1,0,4,0,2,0,1,15,1,1,26,5,20,2026-09-06,data//AFLW_2026-09-06.csv,NA,NA,0.23076923076923078,0.6923076923076923,8,0.625,0.8,NA,NA,1.6,0.5,NA,0,0.9545454545454546,0,CD_M20262640407,4,2026-09-06,Essendon,CD_R202626404
CD_I1009865,9,MIDFIELDER,"https://s.afl.com.au/staticfile/AFL Tenant/AFL/Players/ChampIDImages/AFLW/2026264/1009865.png?im=Scale,width=0.6,height=0.6",Lucy,McEvoy,CD_T9408,SYD,Sydney Swans,Swans,4,68.80000000000001,0,0,11,1,3,0,1,0,6,0,0,4,9,40,5,2,0,1,0,0,0,0,6,6,0,0,2,0,4,0,0,3,2,0,0,144,1,11,0,0,0,0,0,0,0,1,1,4,1,2,9,4,3,2026-09-06,data//AFLW_2026-09-06.csv,0,NA,0.6666666666666666,0.5555555555555556,3,0.6666666666666666,0.5,NA,NA,0.5,0.36363636363636365,NA,0,0.6111111111111112,0,CD_M20262640401,4,2026-09-05,Western Bulldogs,CD_R202626404
CD_I1009867,21,MIDFIELDER,"https://s.afl.com.au/staticfile/AFL Tenant/AFL/Players/ChampIDImages/AFLW/2026264/1009867.png?im=Scale,width=0.6,height=0.6",Georgia,Patrikios,CD_T8796,EUR,St Kilda,St Kilda,4,80.39999999999998,0,0,8,1,1,0,0,0,6,0,0,17,15,56,9,1,0,0,0,0,0,0,5,8,0,0,0,0,1,0,0,7,1,0,0,194,0,28,0,0,3,0,0,0,0,0,0,4,0,1,14,3,8,2026-09-06,data//AFLW_2026-09-06.csv,NA,NA,0.42857142857142855,0.6,8,0.14285714285714285,1,NA,NA,0.875,0.14285714285714285,NA,0,0.42105263157894735,0,CD_M20262640402,4,2026-09-05,North Melbourne,CD_R202626404
CD_I1009868,5,MIDFIELDER,"https://s.afl.com.au/staticfile/AFL Tenant/AFL/Players/ChampIDImages/AFLW/2026264/1009868.png?im=Scale,width=0.6,height=0.6",Maddy,Brancatisano,CD_T8786,GCFC,Gold Coast SUNS,SUNS,3,62.10000000000002,0,0,3,0,0,0,0,0,2,0,0,0,9,30,5,3,1,0,1,0,0,0,1,4,0,0,2,0,0,0,0,5,2,0,1,155,0,3,0,0,2,0,1,0,0,0,0,0,0,0,8,2,6,2026-09-06,data//AFLW_2026-09-06.csv,NA,NA,0.25,0.5555555555555556,2,0.6,0.5,NA,NA,1.25,0,NA,0,0.42857142857142855,0,CD_M20262640403,4,2026-09-05,Port Adelaide,CD_R202626404
CD_I1009873,23,MIDFIELDER_FORWARD,"https://s.afl.com.au/staticfile/AFL Tenant/AFL/Players/ChampIDImages/AFLW/2026264/1009873.png?im=Scale,width=0.6,height=0.6",Olivia,Vesely,CD_T8796,EUR,St Kilda,St Kilda,4,75.80000000000001,0,0,12,0,5,0,0,0,6,0,0,11,13,50,4,1,1,1,0,0,0,0,6,6,0,0,0,0,1,0,0,7,0,0,0,172,0,21,0,0,2,0,0,0,0,0,1,5,0,1,14,6,8,2026-09-06,data//AFLW_2026-09-06.csv,NA,NA,0.42857142857142855,0.3076923076923077,3,0.14285714285714285,0.5,NA,NA,1.1666666666666667,0.23809523809523808,NA,0,0.631578947368421,0,CD_M20262640402,4,2026-09-05,North Melbourne,CD_R202626404
CD_I1009882,1,MIDFIELDER,"https://s.afl.com.au/staticfile/AFL Tenant/AFL/Players/ChampIDImages/AFLW/2026264/1009882.png?im=Scale,width=0.6,height=0.6",Gabrielle,Newton,CD_T7886,WAL,Fremantle,Dockers,4,87,1,0,15,1,6,0,0,0,10,1,1,7,18,76,11,6,1,2,3,25,1,0,6,7,1,0,7,0,2,0,0,11,2,0,1,327,2,15,0,0,0,7,7,0,1,2,3,6,1,4,18,3,8,2026-09-06,data//AFLW_2026-09-06.csv,NA,1,0.5555555555555556,0.6111111111111112,5,0.5454545454545454,0.7142857142857143,0.14285714285714285,0,1.5714285714285714,0.4,NA,0.11666666666666667,0.8333333333333334,0,CD_M20262640405,4,2026-09-06,Richmond,CD_R202626404
CD_I1009885,4,MIDFIELDER,"https://s.afl.com.au/staticfile/AFL Tenant/AFL/Players/ChampIDImages/AFLW/2026264/1009885.png?im=Scale,width=0.6,height=0.6",Madison,Prespakis,CD_T9406,ESS,Essendon,Bombers,4,83.60000000000002,0,1,14,3,3,0,0,0,10,0,0,6,26,81,17,11,1,2,2,66.7,1,0,6,8,0,0,2,0,2,2,2,18,1,0,0,382,0,9,0,0,2,0,7,0,0,0,2,3,1,5,24,6,14,2026-09-06,data//AFLW_2026-09-06.csv,NA,NA,0.4166666666666667,0.6538461538461539,6,0.6111111111111112,0.75,NA,NA,2.25,0.3333333333333333,1,0,0.6363636363636364,0.4,CD_M20262640407,4,2026-09-06,Geelong Cats,CD_R202626404
CD_I1009906,1,MIDFIELDER,"https://s.afl.com.au/staticfile/AFL Tenant/AFL/Players/ChampIDImages/AFLW/2026264/1009906.png?im=Scale,width=0.6,height=0.6",Mikayla,Bowen,CD_T8467,GEEL,Geelong Cats,Cats,4,82.90000000000003,0,1,18,2,4,1,1,1,12,0,0,14,40,146,34,14,3,2,1,100,0,0,9,21,0,0,6,0,5,0,0,19,8,0,1,430,0,26,0,0,2,0,6,0,0,0,1,7,1,3,39,6,27,2026-09-06,data//AFLW_2026-09-06.csv,1,NA,0.3076923076923077,0.85,20,0.7368421052631579,0.9523809523809523,NA,NA,0.9047619047619048,0.2692307692307692,NA,0,0.8181818181818182,0,CD_M20262640407,4,2026-09-06,Essendon,CD_R202626404
CD_I1009907,9,MEDIUM_FORWARD,"https://s.afl.com.au/staticfile/AFL Tenant/AFL/Players/ChampIDImages/AFLW/2026264/1009907.png?im=Scale,width=0.6,height=0.6",Roxanne,Roux,CD_T8787,WAA,West Coast Eagles,Eagles,3,71.59999999999997,0,0,0,0,1,2,2,0,3,0,0,7,4,12,2,2,0,1,0,0,0,0,3,1,0,0,0,0,3,2,2,3,0,0,0,117,2,9,0,0,2,0,0,0,0,2,0,1,0,0,3,4,0,2026-09-06,data//AFLW_2026-09-06.csv,1,NA,1,0.5,0,0.6666666666666666,0,NA,NA,3,0.1111111111111111,1,0,0,0.2222222222222222,CD_M20262640409,4,2026-09-06,Melbourne,CD_R202626404
CD_I1009962,21,MEDIUM_DEFENDER,"https://s.afl.com.au/staticfile/AFL Tenant/AFL/Players/ChampIDImages/AFLW/2026264/1009962.png?im=Scale,width=0.6,height=0.6",Poppy,Boltz,CD_T7889,GWS,GWS GIANTS,GIANTS,4,83.50000000000003,0,0,0,0,3,0,3,1,9,0,0,9,14,61,5,2,0,1,1,0,0,0,7,5,0,0,0,0,7,2,1,9,2,0,0,189,7,12,0,0,2,0,0,0,0,7,0,5,0,0,12,3,3,2026-09-06,data//AFLW_2026-09-06.csv,0,NA,0.75,0.35714285714285715,3,0.2222222222222222,0.6,NA,NA,1.8,0.4166666666666667,0.5,0,0,0.15384615384615385,CD_M20262640404,4,2026-09-05,Brisbane Lions,CD_R202626404
CD_I1009980,10,MEDIUM_FORWARD,"https://s.afl.com.au/staticfile/AFL Tenant/AFL/Players/ChampIDImages/AFLW/2026264/1009980.png?im=Scale,width=0.6,height=0.6",Kate,Hore,CD_T7386,NAR,Melbourne,Demons,4,90,1,0,19,2,2,0,0,0,8,1,0,7,22,95,11,8,3,2,3,27.3,1,1,4,5,0,0,3,0,1,0,0,17,2,1,0,399,0,12,0,0,2,0,5,0,2,0,4,6,2,6,21,2,13,2026-09-06,data//AFLW_2026-09-06.csv,NA,0,0.38095238095238093,0.5,3,0.47058823529411764,0.6,NA,NA,3.4,0.5,NA,0,0.8636363636363636,0,CD_M20262640409,4,2026-09-06,West Coast Eagles,CD_R202626404
CD_I1010102,35,MEDIUM_FORWARD,"https://s.afl.com.au/staticfile/AFL Tenant/AFL/Players/ChampIDImages/AFLW/2026264/1010102.png?im=Scale,width=0.6,height=0.6",Nell,Morris-Dalton,CD_T8096,CARL,Carlton,Blues,4,75.19999999999996,0,0,1,0,3,0,0,2,5,2,1,1,14,65,11,5,3,1,0,83.3,1,1,3,7,2,0,1,0,0,0,0,7,7,2,2,267,1,8,0,0,1,7,4,0,1,1,1,1,1,1,14,4,9,2026-09-06,data//AFLW_2026-09-06.csv,NA,0.5,0.35714285714285715,0.7857142857142857,6,0.7142857142857143,0.8571428571428571,0.2857142857142857,0,1,0.125,NA,0.12727272727272726,0.05555555555555555,0,CD_M20262640408,4,2026-09-06,Collingwood,CD_R202626404
CD_I1010103,3,MEDIUM_DEFENDER,"https://s.afl.com.au/staticfile/AFL Tenant/AFL/Players/ChampIDImages/AFLW/2026264/1010103.png?im=Scale,width=0.6,height=0.6",Isabella,Grant,CD_T7387,WB,Western Bulldogs,Bulldogs,4,67.89999999999998,0,0,0,0,2,1,1,0,2,0,0,2,6,23,2,1,0,1,0,0,0,0,2,2,0,0,0,0,3,0,0,4,2,0,1,67,0,3,0,0,0,0,1,0,0,0,0,1,0,0,6,2,4,2026-09-06,data//AFLW_2026-09-06.csv,1,NA,0.3333333333333333,0.3333333333333333,1,0.25,0.5,NA,NA,2,0.3333333333333333,NA,0,0,0,CD_M20262640401,4,2026-09-05,Sydney Swans,CD_R202626404
CD_I1010257,9,KEY_DEFENDER,"https://s.afl.com.au/staticfile/AFL Tenant/AFL/Players/ChampIDImages/AFLW/2026264/1010257.png?im=Scale,width=0.6,height=0.6",Clara,Fitzpatrick,CD_T8786,GCFC,Gold Coast SUNS,SUNS,4,99.59999999999997,0,0,0,0,5,2,6,1,4,0,0,4,14,38,9,3,0,4,0,0,0,0,3,8,0,0,0,0,4,1,1,6,4,0,1,192,0,5,0,0,3,0,0,0,0,0,0,1,0,0,13,3,9,2026-09-06,data//AFLW_2026-09-06.csv,0.3333333333333333,NA,0.3076923076923077,0.6428571428571429,6,0.5,0.75,NA,NA,0.75,0.2,1,0,0,0.125,CD_M20262640403,4,2026-09-05,Port Adelaide,CD_R202626404
CD_I1010263,5,MEDIUM_FORWARD,"https://s.afl.com.au/staticfile/AFL Tenant/AFL/Players/ChampIDImages/AFLW/2026264/1010263.png?im=Scale,width=0.6,height=0.6",Chloe,Molloy,CD_T9408,SYD,Sydney Swans,Swans,4,100.20000000000005,0,0,2,0,3,0,0,0,7,4,0,3,18,90,13,10,2,1,3,40,1,3,4,4,0,0,7,0,2,0,0,14,2,0,1,413,1,9,0,0,1,0,4,0,4,1,1,4,2,1,17,4,10,2026-09-06,data//AFLW_2026-09-06.csv,NA,0,0.4117647058823529,0.7222222222222222,3,0.7142857142857143,0.75,NA,NA,3.5,0.4444444444444444,NA,0,0.1111111111111111,0,CD_M20262640401,4,2026-09-05,Western Bulldogs,CD_R202626404
CD_I1010264,25,MEDIUM_DEFENDER,"https://s.afl.com.au/staticfile/AFL Tenant/AFL/Players/ChampIDImages/AFLW/2026264/1010264.png?im=Scale,width=0.6,height=0.6",Alexandra,Morcom,CD_T9406,ESS,Essendon,Bombers,4,78.40000000000003,0,0,0,0,1,2,2,0,4,0,0,8,10,39,7,5,0,0,1,0,0,0,3,2,0,0,1,0,6,0,0,8,2,0,0,188,0,11,0,0,3,0,1,0,0,0,0,1,0,0,9,4,5,2026-09-06,data//AFLW_2026-09-06.csv,1,NA,0.4444444444444444,0.7,2,0.625,1,NA,NA,4,0.09090909090909091,NA,0,0,0,CD_M20262640407,4,2026-09-06,Geelong Cats,CD_R202626404
CD_I1010265,7,MIDFIELDER,"https://s.afl.com.au/staticfile/AFL Tenant/AFL/Players/ChampIDImages/AFLW/2026264/1010265.png?im=Scale,width=0.6,height=0.6",Ash,Riddell,CD_T8466,NMFC,North Melbourne,Kangaroos,4,80.4,1,0,16,0,5,0,0,0,12,0,0,8,39,130,21,5,3,0,0,33.3,1,1,10,20,0,0,4,0,4,0,0,19,2,2,0,531,0,16,0,0,1,0,11,0,2,0,3,5,1,3,37,8,25,2026-09-06,data//AFLW_2026-09-06.csv,NA,NA,0.32432432432432434,0.5384615384615384,16,0.2631578947368421,0.8,NA,NA,0.95,0.3125,NA,0,0.8421052631578947,0,CD_M20262640402,4,2026-09-05,St Kilda,CD_R202626404
CD_I1010662,4,MIDFIELDER,"https://s.afl.com.au/staticfile/AFL Tenant/AFL/Players/ChampIDImages/AFLW/2026264/1010662.png?im=Scale,width=0.6,height=0.6",Claudia,Whitfort,CD_T8096,CARL,Carlton,Blues,4,68.60000000000002,1,1,13,3,4,1,1,0,9,0,0,6,21,79,17,7,0,3,2,50,1,0,3,12,0,0,6,0,2,0,0,9,2,0,1,410,2,15,0,0,3,0,9,0,1,1,4,7,0,7,22,2,13,2026-09-06,data//AFLW_2026-09-06.csv,1,NA,0.4090909090909091,0.8095238095238095,10,0.7777777777777778,0.8333333333333334,NA,NA,0.75,0.4666666666666667,NA,0,0.7222222222222222,0,CD_M20262640408,4,2026-09-06,Collingwood,CD_R202626404
CD_I1010663,24,MEDIUM_DEFENDER,"https://s.afl.com.au/staticfile/AFL Tenant/AFL/Players/ChampIDImages/AFLW/2026264/1010663.png?im=Scale,width=0.6,height=0.6",Ashleigh,Brazill,CD_T7886,WAL,Fremantle,Dockers,3,83.90000000000003,1,0,0,0,1,0,0,0,7,0,0,3,10,36,6,2,0,1,0,0,0,0,7,6,0,0,2,0,5,0,0,4,2,0,0,164,1,6,0,0,1,0,1,0,1,1,0,2,0,0,12,4,5,2026-09-06,data//AFLW_2026-09-06.csv,NA,NA,0.5833333333333334,0.6,4,0.5,0.6666666666666666,NA,NA,0.6666666666666666,0.3333333333333333,NA,0,0,0,CD_M20262640405,4,2026-09-06,Richmond,CD_R202626404
CD_I1010677,26,RUCK,"https://s.afl.com.au/staticfile/AFL Tenant/AFL/Players/ChampIDImages/AFLW/2026264/1010677.png?im=Scale,width=0.6,height=0.6",Kim,Rennie,CD_T8466,NMFC,North Melbourne,Kangaroos,4,75.79999999999998,0,0,16,1,2,0,1,0,10,0,0,3,20,91,18,4,0,1,1,0,0,0,6,14,26,9,0,0,4,0,0,6,3,0,0,26,3,11,0,0,1,43,3,0,0,0,3,3,0,4,21,2,11,2026-09-06,data//AFLW_2026-09-06.csv,0,NA,0.47619047619047616,0.9,14,0.6666666666666666,1,0.6046511627906976,0.20930232558139536,0.42857142857142855,0.2727272727272727,NA,0.6615384615384615,0.8421052631578947,0,CD_M20262640402,4,2026-09-05,St Kilda,CD_R202626404
CD_I1010686,11,MEDIUM_DEFENDER,"https://s.afl.com.au/staticfile/AFL Tenant/AFL/Players/ChampIDImages/AFLW/2026264/1010686.png?im=Scale,width=0.6,height=0.6",Elle,Bennetts,CD_T7387,WB,Western Bulldogs,Bulldogs,4,100.69999999999996,0,0,0,0,4,0,0,0,4,0,0,9,20,78,14,9,1,1,1,0,0,0,3,7,0,0,4,0,5,1,1,13,5,0,0,478,0,12,0,0,5,0,1,0,0,0,0,3,0,0,19,8,15,2026-09-06,data//AFLW_2026-09-06.csv,NA,NA,0.21052631578947367,0.7,5,0.6923076923076923,0.7142857142857143,NA,NA,1.8571428571428572,0.25,1,0,0,0.5,CD_M20262640401,4,2026-09-05,Sydney Swans,CD_R202626404
CD_I1010690,8,KEY_FORWARD,"https://s.afl.com.au/staticfile/AFL Tenant/AFL/Players/ChampIDImages/AFLW/2026264/1010690.png?im=Scale,width=0.6,height=0.6",Bonnie,Toogood,CD_T9406,ESS,Essendon,Bombers,4,90.40000000000003,2,0,2,0,2,0,0,2,10,2,2,0,19,99,9,5,3,0,3,45.5,1,0,5,6,0,0,2,0,0,0,0,13,5,2,1,320,3,9,0,0,0,0,6,0,4,2,0,7,6,0,19,5,9,2026-09-06,data//AFLW_2026-09-06.csv,NA,1,0.5263157894736842,0.47368421052631576,4,0.38461538461538464,0.6666666666666666,NA,NA,2.1666666666666665,0.7777777777777778,NA,0,0.09090909090909091,0,CD_M20262640407,4,2026-09-06,Geelong Cats,CD_R202626404
CD_I1011057,25,MIDFIELDER,"https://s.afl.com.au/staticfile/AFL Tenant/AFL/Players/ChampIDImages/AFLW/2026264/1011057.png?im=Scale,width=0.6,height=0.6",Teah,Charlton,CD_T8098,KUW,Adelaide Crows,Crows,4,82.60000000000002,0,1,15,0,3,0,0,0,7,0,0,7,18,80,14,6,0,1,1,33.3,0,0,5,9,0,0,1,0,3,0,0,9,3,0,0,161,1,18,0,0,2,0,4,0,0,1,1,7,2,1,18,3,11,2026-09-06,data//AFLW_2026-09-06.csv,NA,NA,0.3888888888888889,0.7777777777777778,8,0.6666666666666666,0.8888888888888888,NA,NA,1,0.3888888888888889,NA,0,0.8333333333333334,0,CD_M20262640406,4,2026-09-06,Hawthorn,CD_R202626404
CD_I1011062,28,MEDIUM_DEFENDER,"https://s.afl.com.au/staticfile/AFL Tenant/AFL/Players/ChampIDImages/AFLW/2026264/1011062.png?im=Scale,width=0.6,height=0.6",Cheyenne,Hammond,CD_T9409,YAR,Port Adelaide,Power,4,74.89999999999998,0,0,0,0,1,0,0,0,5,0,0,2,10,42,7,3,0,0,0,0,0,0,5,4,0,0,0,0,5,0,0,6,4,0,0,121,1,6,0,0,1,0,0,0,0,1,0,1,0,0,10,3,5,2026-09-06,data//AFLW_2026-09-06.csv,NA,NA,0.5,0.7,4,0.5,1,NA,NA,1.5,0.16666666666666666,NA,0,0,0,CD_M20262640403,4,2026-09-05,Gold Coast SUNS,CD_R202626404
CD_I1011069,6,MEDIUM_FORWARD,"https://s.afl.com.au/staticfile/AFL Tenant/AFL/Players/ChampIDImages/AFLW/2026264/1011069.png?im=Scale,width=0.6,height=0.6",Hannah,Munyard,CD_T8098,KUW,Adelaide Crows,Crows,4,72.59999999999997,0,2,0,0,2,0,0,0,5,0,0,5,15,76,9,8,1,0,0,33.3,2,1,5,2,0,0,4,0,3,0,0,13,5,1,3,254,1,11,0,0,0,0,5,0,2,1,0,3,0,0,14,3,9,2026-09-06,data//AFLW_2026-09-06.csv,NA,NA,0.35714285714285715,0.6,1,0.6153846153846154,0.5,NA,NA,6.5,0.2727272727272727,NA,0,0,0,CD_M20262640406,4,2026-09-06,Hawthorn,CD_R202626404
CD_I1011080,12,KEY_DEFENDER,"https://s.afl.com.au/staticfile/AFL Tenant/AFL/Players/ChampIDImages/AFLW/2026264/1011080.png?im=Scale,width=0.6,height=0.6",Chelsea,Biddell,CD_T8098,KUW,Adelaide Crows,Crows,4,99.89999999999998,0,0,0,0,2,1,6,1,7,0,0,10,18,88,12,9,0,0,1,0,0,0,5,6,0,0,2,0,9,3,3,12,5,0,0,410,5,10,0,0,6,0,3,0,0,5,0,6,0,0,15,3,8,2026-09-06,data//AFLW_2026-09-06.csv,0.16666666666666666,NA,0.4666666666666667,0.6666666666666666,3,0.75,0.5,NA,NA,2,0.6,1,0,0,0.375,CD_M20262640406,4,2026-09-06,Hawthorn,CD_R202626404
CD_I1011095,17,MIDFIELDER,"https://s.afl.com.au/staticfile/AFL Tenant/AFL/Players/ChampIDImages/AFLW/2026264/1011095.png?im=Scale,width=0.6,height=0.6",Madison,Newman,CD_T8098,KUW,Adelaide Crows,Crows,4,73.79999999999995,0,0,0,0,1,0,0,0,12,0,0,4,23,75,18,10,1,0,0,80,0,1,10,12,0,0,3,0,5,0,0,11,4,0,0,276,0,6,0,0,1,0,5,0,1,0,4,0,0,4,23,1,11,2026-09-06,data//AFLW_2026-09-06.csv,NA,NA,0.5217391304347826,0.782608695652174,8,0.9090909090909091,0.6666666666666666,NA,NA,0.9166666666666666,0,NA,0,0,0,CD_M20262640406,4,2026-09-06,Hawthorn,CD_R202626404
CD_I1012236,5,MIDFIELDER,"https://s.afl.com.au/staticfile/AFL Tenant/AFL/Players/ChampIDImages/AFLW/2026264/1012236.png?im=Scale,width=0.6,height=0.6",Sarah,Verrier,CD_T7886,WAL,Fremantle,Dockers,4,89.4,0,0,0,0,2,0,0,0,4,0,0,3,11,42,6,5,1,2,1,100,0,1,3,2,0,0,0,0,4,4,1,9,2,0,0,222,0,4,0,0,1,0,1,0,1,0,0,1,0,0,12,4,8,2026-09-06,data//AFLW_2026-09-06.csv,NA,NA,0.3333333333333333,0.5454545454545454,1,0.5555555555555556,0.5,NA,NA,4.5,0.25,0.25,0,0,0.8,CD_M20262640405,4,2026-09-06,Richmond,CD_R202626404
CD_I1012241,5,MIDFIELDER,"https://s.afl.com.au/staticfile/AFL Tenant/AFL/Players/ChampIDImages/AFLW/2026264/1012241.png?im=Scale,width=0.6,height=0.6",Abbey,Dowrick,CD_T9409,YAR,Port Adelaide,Power,4,75.50000000000003,0,0,6,0,3,0,0,0,10,0,0,4,15,57,11,8,0,1,1,60,0,0,9,4,0,0,4,0,1,0,0,11,2,0,1,324,1,11,0,0,1,0,1,0,1,1,7,3,1,7,16,7,6,2026-09-06,data//AFLW_2026-09-06.csv,NA,NA,0.625,0.7333333333333333,3,0.7272727272727273,0.75,NA,NA,2.75,0.2727272727272727,NA,0,0.8571428571428571,0,CD_M20262640403,4,2026-09-05,Gold Coast SUNS,CD_R202626404
CD_I1012242,3,MEDIUM_DEFENDER,"https://s.afl.com.au/staticfile/AFL Tenant/AFL/Players/ChampIDImages/AFLW/2026264/1012242.png?im=Scale,width=0.6,height=0.6",Emma,O'Driscoll,CD_T7886,WAL,Fremantle,Dockers,3,87.1,0,0,0,0,4,1,1,0,4,0,0,3,14,49,10,4,0,3,0,0,0,0,4,7,0,0,1,0,10,0,0,7,5,0,0,49,2,4,0,0,2,0,4,0,0,1,0,2,0,0,14,4,10,2026-09-06,data//AFLW_2026-09-06.csv,1,NA,0.2857142857142857,0.7142857142857143,6,0.5714285714285714,0.8571428571428571,NA,NA,1,0.5,NA,0,0,0,CD_M20262640405,4,2026-09-06,Richmond,CD_R202626404
CD_I1012253,17,MIDFIELDER,"https://s.afl.com.au/staticfile/AFL Tenant/AFL/Players/ChampIDImages/AFLW/2026264/1012253.png?im=Scale,width=0.6,height=0.6",Jasmin,Stewart,CD_T8467,GEEL,Geelong Cats,Cats,1,46.9,0,0,0,0,0,0,0,0,2,0,0,0,5,19,4,3,1,0,0,0,0,0,2,2,0,0,1,0,0,0,0,3,2,1,1,107,0,2,0,0,0,0,0,0,0,0,0,0,0,0,5,0,3,2026-09-06,data//AFLW_2026-09-06.csv,NA,NA,0.4,0.8,1,1,0.5,NA,NA,1.5,0,NA,0,0,0,CD_M20262640407,4,2026-09-06,Essendon,CD_R202626404
CD_I1012259,18,MIDFIELDER,"https://s.afl.com.au/staticfile/AFL Tenant/AFL/Players/ChampIDImages/AFLW/2026264/1012259.png?im=Scale,width=0.6,height=0.6",Jaide,Britton,CD_T8787,WAA,West Coast Eagles,Eagles,4,79.30000000000007,0,0,0,0,4,0,0,0,3,0,0,11,13,48,5,1,0,1,1,0,1,0,2,8,0,0,0,0,2,0,0,5,1,0,0,196,0,18,0,0,1,0,1,0,0,0,0,4,0,0,13,7,10,2026-09-06,data//AFLW_2026-09-06.csv,NA,NA,0.23076923076923078,0.38461538461538464,4,0.2,0.5,NA,NA,0.625,0.2222222222222222,NA,0,0,0,CD_M20262640409,4,2026-09-06,Melbourne,CD_R202626404
CD_I1012558,9,MIDFIELDER,"https://s.afl.com.au/staticfile/AFL Tenant/AFL/Players/ChampIDImages/AFLW/2026264/1012558.png?im=Scale,width=0.6,height=0.6",Brooke,Walker,CD_T9406,ESS,Essendon,Bombers,2,66.30000000000001,0,0,0,0,4,0,0,0,4,1,1,5,10,33,4,1,2,0,1,0,0,0,4,8,0,0,2,0,0,0,0,2,2,0,1,59,1,9,0,0,1,0,3,0,0,0,0,1,0,0,10,6,6,2026-09-06,data//AFLW_2026-09-06.csv,NA,1,0.4,0.4,3,0.5,0.375,NA,NA,0.25,0.1111111111111111,NA,0,0,0,CD_M20262640407,4,2026-09-06,Geelong Cats,CD_R202626404
CD_I1012560,16,MEDIUM_DEFENDER,"https://s.afl.com.au/staticfile/AFL Tenant/AFL/Players/ChampIDImages/AFLW/2026264/1012560.png?im=Scale,width=0.6,height=0.6",Chantel,Emonson,CD_T8467,GEEL,Geelong Cats,Cats,4,85,0,0,0,0,0,0,0,0,2,0,0,5,16,68,12,9,0,0,0,0,1,0,1,3,0,0,3,0,1,5,5,13,5,0,1,382,3,8,0,0,6,0,2,0,0,1,0,2,1,0,12,4,10,2026-09-06,data//AFLW_2026-09-06.csv,NA,NA,0.16666666666666666,0.75,3,0.6923076923076923,1,NA,NA,4.333333333333333,0.25,1,0,0,0.5555555555555556,CD_M20262640407,4,2026-09-06,Essendon,CD_R202626404
CD_I1012575,12,MEDIUM_DEFENDER,"https://s.afl.com.au/staticfile/AFL Tenant/AFL/Players/ChampIDImages/AFLW/2026264/1012575.png?im=Scale,width=0.6,height=0.6",Casey,Sherriff,CD_T9407,HAW,Hawthorn,Hawks,4,74.90000000000003,0,0,0,0,0,0,0,0,3,0,0,7,15,71,11,7,0,0,1,0,0,0,2,5,0,0,1,0,3,0,0,10,6,1,0,253,2,9,0,0,2,0,2,0,0,1,0,3,0,0,15,0,12,2026-09-06,data//AFLW_2026-09-06.csv,NA,NA,0.2,0.7333333333333333,4,0.7,0.8,NA,NA,2,0.3333333333333333,NA,0,0,0,CD_M20262640406,4,2026-09-06,Adelaide Crows,CD_R202626404
CD_I1012580,24,KEY_FORWARD,"https://s.afl.com.au/staticfile/AFL Tenant/AFL/Players/ChampIDImages/AFLW/2026264/1012580.png?im=Scale,width=0.6,height=0.6",Sophie,Alexander,CD_T9406,ESS,Essendon,Bombers,4,61.19999999999999,0,0,1,0,2,0,0,0,4,0,0,4,5,28,2,0,0,0,1,71.4,0,0,2,4,4,1,1,0,1,0,0,1,0,0,0,57,1,9,0,0,0,7,0,0,0,0,1,3,0,1,6,1,2,2026-09-06,data//AFLW_2026-09-06.csv,NA,NA,0.6666666666666666,0.4,2,0,0.5,0.5714285714285714,0.14285714285714285,0.25,0.3333333333333333,NA,0.11864406779661017,0.045454545454545456,0,CD_M20262640407,4,2026-09-06,Geelong Cats,CD_R202626404
CD_I1012595,32,MEDIUM_DEFENDER,"https://s.afl.com.au/staticfile/AFL Tenant/AFL/Players/ChampIDImages/AFLW/2026264/1012595.png?im=Scale,width=0.6,height=0.6",Vaomua,Laloifi,CD_T7387,WB,Western Bulldogs,Bulldogs,4,84.20000000000002,0,0,0,0,0,0,3,1,4,0,0,1,11,53,10,8,0,0,1,0,0,0,1,3,0,0,0,0,9,0,0,8,6,0,0,79,4,1,0,0,4,0,0,0,0,4,0,1,0,0,11,0,7,2026-09-06,data//AFLW_2026-09-06.csv,0,NA,0.36363636363636365,0.9090909090909091,2,1,0.6666666666666666,NA,NA,2.6666666666666665,1,NA,0,0,0,CD_M20262640401,4,2026-09-05,Sydney Swans,CD_R202626404
CD_I1012637,21,MIDFIELDER,"https://s.afl.com.au/staticfile/AFL Tenant/AFL/Players/ChampIDImages/AFLW/2026264/1012637.png?im=Scale,width=0.6,height=0.6",Mikala,Cann,CD_T7387,WB,Western Bulldogs,Bulldogs,4,54.400000000000034,0,0,11,2,5,0,0,0,6,1,0,3,15,51,5,1,3,0,0,33.3,0,0,5,10,0,0,2,0,1,0,0,5,0,0,0,161,0,7,0,0,0,0,0,0,0,0,0,4,1,2,15,7,9,2026-09-06,data//AFLW_2026-09-06.csv,NA,0,0.4,0.3333333333333333,4,0.2,0.4,NA,NA,0.5,0.5714285714285714,NA,0,0.6111111111111112,0,CD_M20262640401,4,2026-09-05,Sydney Swans,CD_R202626404
CD_I1012640,6,MEDIUM_FORWARD,"https://s.afl.com.au/staticfile/AFL Tenant/AFL/Players/ChampIDImages/AFLW/2026264/1012640.png?im=Scale,width=0.6,height=0.6",Julia,Crockett-Grills,CD_T8467,GEEL,Geelong Cats,Cats,4,82.29999999999995,0,0,0,0,0,0,0,0,5,2,1,2,13,66,11,8,3,0,1,60,1,1,3,3,0,0,1,0,0,0,0,10,5,1,3,201,1,9,0,0,0,0,4,0,2,0,1,2,0,1,15,3,10,2026-09-06,data//AFLW_2026-09-06.csv,NA,0.5,0.3333333333333333,0.8461538461538461,3,0.8,1,NA,NA,3.3333333333333335,0.2222222222222222,NA,0,0,0,CD_M20262640407,4,2026-09-06,Essendon,CD_R202626404
CD_I1012662,36,MIDFIELDER,"https://s.afl.com.au/staticfile/AFL Tenant/AFL/Players/ChampIDImages/AFLW/2026264/1012662.png?im=Scale,width=0.6,height=0.6",Airlie,Runnalls,CD_T8097,COLL,Collingwood,Magpies,4,94.39999999999998,0,0,4,0,3,0,0,0,7,0,0,7,20,56,13,7,1,3,1,0,0,0,6,10,0,0,1,0,3,0,0,10,2,0,1,202,0,14,0,0,3,0,3,0,0,0,1,2,0,1,21,5,14,2026-09-06,data//AFLW_2026-09-06.csv,NA,NA,0.3333333333333333,0.65,6,0.7,0.6,NA,NA,1,0.14285714285714285,NA,0,0.22535211267605634,0,CD_M20262640408,4,2026-09-06,Carlton,CD_R202626404
CD_I1012668,9,KEY_FORWARD,"https://s.afl.com.au/staticfile/AFL Tenant/AFL/Players/ChampIDImages/AFLW/2026264/1012668.png?im=Scale,width=0.6,height=0.6",Caitlin,Greiser,CD_T8788,RICH,Richmond,Richmond,4,84,1,0,0,0,0,0,0,0,4,1,0,1,5,40,3,2,3,0,0,35.7,1,1,3,2,1,0,0,0,0,0,0,3,1,1,1,71,0,9,0,0,0,3,4,0,2,0,1,4,3,1,5,0,1,2026-09-06,data//AFLW_2026-09-06.csv,NA,0,0.8,0.6,1,0.6666666666666666,0.5,0.3333333333333333,0,1.5,0.4444444444444444,NA,0.04918032786885246,0,0,CD_M20262640405,4,2026-09-06,Fremantle,CD_R202626404
CD_I1012692,19,MIDFIELDER,"https://s.afl.com.au/staticfile/AFL Tenant/AFL/Players/ChampIDImages/AFLW/2026264/1012692.png?im=Scale,width=0.6,height=0.6",Kate,Dempsey,CD_T8788,RICH,Richmond,Richmond,1,63.7,0,0,0,0,2,0,0,0,1,0,0,1,4,18,3,1,0,0,1,0,0,0,0,2,0,0,0,0,1,0,0,2,1,0,0,-13,0,5,0,0,0,0,0,0,0,0,0,1,0,0,4,1,3,2026-09-06,data//AFLW_2026-09-06.csv,NA,NA,0.25,0.75,2,0.5,1,NA,NA,1,0.2,NA,0,0,0,CD_M20262640405,4,2026-09-06,Fremantle,CD_R202626404
CD_I1012694,33,RUCK,"https://s.afl.com.au/staticfile/AFL Tenant/AFL/Players/ChampIDImages/AFLW/2026264/1012694.png?im=Scale,width=0.6,height=0.6",Alice,Edmonds,CD_T7387,WB,Western Bulldogs,Bulldogs,4,98.40000000000003,0,0,16,1,2,0,5,0,12,2,0,6,17,87,12,3,4,1,2,0,2,0,9,12,29,11,0,0,3,0,0,5,0,0,0,113,4,14,0,0,1,54,5,0,0,4,4,5,2,5,18,3,6,2026-09-06,data//AFLW_2026-09-06.csv,0,0,0.6666666666666666,0.7058823529411765,9,0.6,0.75,0.5370370370370371,0.2037037037037037,0.4166666666666667,0.35714285714285715,NA,0.8709677419354839,0.8888888888888888,0,CD_M20262640401,4,2026-09-05,Sydney Swans,CD_R202626404
CD_I1012700,20,MEDIUM_DEFENDER,"https://s.afl.com.au/staticfile/AFL Tenant/AFL/Players/ChampIDImages/AFLW/2026264/1012700.png?im=Scale,width=0.6,height=0.6",Beth,Lynch,CD_T8788,RICH,Richmond,Richmond,4,74.69999999999999,0,0,0,0,3,1,1,0,3,0,0,5,7,46,5,2,0,1,1,0,0,0,2,3,0,0,1,0,4,0,0,4,2,0,0,73,0,8,0,0,1,0,1,0,0,0,0,6,0,0,8,3,5,2026-09-06,data//AFLW_2026-09-06.csv,1,NA,0.375,0.7142857142857143,3,0.5,1,NA,NA,1.3333333333333333,0.75,NA,0,0,0,CD_M20262640405,4,2026-09-06,Fremantle,CD_R202626404
CD_I1012709,42,KEY_FORWARD,"https://s.afl.com.au/staticfile/AFL Tenant/AFL/Players/ChampIDImages/AFLW/2026264/1012709.png?im=Scale,width=0.6,height=0.6",Tara,Bohanna,CD_T8096,CARL,Carlton,Blues,3,66.5,1,0,0,0,1,0,0,1,2,3,0,0,6,34,5,3,1,0,0,33.3,1,1,1,2,1,1,0,0,0,0,0,4,2,1,1,123,0,7,0,0,0,1,5,0,2,0,0,1,1,0,6,0,4,2026-09-06,data//AFLW_2026-09-06.csv,NA,0,0.3333333333333333,0.8333333333333334,2,0.75,1,1,1,2,0.14285714285714285,NA,0.01818181818181818,0,0,CD_M20262640408,4,2026-09-06,Collingwood,CD_R202626404
CD_I1012713,30,MIDFIELDER,"https://s.afl.com.au/staticfile/AFL Tenant/AFL/Players/ChampIDImages/AFLW/2026264/1012713.png?im=Scale,width=0.6,height=0.6",Shelley,Heath-Barker,CD_T7386,NAR,Melbourne,Demons,4,80.19999999999999,0,1,5,0,2,1,1,0,5,0,0,8,13,63,9,3,1,1,1,100,0,0,4,6,0,0,1,0,5,0,0,7,0,0,0,122,0,12,0,0,0,0,3,0,0,0,1,8,1,1,13,1,8,2026-09-06,data//AFLW_2026-09-06.csv,1,NA,0.38461538461538464,0.6923076923076923,6,0.42857142857142855,1,NA,NA,1.1666666666666667,0.6666666666666666,NA,0,0.22727272727272727,0,CD_M20262640409,4,2026-09-06,West Coast Eagles,CD_R202626404
CD_I1012964,17,MIDFIELDER,"https://s.afl.com.au/staticfile/AFL Tenant/AFL/Players/ChampIDImages/AFLW/2026264/1012964.png?im=Scale,width=0.6,height=0.6",Dominique,Carbone,CD_T8097,COLL,Collingwood,Magpies,3,77.9,0,0,10,0,5,0,0,0,5,0,0,12,11,56,5,2,0,2,1,100,0,1,4,4,0,0,2,0,0,0,0,7,2,0,0,214,1,16,0,0,1,0,2,0,1,0,3,5,0,3,11,3,6,2026-09-06,data//AFLW_2026-09-06.csv,NA,NA,0.45454545454545453,0.45454545454545453,3,0.2857142857142857,0.75,NA,NA,1.75,0.3125,NA,0,0.5633802816901409,0,CD_M20262640408,4,2026-09-06,Carlton,CD_R202626404
CD_I1012987,12,MEDIUM_DEFENDER,"https://s.afl.com.au/staticfile/AFL Tenant/AFL/Players/ChampIDImages/AFLW/2026264/1012987.png?im=Scale,width=0.6,height=0.6",Serene,Watson,CD_T8796,EUR,St Kilda,St Kilda,4,87.90000000000003,0,0,0,0,6,0,0,0,4,0,0,9,20,65,11,8,0,1,0,0,0,0,2,5,0,0,0,0,5,8,8,15,3,0,0,467,4,9,0,0,12,0,0,0,0,2,0,1,0,0,14,9,10,2026-09-06,data//AFLW_2026-09-06.csv,NA,NA,0.2857142857142857,0.55,3,0.5333333333333333,0.6,NA,NA,3,0.1111111111111111,1,0,0,0.5714285714285714,CD_M20262640402,4,2026-09-05,North Melbourne,CD_R202626404
CD_I1012994,22,KEY_FORWARD,"https://s.afl.com.au/staticfile/AFL Tenant/AFL/Players/ChampIDImages/AFLW/2026264/1012994.png?im=Scale,width=0.6,height=0.6",Bella,Smith,CD_T7886,WAL,Fremantle,Dockers,4,86.5,0,0,3,0,1,0,0,2,5,1,1,0,10,53,9,8,1,0,0,66.7,2,1,3,2,0,0,3,0,2,0,0,8,5,1,1,216,2,6,0,0,0,12,4,0,1,1,0,1,1,0,10,1,5,2026-09-06,data//AFLW_2026-09-06.csv,NA,1,0.5,0.9,1,1,0.5,0,0,4,0.16666666666666666,NA,0.2,0.16666666666666666,0,CD_M20262640405,4,2026-09-06,Richmond,CD_R202626404
CD_I1013015,24,MEDIUM_DEFENDER,"https://s.afl.com.au/staticfile/AFL Tenant/AFL/Players/ChampIDImages/AFLW/2026264/1013015.png?im=Scale,width=0.6,height=0.6",Tamara,Smith,CD_T9407,HAW,Hawthorn,Hawks,4,80.80000000000004,0,0,0,0,1,0,0,0,8,0,0,10,14,57,7,2,0,0,0,0,0,0,8,6,0,0,3,0,5,0,0,8,3,0,0,134,2,15,0,0,1,0,0,0,0,0,1,3,0,1,14,3,6,2026-09-06,data//AFLW_2026-09-06.csv,NA,NA,0.5714285714285714,0.5,5,0.25,0.8333333333333334,NA,NA,1.3333333333333333,0.2,NA,0,0,0,CD_M20262640406,4,2026-09-06,Adelaide Crows,CD_R202626404
CD_I1013017,1,MIDFIELDER,"https://s.afl.com.au/staticfile/AFL Tenant/AFL/Players/ChampIDImages/AFLW/2026264/1013017.png?im=Scale,width=0.6,height=0.6",Molly,McDonald,CD_T8796,EUR,St Kilda,St Kilda,1,73.7,0,0,0,0,4,0,0,0,2,0,0,10,7,26,4,3,0,1,0,0,1,0,2,3,0,0,2,0,2,0,0,4,1,0,0,184,1,11,0,0,1,0,2,0,0,0,1,2,0,1,7,3,5,2026-09-06,data//AFLW_2026-09-06.csv,NA,NA,0.2857142857142857,0.5714285714285714,1,0.75,0.3333333333333333,NA,NA,1.3333333333333333,0.18181818181818182,NA,0,0,0,CD_M20262640402,4,2026-09-05,North Melbourne,CD_R202626404
CD_I1013026,17,MEDIUM_DEFENDER,"https://s.afl.com.au/staticfile/AFL Tenant/AFL/Players/ChampIDImages/AFLW/2026264/1013026.png?im=Scale,width=0.6,height=0.6",Elisabeth,Georgostathis,CD_T7387,WB,Western Bulldogs,Bulldogs,2,77.8,0,0,0,0,2,0,0,0,8,0,0,4,17,69,10,7,0,0,2,100,0,0,6,6,0,0,5,0,10,0,0,11,2,0,0,313,1,6,0,0,0,0,1,0,0,1,0,4,0,0,15,7,7,2026-09-06,data//AFLW_2026-09-06.csv,NA,NA,0.5333333333333333,0.5882352941176471,3,0.6363636363636364,0.5,NA,NA,1.8333333333333333,0.6666666666666666,NA,0,0,0,CD_M20262640401,4,2026-09-05,Sydney Swans,CD_R202626404
CD_I1013027,5,MIDFIELDER,"https://s.afl.com.au/staticfile/AFL Tenant/AFL/Players/ChampIDImages/AFLW/2026264/1013027.png?im=Scale,width=0.6,height=0.6",Abbie,McKay,CD_T8096,CARL,Carlton,Blues,4,75.19999999999999,1,0,15,1,4,0,0,0,12,0,0,6,19,67,12,2,2,2,2,0,0,0,8,15,0,0,3,0,2,0,0,4,0,0,0,164,0,17,0,0,1,0,3,0,1,0,1,7,0,2,18,1,6,2026-09-06,data//AFLW_2026-09-06.csv,NA,NA,0.6666666666666666,0.631578947368421,10,0.5,0.6666666666666666,NA,NA,0.26666666666666666,0.4117647058823529,NA,0,0.8333333333333334,0,CD_M20262640408,4,2026-09-06,Collingwood,CD_R202626404
CD_I1013032,18,MEDIUM_DEFENDER,"https://s.afl.com.au/staticfile/AFL Tenant/AFL/Players/ChampIDImages/AFLW/2026264/1013032.png?im=Scale,width=0.6,height=0.6",Britney,Gutknecht,CD_T7387,WB,Western Bulldogs,Bulldogs,4,76.5,0,1,0,1,2,0,0,1,6,0,0,8,11,40,7,4,1,0,1,0,0,0,4,4,0,0,1,0,2,1,1,7,2,0,0,136,0,11,0,0,1,0,1,0,0,0,0,1,0,1,10,4,4,2026-09-06,data//AFLW_2026-09-06.csv,NA,NA,0.6,0.6363636363636364,3,0.5714285714285714,0.75,NA,NA,1.75,0.09090909090909091,1,0,0,0.5,CD_M20262640401,4,2026-09-05,Sydney Swans,CD_R202626404
CD_I1013442,20,MEDIUM_DEFENDER,"https://s.afl.com.au/staticfile/AFL Tenant/AFL/Players/ChampIDImages/AFLW/2026264/1013442.png?im=Scale,width=0.6,height=0.6",Jasmine,Ferguson,CD_T8466,NMFC,North Melbourne,Kangaroos,4,100,0,0,0,0,0,1,1,0,2,0,0,2,6,21,6,1,0,0,1,0,0,0,1,5,0,0,0,0,3,0,0,1,1,0,0,62,0,2,0,0,1,0,3,0,0,0,0,1,0,0,6,0,4,2026-09-06,data//AFLW_2026-09-06.csv,1,NA,0.3333333333333333,1,5,1,1,NA,NA,0.2,0.5,NA,0,0,0,CD_M20262640402,4,2026-09-05,St Kilda,CD_R202626404
CD_I1013522,5,MIDFIELDER,"https://s.afl.com.au/staticfile/AFL Tenant/AFL/Players/ChampIDImages/AFLW/2026264/1013522.png?im=Scale,width=0.6,height=0.6",Georgia,Nanscawen,CD_T9406,ESS,Essendon,Bombers,4,61.80000000000004,0,0,10,1,2,0,0,0,10,0,0,10,13,55,7,2,2,0,1,0,0,0,9,9,0,0,2,0,5,0,0,4,0,0,0,69,1,23,0,0,0,0,4,0,0,0,2,6,1,3,13,3,3,2026-09-06,data//AFLW_2026-09-06.csv,NA,NA,0.7692307692307693,0.5384615384615384,5,0.5,0.5555555555555556,NA,NA,0.4444444444444444,0.2608695652173913,NA,0,0.45454545454545453,0,CD_M20262640407,4,2026-09-06,Geelong Cats,CD_R202626404
CD_I1013937,4,MEDIUM_FORWARD,"https://s.afl.com.au/staticfile/AFL Tenant/AFL/Players/ChampIDImages/AFLW/2026264/1013937.png?im=Scale,width=0.6,height=0.6",Angelique,Stannett,CD_T7886,WAL,Fremantle,Dockers,4,86.20000000000005,0,0,15,1,3,0,0,0,5,0,0,10,17,82,7,5,1,1,0,0,0,0,5,4,0,0,4,0,3,0,0,13,2,0,0,307,1,20,0,0,2,0,1,0,0,0,1,8,0,2,17,6,12,2026-09-06,data//AFLW_2026-09-06.csv,NA,NA,0.29411764705882354,0.4117647058823529,2,0.38461538461538464,0.5,NA,NA,3.25,0.4,NA,0,0.8333333333333334,0,CD_M20262640405,4,2026-09-06,Richmond,CD_R202626404
CD_I1014359,31,MIDFIELDER,"https://s.afl.com.au/staticfile/AFL Tenant/AFL/Players/ChampIDImages/AFLW/2026264/1014359.png?im=Scale,width=0.6,height=0.6",Laura,Gardiner,CD_T9408,SYD,Sydney Swans,Swans,4,76.69999999999996,1,1,9,0,5,0,0,0,11,1,0,10,18,77,7,0,2,0,1,40,0,0,10,10,0,0,3,0,4,0,0,8,1,0,0,229,1,14,0,0,3,0,2,0,1,1,3,7,1,3,18,6,7,2026-09-06,data//AFLW_2026-09-06.csv,NA,0,0.6111111111111112,0.3888888888888889,7,0,0.7,NA,NA,0.8,0.5,NA,0,0.5,0,CD_M20262640401,4,2026-09-05,Western Bulldogs,CD_R202626404
CD_I1014367,6,MIDFIELDER,"https://s.afl.com.au/staticfile/AFL Tenant/AFL/Players/ChampIDImages/AFLW/2026264/1014367.png?im=Scale,width=0.6,height=0.6",Alyssa,Bannan,CD_T7386,NAR,Melbourne,Demons,4,74.10000000000002,0,0,0,0,2,0,0,1,8,1,0,2,12,39,7,3,1,1,1,0,0,0,4,5,0,0,4,0,7,0,0,7,2,0,0,148,1,4,0,0,2,1,5,0,0,0,2,1,0,2,12,3,4,2026-09-06,data//AFLW_2026-09-06.csv,NA,0,0.6666666666666666,0.5833333333333334,4,0.42857142857142855,0.8,0,0,1.4,0.25,NA,0.014285714285714285,0,0,CD_M20262640409,4,2026-09-06,West Coast Eagles,CD_R202626404
CD_I1014372,23,MIDFIELDER,"https://s.afl.com.au/staticfile/AFL Tenant/AFL/Players/ChampIDImages/AFLW/2026264/1014372.png?im=Scale,width=0.6,height=0.6",Jess,Fitzgerald,CD_T7387,WB,Western Bulldogs,Bulldogs,4,75.89999999999998,0,0,13,0,0,0,0,0,10,0,0,9,21,75,16,7,0,0,2,0,1,0,7,12,0,0,3,0,3,0,0,9,2,0,0,288,1,13,0,0,1,0,3,0,0,0,3,4,0,3,21,3,11,2026-09-06,data//AFLW_2026-09-06.csv,NA,NA,0.47619047619047616,0.7619047619047619,9,0.7777777777777778,0.75,NA,NA,0.75,0.3076923076923077,NA,0,0.7222222222222222,0,CD_M20262640401,4,2026-09-05,Sydney Swans,CD_R202626404
CD_I1014373,36,MEDIUM_DEFENDER,"https://s.afl.com.au/staticfile/AFL Tenant/AFL/Players/ChampIDImages/AFLW/2026264/1014373.png?im=Scale,width=0.6,height=0.6",Ciara,Fitzgerald,CD_T8096,CARL,Carlton,Blues,4,74.5,0,0,0,0,1,0,0,0,5,0,0,3,18,70,13,8,0,0,1,0,0,0,4,6,0,0,4,0,6,3,3,12,3,0,0,278,1,4,0,0,2,0,1,0,0,1,0,3,0,0,15,4,10,2026-09-06,data//AFLW_2026-09-06.csv,NA,NA,0.3333333333333333,0.7222222222222222,5,0.6666666666666666,0.8333333333333334,NA,NA,2,0.75,1,0,0,0.6,CD_M20262640408,4,2026-09-06,Collingwood,CD_R202626404
CD_I1014556,14,MEDIUM_FORWARD,"https://s.afl.com.au/staticfile/AFL Tenant/AFL/Players/ChampIDImages/AFLW/2026264/1014556.png?im=Scale,width=0.6,height=0.6",Hannah,Priest,CD_T8796,EUR,St Kilda,St Kilda,4,88.60000000000002,0,0,0,1,2,0,0,0,3,0,0,6,4,11,3,1,1,2,0,0,0,0,3,3,0,0,0,0,0,0,0,1,0,0,0,14,2,13,0,0,0,0,0,0,0,2,1,2,1,2,4,2,1,2026-09-06,data//AFLW_2026-09-06.csv,NA,NA,0.75,0.75,2,1,0.6666666666666666,NA,NA,0.3333333333333333,0.15384615384615385,NA,0,0,0,CD_M20262640402,4,2026-09-05,North Melbourne,CD_R202626404
CD_I1014599,1,KEY_FORWARD,"https://s.afl.com.au/staticfile/AFL Tenant/AFL/Players/ChampIDImages/AFLW/2026264/1014599.png?im=Scale,width=0.6,height=0.6",Caitlin,Gould,CD_T8098,KUW,Adelaide Crows,Crows,4,89.69999999999999,2,0,4,0,0,0,0,0,5,5,0,2,10,70,6,3,1,0,0,41.7,0,2,4,5,11,2,1,0,3,0,0,5,4,3,1,134,2,8,0,0,0,21,4,0,4,0,0,2,1,0,11,1,6,2026-09-06,data//AFLW_2026-09-06.csv,NA,0,0.45454545454545453,0.6,3,0.6,0.6,0.5238095238095238,0.09523809523809523,1,0.25,NA,0.31343283582089554,0.2222222222222222,0,CD_M20262640406,4,2026-09-06,Hawthorn,CD_R202626404
CD_I1014663,26,KEY_DEFENDER,"https://s.afl.com.au/staticfile/AFL Tenant/AFL/Players/ChampIDImages/AFLW/2026264/1014663.png?im=Scale,width=0.6,height=0.6",Zoe,Prowse,CD_T9406,ESS,Essendon,Bombers,4,92.20000000000005,0,0,0,0,3,2,5,1,3,0,0,9,6,21,5,5,0,1,1,0,0,0,1,1,0,0,0,0,3,1,1,5,2,0,1,108,6,12,0,0,3,0,0,0,0,6,0,0,0,0,5,2,2,2026-09-06,data//AFLW_2026-09-06.csv,0.4,NA,0.6,0.8333333333333334,0,1,0,NA,NA,5,0,1,0,0,0.2,CD_M20262640407,4,2026-09-06,Geelong Cats,CD_R202626404
CD_I1014781,2,MIDFIELDER,"https://s.afl.com.au/staticfile/AFL Tenant/AFL/Players/ChampIDImages/AFLW/2026264/1014781.png?im=Scale,width=0.6,height=0.6",Emelia,Yassir,CD_T8788,RICH,Richmond,Richmond,4,85.30000000000001,0,0,9,0,2,0,0,1,7,0,0,4,15,64,10,4,0,1,3,50,0,0,2,7,0,0,1,0,3,0,0,8,2,0,0,125,1,16,0,0,1,0,4,0,0,0,2,5,2,2,16,3,9,2026-09-06,data//AFLW_2026-09-06.csv,NA,NA,0.4375,0.6666666666666666,6,0.5,0.8571428571428571,NA,NA,1.1428571428571428,0.3125,NA,0,0.5,0,CD_M20262640405,4,2026-09-06,Fremantle,CD_R202626404
CD_I1014793,17,KEY_DEFENDER,"https://s.afl.com.au/staticfile/AFL Tenant/AFL/Players/ChampIDImages/AFLW/2026264/1014793.png?im=Scale,width=0.6,height=0.6",Tahlia,Gillard,CD_T7386,NAR,Melbourne,Demons,4,100.30000000000001,0,0,0,0,3,0,1,0,7,0,0,8,14,57,11,6,0,0,0,0,0,0,7,6,0,0,0,0,7,5,4,8,3,0,0,169,6,9,0,0,5,0,1,0,0,6,0,3,0,0,11,4,4,2026-09-06,data//AFLW_2026-09-06.csv,0,NA,0.6363636363636364,0.7857142857142857,5,0.75,0.8333333333333334,NA,NA,1.3333333333333333,0.3333333333333333,0.8,0,0,0.625,CD_M20262640409,4,2026-09-06,West Coast Eagles,CD_R202626404
CD_I1014810,41,MIDFIELDER,"https://s.afl.com.au/staticfile/AFL Tenant/AFL/Players/ChampIDImages/AFLW/2026264/1014810.png?im=Scale,width=0.6,height=0.6",Georgie,Prespakis,CD_T8467,GEEL,Geelong Cats,Cats,4,91.30000000000001,1,4,20,3,6,0,0,1,15,1,0,13,26,90,18,6,3,3,0,0,1,0,13,17,0,0,3,0,6,0,0,9,3,0,0,313,1,24,0,0,1,0,7,0,1,0,2,7,1,5,26,3,11,2026-09-06,data//AFLW_2026-09-06.csv,NA,0,0.5769230769230769,0.6923076923076923,12,0.6666666666666666,0.7058823529411765,NA,NA,0.5294117647058824,0.2916666666666667,NA,0,0.9090909090909091,0,CD_M20262640407,4,2026-09-06,Essendon,CD_R202626404
CD_I1014835,6,MIDFIELDER,"https://s.afl.com.au/staticfile/AFL Tenant/AFL/Players/ChampIDImages/AFLW/2026264/1014835.png?im=Scale,width=0.6,height=0.6",Tyanna,Smith,CD_T8796,EUR,St Kilda,St Kilda,4,72.39999999999998,0,0,16,3,1,0,0,0,10,0,0,13,16,50,9,3,1,0,1,50,0,0,9,7,0,0,3,0,2,0,0,9,0,0,0,297,1,18,0,0,1,0,0,0,0,0,2,2,0,5,16,4,6,2026-09-06,data//AFLW_2026-09-06.csv,NA,NA,0.625,0.5625,6,0.3333333333333333,0.8571428571428571,NA,NA,1.2857142857142858,0.1111111111111111,NA,0,0.8421052631578947,0,CD_M20262640402,4,2026-09-05,North Melbourne,CD_R202626404
CD_I1014841,22,MIDFIELDER,"https://s.afl.com.au/staticfile/AFL Tenant/AFL/Players/ChampIDImages/AFLW/2026264/1014841.png?im=Scale,width=0.6,height=0.6",Ashleigh,Richards,CD_T8796,EUR,St Kilda,St Kilda,4,64.89999999999998,0,0,10,1,6,0,0,2,8,0,0,8,13,68,8,5,0,1,2,50,0,1,4,4,0,0,2,0,4,0,0,9,4,2,0,285,0,14,0,0,0,0,1,0,2,0,1,4,1,2,13,4,5,2026-09-06,data//AFLW_2026-09-06.csv,NA,NA,0.6153846153846154,0.6153846153846154,3,0.5555555555555556,0.75,NA,NA,2.25,0.2857142857142857,NA,0,0.5263157894736842,0,CD_M20262640402,4,2026-09-05,North Melbourne,CD_R202626404
CD_I1014869,11,MEDIUM_DEFENDER,"https://s.afl.com.au/staticfile/AFL Tenant/AFL/Players/ChampIDImages/AFLW/2026264/1014869.png?im=Scale,width=0.6,height=0.6",Jenna,Richardson,CD_T9407,HAW,Hawthorn,Hawks,4,100,0,0,0,0,3,0,2,0,6,0,0,7,15,62,11,6,0,0,0,100,0,0,6,5,0,0,0,0,8,2,2,10,6,0,0,296,3,9,0,0,4,0,1,0,0,3,0,1,0,0,13,4,7,2026-09-06,data//AFLW_2026-09-06.csv,0,NA,0.46153846153846156,0.7333333333333333,5,0.6,1,NA,NA,2,0.1111111111111111,1,0,0,0.2857142857142857,CD_M20262640406,4,2026-09-06,Adelaide Crows,CD_R202626404
CD_I1014882,16,KEY_DEFENDER,"https://s.afl.com.au/staticfile/AFL Tenant/AFL/Players/ChampIDImages/AFLW/2026264/1014882.png?im=Scale,width=0.6,height=0.6",Laura,McClelland,CD_T8788,RICH,Richmond,Richmond,4,94.29999999999995,0,0,0,0,3,0,1,0,4,0,0,13,16,65,10,4,0,0,1,0,0,0,3,7,0,0,0,0,8,0,0,9,5,0,1,212,5,14,0,0,2,0,0,0,0,4,0,2,0,0,14,4,10,2026-09-06,data//AFLW_2026-09-06.csv,0,NA,0.2857142857142857,0.625,6,0.4444444444444444,0.8571428571428571,NA,NA,1.2857142857142858,0.14285714285714285,NA,0,0,0,CD_M20262640405,4,2026-09-06,Fremantle,CD_R202626404
CD_I1014904,24,MIDFIELDER,"https://s.afl.com.au/staticfile/AFL Tenant/AFL/Players/ChampIDImages/AFLW/2026264/1014904.png?im=Scale,width=0.6,height=0.6",Megan,Fitzsimon,CD_T7386,NAR,Melbourne,Demons,4,69.39999999999998,1,0,0,0,2,0,0,0,3,0,0,1,12,68,10,3,0,1,0,50,0,1,3,7,0,0,0,0,1,0,0,5,1,0,0,62,0,12,0,0,1,0,4,0,2,0,1,8,4,1,10,1,7,2026-09-06,data//AFLW_2026-09-06.csv,NA,NA,0.3,0.8333333333333334,7,0.6,1,NA,NA,0.7142857142857143,0.6666666666666666,NA,0,0,0,CD_M20262640409,4,2026-09-06,West Coast Eagles,CD_R202626404
CD_I1014917,15,MIDFIELDER,"https://s.afl.com.au/staticfile/AFL Tenant/AFL/Players/ChampIDImages/AFLW/2026264/1014917.png?im=Scale,width=0.6,height=0.6",Lily-Rose,Williamson,CD_T7887,BL,Brisbane Lions,Lions,4,55.099999999999994,0,0,2,0,2,0,0,1,4,0,0,5,5,30,2,1,0,1,0,0,0,0,3,1,0,0,1,0,0,0,0,4,1,0,0,94,0,13,0,0,2,0,0,0,0,0,1,4,1,1,5,3,1,2026-09-06,data//AFLW_2026-09-06.csv,NA,NA,0.8,0.4,1,0.25,1,NA,NA,4,0.3076923076923077,NA,0,0.14285714285714285,0,CD_M20262640404,4,2026-09-05,GWS GIANTS,CD_R202626404
CD_I1014962,16,KEY_DEFENDER,"https://s.afl.com.au/staticfile/AFL Tenant/AFL/Players/ChampIDImages/AFLW/2026264/1014962.png?im=Scale,width=0.6,height=0.6",Ella,Friend,CD_T8796,EUR,St Kilda,St Kilda,4,95.90000000000003,0,0,0,0,4,1,1,0,4,0,0,9,12,34,8,3,0,1,0,0,0,0,4,7,0,0,0,0,4,2,2,5,0,0,0,163,3,9,0,0,4,1,0,0,0,3,1,2,0,1,8,4,4,2026-09-06,data//AFLW_2026-09-06.csv,1,NA,0.5,0.6666666666666666,5,0.6,0.7142857142857143,0,0,0.7142857142857143,0.2222222222222222,1,0.015384615384615385,0,0.14285714285714285,CD_M20262640402,4,2026-09-05,North Melbourne,CD_R202626404
CD_I1014991,17,MEDIUM_FORWARD,"https://s.afl.com.au/staticfile/AFL Tenant/AFL/Players/ChampIDImages/AFLW/2026264/1014991.png?im=Scale,width=0.6,height=0.6",Keeley,Skepper,CD_T8787,WAA,West Coast Eagles,Eagles,4,63.299999999999955,0,0,0,0,1,0,1,0,10,1,0,5,12,47,10,3,5,0,1,60,0,1,8,7,0,0,3,0,2,0,0,5,1,0,0,132,0,11,0,0,0,0,3,0,1,0,0,2,0,0,12,2,2,2026-09-06,data//AFLW_2026-09-06.csv,0,0,0.8333333333333334,0.8333333333333334,7,0.6,1,NA,NA,0.7142857142857143,0.18181818181818182,NA,0,0,0,CD_M20262640409,4,2026-09-06,Melbourne,CD_R202626404
CD_I1015012,7,RUCK,"https://s.afl.com.au/staticfile/AFL Tenant/AFL/Players/ChampIDImages/AFLW/2026264/1015012.png?im=Scale,width=0.6,height=0.6",Ally,Morphett,CD_T9408,SYD,Sydney Swans,Swans,4,76.1,0,0,15,1,8,0,2,0,7,5,0,4,13,51,6,5,0,5,1,0,0,0,5,3,16,2,3,0,4,0,0,10,3,0,0,357,3,6,0,0,1,41,2,0,0,3,1,1,0,2,13,6,6,2026-09-06,data//AFLW_2026-09-06.csv,0,0,0.5384615384615384,0.46153846153846156,1,0.5,0.3333333333333333,0.3902439024390244,0.04878048780487805,3.3333333333333335,0.16666666666666666,NA,0.6721311475409836,0.8333333333333334,0,CD_M20262640401,4,2026-09-05,Western Bulldogs,CD_R202626404
CD_I1015025,9,KEY_FORWARD,"https://s.afl.com.au/staticfile/AFL Tenant/AFL/Players/ChampIDImages/AFLW/2026264/1015025.png?im=Scale,width=0.6,height=0.6",Georgia,Gall,CD_T7386,NAR,Melbourne,Demons,4,72.50000000000003,0,0,0,0,0,0,0,2,6,1,1,1,6,31,3,1,3,0,0,83.3,0,1,4,4,1,0,1,0,0,0,0,2,2,1,0,85,1,8,0,0,0,9,3,0,1,0,0,1,1,0,7,0,1,2026-09-06,data//AFLW_2026-09-06.csv,NA,1,0.8571428571428571,0.5,2,0.5,0.5,0.1111111111111111,0,0.5,0.125,NA,0.12857142857142856,0,0,CD_M20262640409,4,2026-09-06,West Coast Eagles,CD_R202626404
CD_I1015029,13,MEDIUM_DEFENDER,"https://s.afl.com.au/staticfile/AFL Tenant/AFL/Players/ChampIDImages/AFLW/2026264/1015029.png?im=Scale,width=0.6,height=0.6",Maeve,Chaplin,CD_T7386,NAR,Melbourne,Demons,2,76.3,0,0,0,0,5,1,2,0,6,0,0,5,20,69,13,8,0,2,0,0,1,0,6,8,0,0,2,0,8,1,1,12,5,0,0,376,2,8,0,0,3,0,3,0,0,1,0,2,0,0,20,5,14,2026-09-06,data//AFLW_2026-09-06.csv,0.5,NA,0.3,0.65,5,0.6666666666666666,0.625,NA,NA,1.5,0.25,1,0,0,0.125,CD_M20262640409,4,2026-09-06,West Coast Eagles,CD_R202626404
CD_I1015047,10,MIDFIELDER,"https://s.afl.com.au/staticfile/AFL Tenant/AFL/Players/ChampIDImages/AFLW/2026264/1015047.png?im=Scale,width=0.6,height=0.6",Mimi,Hill,CD_T8096,CARL,Carlton,Blues,4,88.6,1,0,16,1,3,0,1,0,8,0,0,6,31,104,21,6,1,0,0,33.3,2,0,6,19,0,0,8,0,0,0,0,12,3,0,0,449,2,15,0,0,1,0,7,0,1,1,1,5,0,2,31,7,23,2026-09-06,data//AFLW_2026-09-06.csv,0,NA,0.25806451612903225,0.6774193548387096,15,0.5,0.7894736842105263,NA,NA,0.631578947368421,0.3333333333333333,NA,0,0.8888888888888888,0,CD_M20262640408,4,2026-09-06,Collingwood,CD_R202626404
CD_I1015068,8,MIDFIELDER,"https://s.afl.com.au/staticfile/AFL Tenant/AFL/Players/ChampIDImages/AFLW/2026264/1015068.png?im=Scale,width=0.6,height=0.6",Charlie,Rowbottom,CD_T8786,GCFC,Gold Coast SUNS,SUNS,4,87.19999999999999,0,0,6,1,5,0,0,0,15,0,0,11,22,97,11,2,4,2,2,0,0,0,12,15,0,0,0,0,5,0,0,7,2,0,0,142,0,22,0,0,0,0,1,0,0,0,2,11,2,3,22,2,7,2026-09-06,data//AFLW_2026-09-06.csv,NA,NA,0.6818181818181818,0.5,9,0.2857142857142857,0.6,NA,NA,0.4666666666666667,0.5,NA,0,0.8571428571428571,0,CD_M20262640403,4,2026-09-05,Port Adelaide,CD_R202626404
CD_I1015070,2,MEDIUM_FORWARD,"https://s.afl.com.au/staticfile/AFL Tenant/AFL/Players/ChampIDImages/AFLW/2026264/1015070.png?im=Scale,width=0.6,height=0.6",Eliza,James,CD_T8097,COLL,Collingwood,Magpies,1,48.7,0,0,0,0,3,0,0,0,1,1,0,0,6,31,4,2,0,1,1,0,0,0,0,2,0,0,0,0,0,0,0,4,3,0,1,120,0,4,0,0,0,0,3,0,1,0,0,2,2,0,6,2,5,2026-09-06,data//AFLW_2026-09-06.csv,NA,0,0.16666666666666666,0.6666666666666666,2,0.5,1,NA,NA,2,0.5,NA,0,0,0,CD_M20262640408,4,2026-09-06,Carlton,CD_R202626404
CD_I1015088,22,MIDFIELDER,"https://s.afl.com.au/staticfile/AFL Tenant/AFL/Players/ChampIDImages/AFLW/2026264/1015088.png?im=Scale,width=0.6,height=0.6",Eliza,McNamara,CD_T7386,NAR,Melbourne,Demons,4,94.69999999999999,1,0,7,1,3,0,0,2,10,2,1,1,33,138,25,16,2,0,1,83.3,2,2,7,12,0,0,6,0,2,0,0,21,7,2,1,581,0,17,0,0,1,0,9,0,3,0,2,4,2,3,31,6,21,2026-09-06,data//AFLW_2026-09-06.csv,NA,0.5,0.3225806451612903,0.7575757575757576,9,0.7619047619047619,0.75,NA,NA,1.75,0.23529411764705882,NA,0,0.3181818181818182,0,CD_M20262640409,4,2026-09-06,West Coast Eagles,CD_R202626404
CD_I1015091,15,MEDIUM_FORWARD,"https://s.afl.com.au/staticfile/AFL Tenant/AFL/Players/ChampIDImages/AFLW/2026264/1015091.png?im=Scale,width=0.6,height=0.6",Sarah,Hartwig,CD_T7387,WB,Western Bulldogs,Bulldogs,4,92.40000000000003,1,0,0,0,0,0,0,0,3,2,0,1,7,25,3,2,1,0,0,44.4,0,0,3,1,0,0,3,0,1,0,0,6,0,0,0,233,1,12,0,0,0,0,2,0,2,0,0,1,1,0,7,2,4,2026-09-06,data//AFLW_2026-09-06.csv,NA,0,0.42857142857142855,0.42857142857142855,1,0.3333333333333333,1,NA,NA,6,0.08333333333333333,NA,0,0,0,CD_M20262640401,4,2026-09-05,Sydney Swans,CD_R202626404
CD_I1015097,3,MIDFIELDER_FORWARD,"https://s.afl.com.au/staticfile/AFL Tenant/AFL/Players/ChampIDImages/AFLW/2026264/1015097.png?im=Scale,width=0.6,height=0.6",Bella,Eddey,CD_T8466,NMFC,North Melbourne,Kangaroos,4,69.80000000000001,0,0,2,0,1,0,0,0,3,1,0,5,6,30,5,1,0,0,0,100,1,0,3,4,0,0,2,0,2,0,0,2,0,0,0,93,1,12,0,0,0,0,2,0,0,1,0,4,1,0,7,1,4,2026-09-06,data//AFLW_2026-09-06.csv,NA,0,0.42857142857142855,0.8333333333333334,4,0.5,1,NA,NA,0.5,0.3333333333333333,NA,0,0.10526315789473684,0,CD_M20262640402,4,2026-09-05,St Kilda,CD_R202626404
CD_I1015124,19,MIDFIELDER_FORWARD,"https://s.afl.com.au/staticfile/AFL Tenant/AFL/Players/ChampIDImages/AFLW/2026264/1015124.png?im=Scale,width=0.6,height=0.6",Ruby,Tripodi,CD_T8466,NMFC,North Melbourne,Kangaroos,4,73.19999999999999,0,0,16,0,5,0,0,0,11,0,0,6,22,78,12,3,1,2,2,100,0,0,7,12,0,0,6,0,4,0,0,10,0,0,0,276,0,13,0,0,2,0,2,0,0,0,5,7,2,5,22,7,11,2026-09-06,data//AFLW_2026-09-06.csv,NA,NA,0.5,0.5454545454545454,9,0.3,0.75,NA,NA,0.8333333333333334,0.5384615384615384,NA,0,0.8421052631578947,0,CD_M20262640402,4,2026-09-05,St Kilda,CD_R202626404
CD_I1015137,4,MIDFIELDER,"https://s.afl.com.au/staticfile/AFL Tenant/AFL/Players/ChampIDImages/AFLW/2026264/1015137.png?im=Scale,width=0.6,height=0.6",Isabelle,Pritchard,CD_T7387,WB,Western Bulldogs,Bulldogs,4,77.59999999999997,0,0,13,1,1,0,0,0,15,1,0,6,22,90,14,9,5,0,4,50,2,1,7,5,0,0,3,0,2,0,0,17,1,0,0,436,0,14,0,0,1,0,5,0,1,0,8,4,1,9,22,2,7,2026-09-06,data//AFLW_2026-09-06.csv,NA,0,0.6818181818181818,0.6363636363636364,5,0.5294117647058824,1,NA,NA,3.4,0.2857142857142857,NA,0,0.7222222222222222,0,CD_M20262640401,4,2026-09-05,Sydney Swans,CD_R202626404
CD_I1015147,26,MIDFIELDER,"https://s.afl.com.au/staticfile/AFL Tenant/AFL/Players/ChampIDImages/AFLW/2026264/1015147.png?im=Scale,width=0.6,height=0.6",Charlotte,Baskaran,CD_T8796,EUR,St Kilda,St Kilda,4,75.4,0,0,2,1,7,0,0,0,6,0,0,13,11,37,2,1,0,3,0,0,0,0,6,5,0,0,2,0,2,0,0,6,2,0,0,188,1,19,0,0,0,0,0,0,0,1,0,3,0,1,12,5,6,2026-09-06,data//AFLW_2026-09-06.csv,NA,NA,0.5,0.18181818181818182,1,0.16666666666666666,0.2,NA,NA,1.2,0.15789473684210525,NA,0,0.10526315789473684,0,CD_M20262640402,4,2026-09-05,North Melbourne,CD_R202626404
CD_I1015152,18,MIDFIELDER,"https://s.afl.com.au/staticfile/AFL Tenant/AFL/Players/ChampIDImages/AFLW/2026264/1015152.png?im=Scale,width=0.6,height=0.6",Montana,Ham,CD_T9408,SYD,Sydney Swans,Swans,4,78.39999999999998,0,0,10,2,5,0,0,0,6,0,0,7,13,48,7,3,0,4,1,40,0,1,3,5,0,0,1,0,0,0,0,8,1,0,0,221,1,13,0,0,1,0,2,0,2,0,1,4,0,3,13,3,7,2026-09-06,data//AFLW_2026-09-06.csv,NA,NA,0.46153846153846156,0.5384615384615384,4,0.375,0.8,NA,NA,1.6,0.3076923076923077,NA,0,0.5555555555555556,0,CD_M20262640401,4,2026-09-05,Western Bulldogs,CD_R202626404
CD_I1015174,17,MEDIUM_DEFENDER,"https://s.afl.com.au/staticfile/AFL Tenant/AFL/Players/ChampIDImages/AFLW/2026264/1015174.png?im=Scale,width=0.6,height=0.6",Ash,Van Loon,CD_T9408,SYD,Sydney Swans,Swans,4,78.9,0,0,0,0,2,0,2,0,2,0,0,7,5,26,3,0,0,0,0,0,0,0,2,4,0,0,0,0,2,0,0,1,1,0,0,17,4,11,0,0,1,0,0,0,0,4,0,3,0,0,5,1,3,2026-09-06,data//AFLW_2026-09-06.csv,0,NA,0.4,0.6,3,0,0.75,NA,NA,0.25,0.2727272727272727,NA,0,0,0,CD_M20262640401,4,2026-09-05,Western Bulldogs,CD_R202626404
CD_I1015175,5,MIDFIELDER,"https://s.afl.com.au/staticfile/AFL Tenant/AFL/Players/ChampIDImages/AFLW/2026264/1015175.png?im=Scale,width=0.6,height=0.6",Tess,Craven,CD_T8466,NMFC,North Melbourne,Kangaroos,4,77.20000000000002,0,0,0,0,1,0,0,0,2,0,0,2,18,62,14,4,0,0,0,75,0,0,2,10,0,0,2,0,2,0,0,8,2,0,0,159,0,8,0,0,0,0,4,0,0,0,0,3,0,0,17,1,15,2026-09-06,data//AFLW_2026-09-06.csv,NA,NA,0.11764705882352941,0.7777777777777778,10,0.5,1,NA,NA,0.8,0.375,NA,0,0,0,CD_M20262640402,4,2026-09-05,St Kilda,CD_R202626404
CD_I1015181,4,MEDIUM_DEFENDER,"https://s.afl.com.au/staticfile/AFL Tenant/AFL/Players/ChampIDImages/AFLW/2026264/1015181.png?im=Scale,width=0.6,height=0.6",Darcy,Moloney,CD_T9408,SYD,Sydney Swans,Swans,4,77.50000000000003,0,0,0,0,1,0,0,0,3,0,0,6,8,28,5,2,0,0,0,0,0,0,3,4,0,0,0,0,3,0,0,4,0,0,0,81,1,8,0,0,1,0,0,0,0,0,0,2,0,0,8,3,5,2026-09-06,data//AFLW_2026-09-06.csv,NA,NA,0.375,0.625,3,0.5,0.75,NA,NA,1,0.25,NA,0,0,0,CD_M20262640401,4,2026-09-05,Western Bulldogs,CD_R202626404
CD_I1015189,24,RUCK,"https://s.afl.com.au/staticfile/AFL Tenant/AFL/Players/ChampIDImages/AFLW/2026264/1015189.png?im=Scale,width=0.6,height=0.6",Keeley,Hardingham,CD_T7387,WB,Western Bulldogs,Bulldogs,2,47.199999999999996,0,0,2,0,2,0,0,0,5,0,0,1,8,23,6,1,3,0,0,0,0,0,5,5,4,2,1,0,4,0,0,3,0,0,0,74,0,3,0,0,0,8,3,0,0,0,2,0,0,2,7,2,2,2026-09-06,data//AFLW_2026-09-06.csv,NA,NA,0.7142857142857143,0.75,5,0.3333333333333333,1,0.5,0.25,0.6,0,NA,0.12903225806451613,0.1111111111111111,0,CD_M20262640401,4,2026-09-05,Sydney Swans,CD_R202626404
CD_I1015195,19,MEDIUM_DEFENDER,"https://s.afl.com.au/staticfile/AFL Tenant/AFL/Players/ChampIDImages/AFLW/2026264/1015195.png?im=Scale,width=0.6,height=0.6",Annie,Lee,CD_T8467,GEEL,Geelong Cats,Cats,1,57.2,0,0,0,0,0,1,1,0,3,0,0,6,12,50,9,5,0,0,1,0,0,0,2,5,0,0,1,0,4,1,1,7,2,1,0,216,2,8,0,0,1,0,2,0,1,2,0,3,0,0,10,1,7,2026-09-06,data//AFLW_2026-09-06.csv,1,NA,0.3,0.75,4,0.7142857142857143,0.8,NA,NA,1.4,0.375,1,0,0,0.1111111111111111,CD_M20262640407,4,2026-09-06,Essendon,CD_R202626404
CD_I1016865,14,RUCK,"https://s.afl.com.au/staticfile/AFL Tenant/AFL/Players/ChampIDImages/AFLW/2026264/1016865.png?im=Scale,width=0.6,height=0.6",Poppy,Kelly,CD_T8788,RICH,Richmond,Richmond,4,88.60000000000002,0,0,16,1,2,1,1,0,8,2,0,0,12,69,7,1,0,1,1,100,1,0,5,7,32,9,3,0,2,0,0,5,2,0,0,162,4,5,0,0,1,52,4,0,0,4,3,1,0,4,12,0,4,2026-09-06,data//AFLW_2026-09-06.csv,1,0,0.6666666666666666,0.5833333333333334,6,0.2,0.8571428571428571,0.6153846153846154,0.17307692307692307,0.7142857142857143,0.2,NA,0.8524590163934426,0.8888888888888888,0,CD_M20262640405,4,2026-09-06,Fremantle,CD_R202626404
CD_I1016971,25,MIDFIELDER,"https://s.afl.com.au/staticfile/AFL Tenant/AFL/Players/ChampIDImages/AFLW/2026264/1016971.png?im=Scale,width=0.6,height=0.6",Ellie,Gavalas,CD_T7387,WB,Western Bulldogs,Bulldogs,1,82.8,0,0,0,0,3,0,0,1,8,0,0,2,18,71,9,2,4,0,0,0,0,0,7,8,0,0,2,0,2,0,0,10,3,1,0,107,0,9,0,0,0,0,1,0,3,0,0,4,2,0,15,6,7,2026-09-06,data//AFLW_2026-09-06.csv,NA,NA,0.5333333333333333,0.5,7,0.2,0.875,NA,NA,1.25,0.4444444444444444,NA,0,0,0,CD_M20262640401,4,2026-09-05,Sydney Swans,CD_R202626404
CD_I1017023,15,KEY_DEFENDER,"https://s.afl.com.au/staticfile/AFL Tenant/AFL/Players/ChampIDImages/AFLW/2026264/1017023.png?im=Scale,width=0.6,height=0.6",Rebecca,Miller,CD_T8788,RICH,Richmond,Richmond,4,83.39999999999998,0,0,0,0,1,1,1,0,5,0,0,4,17,73,13,8,0,1,0,0,0,0,4,6,1,0,1,0,5,1,1,11,6,0,0,208,2,8,0,0,3,1,2,0,0,0,0,3,0,0,17,4,12,2026-09-06,data//AFLW_2026-09-06.csv,1,NA,0.29411764705882354,0.7647058823529411,5,0.7272727272727273,0.8333333333333334,1,0,1.8333333333333333,0.375,1,0.01639344262295082,0,0.16666666666666666,CD_M20262640405,4,2026-09-06,Fremantle,CD_R202626404
CD_I1017025,28,KEY_FORWARD,"https://s.afl.com.au/staticfile/AFL Tenant/AFL/Players/ChampIDImages/AFLW/2026264/1017025.png?im=Scale,width=0.6,height=0.6",Gabby,Seymour,CD_T8788,RICH,Richmond,Richmond,4,76.69999999999996,0,0,2,0,1,0,1,1,6,1,0,9,12,62,8,3,0,0,3,0,0,0,2,5,2,0,0,0,7,0,0,7,2,0,0,151,4,11,0,0,2,4,1,0,0,3,0,5,0,0,10,4,4,2026-09-06,data//AFLW_2026-09-06.csv,0,0,0.6,0.6666666666666666,5,0.42857142857142855,1,0.5,0,1.4,0.45454545454545453,NA,0.06557377049180328,0.1111111111111111,0,CD_M20262640405,4,2026-09-06,Fremantle,CD_R202626404
CD_I1017286,33,MEDIUM_DEFENDER,"https://s.afl.com.au/staticfile/AFL Tenant/AFL/Players/ChampIDImages/AFLW/2026264/1017286.png?im=Scale,width=0.6,height=0.6",Emily,Pease,CD_T7889,GWS,GWS GIANTS,GIANTS,2,68.00000000000001,0,0,0,0,1,0,1,0,3,0,0,6,3,15,0,0,0,0,0,0,0,0,3,2,0,0,0,0,1,1,0,1,0,0,0,33,1,7,0,0,1,0,0,0,0,1,0,2,0,0,3,1,0,2026-09-06,data//AFLW_2026-09-06.csv,0,NA,1,0,0,0,0,NA,NA,0.5,0.2857142857142857,0,0,0,0.07692307692307693,CD_M20262640404,4,2026-09-05,Brisbane Lions,CD_R202626404
CD_I1017292,18,MEDIUM_FORWARD,"https://s.afl.com.au/staticfile/AFL Tenant/AFL/Players/ChampIDImages/AFLW/2026264/1017292.png?im=Scale,width=0.6,height=0.6",Tarni,Evans,CD_T7889,GWS,GWS GIANTS,GIANTS,4,86.5,0,0,0,0,1,0,0,0,6,4,2,0,11,43,7,5,2,0,0,60,0,0,5,4,0,0,1,0,2,0,0,7,2,0,0,225,3,14,0,0,0,0,2,0,0,2,0,2,2,0,11,2,5,2026-09-06,data//AFLW_2026-09-06.csv,NA,0.5,0.5454545454545454,0.6363636363636364,2,0.7142857142857143,0.5,NA,NA,1.75,0.14285714285714285,NA,0,0,0,CD_M20262640404,4,2026-09-05,Brisbane Lions,CD_R202626404
CD_I1017314,20,MEDIUM_DEFENDER,"https://s.afl.com.au/staticfile/AFL Tenant/AFL/Players/ChampIDImages/AFLW/2026264/1017314.png?im=Scale,width=0.6,height=0.6",Daisy,D'Arcy,CD_T8786,GCFC,Gold Coast SUNS,SUNS,4,90.19999999999996,0,2,0,0,9,0,0,0,17,0,0,1,34,98,16,8,1,1,3,0,0,0,15,11,0,0,2,0,16,6,6,23,1,0,0,694,1,2,0,0,12,0,1,0,0,1,1,1,0,1,27,11,10,2026-09-06,data//AFLW_2026-09-06.csv,NA,NA,0.6296296296296297,0.47058823529411764,8,0.34782608695652173,0.7272727272727273,NA,NA,2.090909090909091,0.5,1,0,0,0.75,CD_M20262640403,4,2026-09-05,Port Adelaide,CD_R202626404
CD_I1017333,6,MIDFIELDER,"https://s.afl.com.au/staticfile/AFL Tenant/AFL/Players/ChampIDImages/AFLW/2026264/1017333.png?im=Scale,width=0.6,height=0.6",Isabella,Lewis,CD_T8787,WAA,West Coast Eagles,Eagles,4,88.5,1,0,20,0,3,0,0,1,12,0,0,11,21,77,10,5,4,1,0,0,1,0,9,8,0,0,2,0,5,0,0,13,4,0,1,334,0,19,0,0,1,0,5,0,1,0,2,3,0,2,21,8,9,2026-09-06,data//AFLW_2026-09-06.csv,NA,NA,0.5714285714285714,0.47619047619047616,5,0.38461538461538464,0.625,NA,NA,1.625,0.15789473684210525,NA,0,0.9090909090909091,0,CD_M20262640409,4,2026-09-06,Melbourne,CD_R202626404
CD_I1017347,21,RUCK,"https://s.afl.com.au/staticfile/AFL Tenant/AFL/Players/ChampIDImages/AFLW/2026264/1017347.png?im=Scale,width=0.6,height=0.6",Mim,Strom,CD_T7886,WAL,Fremantle,Dockers,4,26.299999999999955,0,0,6,2,1,0,1,0,5,0,0,1,8,33,5,1,0,0,2,66.7,0,0,2,4,5,1,2,0,3,0,0,4,2,0,0,110,0,1,0,0,0,13,1,0,0,0,2,0,0,4,8,1,3,2026-09-06,data//AFLW_2026-09-06.csv,0,NA,0.625,0.625,4,0.25,1,0.38461538461538464,0.07692307692307693,1,0,NA,0.21666666666666667,0.3333333333333333,0,CD_M20262640405,4,2026-09-06,Richmond,CD_R202626404
CD_I1018403,4,MIDFIELDER,"https://s.afl.com.au/staticfile/AFL Tenant/AFL/Players/ChampIDImages/AFLW/2026264/1018403.png?im=Scale,width=0.6,height=0.6",Eilish,Sheerin,CD_T8466,NMFC,North Melbourne,Kangaroos,3,63.50000000000003,1,0,8,1,1,0,0,0,8,0,0,2,24,101,17,5,0,0,1,75,0,2,6,13,0,0,3,0,3,0,0,11,0,0,0,308,0,15,0,0,1,0,7,0,3,0,2,7,1,3,26,3,18,2026-09-06,data//AFLW_2026-09-06.csv,NA,NA,0.3076923076923077,0.7083333333333334,12,0.45454545454545453,0.9230769230769231,NA,NA,0.8461538461538461,0.4666666666666667,NA,0,0.42105263157894735,0,CD_M20262640402,4,2026-09-05,St Kilda,CD_R202626404
CD_I1018405,5,KEY_FORWARD,"https://s.afl.com.au/staticfile/AFL Tenant/AFL/Players/ChampIDImages/AFLW/2026264/1018405.png?im=Scale,width=0.6,height=0.6",Jacqueline,Parry,CD_T8467,GEEL,Geelong Cats,Cats,4,88.80000000000001,0,1,4,0,0,0,0,2,6,5,1,2,13,63,8,5,1,0,1,81.8,2,2,3,6,4,0,2,0,0,0,0,7,3,2,1,153,0,7,0,0,0,9,5,0,2,0,1,1,0,1,13,3,7,2026-09-06,data//AFLW_2026-09-06.csv,NA,0.2,0.46153846153846156,0.6153846153846154,3,0.7142857142857143,0.5,0.4444444444444444,0,1.1666666666666667,0.14285714285714285,NA,0.15254237288135594,0.18181818181818182,0,CD_M20262640407,4,2026-09-06,Essendon,CD_R202626404
CD_I1018874,23,MIDFIELDER,"https://s.afl.com.au/staticfile/AFL Tenant/AFL/Players/ChampIDImages/AFLW/2026264/1018874.png?im=Scale,width=0.6,height=0.6",Niamh,Kelly,CD_T8098,KUW,Adelaide Crows,Crows,4,68.19999999999996,0,1,0,2,4,0,0,0,6,0,0,7,18,68,11,4,0,0,1,50,0,0,5,8,0,0,2,0,5,0,0,10,3,0,0,310,2,10,0,0,3,0,1,0,0,2,0,3,0,2,16,5,10,2026-09-06,data//AFLW_2026-09-06.csv,NA,NA,0.375,0.6111111111111112,7,0.4,0.875,NA,NA,1.25,0.3,NA,0,0,0,CD_M20262640406,4,2026-09-06,Hawthorn,CD_R202626404
CD_I1018875,20,MIDFIELDER,"https://s.afl.com.au/staticfile/AFL Tenant/AFL/Players/ChampIDImages/AFLW/2026264/1018875.png?im=Scale,width=0.6,height=0.6",Grace,Kelly,CD_T8098,KUW,Adelaide Crows,Crows,2,84.5,0,0,0,0,4,0,0,0,1,0,0,4,12,64,6,4,0,0,0,33.3,0,0,1,2,0,0,2,0,3,0,0,10,2,0,0,230,0,14,0,0,2,0,3,0,1,0,0,6,3,0,10,4,9,2026-09-06,data//AFLW_2026-09-06.csv,NA,NA,0.1,0.5,2,0.4,1,NA,NA,5,0.42857142857142855,NA,0,0,0,CD_M20262640406,4,2026-09-06,Hawthorn,CD_R202626404
CD_I1018955,7,MIDFIELDER,"https://s.afl.com.au/staticfile/AFL Tenant/AFL/Players/ChampIDImages/AFLW/2026264/1018955.png?im=Scale,width=0.6,height=0.6",Kate,Surman,CD_T8467,GEEL,Geelong Cats,Cats,1,60.9,0,0,0,0,1,0,0,1,8,1,1,2,16,64,12,7,3,1,1,100,3,1,7,6,0,0,3,0,2,0,0,10,2,0,0,199,2,15,0,0,0,0,7,0,1,0,0,3,1,0,16,1,8,2026-09-06,data//AFLW_2026-09-06.csv,NA,1,0.5,0.75,5,0.7,0.8333333333333334,NA,NA,1.6666666666666667,0.2,NA,0,0,0,CD_M20262640407,4,2026-09-06,Essendon,CD_R202626404
CD_I1018966,23,MEDIUM_DEFENDER,"https://s.afl.com.au/staticfile/AFL Tenant/AFL/Players/ChampIDImages/AFLW/2026264/1018966.png?im=Scale,width=0.6,height=0.6",Sinead,Goldrick,CD_T7386,NAR,Melbourne,Demons,4,8.199999999999989,0,0,0,0,2,0,0,0,1,0,0,2,2,10,2,1,0,1,1,0,0,0,0,1,0,0,0,0,1,0,0,1,1,0,0,6,0,2,0,0,0,0,0,0,0,0,0,1,0,0,3,1,2,2026-09-06,data//AFLW_2026-09-06.csv,NA,NA,0.3333333333333333,1,1,1,1,NA,NA,1,0.5,NA,0,0,0,CD_M20262640409,4,2026-09-06,West Coast Eagles,CD_R202626404
CD_I1019034,9,MIDFIELDER,"https://s.afl.com.au/staticfile/AFL Tenant/AFL/Players/ChampIDImages/AFLW/2026264/1019034.png?im=Scale,width=0.6,height=0.6",Orla,O'Dwyer,CD_T7887,BL,Brisbane Lions,Lions,4,99.80000000000001,0,0,2,1,4,0,0,0,12,0,0,7,21,66,11,5,2,1,0,75,0,1,12,7,0,0,7,0,5,0,0,14,1,0,1,435,2,14,0,0,3,0,5,0,2,2,0,1,0,1,21,6,9,2026-09-06,data//AFLW_2026-09-06.csv,NA,NA,0.5714285714285714,0.5238095238095238,6,0.35714285714285715,0.8571428571428571,NA,NA,2,0.07142857142857142,NA,0,0.14285714285714285,0,CD_M20262640404,4,2026-09-05,GWS GIANTS,CD_R202626404
CD_I1019035,3,MEDIUM_FORWARD,"https://s.afl.com.au/staticfile/AFL Tenant/AFL/Players/ChampIDImages/AFLW/2026264/1019035.png?im=Scale,width=0.6,height=0.6",Greta,Bodey,CD_T9407,HAW,Hawthorn,Hawks,4,62.599999999999994,0,0,0,0,2,0,0,0,1,0,0,0,5,20,1,1,0,1,0,20,1,0,1,0,0,0,1,0,2,0,0,5,0,0,0,63,0,4,0,0,0,0,3,0,2,0,0,2,2,0,4,3,3,2026-09-06,data//AFLW_2026-09-06.csv,NA,NA,0.25,0.2,0,0.2,NA,NA,NA,Inf,0.5,NA,0,0,0,CD_M20262640406,4,2026-09-06,Adelaide Crows,CD_R202626404
CD_I1019053,25,MIDFIELDER,"https://s.afl.com.au/staticfile/AFL Tenant/AFL/Players/ChampIDImages/AFLW/2026264/1019053.png?im=Scale,width=0.6,height=0.6",Catherine,Svarc,CD_T7887,BL,Brisbane Lions,Lions,4,83.20000000000005,2,0,7,1,3,0,0,1,11,0,0,4,16,67,8,2,4,3,3,20,0,0,8,6,0,0,2,0,4,0,0,10,3,1,0,276,0,13,0,0,0,0,8,0,4,0,2,5,1,3,17,2,6,2026-09-06,data//AFLW_2026-09-06.csv,NA,NA,0.6470588235294118,0.5,6,0.2,1,NA,NA,1.6666666666666667,0.38461538461538464,NA,0,0.5,0,CD_M20262640404,4,2026-09-05,GWS GIANTS,CD_R202626404
CD_I1019057,14,KEY_FORWARD,"https://s.afl.com.au/staticfile/AFL Tenant/AFL/Players/ChampIDImages/AFLW/2026264/1019057.png?im=Scale,width=0.6,height=0.6",Dakota,Davidson,CD_T7887,BL,Brisbane Lions,Lions,3,81.49999999999994,2,0,0,0,1,0,0,1,4,1,0,2,9,56,5,5,1,0,2,50,0,1,1,1,5,0,2,0,1,0,0,8,1,0,0,160,1,10,0,0,0,11,4,0,3,1,0,3,1,0,5,4,1,2026-09-06,data//AFLW_2026-09-06.csv,NA,0,0.8,0.5555555555555556,0,0.625,0,0.45454545454545453,0,8,0.3,NA,0.21153846153846154,0,0,CD_M20262640404,4,2026-09-05,GWS GIANTS,CD_R202626404
CD_I1019059,9,MIDFIELDER,"https://s.afl.com.au/staticfile/AFL Tenant/AFL/Players/ChampIDImages/AFLW/2026264/1019059.png?im=Scale,width=0.6,height=0.6",Maria,Moloney,CD_T9409,YAR,Port Adelaide,Power,4,83.9,0,0,6,1,5,0,0,0,14,0,0,7,17,88,13,7,2,2,3,0,0,0,10,6,0,0,2,0,6,0,0,11,2,0,0,238,0,18,0,0,2,0,2,0,0,0,3,10,2,4,19,5,5,2026-09-06,data//AFLW_2026-09-06.csv,NA,NA,0.7368421052631579,0.7647058823529411,6,0.6363636363636364,1,NA,NA,1.8333333333333333,0.5555555555555556,NA,0,0.8571428571428571,0,CD_M20262640403,4,2026-09-05,Gold Coast SUNS,CD_R202626404
CD_I1019456,7,MEDIUM_FORWARD,"https://s.afl.com.au/staticfile/AFL Tenant/AFL/Players/ChampIDImages/AFLW/2026264/1019456.png?im=Scale,width=0.6,height=0.6",Keeley,Kustermann,CD_T8098,KUW,Adelaide Crows,Crows,4,84.80000000000004,0,0,0,0,0,0,0,0,4,0,0,11,6,33,4,2,1,0,0,0,0,0,4,4,0,0,0,0,2,0,0,2,1,0,1,47,3,16,0,0,0,0,2,0,0,3,1,4,1,1,6,0,2,2026-09-06,data//AFLW_2026-09-06.csv,NA,NA,0.6666666666666666,0.6666666666666666,2,1,0.5,NA,NA,0.5,0.25,NA,0,0,0,CD_M20262640406,4,2026-09-06,Hawthorn,CD_R202626404
CD_I1019509,44,MIDFIELDER_FORWARD,"https://s.afl.com.au/staticfile/AFL Tenant/AFL/Players/ChampIDImages/AFLW/2026264/1019509.png?im=Scale,width=0.6,height=0.6",Katelyn,Pope,CD_T9409,YAR,Port Adelaide,Power,4,95.29999999999995,0,1,0,0,0,0,0,0,4,0,0,6,12,50,8,5,1,0,0,50,1,0,4,4,0,0,3,0,3,0,0,8,2,0,0,259,1,14,0,0,0,0,2,0,0,0,0,3,2,0,12,4,8,2026-09-06,data//AFLW_2026-09-06.csv,NA,NA,0.3333333333333333,0.6666666666666666,3,0.625,0.75,NA,NA,2,0.21428571428571427,NA,0,0,0,CD_M20262640403,4,2026-09-05,Gold Coast SUNS,CD_R202626404
CD_I1019700,17,KEY_FORWARD,"https://s.afl.com.au/staticfile/AFL Tenant/AFL/Players/ChampIDImages/AFLW/2026264/1019700.png?im=Scale,width=0.6,height=0.6",Mackenzie,Eardley,CD_T9407,HAW,Hawthorn,Hawks,1,59.5,0,0,1,0,4,0,1,0,5,0,0,2,8,43,4,2,1,0,0,100,0,1,5,3,3,1,1,0,2,0,0,5,3,1,0,137,1,4,0,0,0,9,2,0,1,1,0,1,0,0,9,4,4,2026-09-06,data//AFLW_2026-09-06.csv,0,NA,0.5555555555555556,0.5,2,0.4,0.6666666666666666,0.3333333333333333,0.1111111111111111,1.6666666666666667,0.25,NA,0.13432835820895522,0.05555555555555555,0,CD_M20262640406,4,2026-09-06,Adelaide Crows,CD_R202626404
CD_I1019705,28,MEDIUM_DEFENDER,"https://s.afl.com.au/staticfile/AFL Tenant/AFL/Players/ChampIDImages/AFLW/2026264/1019705.png?im=Scale,width=0.6,height=0.6",Mia,Busch,CD_T9406,ESS,Essendon,Bombers,4,88.60000000000002,0,0,18,0,4,0,1,0,11,0,0,9,23,93,11,6,3,2,1,0,1,0,9,11,0,0,2,0,3,0,0,12,4,0,0,206,3,17,0,0,3,0,4,0,0,2,1,7,2,1,25,5,14,2026-09-06,data//AFLW_2026-09-06.csv,0,NA,0.44,0.4782608695652174,5,0.5,0.45454545454545453,NA,NA,1.0909090909090908,0.4117647058823529,NA,0,0.8181818181818182,0,CD_M20262640407,4,2026-09-06,Geelong Cats,CD_R202626404
CD_I1019711,25,MIDFIELDER,"https://s.afl.com.au/staticfile/AFL Tenant/AFL/Players/ChampIDImages/AFLW/2026264/1019711.png?im=Scale,width=0.6,height=0.6",Keeley,Sherar,CD_T8096,CARL,Carlton,Blues,3,69.00000000000003,0,0,3,1,3,0,0,1,10,1,1,0,18,57,10,3,4,0,1,0,1,0,8,9,0,0,3,0,3,0,0,9,1,1,0,211,2,7,0,0,2,0,6,0,0,1,0,2,2,1,19,4,9,2026-09-06,data//AFLW_2026-09-06.csv,NA,1,0.5263157894736842,0.5555555555555556,7,0.3333333333333333,0.7777777777777778,NA,NA,1,0.2857142857142857,NA,0,0.16666666666666666,0,CD_M20262640408,4,2026-09-06,Collingwood,CD_R202626404
CD_I1019713,1,RUCK,"https://s.afl.com.au/staticfile/AFL Tenant/AFL/Players/ChampIDImages/AFLW/2026264/1019713.png?im=Scale,width=0.6,height=0.6",Georgia,Campbell,CD_T7386,NAR,Melbourne,Demons,4,75.30000000000001,0,0,18,0,2,0,0,1,4,2,0,8,5,36,3,1,0,1,0,0,0,0,2,4,9,3,0,0,2,0,0,1,1,0,0,22,4,11,0,0,1,29,3,0,0,3,0,4,0,0,6,2,2,2026-09-06,data//AFLW_2026-09-06.csv,NA,0,0.6666666666666666,0.6,2,1,0.5,0.3103448275862069,0.10344827586206896,0.25,0.36363636363636365,NA,0.4142857142857143,0.8181818181818182,0,CD_M20262640409,4,2026-09-06,West Coast Eagles,CD_R202626404
CD_I1019724,30,MIDFIELDER,"https://s.afl.com.au/staticfile/AFL Tenant/AFL/Players/ChampIDImages/AFLW/2026264/1019724.png?im=Scale,width=0.6,height=0.6",Carly,Remmos,CD_T8097,COLL,Collingwood,Magpies,4,85.5,0,1,2,1,2,0,0,0,10,0,0,12,10,48,8,4,1,1,2,0,0,0,8,5,0,0,2,0,3,0,0,5,0,0,0,151,0,21,0,0,1,0,1,0,0,0,3,6,0,4,10,2,0,2026-09-06,data//AFLW_2026-09-06.csv,NA,NA,1,0.8,4,0.8,0.8,NA,NA,1,0.2857142857142857,NA,0,0.11267605633802817,0,CD_M20262640408,4,2026-09-06,Carlton,CD_R202626404
CD_I1019736,11,MIDFIELDER,"https://s.afl.com.au/staticfile/AFL Tenant/AFL/Players/ChampIDImages/AFLW/2026264/1019736.png?im=Scale,width=0.6,height=0.6",Yasmin,Duursma,CD_T8096,CARL,Carlton,Blues,4,77.30000000000001,0,0,0,0,3,0,0,0,8,0,0,4,19,74,12,9,1,0,2,33.3,0,0,6,5,0,0,4,0,7,0,0,14,4,1,0,232,2,7,0,0,0,0,2,0,1,2,2,2,0,2,17,4,9,2026-09-06,data//AFLW_2026-09-06.csv,NA,NA,0.47058823529411764,0.631578947368421,3,0.6428571428571429,0.6,NA,NA,2.8,0.2857142857142857,NA,0,0,0,CD_M20262640408,4,2026-09-06,Collingwood,CD_R202626404
CD_I1019811,6,MEDIUM_FORWARD,"https://s.afl.com.au/staticfile/AFL Tenant/AFL/Players/ChampIDImages/AFLW/2026264/1019811.png?im=Scale,width=0.6,height=0.6",Alice,O'Loughlin,CD_T8466,NMFC,North Melbourne,Kangaroos,4,66.39999999999998,4,0,0,0,0,0,0,0,8,0,0,0,15,54,8,4,3,0,2,36.4,1,0,6,5,0,0,3,0,1,0,0,10,0,0,0,252,2,9,0,0,0,0,8,0,4,1,1,2,1,1,15,2,7,2026-09-06,data//AFLW_2026-09-06.csv,NA,NA,0.5333333333333333,0.5333333333333333,4,0.4,0.8,NA,NA,2,0.2222222222222222,NA,0,0,0,CD_M20262640402,4,2026-09-05,St Kilda,CD_R202626404
CD_I1019819,24,MEDIUM_DEFENDER,"https://s.afl.com.au/staticfile/AFL Tenant/AFL/Players/ChampIDImages/AFLW/2026264/1019819.png?im=Scale,width=0.6,height=0.6",Brooke,Vickers,CD_T8096,CARL,Carlton,Blues,3,85.2,1,0,0,0,1,0,0,0,3,0,0,7,11,52,7,3,0,1,0,0,0,0,2,5,0,0,0,0,2,0,0,6,2,0,1,95,5,14,0,0,2,0,2,0,1,2,1,5,0,1,14,1,11,2026-09-06,data//AFLW_2026-09-06.csv,NA,NA,0.21428571428571427,0.6363636363636364,4,0.5,0.8,NA,NA,1.2,0.35714285714285715,NA,0,0,0,CD_M20262640408,4,2026-09-06,Collingwood,CD_R202626404
CD_I1019821,5,MIDFIELDER_FORWARD,"https://s.afl.com.au/staticfile/AFL Tenant/AFL/Players/ChampIDImages/AFLW/2026264/1019821.png?im=Scale,width=0.6,height=0.6",Jasmine,Fleming,CD_T9407,HAW,Hawthorn,Hawks,3,72.20000000000002,1,0,3,1,1,0,1,0,9,1,0,8,17,81,10,6,3,0,0,25,1,0,8,6,0,0,4,0,3,0,0,11,1,0,1,263,1,20,0,0,1,0,3,0,2,1,1,8,0,2,18,5,9,2026-09-06,data//AFLW_2026-09-06.csv,0,0,0.5,0.5882352941176471,4,0.5454545454545454,0.6666666666666666,NA,NA,1.8333333333333333,0.4,NA,0,0.16666666666666666,0,CD_M20262640406,4,2026-09-06,Adelaide Crows,CD_R202626404
CD_I1019828,9,MEDIUM_DEFENDER,"https://s.afl.com.au/staticfile/AFL Tenant/AFL/Players/ChampIDImages/AFLW/2026264/1019828.png?im=Scale,width=0.6,height=0.6",Keely,Coyne,CD_T9407,HAW,Hawthorn,Hawks,3,53.599999999999966,0,0,0,0,2,0,0,0,6,0,0,6,9,32,4,2,2,1,1,0,0,0,5,3,0,0,1,0,3,0,0,6,2,0,0,64,1,10,0,0,0,0,2,0,0,0,2,1,0,2,9,6,3,2026-09-06,data//AFLW_2026-09-06.csv,NA,NA,0.6666666666666666,0.4444444444444444,2,0.3333333333333333,0.6666666666666666,NA,NA,2,0.1,NA,0,0,0,CD_M20262640406,4,2026-09-06,Adelaide Crows,CD_R202626404
CD_I1019834,25,MIDFIELDER,"https://s.afl.com.au/staticfile/AFL Tenant/AFL/Players/ChampIDImages/AFLW/2026264/1019834.png?im=Scale,width=0.6,height=0.6",Sofia,Hurley,CD_T9408,SYD,Sydney Swans,Swans,4,81.10000000000002,0,0,6,0,1,0,0,0,8,0,0,13,19,93,12,6,2,1,0,33.3,2,1,8,8,0,0,5,0,5,0,0,11,3,2,1,330,0,29,0,0,1,0,5,0,3,0,2,8,2,2,17,5,9,2026-09-06,data//AFLW_2026-09-06.csv,NA,NA,0.47058823529411764,0.631578947368421,6,0.5454545454545454,0.75,NA,NA,1.375,0.27586206896551724,NA,0,0.3333333333333333,0,CD_M20262640401,4,2026-09-05,Western Bulldogs,CD_R202626404
CD_I1019883,20,MEDIUM_DEFENDER,"https://s.afl.com.au/staticfile/AFL Tenant/AFL/Players/ChampIDImages/AFLW/2026264/1019883.png?im=Scale,width=0.6,height=0.6",Laura,Elliott,CD_T9407,HAW,Hawthorn,Hawks,4,85.59999999999997,0,0,1,0,2,0,1,1,3,0,0,8,13,47,11,10,0,1,0,0,1,0,2,2,0,0,2,0,2,5,5,11,3,0,0,327,1,15,0,0,6,0,2,0,0,0,0,1,1,0,8,3,5,2026-09-06,data//AFLW_2026-09-06.csv,0,NA,0.375,0.8461538461538461,1,0.9090909090909091,0.5,NA,NA,5.5,0.06666666666666667,1,0,0.05555555555555555,0.7142857142857143,CD_M20262640406,4,2026-09-06,Adelaide Crows,CD_R202626404
CD_I1019887,1,MEDIUM_DEFENDER,"https://s.afl.com.au/staticfile/AFL Tenant/AFL/Players/ChampIDImages/AFLW/2026264/1019887.png?im=Scale,width=0.6,height=0.6",Amelia,Velardo,CD_T8096,CARL,Carlton,Blues,4,67.60000000000002,0,0,0,0,1,1,1,0,1,0,0,1,17,55,16,10,0,1,1,0,0,0,0,6,0,0,1,0,3,2,2,11,4,0,0,197,0,5,0,0,2,0,2,0,0,0,0,0,0,0,14,1,13,2026-09-06,data//AFLW_2026-09-06.csv,1,NA,0.07142857142857142,0.9411764705882353,6,0.9090909090909091,1,NA,NA,1.8333333333333333,0,1,0,0,0.4,CD_M20262640408,4,2026-09-06,Collingwood,CD_R202626404
CD_I1021365,1,KEY_DEFENDER,"https://s.afl.com.au/staticfile/AFL Tenant/AFL/Players/ChampIDImages/AFLW/2026264/1021365.png?im=Scale,width=0.6,height=0.6",Annabel,Kievit,CD_T8786,GCFC,Gold Coast SUNS,SUNS,4,64.79999999999998,0,0,0,0,2,0,1,0,1,0,0,3,8,25,2,1,0,0,0,0,0,0,1,2,0,0,0,0,2,0,0,6,1,0,0,207,3,3,0,0,3,0,0,0,0,3,0,0,0,0,8,3,7,2026-09-06,data//AFLW_2026-09-06.csv,0,NA,0.125,0.25,1,0.16666666666666666,0.5,NA,NA,3,0,NA,0,0,0,CD_M20262640403,4,2026-09-05,Port Adelaide,CD_R202626404
CD_I1021399,30,MEDIUM_DEFENDER,"https://s.afl.com.au/staticfile/AFL Tenant/AFL/Players/ChampIDImages/AFLW/2026264/1021399.png?im=Scale,width=0.6,height=0.6",Jessica,Low,CD_T7886,WAL,Fremantle,Dockers,4,77.5,0,0,0,0,1,0,1,0,1,0,0,4,4,18,2,1,0,0,0,0,0,0,1,1,0,0,0,0,3,0,0,3,1,0,0,55,1,5,0,0,0,0,0,0,0,1,0,1,0,0,3,1,2,2026-09-06,data//AFLW_2026-09-06.csv,0,NA,0.3333333333333333,0.5,1,0.3333333333333333,1,NA,NA,3,0.2,NA,0,0,0,CD_M20262640405,4,2026-09-06,Richmond,CD_R202626404
CD_I1021409,16,KEY_DEFENDER,"https://s.afl.com.au/staticfile/AFL Tenant/AFL/Players/ChampIDImages/AFLW/2026264/1021409.png?im=Scale,width=0.6,height=0.6",Matilda,Dyke,CD_T9406,ESS,Essendon,Bombers,4,91.50000000000006,0,0,1,0,1,2,5,0,7,0,0,7,11,32,8,3,0,1,1,0,0,0,6,7,1,0,1,0,6,0,0,4,1,0,0,84,4,10,0,0,1,2,3,0,0,4,0,1,0,0,11,1,4,2026-09-06,data//AFLW_2026-09-06.csv,0.4,NA,0.6363636363636364,0.7272727272727273,5,0.75,0.7142857142857143,0.5,0,0.5714285714285714,0.1,NA,0.03389830508474576,0.045454545454545456,0,CD_M20262640407,4,2026-09-06,Geelong Cats,CD_R202626404
CD_I1021410,21,MIDFIELDER,"https://s.afl.com.au/staticfile/AFL Tenant/AFL/Players/ChampIDImages/AFLW/2026264/1021410.png?im=Scale,width=0.6,height=0.6",Dana,East,CD_T8788,RICH,Richmond,Richmond,4,69.69999999999999,0,0,11,2,3,0,0,0,7,0,0,6,15,69,8,5,1,2,2,0,0,0,4,6,0,0,2,0,4,0,0,9,2,0,0,194,1,18,0,0,2,0,2,0,0,1,2,7,4,4,14,4,7,2026-09-06,data//AFLW_2026-09-06.csv,NA,NA,0.5,0.5333333333333333,3,0.5555555555555556,0.5,NA,NA,1.5,0.3888888888888889,NA,0,0.6111111111111112,0,CD_M20262640405,4,2026-09-06,Fremantle,CD_R202626404
CD_I1021411,19,KEY_FORWARD,"https://s.afl.com.au/staticfile/AFL Tenant/AFL/Players/ChampIDImages/AFLW/2026264/1021411.png?im=Scale,width=0.6,height=0.6",Amy,Franklin,CD_T8787,WAA,West Coast Eagles,Eagles,4,84.89999999999998,0,0,0,0,2,0,0,1,1,2,0,1,4,22,1,1,0,0,0,83.3,0,0,0,0,0,0,0,0,0,0,0,4,2,0,0,76,1,9,0,0,0,0,1,0,0,1,0,1,0,0,4,3,3,2026-09-06,data//AFLW_2026-09-06.csv,NA,0,0.25,0.25,0,0.25,NA,NA,NA,Inf,0.1111111111111111,NA,0,0,0,CD_M20262640409,4,2026-09-06,Melbourne,CD_R202626404
CD_I1021412,21,MIDFIELDER,"https://s.afl.com.au/staticfile/AFL Tenant/AFL/Players/ChampIDImages/AFLW/2026264/1021412.png?im=Scale,width=0.6,height=0.6",Maggie,MacLachlan,CD_T9406,ESS,Essendon,Bombers,4,49.10000000000002,0,0,0,0,0,0,0,0,0,0,0,4,4,17,2,1,0,0,0,0,0,0,0,1,0,0,1,0,0,0,0,3,2,0,0,113,0,6,0,0,1,0,1,0,0,0,0,0,0,0,4,2,4,2026-09-06,data//AFLW_2026-09-06.csv,NA,NA,0,0.5,1,0.3333333333333333,1,NA,NA,3,0,NA,0,0,0,CD_M20262640407,4,2026-09-06,Geelong Cats,CD_R202626404
CD_I1021417,28,MEDIUM_FORWARD,"https://s.afl.com.au/staticfile/AFL Tenant/AFL/Players/ChampIDImages/AFLW/2026264/1021417.png?im=Scale,width=0.6,height=0.6",Poppy,Stockwell,CD_T9407,HAW,Hawthorn,Hawks,4,78.49999999999997,1,2,0,0,4,0,0,0,6,1,0,0,8,22,1,1,3,1,0,55.6,0,0,5,3,0,0,3,0,1,0,0,5,1,0,0,140,1,9,0,0,0,0,2,0,1,0,1,0,0,1,9,6,3,2026-09-06,data//AFLW_2026-09-06.csv,NA,0,0.6666666666666666,0.125,0,0.2,0,NA,NA,1.6666666666666667,0,NA,0,0,0,CD_M20262640406,4,2026-09-06,Adelaide Crows,CD_R202626404
CD_I1021419,3,MEDIUM_DEFENDER,"https://s.afl.com.au/staticfile/AFL Tenant/AFL/Players/ChampIDImages/AFLW/2026264/1021419.png?im=Scale,width=0.6,height=0.6",Charlotte,Thomas,CD_T8787,WAA,West Coast Eagles,Eagles,3,92.80000000000004,0,0,0,0,1,0,1,1,4,0,0,9,14,68,12,10,0,1,1,100,0,1,2,2,0,0,3,0,5,7,6,12,4,0,0,366,5,12,0,0,5,0,5,0,1,5,0,3,0,0,7,3,3,2026-09-06,data//AFLW_2026-09-06.csv,0,NA,0.5714285714285714,0.8571428571428571,2,0.8333333333333334,1,NA,NA,6,0.25,0.8571428571428571,0,0,0.7777777777777778,CD_M20262640409,4,2026-09-06,Melbourne,CD_R202626404
CD_I1021436,13,MEDIUM_FORWARD,"https://s.afl.com.au/staticfile/AFL Tenant/AFL/Players/ChampIDImages/AFLW/2026264/1021436.png?im=Scale,width=0.6,height=0.6",Mikayla,Pauga,CD_T7889,GWS,GWS GIANTS,GIANTS,4,62,0,0,0,0,4,0,0,0,6,0,0,4,13,51,7,2,2,0,0,33.3,0,0,5,5,0,0,3,0,2,0,0,8,3,2,1,164,0,12,0,0,1,0,1,0,1,0,1,2,0,1,12,5,6,2026-09-06,data//AFLW_2026-09-06.csv,NA,NA,0.5,0.5384615384615384,5,0.25,1,NA,NA,1.6,0.16666666666666666,NA,0,0,0,CD_M20262640404,4,2026-09-05,Brisbane Lions,CD_R202626404
CD_I1021441,28,MIDFIELDER_FORWARD,"https://s.afl.com.au/staticfile/AFL Tenant/AFL/Players/ChampIDImages/AFLW/2026264/1021441.png?im=Scale,width=0.6,height=0.6",Charlotte,Mullins,CD_T7887,BL,Brisbane Lions,Lions,4,78.80000000000001,0,1,7,1,1,0,0,1,11,0,0,5,20,93,13,6,3,1,1,50,0,1,8,9,0,0,3,0,5,0,0,11,6,1,0,325,2,14,0,0,1,0,9,0,1,1,1,5,2,2,21,3,10,2026-09-06,data//AFLW_2026-09-06.csv,NA,NA,0.5238095238095238,0.65,7,0.5454545454545454,0.7777777777777778,NA,NA,1.2222222222222223,0.35714285714285715,NA,0,0.5,0,CD_M20262640404,4,2026-09-05,GWS GIANTS,CD_R202626404
CD_I1021456,13,MIDFIELDER,"https://s.afl.com.au/staticfile/AFL Tenant/AFL/Players/ChampIDImages/AFLW/2026264/1021456.png?im=Scale,width=0.6,height=0.6",Lucy,Single,CD_T8786,GCFC,Gold Coast SUNS,SUNS,4,75.20000000000005,0,0,6,0,9,0,0,0,9,0,0,4,15,60,10,2,1,1,0,0,0,0,7,8,0,0,2,0,4,0,0,7,2,0,0,247,0,7,0,0,0,0,1,0,0,0,5,5,1,5,15,4,6,2026-09-06,data//AFLW_2026-09-06.csv,NA,NA,0.6,0.6666666666666666,8,0.2857142857142857,1,NA,NA,0.875,0.7142857142857143,NA,0,0.8571428571428571,0,CD_M20262640403,4,2026-09-05,Port Adelaide,CD_R202626404
CD_I1021524,18,KEY_DEFENDER,"https://s.afl.com.au/staticfile/AFL Tenant/AFL/Players/ChampIDImages/AFLW/2026264/1021524.png?im=Scale,width=0.6,height=0.6",Libby,Graham,CD_T8788,RICH,Richmond,Richmond,4,89.60000000000002,0,0,0,0,3,1,4,1,3,0,0,2,18,60,10,4,0,0,0,0,0,0,2,6,0,0,2,0,6,2,0,12,4,0,0,257,8,6,0,0,6,0,3,0,0,7,0,0,0,0,18,8,15,2026-09-06,data//AFLW_2026-09-06.csv,0.25,NA,0.16666666666666666,0.5555555555555556,6,0.3333333333333333,1,NA,NA,2,0,0,0,0,0.3333333333333333,CD_M20262640405,4,2026-09-06,Fremantle,CD_R202626404
CD_I1021530,11,MEDIUM_FORWARD,"https://s.afl.com.au/staticfile/AFL Tenant/AFL/Players/ChampIDImages/AFLW/2026264/1021530.png?im=Scale,width=0.6,height=0.6",Shanae,Davison,CD_T7887,BL,Brisbane Lions,Lions,4,71.1,0,0,0,0,1,0,0,0,5,2,0,3,7,45,5,5,2,1,2,50,0,2,2,1,0,0,1,0,0,0,0,6,2,1,1,165,1,9,0,0,0,0,3,0,2,0,0,2,1,0,9,2,4,2026-09-06,data//AFLW_2026-09-06.csv,NA,0,0.5555555555555556,0.7142857142857143,0,0.8333333333333334,0,NA,NA,6,0.2222222222222222,NA,0,0,0,CD_M20262640404,4,2026-09-05,GWS GIANTS,CD_R202626404
CD_I1021793,10,KEY_DEFENDER,"https://s.afl.com.au/staticfile/AFL Tenant/AFL/Players/ChampIDImages/AFLW/2026264/1021793.png?im=Scale,width=0.6,height=0.6",Paige,Trudgeon,CD_T8796,EUR,St Kilda,St Kilda,4,91.19999999999999,0,0,0,0,5,0,2,0,10,0,0,10,11,35,5,2,0,1,0,0,0,0,8,6,0,0,1,0,9,0,0,5,1,0,0,178,5,11,0,0,3,0,0,0,0,2,0,2,0,0,14,6,4,2026-09-06,data//AFLW_2026-09-06.csv,0,NA,0.7142857142857143,0.45454545454545453,3,0.4,0.5,NA,NA,0.8333333333333334,0.18181818181818182,NA,0,0,0,CD_M20262640402,4,2026-09-05,North Melbourne,CD_R202626404
CD_I1021819,2,KEY_FORWARD,"https://s.afl.com.au/staticfile/AFL Tenant/AFL/Players/ChampIDImages/AFLW/2026264/1021819.png?im=Scale,width=0.6,height=0.6",Sophie,Butterworth,CD_T8796,EUR,St Kilda,St Kilda,4,77.79999999999998,0,0,0,0,5,0,0,0,3,0,0,1,3,9,0,0,1,2,0,40,0,0,3,2,0,0,0,0,1,0,0,1,0,0,0,28,0,4,0,0,0,0,0,0,1,0,0,2,1,0,3,4,0,2026-09-06,data//AFLW_2026-09-06.csv,NA,NA,1,0,0,0,0,NA,NA,0.5,0.5,NA,0,0,0,CD_M20262640402,4,2026-09-05,North Melbourne,CD_R202626404
CD_I1021822,27,MIDFIELDER,"https://s.afl.com.au/staticfile/AFL Tenant/AFL/Players/ChampIDImages/AFLW/2026264/1021822.png?im=Scale,width=0.6,height=0.6",Mikayla,Williamson,CD_T9407,HAW,Hawthorn,Hawks,4,79.90000000000003,2,0,0,0,4,0,0,0,9,0,0,6,16,65,6,4,2,1,1,0,0,0,8,4,0,0,1,0,6,0,0,12,3,1,0,274,3,13,0,0,2,0,3,0,2,3,0,3,0,0,17,4,8,2026-09-06,data//AFLW_2026-09-06.csv,NA,NA,0.5294117647058824,0.375,2,0.3333333333333333,0.5,NA,NA,3,0.23076923076923078,NA,0,0,0,CD_M20262640406,4,2026-09-06,Adelaide Crows,CD_R202626404
CD_I1021824,6,MIDFIELDER,"https://s.afl.com.au/staticfile/AFL Tenant/AFL/Players/ChampIDImages/AFLW/2026264/1021824.png?im=Scale,width=0.6,height=0.6",Hayley,McLaughlin,CD_T9407,HAW,Hawthorn,Hawks,4,75.39999999999998,0,0,0,1,2,0,0,0,5,0,0,11,14,74,7,6,0,0,2,0,0,0,3,4,0,0,1,0,3,0,0,10,2,0,0,131,0,19,0,0,2,0,1,0,0,0,1,7,0,2,14,3,9,2026-09-06,data//AFLW_2026-09-06.csv,NA,NA,0.35714285714285715,0.5,1,0.6,0.25,NA,NA,2.5,0.3684210526315789,NA,0,0,0,CD_M20262640406,4,2026-09-06,Adelaide Crows,CD_R202626404
CD_I1021828,3,MEDIUM_FORWARD,"https://s.afl.com.au/staticfile/AFL Tenant/AFL/Players/ChampIDImages/AFLW/2026264/1021828.png?im=Scale,width=0.6,height=0.6",Alyssia,Pisano,CD_T7386,NAR,Melbourne,Demons,2,58.199999999999996,0,0,0,0,0,0,0,1,2,1,1,0,5,40,4,3,1,0,0,50,0,2,1,1,0,0,1,0,0,0,0,4,2,0,0,89,0,6,0,0,0,0,2,0,2,0,0,2,2,0,5,0,3,2026-09-06,data//AFLW_2026-09-06.csv,NA,1,0.4,0.8,1,0.75,1,NA,NA,4,0.3333333333333333,NA,0,0,0,CD_M20262640409,4,2026-09-06,West Coast Eagles,CD_R202626404
CD_I1021834,27,MEDIUM_DEFENDER,"https://s.afl.com.au/staticfile/AFL Tenant/AFL/Players/ChampIDImages/AFLW/2026264/1021834.png?im=Scale,width=0.6,height=0.6",Georgia,Stubs,CD_T8788,RICH,Richmond,Richmond,2,79.8,1,0,0,0,2,0,0,0,3,0,0,3,13,67,8,4,2,0,0,50,0,1,2,5,0,0,2,0,3,0,0,8,2,0,0,159,1,10,0,0,1,0,4,0,2,0,1,5,2,1,14,5,11,2026-09-06,data//AFLW_2026-09-06.csv,NA,NA,0.21428571428571427,0.6153846153846154,4,0.5,0.8,NA,NA,1.6,0.5,NA,0,0,0,CD_M20262640405,4,2026-09-06,Fremantle,CD_R202626404
CD_I1021837,22,MIDFIELDER,"https://s.afl.com.au/staticfile/AFL Tenant/AFL/Players/ChampIDImages/AFLW/2026264/1021837.png?im=Scale,width=0.6,height=0.6",Laura,Stone,CD_T9407,HAW,Hawthorn,Hawks,4,63.69999999999999,0,0,7,0,2,0,0,0,4,0,0,7,9,39,7,2,1,1,0,66.7,0,0,4,5,0,0,2,0,3,0,0,4,0,0,0,116,0,16,0,0,0,0,1,0,1,0,1,5,0,1,9,2,5,2026-09-06,data//AFLW_2026-09-06.csv,NA,NA,0.4444444444444444,0.7777777777777778,5,0.5,1,NA,NA,0.8,0.3125,NA,0,0.3888888888888889,0,CD_M20262640406,4,2026-09-06,Adelaide Crows,CD_R202626404
CD_I1021853,37,MEDIUM_DEFENDER,"https://s.afl.com.au/staticfile/AFL Tenant/AFL/Players/ChampIDImages/AFLW/2026264/1021853.png?im=Scale,width=0.6,height=0.6",Rylie,Wilcox,CD_T7387,WB,Western Bulldogs,Bulldogs,4,86.60000000000002,1,0,0,1,3,0,0,0,8,0,0,4,26,114,14,10,0,0,2,60,0,3,6,8,0,0,1,0,7,0,0,18,5,2,0,346,0,8,0,0,1,0,5,0,4,0,1,2,0,2,24,5,16,2026-09-06,data//AFLW_2026-09-06.csv,NA,NA,0.3333333333333333,0.5384615384615384,4,0.5555555555555556,0.5,NA,NA,2.25,0.25,NA,0,0,0,CD_M20262640401,4,2026-09-05,Sydney Swans,CD_R202626404
CD_I1021884,16,MEDIUM_FORWARD,"https://s.afl.com.au/staticfile/AFL Tenant/AFL/Players/ChampIDImages/AFLW/2026264/1021884.png?im=Scale,width=0.6,height=0.6",Sarah,Grunden,CD_T9408,SYD,Sydney Swans,Swans,4,62.10000000000002,0,0,0,0,1,0,0,0,4,2,0,2,8,28,4,1,0,0,0,66.7,0,0,4,3,0,0,1,0,1,0,0,5,1,0,0,84,0,5,0,0,0,0,1,0,0,0,0,1,0,0,8,3,4,2026-09-06,data//AFLW_2026-09-06.csv,NA,0,0.5,0.5,3,0.2,1,NA,NA,1.6666666666666667,0.2,NA,0,0,0,CD_M20262640401,4,2026-09-05,Western Bulldogs,CD_R202626404
CD_I1021894,23,MIDFIELDER,"https://s.afl.com.au/staticfile/AFL Tenant/AFL/Players/ChampIDImages/AFLW/2026264/1021894.png?im=Scale,width=0.6,height=0.6",Madison,Brazendale,CD_T7889,GWS,GWS GIANTS,GIANTS,4,64.29999999999995,0,0,0,0,1,0,0,0,6,0,0,3,15,61,6,3,0,0,2,100,0,1,4,5,0,0,2,0,3,0,0,10,3,0,0,234,0,10,0,0,2,0,1,0,1,0,1,1,0,1,14,5,8,2026-09-06,data//AFLW_2026-09-06.csv,NA,NA,0.42857142857142855,0.4,3,0.3,0.6,NA,NA,2,0.1,NA,0,0,0,CD_M20262640404,4,2026-09-05,Brisbane Lions,CD_R202626404
CD_I1021895,30,MEDIUM_FORWARD,"https://s.afl.com.au/staticfile/AFL Tenant/AFL/Players/ChampIDImages/AFLW/2026264/1021895.png?im=Scale,width=0.6,height=0.6",Georgia,Clark,CD_T7889,GWS,GWS GIANTS,GIANTS,1,63.6,0,0,0,0,0,0,0,1,3,2,1,2,5,32,2,2,0,0,0,0,0,0,2,1,0,0,2,0,1,0,0,4,2,0,0,56,0,12,0,0,0,0,0,0,0,0,0,3,2,0,5,3,2,2026-09-06,data//AFLW_2026-09-06.csv,NA,0.5,0.6,0.4,0,0.5,0,NA,NA,4,0.25,NA,0,0,0,CD_M20262640404,4,2026-09-05,Brisbane Lions,CD_R202626404
CD_I1021923,6,MIDFIELDER,"https://s.afl.com.au/staticfile/AFL Tenant/AFL/Players/ChampIDImages/AFLW/2026264/1021923.png?im=Scale,width=0.6,height=0.6",Sierra,Grieves,CD_T8788,RICH,Richmond,Richmond,4,68.39999999999998,0,0,3,1,0,0,0,0,3,1,1,8,7,38,4,1,0,0,2,50,0,0,2,5,0,0,1,0,0,0,0,2,0,0,0,56,0,12,0,0,1,0,1,0,0,0,1,5,0,2,8,2,5,2026-09-06,data//AFLW_2026-09-06.csv,NA,1,0.375,0.5714285714285714,3,0.5,0.6,NA,NA,0.4,0.4166666666666667,NA,0,0.16666666666666666,0,CD_M20262640405,4,2026-09-06,Fremantle,CD_R202626404
CD_I1021924,23,MEDIUM_FORWARD,"https://s.afl.com.au/staticfile/AFL Tenant/AFL/Players/ChampIDImages/AFLW/2026264/1021924.png?im=Scale,width=0.6,height=0.6",Lila,Keck,CD_T8096,CARL,Carlton,Blues,4,78.69999999999999,1,0,0,0,1,0,0,0,2,1,0,3,12,67,10,6,2,1,0,55.6,0,3,2,4,0,0,0,0,0,0,0,8,5,3,1,144,0,9,0,0,1,0,8,0,5,0,0,1,0,0,13,2,11,2026-09-06,data//AFLW_2026-09-06.csv,NA,0,0.15384615384615385,0.8333333333333334,4,0.75,1,NA,NA,2,0.1111111111111111,NA,0,0,0,CD_M20262640408,4,2026-09-06,Collingwood,CD_R202626404
CD_I1021927,23,MEDIUM_FORWARD,"https://s.afl.com.au/staticfile/AFL Tenant/AFL/Players/ChampIDImages/AFLW/2026264/1021927.png?im=Scale,width=0.6,height=0.6",Bryde,O'Rourke,CD_T8467,GEEL,Geelong Cats,Cats,4,78.79999999999998,0,0,0,0,4,0,0,0,4,0,0,6,8,32,5,5,1,1,1,75,0,1,2,3,0,0,1,0,1,0,0,5,1,0,0,177,3,8,0,0,0,0,3,0,1,1,0,1,0,0,10,1,6,2026-09-06,data//AFLW_2026-09-06.csv,NA,NA,0.4,0.625,0,1,0,NA,NA,1.6666666666666667,0.125,NA,0,0,0,CD_M20262640407,4,2026-09-06,Essendon,CD_R202626404
CD_I1021933,30,KEY_DEFENDER,"https://s.afl.com.au/staticfile/AFL Tenant/AFL/Players/ChampIDImages/AFLW/2026264/1021933.png?im=Scale,width=0.6,height=0.6",Alexis,Gregor,CD_T8467,GEEL,Geelong Cats,Cats,4,84.6,0,0,0,0,5,0,1,1,3,0,0,4,6,28,5,3,0,3,0,0,0,0,1,2,1,0,0,0,4,0,0,4,4,0,0,101,3,10,0,0,2,6,0,0,0,2,0,2,0,0,7,3,4,2026-09-06,data//AFLW_2026-09-06.csv,0,NA,0.42857142857142855,0.8333333333333334,2,0.75,1,0.16666666666666666,0,2,0.2,NA,0.1016949152542373,0,0,CD_M20262640407,4,2026-09-06,Essendon,CD_R202626404
CD_I1022111,2,MIDFIELDER,"https://s.afl.com.au/staticfile/AFL Tenant/AFL/Players/ChampIDImages/AFLW/2026264/1022111.png?im=Scale,width=0.6,height=0.6",Eliza,West,CD_T9407,HAW,Hawthorn,Hawks,4,79.9,0,0,15,4,7,0,0,0,19,0,0,6,29,96,17,4,2,3,2,50,0,0,11,17,0,0,2,0,6,0,0,12,3,0,1,253,1,14,0,0,2,0,2,0,0,0,5,6,2,9,31,8,12,2026-09-06,data//AFLW_2026-09-06.csv,NA,NA,0.6129032258064516,0.5862068965517241,13,0.3333333333333333,0.7647058823529411,NA,NA,0.7058823529411765,0.42857142857142855,NA,0,0.8333333333333334,0,CD_M20262640406,4,2026-09-06,Adelaide Crows,CD_R202626404
CD_I1022127,26,KEY_DEFENDER,"https://s.afl.com.au/staticfile/AFL Tenant/AFL/Players/ChampIDImages/AFLW/2026264/1022127.png?im=Scale,width=0.6,height=0.6",Claudia,Gunjaca,CD_T8467,GEEL,Geelong Cats,Cats,4,79.09999999999997,0,0,0,0,4,3,3,0,4,0,0,5,4,7,2,0,0,2,0,0,0,0,3,3,0,0,1,0,2,0,0,1,0,0,0,23,3,6,0,0,1,1,1,0,0,3,0,1,0,0,4,0,0,2026-09-06,data//AFLW_2026-09-06.csv,1,NA,1,0.5,2,0,0.6666666666666666,0,0,0.3333333333333333,0.16666666666666666,NA,0.01694915254237288,0,0,CD_M20262640407,4,2026-09-06,Essendon,CD_R202626404
CD_I1022181,16,MIDFIELDER,"https://s.afl.com.au/staticfile/AFL Tenant/AFL/Players/ChampIDImages/AFLW/2026264/1022181.png?im=Scale,width=0.6,height=0.6",Shineah,Goody,CD_T9409,YAR,Port Adelaide,Power,4,67.9,1,0,1,0,1,0,0,1,6,0,0,4,14,86,8,7,1,0,1,0,0,0,4,1,0,0,5,0,7,0,0,13,5,2,0,280,1,10,0,0,0,0,3,0,1,0,2,7,0,2,12,5,6,2026-09-06,data//AFLW_2026-09-06.csv,NA,NA,0.5,0.5714285714285714,1,0.5384615384615384,1,NA,NA,13,0.7,NA,0,0.14285714285714285,0,CD_M20262640403,4,2026-09-05,Gold Coast SUNS,CD_R202626404
CD_I1022192,25,MEDIUM_DEFENDER,"https://s.afl.com.au/staticfile/AFL Tenant/AFL/Players/ChampIDImages/AFLW/2026264/1022192.png?im=Scale,width=0.6,height=0.6",Meara,Girvan,CD_T8786,GCFC,Gold Coast SUNS,SUNS,1,82.1,0,0,0,0,1,0,2,0,4,0,0,3,12,32,5,3,0,1,0,0,0,0,4,5,0,0,2,0,7,0,0,7,0,0,0,215,4,4,0,0,2,0,1,0,0,4,0,1,0,0,9,2,5,2026-09-06,data//AFLW_2026-09-06.csv,0,NA,0.4444444444444444,0.4166666666666667,2,0.42857142857142855,0.4,NA,NA,1.4,0.25,NA,0,0,0,CD_M20262640403,4,2026-09-05,Port Adelaide,CD_R202626404
CD_I1022193,11,MIDFIELDER,"https://s.afl.com.au/staticfile/AFL Tenant/AFL/Players/ChampIDImages/AFLW/2026264/1022193.png?im=Scale,width=0.6,height=0.6",Sarah,Goodwin,CD_T8098,KUW,Adelaide Crows,Crows,4,82.49999999999997,0,0,15,2,2,0,0,0,13,0,0,9,25,82,12,4,1,0,1,14.3,0,0,11,13,0,0,5,0,4,0,0,12,1,0,0,275,1,22,0,0,0,0,4,0,1,1,2,4,0,4,22,3,9,2026-09-06,data//AFLW_2026-09-06.csv,NA,NA,0.5909090909090909,0.48,8,0.3333333333333333,0.6153846153846154,NA,NA,0.9230769230769231,0.18181818181818182,NA,0,0.8333333333333334,0,CD_M20262640406,4,2026-09-06,Hawthorn,CD_R202626404
CD_I1022196,4,MIDFIELDER_FORWARD,"https://s.afl.com.au/staticfile/AFL Tenant/AFL/Players/ChampIDImages/AFLW/2026264/1022196.png?im=Scale,width=0.6,height=0.6",Piper,Window,CD_T9409,YAR,Port Adelaide,Power,2,80.2,0,0,0,0,3,0,0,1,3,1,0,1,2,15,0,0,0,1,1,75,0,0,1,0,0,0,2,0,1,0,0,2,1,0,0,49,0,12,0,0,0,0,1,0,0,0,0,2,0,0,3,2,0,2026-09-06,data//AFLW_2026-09-06.csv,NA,0,1,0,0,0,NA,NA,NA,Inf,0.16666666666666666,NA,0,0,0,CD_M20262640403,4,2026-09-05,Gold Coast SUNS,CD_R202626404
CD_I1022203,5,MIDFIELDER,"https://s.afl.com.au/staticfile/AFL Tenant/AFL/Players/ChampIDImages/AFLW/2026264/1022203.png?im=Scale,width=0.6,height=0.6",Elaine,Grigg,CD_T7387,WB,Western Bulldogs,Bulldogs,4,79.70000000000002,0,0,0,0,5,0,0,0,8,0,0,1,11,37,6,1,4,1,2,0,0,0,6,7,0,0,2,0,3,0,0,4,0,0,0,139,1,12,0,0,1,0,2,0,1,1,1,3,2,1,13,5,5,2026-09-06,data//AFLW_2026-09-06.csv,NA,NA,0.6153846153846154,0.5454545454545454,5,0.25,0.7142857142857143,NA,NA,0.5714285714285714,0.25,NA,0,0,0,CD_M20262640401,4,2026-09-05,Sydney Swans,CD_R202626404
CD_I1022210,20,MIDFIELDER,"https://s.afl.com.au/staticfile/AFL Tenant/AFL/Players/ChampIDImages/AFLW/2026264/1022210.png?im=Scale,width=0.6,height=0.6",Sachi,Syme,CD_T9409,YAR,Port Adelaide,Power,2,57.8,0,0,0,0,4,0,0,0,4,0,0,5,11,47,4,4,0,1,1,0,0,0,3,0,0,0,4,0,3,0,0,11,4,0,0,316,1,7,0,0,1,0,0,0,0,0,1,1,0,1,11,4,7,2026-09-06,data//AFLW_2026-09-06.csv,NA,NA,0.36363636363636365,0.36363636363636365,0,0.36363636363636365,NA,NA,NA,Inf,0.14285714285714285,NA,0,0,0,CD_M20262640403,4,2026-09-05,Gold Coast SUNS,CD_R202626404
CD_I1022220,6,MEDIUM_DEFENDER,"https://s.afl.com.au/staticfile/AFL Tenant/AFL/Players/ChampIDImages/AFLW/2026264/1022220.png?im=Scale,width=0.6,height=0.6",Molly,Brooksby,CD_T9409,YAR,Port Adelaide,Power,4,75.10000000000002,0,0,0,0,0,0,0,0,5,0,0,5,14,57,10,8,1,0,1,0,0,0,4,2,0,0,1,0,3,0,0,12,4,0,0,221,0,6,0,0,1,0,1,0,0,0,0,1,0,0,14,2,9,2026-09-06,data//AFLW_2026-09-06.csv,NA,NA,0.35714285714285715,0.7142857142857143,2,0.6666666666666666,1,NA,NA,6,0.16666666666666666,NA,0,0,0,CD_M20262640403,4,2026-09-05,Gold Coast SUNS,CD_R202626404
CD_I1022224,22,MEDIUM_FORWARD,"https://s.afl.com.au/staticfile/AFL Tenant/AFL/Players/ChampIDImages/AFLW/2026264/1022224.png?im=Scale,width=0.6,height=0.6",Brooke,Boileau,CD_T8096,CARL,Carlton,Blues,3,68.50000000000001,0,0,2,0,3,0,0,0,2,0,0,1,9,42,2,1,0,0,0,0,0,0,2,2,0,0,3,0,0,0,0,7,3,0,1,158,0,4,0,0,0,0,2,0,0,0,0,2,1,0,10,3,8,2026-09-06,data//AFLW_2026-09-06.csv,NA,NA,0.2,0.2222222222222222,1,0.14285714285714285,0.5,NA,NA,3.5,0.5,NA,0,0.1111111111111111,0,CD_M20262640408,4,2026-09-06,Collingwood,CD_R202626404
CD_I1022236,12,RUCK,"https://s.afl.com.au/staticfile/AFL Tenant/AFL/Players/ChampIDImages/AFLW/2026264/1022236.png?im=Scale,width=0.6,height=0.6",Jessica,Good,CD_T8096,CARL,Carlton,Blues,4,68.69999999999993,0,0,13,2,3,0,3,1,15,1,0,6,15,88,9,5,0,1,5,0,1,0,7,8,23,6,1,0,6,0,0,7,2,0,0,137,1,8,0,0,2,36,4,0,0,0,3,5,0,5,17,1,2,2026-09-06,data//AFLW_2026-09-06.csv,0,0,0.8823529411764706,0.6,4,0.7142857142857143,0.5,0.6388888888888888,0.16666666666666666,0.875,0.625,NA,0.6545454545454545,0.7222222222222222,0,CD_M20262640408,4,2026-09-06,Collingwood,CD_R202626404
CD_I1022248,22,KEY_FORWARD,"https://s.afl.com.au/staticfile/AFL Tenant/AFL/Players/ChampIDImages/AFLW/2026264/1022248.png?im=Scale,width=0.6,height=0.6",Lauren,Young,CD_T9409,YAR,Port Adelaide,Power,4,73.39999999999998,1,0,0,0,2,0,0,1,8,3,1,4,10,40,7,5,2,1,3,44.4,0,0,4,2,1,0,3,0,1,0,0,8,2,0,1,145,0,11,0,0,0,2,2,0,1,0,0,1,0,0,10,3,2,2026-09-06,data//AFLW_2026-09-06.csv,NA,0.3333333333333333,0.8,0.7,2,0.625,1,0.5,0,4,0.09090909090909091,NA,0.03636363636363636,0,0,CD_M20262640403,4,2026-09-05,Gold Coast SUNS,CD_R202626404
CD_I1022299,21,KEY_DEFENDER,"https://s.afl.com.au/staticfile/AFL Tenant/AFL/Players/ChampIDImages/AFLW/2026264/1022299.png?im=Scale,width=0.6,height=0.6",Amelie,Borg,CD_T9409,YAR,Port Adelaide,Power,4,93.70000000000005,0,0,0,0,2,0,1,0,2,0,0,3,3,8,0,0,0,0,0,0,0,0,2,1,0,0,0,0,3,0,0,2,0,0,0,10,1,3,0,0,0,0,0,0,0,1,0,0,0,0,2,3,0,2026-09-06,data//AFLW_2026-09-06.csv,0,NA,1,0,0,0,0,NA,NA,2,0,NA,0,0,0,CD_M20262640403,4,2026-09-05,Gold Coast SUNS,CD_R202626404
CD_I1022350,10,MEDIUM_FORWARD,"https://s.afl.com.au/staticfile/AFL Tenant/AFL/Players/ChampIDImages/AFLW/2026264/1022350.png?im=Scale,width=0.6,height=0.6",Cynthia,Hamilton,CD_T9408,SYD,Sydney Swans,Swans,4,69.29999999999998,2,0,2,0,2,0,0,1,5,0,0,3,9,51,5,2,1,0,0,33.3,1,0,4,4,0,0,1,0,3,0,0,5,2,2,0,136,0,15,0,0,0,0,3,0,3,0,0,5,1,0,9,3,4,2026-09-06,data//AFLW_2026-09-06.csv,NA,NA,0.5555555555555556,0.5555555555555556,3,0.4,0.75,NA,NA,1.25,0.3333333333333333,NA,0,0.1111111111111111,0,CD_M20262640401,4,2026-09-05,Western Bulldogs,CD_R202626404
CD_I1022695,10,MIDFIELDER,"https://s.afl.com.au/staticfile/AFL Tenant/AFL/Players/ChampIDImages/AFLW/2026264/1022695.png?im=Scale,width=0.6,height=0.6",Jasmyn,Smith,CD_T7387,WB,Western Bulldogs,Bulldogs,4,95.69999999999999,0,0,0,0,1,0,0,0,7,1,0,2,11,45,8,2,2,1,2,100,0,1,5,7,0,0,0,0,4,0,0,4,2,1,0,91,0,10,0,0,1,0,1,0,1,0,0,2,1,0,12,1,5,2026-09-06,data//AFLW_2026-09-06.csv,NA,0,0.5833333333333334,0.7272727272727273,6,0.5,0.8571428571428571,NA,NA,0.5714285714285714,0.2,NA,0,0,0,CD_M20262640401,4,2026-09-05,Sydney Swans,CD_R202626404
CD_I1022701,24,MIDFIELDER,"https://s.afl.com.au/staticfile/AFL Tenant/AFL/Players/ChampIDImages/AFLW/2026264/1022701.png?im=Scale,width=0.6,height=0.6",Alana,Gee,CD_T8796,EUR,St Kilda,St Kilda,4,59.60000000000002,0,0,0,0,2,0,0,0,3,0,0,2,6,28,2,2,0,0,0,0,0,0,3,1,0,0,3,0,1,0,0,5,1,0,0,106,1,8,0,0,1,0,0,0,0,1,1,2,1,1,7,3,4,2026-09-06,data//AFLW_2026-09-06.csv,NA,NA,0.42857142857142855,0.3333333333333333,0,0.4,0,NA,NA,5,0.25,NA,0,0,0,CD_M20262640402,4,2026-09-05,North Melbourne,CD_R202626404
CD_I1022723,31,MIDFIELDER,"https://s.afl.com.au/staticfile/AFL Tenant/AFL/Players/ChampIDImages/AFLW/2026264/1022723.png?im=Scale,width=0.6,height=0.6",Brodee,Mowbray,CD_T7889,GWS,GWS GIANTS,GIANTS,4,76.80000000000001,0,0,0,0,3,0,0,0,4,0,0,5,15,67,8,6,0,2,2,100,0,1,2,3,0,0,2,0,3,0,0,12,5,0,0,266,1,10,0,0,1,0,1,0,1,1,1,2,1,1,16,6,12,2026-09-06,data//AFLW_2026-09-06.csv,NA,NA,0.25,0.5333333333333333,2,0.5,0.6666666666666666,NA,NA,4,0.2,NA,0,0,0,CD_M20262640404,4,2026-09-05,Brisbane Lions,CD_R202626404
CD_I1022726,30,KEY_DEFENDER,"https://s.afl.com.au/staticfile/AFL Tenant/AFL/Players/ChampIDImages/AFLW/2026264/1022726.png?im=Scale,width=0.6,height=0.6",Teagan,Germech,CD_T9409,YAR,Port Adelaide,Power,4,88.29999999999995,0,0,0,0,4,0,0,0,5,0,0,5,13,52,9,7,0,2,1,0,0,0,4,3,0,0,3,0,7,0,0,10,3,0,0,284,3,7,0,0,4,0,2,0,1,3,0,3,0,0,12,3,7,2026-09-06,data//AFLW_2026-09-06.csv,NA,NA,0.4166666666666667,0.6923076923076923,2,0.7,0.6666666666666666,NA,NA,3.3333333333333335,0.42857142857142855,NA,0,0,0,CD_M20262640403,4,2026-09-05,Gold Coast SUNS,CD_R202626404
CD_I1022736,5,MEDIUM_FORWARD,"https://s.afl.com.au/staticfile/AFL Tenant/AFL/Players/ChampIDImages/AFLW/2026264/1022736.png?im=Scale,width=0.6,height=0.6",Jessica,Doyle,CD_T7889,GWS,GWS GIANTS,GIANTS,4,84.50000000000003,0,0,2,0,2,0,0,0,7,0,0,4,11,40,8,3,0,1,2,50,1,0,4,7,2,1,2,0,5,0,0,4,3,0,1,201,2,9,0,0,2,8,2,0,0,1,1,1,0,1,14,2,7,2026-09-06,data//AFLW_2026-09-06.csv,NA,NA,0.5,0.7272727272727273,5,0.75,0.7142857142857143,0.25,0.125,0.5714285714285714,0.1111111111111111,NA,0.15384615384615385,0.14285714285714285,0,CD_M20262640404,4,2026-09-05,Brisbane Lions,CD_R202626404
CD_I1022744,49,MEDIUM_DEFENDER,"https://s.afl.com.au/staticfile/AFL Tenant/AFL/Players/ChampIDImages/AFLW/2026264/1022744.png?im=Scale,width=0.6,height=0.6",Madeline,Hendrie,CD_T8096,CARL,Carlton,Blues,4,94.99999999999994,0,0,0,0,3,0,2,0,4,0,0,5,7,21,6,3,0,2,0,0,0,0,3,4,0,0,0,0,5,0,0,3,2,0,0,82,5,5,0,0,2,0,0,0,0,3,0,1,0,0,8,1,4,2026-09-06,data//AFLW_2026-09-06.csv,0,NA,0.5,0.8571428571428571,3,1,0.75,NA,NA,0.75,0.2,NA,0,0,0,CD_M20262640408,4,2026-09-06,Collingwood,CD_R202626404
CD_I1022745,12,MIDFIELDER,"https://s.afl.com.au/staticfile/AFL Tenant/AFL/Players/ChampIDImages/AFLW/2026264/1022745.png?im=Scale,width=0.6,height=0.6",Ella,Heads,CD_T9409,YAR,Port Adelaide,Power,4,76.00000000000003,0,0,0,0,4,0,0,0,5,0,0,5,12,75,5,4,0,1,2,0,0,0,3,1,0,0,0,0,4,4,4,11,3,0,0,365,1,14,0,0,6,0,0,0,0,0,0,8,0,0,10,8,5,2026-09-06,data//AFLW_2026-09-06.csv,NA,NA,0.5,0.4166666666666667,1,0.36363636363636365,1,NA,NA,11,0.5714285714285714,1,0,0,0.8,CD_M20262640403,4,2026-09-05,Gold Coast SUNS,CD_R202626404
CD_I1022756,34,MEDIUM_DEFENDER,"https://s.afl.com.au/staticfile/AFL Tenant/AFL/Players/ChampIDImages/AFLW/2026264/1022756.png?im=Scale,width=0.6,height=0.6",Jemmika,Douglas,CD_T8098,KUW,Adelaide Crows,Crows,3,63.400000000000006,0,0,0,0,2,0,0,2,9,0,0,6,15,51,9,2,0,0,1,100,0,0,6,9,0,0,0,0,7,0,0,6,2,0,0,183,2,6,0,0,1,0,2,0,0,1,0,2,0,0,15,4,6,2026-09-06,data//AFLW_2026-09-06.csv,NA,NA,0.6,0.6,7,0.3333333333333333,0.7777777777777778,NA,NA,0.6666666666666666,0.3333333333333333,NA,0,0,0,CD_M20262640406,4,2026-09-06,Hawthorn,CD_R202626404
CD_I1022775,8,MIDFIELDER,"https://s.afl.com.au/staticfile/AFL Tenant/AFL/Players/ChampIDImages/AFLW/2026264/1022775.png?im=Scale,width=0.6,height=0.6",Lucia,Painter,CD_T8787,WAA,West Coast Eagles,Eagles,4,86.49999999999997,1,0,11,1,1,0,0,1,7,1,0,13,18,85,8,6,2,1,1,50,0,1,5,6,0,0,6,0,3,0,0,12,4,2,0,314,1,23,0,0,0,0,5,0,2,1,0,5,2,1,17,3,10,2026-09-06,data//AFLW_2026-09-06.csv,NA,0,0.4117647058823529,0.4444444444444444,2,0.5,0.3333333333333333,NA,NA,2,0.21739130434782608,NA,0,0.5,0,CD_M20262640409,4,2026-09-06,Melbourne,CD_R202626404
CD_I1022818,23,RUCK,"https://s.afl.com.au/staticfile/AFL Tenant/AFL/Players/ChampIDImages/AFLW/2026264/1022818.png?im=Scale,width=0.6,height=0.6",Sarah,Lakay,CD_T8787,WAA,West Coast Eagles,Eagles,3,47.099999999999994,0,0,5,0,1,0,1,0,4,0,0,7,5,55,3,0,0,0,1,50,0,0,3,4,15,4,0,0,1,0,0,1,0,0,0,53,0,13,0,0,0,28,0,0,0,0,2,7,0,2,5,2,1,2026-09-06,data//AFLW_2026-09-06.csv,0,NA,0.8,0.6,3,0,0.75,0.5357142857142857,0.14285714285714285,0.25,0.5384615384615384,NA,0.39436619718309857,0.22727272727272727,0,CD_M20262640409,4,2026-09-06,Melbourne,CD_R202626404
CD_I1022823,4,MIDFIELDER,"https://s.afl.com.au/staticfile/AFL Tenant/AFL/Players/ChampIDImages/AFLW/2026264/1022823.png?im=Scale,width=0.6,height=0.6",Ella,Roberts,CD_T8787,WAA,West Coast Eagles,Eagles,4,86.5,0,0,18,5,6,0,0,0,16,1,1,13,26,118,15,6,0,3,4,33.3,0,0,8,15,0,0,5,0,3,0,0,11,4,0,0,464,2,26,0,0,4,0,3,0,1,1,4,12,0,9,28,9,12,2026-09-06,data//AFLW_2026-09-06.csv,NA,1,0.5714285714285714,0.5769230769230769,9,0.5454545454545454,0.6,NA,NA,0.7333333333333333,0.46153846153846156,NA,0,0.8181818181818182,0,CD_M20262640409,4,2026-09-06,Melbourne,CD_R202626404
CD_I1022825,1,RUCK,"https://s.afl.com.au/staticfile/AFL Tenant/AFL/Players/ChampIDImages/AFLW/2026264/1022825.png?im=Scale,width=0.6,height=0.6",Lauren,Wakfer,CD_T8787,WAA,West Coast Eagles,Eagles,4,88.29999999999998,0,0,0,0,2,0,0,0,1,3,1,0,5,40,4,4,0,1,1,75,0,2,0,1,2,1,1,0,1,0,0,4,2,0,0,166,1,6,0,0,1,2,3,0,2,1,0,2,1,0,6,2,5,2026-09-06,data//AFLW_2026-09-06.csv,NA,0.3333333333333333,0.16666666666666666,0.8,0,1,0,1,0.5,4,0.3333333333333333,NA,0.028169014084507043,0,0,CD_M20262640409,4,2026-09-06,Melbourne,CD_R202626404
CD_I1023433,9,MIDFIELDER,"https://s.afl.com.au/staticfile/AFL Tenant/AFL/Players/ChampIDImages/AFLW/2026264/1023433.png?im=Scale,width=0.6,height=0.6",Sara,Howley,CD_T7889,GWS,GWS GIANTS,GIANTS,4,64.20000000000002,0,0,8,0,1,0,0,0,6,0,0,2,13,41,10,2,0,0,0,0,0,0,5,8,0,0,0,0,2,0,0,5,2,0,0,63,1,10,0,0,2,0,2,0,1,0,2,1,0,2,14,0,8,2026-09-06,data//AFLW_2026-09-06.csv,NA,NA,0.42857142857142855,0.7692307692307693,8,0.4,1,NA,NA,0.625,0.1,NA,0,0.5714285714285714,0,CD_M20262640404,4,2026-09-05,Brisbane Lions,CD_R202626404
CD_I1023815,15,MIDFIELDER,"https://s.afl.com.au/staticfile/AFL Tenant/AFL/Players/ChampIDImages/AFLW/2026264/1023815.png?im=Scale,width=0.6,height=0.6",Abbygail,Bushby,CD_T8787,WAA,West Coast Eagles,Eagles,4,73.90000000000003,0,1,12,1,3,0,0,0,3,1,1,12,16,70,11,6,0,0,1,25,0,1,1,6,0,0,3,0,0,0,0,10,3,0,1,258,3,15,0,0,2,1,5,0,1,1,0,3,0,1,16,3,13,2026-09-06,data//AFLW_2026-09-06.csv,NA,1,0.1875,0.6875,5,0.6,0.8333333333333334,0,0,1.6666666666666667,0.2,NA,0.014084507042253521,0.5454545454545454,0,CD_M20262640409,4,2026-09-06,Melbourne,CD_R202626404
CD_I1023842,23,MEDIUM_DEFENDER,"https://s.afl.com.au/staticfile/AFL Tenant/AFL/Players/ChampIDImages/AFLW/2026264/1023842.png?im=Scale,width=0.6,height=0.6",Zippy,Fish,CD_T9408,SYD,Sydney Swans,Swans,4,100,0,0,2,0,5,0,1,1,7,0,0,12,25,85,18,11,1,0,1,0,1,0,6,9,0,0,1,0,7,5,5,16,2,0,0,546,1,12,0,0,10,0,2,0,1,0,1,3,0,1,18,7,11,2026-09-06,data//AFLW_2026-09-06.csv,0,NA,0.3888888888888889,0.72,7,0.6875,0.7777777777777778,NA,NA,1.7777777777777777,0.25,1,0,0.1111111111111111,0.8333333333333334,CD_M20262640401,4,2026-09-05,Western Bulldogs,CD_R202626404
CD_I1023849,20,MIDFIELDER,"https://s.afl.com.au/staticfile/AFL Tenant/AFL/Players/ChampIDImages/AFLW/2026264/1023849.png?im=Scale,width=0.6,height=0.6",Noa,McNaughton,CD_T7886,WAL,Fremantle,Dockers,2,65.89999999999999,0,0,0,0,0,0,0,0,1,0,0,1,3,32,3,3,1,0,0,50,0,2,1,0,0,0,0,0,0,0,0,3,1,1,0,88,0,5,0,0,0,0,2,0,2,0,0,2,2,0,3,0,2,2026-09-06,data//AFLW_2026-09-06.csv,NA,NA,0.3333333333333333,1,0,1,NA,NA,NA,Inf,0.4,NA,0,0,0,CD_M20262640405,4,2026-09-06,Richmond,CD_R202626404
CD_I1023854,29,KEY_DEFENDER,"https://s.afl.com.au/staticfile/AFL Tenant/AFL/Players/ChampIDImages/AFLW/2026264/1023854.png?im=Scale,width=0.6,height=0.6",Natasha,Entwistle,CD_T8787,WAA,West Coast Eagles,Eagles,3,74.40000000000002,1,0,0,0,1,1,1,1,4,0,0,10,9,49,4,3,0,0,1,0,0,0,1,2,0,0,0,0,2,0,0,7,2,0,0,144,5,12,0,0,2,0,2,0,1,4,3,4,0,3,6,2,2,2026-09-06,data//AFLW_2026-09-06.csv,1,NA,0.6666666666666666,0.4444444444444444,1,0.42857142857142855,0.5,NA,NA,3.5,0.3333333333333333,NA,0,0,0,CD_M20262640409,4,2026-09-06,Melbourne,CD_R202626404
CD_I1023943,29,RUCK,"https://s.afl.com.au/staticfile/AFL Tenant/AFL/Players/ChampIDImages/AFLW/2026264/1023943.png?im=Scale,width=0.6,height=0.6",Matilda,Scholz,CD_T9409,YAR,Port Adelaide,Power,4,85.20000000000005,0,0,6,2,7,0,1,2,12,1,0,7,15,93,5,5,0,0,2,0,0,0,5,3,20,4,4,0,6,0,0,12,3,0,0,344,3,12,0,0,6,40,3,0,0,1,1,5,1,3,17,8,5,2026-09-06,data//AFLW_2026-09-06.csv,0,0,0.7058823529411765,0.3333333333333333,0,0.4166666666666667,0,0.5,0.1,4,0.4166666666666667,NA,0.7272727272727273,0.8571428571428571,0,CD_M20262640403,4,2026-09-05,Gold Coast SUNS,CD_R202626404
CD_I1023948,7,KEY_FORWARD,"https://s.afl.com.au/staticfile/AFL Tenant/AFL/Players/ChampIDImages/AFLW/2026264/1023948.png?im=Scale,width=0.6,height=0.6",Poppy,Scholz,CD_T8096,CARL,Carlton,Blues,4,82.5,0,0,4,0,4,0,0,2,6,2,1,2,10,72,8,3,3,1,0,36.4,0,2,4,7,7,2,1,0,0,0,0,3,3,1,1,118,3,15,0,0,0,11,5,0,2,2,0,6,3,0,10,4,4,2026-09-06,data//AFLW_2026-09-06.csv,NA,0.5,0.6,0.8,5,1,0.7142857142857143,0.6363636363636364,0.18181818181818182,0.42857142857142855,0.4,NA,0.2,0.2222222222222222,0,CD_M20262640408,4,2026-09-06,Collingwood,CD_R202626404
CD_I1024085,8,MIDFIELDER,"https://s.afl.com.au/staticfile/AFL Tenant/AFL/Players/ChampIDImages/AFLW/2026264/1024085.png?im=Scale,width=0.6,height=0.6",India,Rasheed,CD_T8098,KUW,Adelaide Crows,Crows,2,76.4,1,0,0,0,3,0,0,0,11,1,0,3,17,56,10,4,4,1,1,0,2,0,10,8,0,0,1,0,5,0,0,9,2,1,0,221,1,8,0,0,1,0,7,0,3,0,1,2,0,1,17,5,6,2026-09-06,data//AFLW_2026-09-06.csv,NA,0,0.6470588235294118,0.5882352941176471,6,0.4444444444444444,0.75,NA,NA,1.125,0.25,NA,0,0,0,CD_M20262640406,4,2026-09-06,Hawthorn,CD_R202626404
CD_I1024296,22,MEDIUM_FORWARD,"https://s.afl.com.au/staticfile/AFL Tenant/AFL/Players/ChampIDImages/AFLW/2026264/1024296.png?im=Scale,width=0.6,height=0.6",Rachel,Kearns,CD_T8467,GEEL,Geelong Cats,Cats,4,79.30000000000001,1,0,0,0,1,0,0,0,7,1,1,4,10,35,6,1,3,0,0,28.6,0,0,7,7,0,0,0,0,4,0,0,3,1,0,1,82,1,11,0,0,0,0,2,0,2,0,0,2,1,0,10,2,3,2026-09-06,data//AFLW_2026-09-06.csv,NA,1,0.7,0.6,5,0.3333333333333333,0.7142857142857143,NA,NA,0.42857142857142855,0.18181818181818182,NA,0,0,0,CD_M20262640407,4,2026-09-06,Essendon,CD_R202626404
CD_I1024299,26,RUCK,"https://s.afl.com.au/staticfile/AFL Tenant/AFL/Players/ChampIDImages/AFLW/2026264/1024299.png?im=Scale,width=0.6,height=0.6",Paige,Price,CD_T8786,GCFC,Gold Coast SUNS,SUNS,4,36.900000000000034,0,0,3,0,1,0,0,0,3,1,0,3,3,11,2,0,0,0,0,0,0,0,2,2,4,0,2,0,1,0,0,1,0,0,0,13,2,4,0,0,0,11,0,0,0,1,0,0,0,0,5,2,2,2026-09-06,data//AFLW_2026-09-06.csv,NA,0,0.6,0.6666666666666666,2,0,1,0.36363636363636365,0,0.5,0,NA,0.2037037037037037,0.42857142857142855,0,CD_M20262640403,4,2026-09-05,Port Adelaide,CD_R202626404
CD_I1024535,3,RUCK,"https://s.afl.com.au/staticfile/AFL Tenant/AFL/Players/ChampIDImages/AFLW/2026264/1024535.png?im=Scale,width=0.6,height=0.6",Darcie,Davies,CD_T8786,GCFC,Gold Coast SUNS,SUNS,4,77.29999999999995,0,0,4,0,7,0,0,0,9,1,1,7,11,51,5,2,1,3,1,25,0,0,7,7,15,5,2,0,5,0,0,4,2,0,0,83,1,9,0,0,1,28,2,0,0,0,0,3,0,0,13,4,4,2026-09-06,data//AFLW_2026-09-06.csv,NA,1,0.6923076923076923,0.45454545454545453,3,0.5,0.42857142857142855,0.5357142857142857,0.17857142857142858,0.5714285714285714,0.3333333333333333,NA,0.5185185185185185,0.5714285714285714,0,CD_M20262640403,4,2026-09-05,Port Adelaide,CD_R202626404
CD_I1024552,12,KEY_FORWARD,"https://s.afl.com.au/staticfile/AFL Tenant/AFL/Players/ChampIDImages/AFLW/2026264/1024552.png?im=Scale,width=0.6,height=0.6",Havana,Harris,CD_T8786,GCFC,Gold Coast SUNS,SUNS,4,86.5,1,0,0,0,0,0,0,0,7,1,0,1,13,50,9,1,3,0,2,27.8,0,1,4,8,2,0,1,0,0,0,0,5,0,0,0,84,2,8,0,0,0,15,4,0,3,1,4,2,2,4,13,1,6,2026-09-06,data//AFLW_2026-09-06.csv,NA,0,0.5384615384615384,0.6923076923076923,8,0.2,1,0.13333333333333333,0,0.625,0.25,NA,0.2777777777777778,0,0,CD_M20262640403,4,2026-09-05,Port Adelaide,CD_R202626404
CD_I1024553,28,KEY_DEFENDER,"https://s.afl.com.au/staticfile/AFL Tenant/AFL/Players/ChampIDImages/AFLW/2026264/1024553.png?im=Scale,width=0.6,height=0.6",Kaylee,Kimber,CD_T7387,WB,Western Bulldogs,Bulldogs,3,94,0,0,0,0,3,0,4,0,6,1,0,6,8,36,5,2,0,3,0,0,0,0,4,4,0,0,1,0,5,0,0,4,3,0,0,129,1,10,0,0,3,0,0,0,0,1,2,4,0,2,9,1,3,2026-09-06,data//AFLW_2026-09-06.csv,0,0,0.6666666666666666,0.625,3,0.5,0.75,NA,NA,1,0.4,NA,0,0,0,CD_M20262640401,4,2026-09-05,Sydney Swans,CD_R202626404
CD_I1024984,30,MIDFIELDER,"https://s.afl.com.au/staticfile/AFL Tenant/AFL/Players/ChampIDImages/AFLW/2026264/1024984.png?im=Scale,width=0.6,height=0.6",Ally,Dallaway,CD_T8788,RICH,Richmond,Richmond,4,65,0,0,6,0,6,0,0,0,4,0,0,4,10,42,5,2,1,2,0,0,0,0,3,6,0,0,1,0,2,0,0,4,4,0,0,96,0,11,0,0,1,0,0,0,0,0,0,3,1,0,11,5,7,2026-09-06,data//AFLW_2026-09-06.csv,NA,NA,0.36363636363636365,0.5,3,0.5,0.5,NA,NA,0.6666666666666666,0.2727272727272727,NA,0,0.3333333333333333,0,CD_M20262640405,4,2026-09-06,Fremantle,CD_R202626404
CD_I1025163,38,KEY_FORWARD,"https://s.afl.com.au/staticfile/AFL Tenant/AFL/Players/ChampIDImages/AFLW/2026264/1025163.png?im=Scale,width=0.6,height=0.6",Jacqueline,Dupuy,CD_T9407,HAW,Hawthorn,Hawks,4,94.5,2,0,1,0,0,0,0,0,4,8,2,2,8,37,3,2,1,0,0,16.7,0,0,3,2,3,2,1,0,0,0,0,6,2,0,0,154,0,12,0,0,0,9,3,0,2,0,1,1,0,1,8,3,4,2026-09-06,data//AFLW_2026-09-06.csv,NA,0.25,0.5,0.375,1,0.3333333333333333,0.5,0.3333333333333333,0.2222222222222222,3,0.08333333333333333,NA,0.13432835820895522,0.05555555555555555,0,CD_M20262640406,4,2026-09-06,Adelaide Crows,CD_R202626404
CD_I1025421,21,MEDIUM_DEFENDER,"https://s.afl.com.au/staticfile/AFL Tenant/AFL/Players/ChampIDImages/AFLW/2026264/1025421.png?im=Scale,width=0.6,height=0.6",Amber,Schutte,CD_T8097,COLL,Collingwood,Magpies,4,90.89999999999998,0,0,0,0,1,2,2,0,3,0,0,6,11,34,9,3,0,0,1,0,0,0,2,7,0,0,1,0,4,0,0,4,1,0,0,133,2,7,0,0,4,0,0,0,0,2,0,1,0,0,11,1,8,2026-09-06,data//AFLW_2026-09-06.csv,1,NA,0.2727272727272727,0.8181818181818182,6,0.75,0.8571428571428571,NA,NA,0.5714285714285714,0.14285714285714285,NA,0,0,0,CD_M20262640408,4,2026-09-06,Carlton,CD_R202626404
CD_I1025517,19,MEDIUM_FORWARD,"https://s.afl.com.au/staticfile/AFL Tenant/AFL/Players/ChampIDImages/AFLW/2026264/1025517.png?im=Scale,width=0.6,height=0.6",Heidi,Woodley,CD_T7387,WB,Western Bulldogs,Bulldogs,4,79,0,0,0,0,3,0,0,0,7,0,0,1,14,38,9,4,4,1,0,66.7,0,0,6,8,0,0,1,0,2,0,0,6,1,0,0,167,1,11,0,0,1,0,5,0,1,0,1,1,0,1,13,3,6,2026-09-06,data//AFLW_2026-09-06.csv,NA,NA,0.5384615384615384,0.6428571428571429,5,0.6666666666666666,0.625,NA,NA,0.75,0.09090909090909091,NA,0,0,0,CD_M20262640401,4,2026-09-05,Sydney Swans,CD_R202626404
CD_I1025525,23,MIDFIELDER,"https://s.afl.com.au/staticfile/AFL Tenant/AFL/Players/ChampIDImages/AFLW/2026264/1025525.png?im=Scale,width=0.6,height=0.6",Amy,Gaylor,CD_T9406,ESS,Essendon,Bombers,4,78.89999999999998,0,0,16,2,4,0,0,1,13,1,1,9,21,71,13,6,2,0,0,0,0,0,9,11,0,0,2,0,3,0,0,10,5,0,1,181,2,18,0,0,2,0,2,0,0,2,2,1,0,4,22,4,9,2026-09-06,data//AFLW_2026-09-06.csv,NA,1,0.5909090909090909,0.6190476190476191,7,0.6,0.6363636363636364,NA,NA,0.9090909090909091,0.05555555555555555,NA,0,0.7272727272727273,0,CD_M20262640407,4,2026-09-06,Geelong Cats,CD_R202626404
CD_I1025548,12,MEDIUM_FORWARD,"https://s.afl.com.au/staticfile/AFL Tenant/AFL/Players/ChampIDImages/AFLW/2026264/1025548.png?im=Scale,width=0.6,height=0.6",Georgia,Knight,CD_T8097,COLL,Collingwood,Magpies,1,33.5,1,0,0,0,1,0,0,0,3,1,1,0,3,11,2,1,0,1,1,0,0,0,2,1,0,0,1,0,1,0,0,2,0,0,0,50,0,4,0,0,0,0,1,0,1,0,0,1,0,0,3,1,0,2026-09-06,data//AFLW_2026-09-06.csv,NA,1,1,0.6666666666666666,1,0.5,1,NA,NA,2,0.25,NA,0,0,0,CD_M20262640408,4,2026-09-06,Carlton,CD_R202626404
CD_I1025550,13,KEY_FORWARD,"https://s.afl.com.au/staticfile/AFL Tenant/AFL/Players/ChampIDImages/AFLW/2026264/1025550.png?im=Scale,width=0.6,height=0.6",Georgie,Brisbane,CD_T7886,WAL,Fremantle,Dockers,2,61.2,0,0,0,0,3,0,0,0,5,1,1,0,9,36,5,3,4,1,0,33.3,0,1,5,4,0,0,1,0,0,0,0,5,2,1,1,118,2,4,0,0,0,0,4,0,3,2,0,1,1,0,9,2,4,2026-09-06,data//AFLW_2026-09-06.csv,NA,1,0.5555555555555556,0.5555555555555556,2,0.6,0.5,NA,NA,1.25,0.25,NA,0,0,0,CD_M20262640405,4,2026-09-06,Richmond,CD_R202626404
CD_I1025565,7,MEDIUM_FORWARD,"https://s.afl.com.au/staticfile/AFL Tenant/AFL/Players/ChampIDImages/AFLW/2026264/1025565.png?im=Scale,width=0.6,height=0.6",Grace,Belloni,CD_T9406,ESS,Essendon,Bombers,4,73.09999999999997,0,0,0,0,2,0,0,0,5,2,1,1,14,60,8,3,3,0,1,50,0,1,4,6,0,0,3,0,1,0,0,8,3,0,1,177,0,7,0,0,0,0,4,0,1,0,1,2,1,1,15,1,10,2026-09-06,data//AFLW_2026-09-06.csv,NA,0.5,0.3333333333333333,0.5714285714285714,5,0.375,0.8333333333333334,NA,NA,1.3333333333333333,0.2857142857142857,NA,0,0,0,CD_M20262640407,4,2026-09-06,Geelong Cats,CD_R202626404
CD_I1025609,27,MIDFIELDER,"https://s.afl.com.au/staticfile/AFL Tenant/AFL/Players/ChampIDImages/AFLW/2026264/1025609.png?im=Scale,width=0.6,height=0.6",Lucille,Cronin,CD_T8097,COLL,Collingwood,Magpies,2,93.9,0,2,9,1,2,0,0,1,5,2,1,11,16,72,14,7,1,1,0,0,0,0,3,7,0,0,1,0,1,0,0,9,6,1,0,269,1,19,0,0,3,0,0,0,0,0,2,4,0,3,16,1,11,2026-09-06,data//AFLW_2026-09-06.csv,NA,0.5,0.3125,0.875,7,0.7777777777777778,1,NA,NA,1.2857142857142858,0.21052631578947367,NA,0,0.5070422535211268,0,CD_M20262640408,4,2026-09-06,Carlton,CD_R202626404
CD_I1025611,1,MIDFIELDER,"https://s.afl.com.au/staticfile/AFL Tenant/AFL/Players/ChampIDImages/AFLW/2026264/1025611.png?im=Scale,width=0.6,height=0.6",Sarah,Poustie,CD_T7387,WB,Western Bulldogs,Bulldogs,4,43.400000000000034,1,0,5,1,2,0,0,0,8,0,0,7,10,42,6,1,1,0,1,0,0,0,5,6,0,0,1,0,2,0,0,4,0,0,0,62,1,12,0,0,0,0,3,0,1,1,2,4,4,3,10,1,2,2026-09-06,data//AFLW_2026-09-06.csv,NA,NA,0.8,0.6,5,0.25,0.8333333333333334,NA,NA,0.6666666666666666,0.3333333333333333,NA,0,0.2777777777777778,0,CD_M20262640401,4,2026-09-05,Sydney Swans,CD_R202626404
CD_I1025615,20,MEDIUM_DEFENDER,"https://s.afl.com.au/staticfile/AFL Tenant/AFL/Players/ChampIDImages/AFLW/2026264/1025615.png?im=Scale,width=0.6,height=0.6",Charlotte,Brewer,CD_T8097,COLL,Collingwood,Magpies,3,70.70000000000002,0,0,0,0,1,0,0,0,0,0,0,9,2,13,0,0,0,0,0,0,0,0,0,1,0,0,0,0,0,0,0,1,0,0,0,33,2,12,0,0,0,0,1,0,0,2,0,2,1,0,2,1,2,2026-09-06,data//AFLW_2026-09-06.csv,NA,NA,0,0,0,0,0,NA,NA,1,0.16666666666666666,NA,0,0,0,CD_M20262640408,4,2026-09-06,Carlton,CD_R202626404
CD_I1025616,26,MEDIUM_DEFENDER,"https://s.afl.com.au/staticfile/AFL Tenant/AFL/Players/ChampIDImages/AFLW/2026264/1025616.png?im=Scale,width=0.6,height=0.6",Lara,Hausegger,CD_T9408,SYD,Sydney Swans,Swans,4,71.40000000000003,0,0,0,0,1,0,0,0,5,0,0,12,13,46,10,3,0,1,0,0,0,0,5,9,0,0,0,0,6,0,0,4,1,0,0,132,0,12,0,0,2,0,0,0,0,0,0,4,0,0,13,2,8,2026-09-06,data//AFLW_2026-09-06.csv,NA,NA,0.38461538461538464,0.7692307692307693,7,0.75,0.7777777777777778,NA,NA,0.4444444444444444,0.3333333333333333,NA,0,0,0,CD_M20262640401,4,2026-09-05,Western Bulldogs,CD_R202626404
CD_I1025617,20,MEDIUM_FORWARD,"https://s.afl.com.au/staticfile/AFL Tenant/AFL/Players/ChampIDImages/AFLW/2026264/1025617.png?im=Scale,width=0.6,height=0.6",Maggie,Mahony,CD_T7386,NAR,Melbourne,Demons,2,80.5,0,0,0,0,0,0,0,0,8,1,1,4,13,49,12,4,5,0,0,100,0,2,7,9,0,0,1,0,2,0,0,4,1,0,0,101,1,13,0,0,0,0,4,0,2,0,0,1,0,0,14,0,6,2026-09-06,data//AFLW_2026-09-06.csv,NA,1,0.5714285714285714,0.9230769230769231,8,1,0.8888888888888888,NA,NA,0.4444444444444444,0.07692307692307693,NA,0,0,0,CD_M20262640409,4,2026-09-06,West Coast Eagles,CD_R202626404
CD_I1025669,32,KEY_DEFENDER,"https://s.afl.com.au/staticfile/AFL Tenant/AFL/Players/ChampIDImages/AFLW/2026264/1025669.png?im=Scale,width=0.6,height=0.6",Annabelle,Embelton,CD_T9407,HAW,Hawthorn,Hawks,4,76.39999999999998,0,0,1,0,0,0,3,1,3,1,0,8,6,48,3,2,0,0,1,0,0,0,1,2,1,0,0,0,2,0,0,4,2,0,0,105,4,9,0,0,0,5,0,0,0,2,0,6,0,0,6,2,3,2026-09-06,data//AFLW_2026-09-06.csv,0,0,0.5,0.5,1,0.5,0.5,0.2,0,2,0.6666666666666666,NA,0.07462686567164178,0.05555555555555555,0,CD_M20262640406,4,2026-09-06,Adelaide Crows,CD_R202626404
CD_I1025671,14,MIDFIELDER,"https://s.afl.com.au/staticfile/AFL Tenant/AFL/Players/ChampIDImages/AFLW/2026264/1025671.png?im=Scale,width=0.6,height=0.6",Daisy,Flockart,CD_T9407,HAW,Hawthorn,Hawks,4,63.599999999999994,1,0,9,1,4,0,0,1,8,0,0,8,10,56,1,0,3,2,1,0,0,0,5,1,0,0,5,0,0,0,0,9,1,0,0,264,0,21,0,0,0,0,3,0,1,0,4,7,0,5,12,5,4,2026-09-06,data//AFLW_2026-09-06.csv,NA,NA,0.6666666666666666,0.1,1,0,1,NA,NA,9,0.3333333333333333,NA,0,0.5,0,CD_M20262640406,4,2026-09-06,Adelaide Crows,CD_R202626404
CD_I1025674,1,KEY_FORWARD,"https://s.afl.com.au/staticfile/AFL Tenant/AFL/Players/ChampIDImages/AFLW/2026264/1025674.png?im=Scale,width=0.6,height=0.6",Emily,Gough,CD_T9406,ESS,Essendon,Bombers,4,82.60000000000002,2,0,0,0,1,0,0,3,7,2,2,0,10,64,6,3,0,0,1,41.7,0,3,2,3,0,0,1,0,0,0,0,7,4,4,0,121,1,6,0,0,0,4,6,0,6,1,2,1,1,2,10,0,3,2026-09-06,data//AFLW_2026-09-06.csv,NA,1,0.7,0.6,3,0.42857142857142855,1,0,0,2.3333333333333335,0.16666666666666666,NA,0.06779661016949153,0,0,CD_M20262640407,4,2026-09-06,Geelong Cats,CD_R202626404
CD_I1025789,29,MIDFIELDER,"https://s.afl.com.au/staticfile/AFL Tenant/AFL/Players/ChampIDImages/AFLW/2026264/1025789.png?im=Scale,width=0.6,height=0.6",Tanya,Kennedy,CD_T9408,SYD,Sydney Swans,Swans,1,79.4,0,0,9,1,6,0,1,0,7,0,0,15,11,69,7,3,0,3,0,0,0,0,7,6,0,0,0,0,3,0,0,5,1,0,0,69,1,23,0,0,0,0,0,0,0,1,1,12,1,2,9,2,2,2026-09-06,data//AFLW_2026-09-06.csv,0,NA,0.7777777777777778,0.6363636363636364,4,0.6,0.6666666666666666,NA,NA,0.8333333333333334,0.5217391304347826,NA,0,0.5,0,CD_M20262640401,4,2026-09-05,Western Bulldogs,CD_R202626404
CD_I1025819,19,MEDIUM_DEFENDER,"https://s.afl.com.au/staticfile/AFL Tenant/AFL/Players/ChampIDImages/AFLW/2026264/1025819.png?im=Scale,width=0.6,height=0.6",Laela,Ebert,CD_T7386,NAR,Melbourne,Demons,3,85.30000000000001,0,0,0,0,2,0,0,0,1,0,0,3,7,30,6,4,0,1,0,0,0,0,1,2,0,0,1,0,0,0,0,5,2,0,0,163,2,6,0,0,0,0,1,0,0,2,0,2,0,0,7,2,6,2026-09-06,data//AFLW_2026-09-06.csv,NA,NA,0.14285714285714285,0.8571428571428571,2,0.8,1,NA,NA,2.5,0.3333333333333333,NA,0,0,0,CD_M20262640409,4,2026-09-06,West Coast Eagles,CD_R202626404
CD_I1025895,26,MEDIUM_DEFENDER,"https://s.afl.com.au/staticfile/AFL Tenant/AFL/Players/ChampIDImages/AFLW/2026264/1025895.png?im=Scale,width=0.6,height=0.6",Violet,Patterson,CD_T8097,COLL,Collingwood,Magpies,3,82.9,0,0,0,0,4,1,2,1,7,0,0,10,10,54,7,3,0,3,1,0,0,0,5,5,0,0,0,0,4,0,0,5,3,0,1,64,3,15,0,0,1,0,0,0,0,2,0,7,0,0,10,3,3,2026-09-06,data//AFLW_2026-09-06.csv,0.5,NA,0.7,0.7,4,0.6,0.8,NA,NA,1,0.4666666666666667,NA,0,0,0,CD_M20262640408,4,2026-09-06,Carlton,CD_R202626404
CD_I1025924,1,MEDIUM_DEFENDER,"https://s.afl.com.au/staticfile/AFL Tenant/AFL/Players/ChampIDImages/AFLW/2026264/1025924.png?im=Scale,width=0.6,height=0.6",Grace,Martin,CD_T7889,GWS,GWS GIANTS,GIANTS,4,83.70000000000002,0,0,0,0,1,0,1,0,0,0,0,4,4,8,3,2,0,1,0,0,0,0,0,1,0,0,0,0,0,6,4,3,0,0,0,77,6,4,0,0,1,0,1,0,0,5,0,0,0,0,2,1,2,2026-09-06,data//AFLW_2026-09-06.csv,0,NA,0,0.75,1,0.6666666666666666,1,NA,NA,3,0,0.6666666666666666,0,0,0.46153846153846156,CD_M20262640404,4,2026-09-05,Brisbane Lions,CD_R202626404
CD_I1025962,12,RUCK,"https://s.afl.com.au/staticfile/AFL Tenant/AFL/Players/ChampIDImages/AFLW/2026264/1025962.png?im=Scale,width=0.6,height=0.6",Charlotte,Riggs,CD_T8787,WAA,West Coast Eagles,Eagles,4,64.1,0,0,17,4,2,0,1,1,12,0,0,6,13,63,6,1,0,1,2,0,0,0,8,9,16,4,0,0,3,0,0,4,2,0,1,151,2,11,0,0,1,40,3,0,0,0,2,3,0,6,14,3,2,2026-09-06,data//AFLW_2026-09-06.csv,0,NA,0.8571428571428571,0.46153846153846156,5,0.25,0.5555555555555556,0.4,0.1,0.4444444444444444,0.2727272727272727,NA,0.5633802816901409,0.7727272727272727,0,CD_M20262640409,4,2026-09-06,Melbourne,CD_R202626404
CD_I1025995,20,MIDFIELDER,"https://s.afl.com.au/staticfile/AFL Tenant/AFL/Players/ChampIDImages/AFLW/2026264/1025995.png?im=Scale,width=0.6,height=0.6",Lily,Goss,CD_T8096,CARL,Carlton,Blues,4,76.89999999999998,0,0,4,0,2,0,0,0,5,0,0,3,16,71,11,6,0,0,0,75,0,1,4,5,0,0,1,0,2,0,0,11,6,1,0,296,0,7,0,0,1,0,4,0,2,0,3,1,0,3,16,6,11,2026-09-06,data//AFLW_2026-09-06.csv,NA,NA,0.3125,0.6875,5,0.5454545454545454,1,NA,NA,2.2,0.14285714285714285,NA,0,0.2222222222222222,0,CD_M20262640408,4,2026-09-06,Collingwood,CD_R202626404
CD_I1026016,8,MEDIUM_DEFENDER,"https://s.afl.com.au/staticfile/AFL Tenant/AFL/Players/ChampIDImages/AFLW/2026264/1026016.png?im=Scale,width=0.6,height=0.6",Montana,Beruldsen,CD_T8788,RICH,Richmond,Richmond,4,72.89999999999998,0,0,0,0,1,0,0,0,5,0,0,5,15,64,9,8,0,0,1,0,0,0,4,4,0,0,2,0,3,3,3,11,2,0,0,257,3,6,0,0,3,0,1,0,0,1,0,4,0,0,12,1,7,2026-09-06,data//AFLW_2026-09-06.csv,NA,NA,0.4166666666666667,0.6,1,0.7272727272727273,0.25,NA,NA,2.75,0.6666666666666666,1,0,0,0.5,CD_M20262640405,4,2026-09-06,Fremantle,CD_R202626404
CD_I1026111,22,MEDIUM_FORWARD,"https://s.afl.com.au/staticfile/AFL Tenant/AFL/Players/ChampIDImages/AFLW/2026264/1026111.png?im=Scale,width=0.6,height=0.6",Sophie,Peters,CD_T7887,BL,Brisbane Lions,Lions,4,61.79999999999998,0,1,0,0,1,0,0,0,2,0,0,1,8,27,7,3,1,0,0,100,0,0,2,4,0,0,2,0,2,0,0,4,1,0,0,105,0,6,0,0,0,0,2,0,0,0,0,1,0,0,9,2,7,2026-09-06,data//AFLW_2026-09-06.csv,NA,NA,0.2222222222222222,0.875,4,0.75,1,NA,NA,1,0.16666666666666666,NA,0,0,0,CD_M20262640404,4,2026-09-05,GWS GIANTS,CD_R202626404
CD_I1026137,24,MEDIUM_DEFENDER,"https://s.afl.com.au/staticfile/AFL Tenant/AFL/Players/ChampIDImages/AFLW/2026264/1026137.png?im=Scale,width=0.6,height=0.6",Claudia,Wright,CD_T7887,BL,Brisbane Lions,Lions,4,66.40000000000003,0,0,0,0,0,0,1,0,5,0,0,5,8,27,5,2,0,0,0,0,0,0,5,3,0,0,2,0,7,0,0,5,2,0,0,94,2,7,0,0,1,0,1,0,0,2,0,0,0,0,7,1,2,2026-09-06,data//AFLW_2026-09-06.csv,0,NA,0.7142857142857143,0.625,3,0.4,1,NA,NA,1.6666666666666667,0,NA,0,0,0,CD_M20262640404,4,2026-09-05,GWS GIANTS,CD_R202626404
CD_I1026141,24,MEDIUM_FORWARD,"https://s.afl.com.au/staticfile/AFL Tenant/AFL/Players/ChampIDImages/AFLW/2026264/1026141.png?im=Scale,width=0.6,height=0.6",Ella,Slocombe,CD_T8787,WAA,West Coast Eagles,Eagles,4,77.9,0,0,0,0,4,0,0,0,2,0,0,5,7,29,3,3,1,2,1,33.3,1,0,1,2,0,0,2,0,0,0,0,5,1,0,0,201,0,9,0,0,0,0,1,0,0,0,0,3,1,0,8,2,6,2026-09-06,data//AFLW_2026-09-06.csv,NA,NA,0.25,0.42857142857142855,0,0.6,0,NA,NA,2.5,0.3333333333333333,NA,0,0,0,CD_M20262640409,4,2026-09-06,Melbourne,CD_R202626404
CD_I1026159,30,MIDFIELDER_FORWARD,"https://s.afl.com.au/staticfile/AFL Tenant/AFL/Players/ChampIDImages/AFLW/2026264/1026159.png?im=Scale,width=0.6,height=0.6",Juliet,Kelly,CD_T8098,KUW,Adelaide Crows,Crows,4,58.69999999999999,0,0,10,0,0,0,0,0,4,0,0,13,8,57,5,2,0,0,0,0,0,0,3,3,0,0,1,0,3,0,0,5,0,0,0,108,1,21,0,0,2,0,2,0,0,0,1,9,2,1,8,2,4,2026-09-06,data//AFLW_2026-09-06.csv,NA,NA,0.5,0.625,3,0.4,1,NA,NA,1.6666666666666667,0.42857142857142855,NA,0,0.5555555555555556,0,CD_M20262640406,4,2026-09-06,Hawthorn,CD_R202626404
CD_I1026166,6,MEDIUM_DEFENDER,"https://s.afl.com.au/staticfile/AFL Tenant/AFL/Players/ChampIDImages/AFLW/2026264/1026166.png?im=Scale,width=0.6,height=0.6",Madeleine,Scanlon,CD_T7886,WAL,Fremantle,Dockers,1,61.9,0,0,0,0,2,0,0,0,4,0,0,4,11,37,10,5,1,0,0,0,0,0,3,6,0,0,1,0,3,1,1,5,2,0,0,130,1,5,0,0,3,0,3,0,0,0,0,1,0,0,10,1,6,2026-09-06,data//AFLW_2026-09-06.csv,NA,NA,0.4,0.9090909090909091,5,1,0.8333333333333334,NA,NA,0.8333333333333334,0.2,1,0,0,0.2,CD_M20262640405,4,2026-09-06,Richmond,CD_R202626404
CD_I1026227,15,MEDIUM_FORWARD,"https://s.afl.com.au/staticfile/AFL Tenant/AFL/Players/ChampIDImages/AFLW/2026264/1026227.png?im=Scale,width=0.6,height=0.6",Julia,Teakle,CD_T9409,YAR,Port Adelaide,Power,1,70.9,2,0,0,0,0,0,0,0,4,2,0,2,4,19,0,0,2,0,0,0,0,0,3,2,0,0,0,0,0,0,0,2,1,1,0,44,1,10,0,0,0,0,2,0,2,0,0,1,0,0,6,1,2,2026-09-06,data//AFLW_2026-09-06.csv,NA,0,0.6666666666666666,0,0,0,0,NA,NA,1,0.1,NA,0,0,0,CD_M20262640403,4,2026-09-05,Gold Coast SUNS,CD_R202626404
CD_I1026239,13,MEDIUM_DEFENDER,"https://s.afl.com.au/staticfile/AFL Tenant/AFL/Players/ChampIDImages/AFLW/2026264/1026239.png?im=Scale,width=0.6,height=0.6",Maya,Louvel-Finn,CD_T8796,EUR,St Kilda,St Kilda,2,67.1,0,0,0,0,2,0,0,0,2,0,0,13,6,35,3,1,0,1,0,0,0,0,2,3,0,0,0,0,3,0,0,3,1,0,0,67,1,16,0,0,1,0,0,0,0,1,0,5,0,0,6,2,4,2026-09-06,data//AFLW_2026-09-06.csv,NA,NA,0.3333333333333333,0.5,2,0.3333333333333333,0.6666666666666666,NA,NA,1,0.3125,NA,0,0,0,CD_M20262640402,4,2026-09-05,North Melbourne,CD_R202626404
CD_I1026281,11,MEDIUM_DEFENDER,"https://s.afl.com.au/staticfile/AFL Tenant/AFL/Players/ChampIDImages/AFLW/2026264/1026281.png?im=Scale,width=0.6,height=0.6",Evie,Cowcher,CD_T8467,GEEL,Geelong Cats,Cats,4,63.900000000000006,0,0,0,0,3,1,1,0,3,0,0,5,10,44,8,5,0,3,0,0,0,0,3,5,0,0,1,0,3,0,0,5,4,0,0,104,0,6,0,0,2,0,1,0,0,0,0,4,0,0,10,1,7,2026-09-06,data//AFLW_2026-09-06.csv,1,NA,0.3,0.8,3,1,0.6,NA,NA,1,0.6666666666666666,NA,0,0,0,CD_M20262640407,4,2026-09-06,Essendon,CD_R202626404
CD_I1026294,11,KEY_FORWARD,"https://s.afl.com.au/staticfile/AFL Tenant/AFL/Players/ChampIDImages/AFLW/2026264/1026294.png?im=Scale,width=0.6,height=0.6",Ariana,Hetherington,CD_T8097,COLL,Collingwood,Magpies,4,100.49999999999997,0,0,0,0,3,0,3,2,8,0,0,9,13,51,9,5,0,0,0,100,0,0,5,4,0,0,0,0,7,3,3,9,4,0,0,231,7,10,0,0,3,0,1,0,0,4,0,1,0,0,11,4,3,2026-09-06,data//AFLW_2026-09-06.csv,0,NA,0.7272727272727273,0.6923076923076923,4,0.5555555555555556,1,NA,NA,2.25,0.1,1,0,0,0.375,CD_M20262640408,4,2026-09-06,Carlton,CD_R202626404
CD_I1026372,11,KEY_DEFENDER,"https://s.afl.com.au/staticfile/AFL Tenant/AFL/Players/ChampIDImages/AFLW/2026264/1026372.png?im=Scale,width=0.6,height=0.6",Molly,O'Hehir,CD_T7386,NAR,Melbourne,Demons,4,84.19999999999996,0,0,0,1,3,0,0,2,9,0,0,12,15,64,9,3,1,2,2,0,0,0,4,6,0,0,1,0,5,0,0,9,3,0,0,191,3,17,0,0,2,0,2,0,0,0,1,5,0,2,16,5,7,2026-09-06,data//AFLW_2026-09-06.csv,NA,NA,0.5625,0.6,6,0.3333333333333333,1,NA,NA,1.5,0.29411764705882354,NA,0,0,0,CD_M20262640409,4,2026-09-06,West Coast Eagles,CD_R202626404
CD_I1026479,12,KEY_FORWARD,"https://s.afl.com.au/staticfile/AFL Tenant/AFL/Players/ChampIDImages/AFLW/2026264/1026479.png?im=Scale,width=0.6,height=0.6",Olivia,Wolmarans,CD_T8788,RICH,Richmond,Richmond,4,78.1,3,0,0,0,1,0,0,1,9,2,2,1,11,56,3,2,5,0,2,37.5,0,2,7,4,0,0,1,0,2,0,0,7,2,2,1,165,1,1,0,0,0,1,7,0,5,1,0,1,0,0,11,2,2,2026-09-06,data//AFLW_2026-09-06.csv,NA,1,0.8181818181818182,0.2727272727272727,1,0.2857142857142857,0.25,0,0,1.75,1,NA,0.01639344262295082,0,0,CD_M20262640405,4,2026-09-06,Fremantle,CD_R202626404
CD_I1026494,8,MIDFIELDER,"https://s.afl.com.au/staticfile/AFL Tenant/AFL/Players/ChampIDImages/AFLW/2026264/1026494.png?im=Scale,width=0.6,height=0.6",Carys,D'Addario,CD_T8796,EUR,St Kilda,St Kilda,1,54.4,0,0,8,0,4,0,0,0,2,0,0,14,6,25,4,2,0,1,0,0,0,0,2,2,0,0,0,0,0,0,0,4,0,0,0,110,0,18,0,0,1,0,0,0,0,0,1,3,0,1,6,4,4,2026-09-06,data//AFLW_2026-09-06.csv,NA,NA,0.3333333333333333,0.6666666666666666,2,0.5,1,NA,NA,2,0.16666666666666666,NA,0,0.42105263157894735,0,CD_M20262640402,4,2026-09-05,North Melbourne,CD_R202626404
CD_I1026531,24,MEDIUM_FORWARD,"https://s.afl.com.au/staticfile/AFL Tenant/AFL/Players/ChampIDImages/AFLW/2026264/1026531.png?im=Scale,width=0.6,height=0.6",Charli,Wicksteed,CD_T8788,RICH,Richmond,Richmond,4,68.99999999999997,0,0,0,0,1,0,0,0,1,0,0,6,7,26,5,2,0,1,1,25,0,0,0,3,0,0,0,0,0,0,0,4,2,0,0,59,0,16,0,0,0,0,0,0,0,0,0,1,0,0,7,2,6,2026-09-06,data//AFLW_2026-09-06.csv,NA,NA,0.14285714285714285,0.7142857142857143,3,0.5,1,NA,NA,1.3333333333333333,0.0625,NA,0,0,0,CD_M20262640405,4,2026-09-06,Fremantle,CD_R202626404
CD_I1026929,31,RUCK,"https://s.afl.com.au/staticfile/AFL Tenant/AFL/Players/ChampIDImages/AFLW/2026264/1026929.png?im=Scale,width=0.6,height=0.6",Lucy,Wales,CD_T9407,HAW,Hawthorn,Hawks,4,81.69999999999999,0,0,15,1,2,0,0,1,12,1,1,8,18,90,14,8,0,1,0,50,0,0,10,8,23,9,3,0,7,0,0,10,4,0,0,174,1,13,0,0,2,44,2,0,0,0,1,3,1,2,19,2,7,2026-09-06,data//AFLW_2026-09-06.csv,NA,1,0.631578947368421,0.7777777777777778,6,0.8,0.75,0.5227272727272727,0.20454545454545456,1.25,0.23076923076923078,NA,0.6567164179104478,0.8333333333333334,0,CD_M20262640406,4,2026-09-06,Adelaide Crows,CD_R202626404
CD_I1026937,23,MEDIUM_FORWARD,"https://s.afl.com.au/staticfile/AFL Tenant/AFL/Players/ChampIDImages/AFLW/2026264/1026937.png?im=Scale,width=0.6,height=0.6",Rania,Crozier,CD_T7887,BL,Brisbane Lions,Lions,2,44,1,0,2,0,0,0,0,0,0,1,0,4,2,19,1,1,0,0,0,50,0,0,0,0,2,0,0,0,0,0,0,2,2,1,0,47,0,7,0,0,0,10,2,0,1,0,0,1,0,0,2,0,2,2026-09-06,data//AFLW_2026-09-06.csv,NA,0,0,0.5,0,0.5,NA,0.2,0,Inf,0.14285714285714285,NA,0.19230769230769232,0.14285714285714285,0,CD_M20262640404,4,2026-09-05,GWS GIANTS,CD_R202626404
CD_I1026947,24,MEDIUM_FORWARD,"https://s.afl.com.au/staticfile/AFL Tenant/AFL/Players/ChampIDImages/AFLW/2026264/1026947.png?im=Scale,width=0.6,height=0.6",Chantal,Mason,CD_T8467,GEEL,Geelong Cats,Cats,4,80.4,0,0,18,3,2,0,1,0,6,0,0,6,14,62,12,5,0,0,0,25,0,0,6,7,7,2,1,0,2,0,0,7,0,0,0,180,1,18,0,0,1,42,2,0,0,1,1,5,1,4,13,2,7,2026-09-06,data//AFLW_2026-09-06.csv,0,NA,0.46153846153846156,0.8571428571428571,7,0.7142857142857143,1,0.16666666666666666,0.047619047619047616,1,0.2777777777777778,NA,0.711864406779661,0.8181818181818182,0,CD_M20262640407,4,2026-09-06,Essendon,CD_R202626404
CD_I1027057,11,MEDIUM_FORWARD,"https://s.afl.com.au/staticfile/AFL Tenant/AFL/Players/ChampIDImages/AFLW/2026264/1027057.png?im=Scale,width=0.6,height=0.6",Mia,Russo,CD_T8787,WAA,West Coast Eagles,Eagles,3,44.10000000000001,0,0,5,1,0,0,0,0,6,0,0,10,9,29,4,1,1,0,0,0,0,0,5,6,0,0,0,0,2,0,0,3,0,0,0,79,0,14,0,0,1,0,2,0,0,0,1,2,0,2,10,2,4,2026-09-06,data//AFLW_2026-09-06.csv,NA,NA,0.6,0.4444444444444444,3,0.3333333333333333,0.5,NA,NA,0.5,0.14285714285714285,NA,0,0.22727272727272727,0,CD_M20262640409,4,2026-09-06,Melbourne,CD_R202626404
CD_I1027544,11,KEY_FORWARD,"https://s.afl.com.au/staticfile/AFL Tenant/AFL/Players/ChampIDImages/AFLW/2026264/1027544.png?im=Scale,width=0.6,height=0.6",Zoe,Besanko,CD_T8796,EUR,St Kilda,St Kilda,4,78.80000000000001,0,0,15,3,5,0,0,0,8,1,0,19,11,60,6,1,0,0,0,0,0,0,7,6,9,1,0,0,6,0,0,5,0,0,0,84,2,26,0,0,1,44,0,0,0,0,0,6,0,3,9,4,1,2026-09-06,data//AFLW_2026-09-06.csv,NA,0,0.8888888888888888,0.5454545454545454,5,0.2,0.8333333333333334,0.20454545454545456,0.022727272727272728,0.8333333333333334,0.23076923076923078,NA,0.676923076923077,0.7894736842105263,0,CD_M20262640402,4,2026-09-05,North Melbourne,CD_R202626404
CD_I1027545,32,MIDFIELDER,"https://s.afl.com.au/staticfile/AFL Tenant/AFL/Players/ChampIDImages/AFLW/2026264/1027545.png?im=Scale,width=0.6,height=0.6",Kayla,Dalgleish,CD_T8787,WAA,West Coast Eagles,Eagles,1,69.8,2,2,0,0,1,0,0,0,3,0,0,2,6,14,1,0,2,1,0,0,0,0,3,3,0,0,2,0,2,0,0,3,0,0,0,82,0,5,0,0,0,0,2,0,2,0,0,0,0,0,5,1,2,2026-09-06,data//AFLW_2026-09-06.csv,NA,NA,0.6,0.16666666666666666,1,0,0.3333333333333333,NA,NA,1,0,NA,0,0,0,CD_M20262640409,4,2026-09-06,Melbourne,CD_R202626404
CD_I1027611,16,KEY_DEFENDER,"https://s.afl.com.au/staticfile/AFL Tenant/AFL/Players/ChampIDImages/AFLW/2026264/1027611.png?im=Scale,width=0.6,height=0.6",Zoe,Wakfer,CD_T8787,WAA,West Coast Eagles,Eagles,4,91.59999999999997,0,0,0,0,2,0,0,1,5,0,0,11,10,48,9,4,0,1,1,0,0,0,3,5,0,0,0,0,7,0,0,5,3,0,0,131,2,13,0,0,3,0,2,0,0,1,0,4,0,0,10,2,5,2026-09-06,data//AFLW_2026-09-06.csv,NA,NA,0.5,0.9,5,0.8,1,NA,NA,1,0.3076923076923077,NA,0,0,0,CD_M20262640409,4,2026-09-06,Melbourne,CD_R202626404
CD_I1027783,30,RUCK,"https://s.afl.com.au/staticfile/AFL Tenant/AFL/Players/ChampIDImages/AFLW/2026264/1027783.png?im=Scale,width=0.6,height=0.6",Stephanie,Wales,CD_T9406,ESS,Essendon,Bombers,4,83.39999999999998,0,0,20,1,0,0,0,1,8,1,0,11,13,87,8,2,0,0,1,0,0,0,4,8,32,8,1,0,2,0,0,5,1,0,0,104,5,18,0,0,0,46,3,0,0,5,3,5,0,4,13,2,5,2026-09-06,data//AFLW_2026-09-06.csv,NA,0,0.6153846153846154,0.6153846153846154,6,0.4,0.75,0.6956521739130435,0.17391304347826086,0.625,0.2777777777777778,NA,0.7796610169491526,0.9090909090909091,0,CD_M20262640407,4,2026-09-06,Geelong Cats,CD_R202626404
CD_I1028464,8,MIDFIELDER_FORWARD,"https://s.afl.com.au/staticfile/AFL Tenant/AFL/Players/ChampIDImages/AFLW/2026264/1028464.png?im=Scale,width=0.6,height=0.6",Dominique,Carruthers,CD_T7387,WB,Western Bulldogs,Bulldogs,4,56.900000000000006,0,0,7,1,1,0,0,0,4,0,0,1,10,39,7,5,2,0,0,100,1,1,3,3,0,0,2,0,2,0,0,7,2,0,2,152,1,3,0,0,0,0,3,0,1,0,0,0,0,1,12,4,8,2026-09-06,data//AFLW_2026-09-06.csv,NA,NA,0.3333333333333333,0.7,2,0.7142857142857143,0.6666666666666666,NA,NA,2.3333333333333335,0,NA,0,0.3888888888888889,0,CD_M20262640401,4,2026-09-05,Sydney Swans,CD_R202626404
CD_I1028846,21,MEDIUM_FORWARD,"https://s.afl.com.au/staticfile/AFL Tenant/AFL/Players/ChampIDImages/AFLW/2026264/1028846.png?im=Scale,width=0.6,height=0.6",Heidi,Talbot,CD_T8786,GCFC,Gold Coast SUNS,SUNS,4,65,0,0,0,0,2,0,0,0,3,0,0,2,8,18,5,0,0,0,1,0,0,0,2,7,0,0,0,0,0,0,0,1,0,0,0,-7,0,5,0,0,1,0,0,0,0,0,0,0,0,0,8,3,5,2026-09-06,data//AFLW_2026-09-06.csv,NA,NA,0.375,0.625,5,0,0.7142857142857143,NA,NA,0.14285714285714285,0,NA,0,0,0,CD_M20262640403,4,2026-09-05,Port Adelaide,CD_R202626404
CD_I1029279,2,MEDIUM_FORWARD,"https://s.afl.com.au/staticfile/AFL Tenant/AFL/Players/ChampIDImages/AFLW/2026264/1029279.png?im=Scale,width=0.6,height=0.6",Holly,Cooper,CD_T9408,SYD,Sydney Swans,Swans,3,73.39999999999998,0,0,0,0,0,0,0,0,2,0,0,5,4,19,3,1,1,0,0,50,0,0,1,3,0,0,0,0,1,0,0,1,2,1,0,21,1,10,0,0,0,0,1,0,0,0,0,1,0,0,6,1,4,2026-09-06,data//AFLW_2026-09-06.csv,NA,NA,0.3333333333333333,0.75,2,1,0.6666666666666666,NA,NA,0.3333333333333333,0.1,NA,0,0,0,CD_M20262640401,4,2026-09-05,Western Bulldogs,CD_R202626404
CD_I1029615,14,MEDIUM_DEFENDER,"https://s.afl.com.au/staticfile/AFL Tenant/AFL/Players/ChampIDImages/AFLW/2026264/1029615.png?im=Scale,width=0.6,height=0.6",Erika,O'Shea,CD_T8466,NMFC,North Melbourne,Kangaroos,3,76.40000000000003,0,0,0,0,0,0,0,0,2,0,0,4,18,74,14,10,0,0,1,0,1,0,1,4,0,0,6,0,4,0,0,14,5,0,0,466,2,5,0,0,1,0,4,0,0,2,0,2,0,0,17,3,15,2026-09-06,data//AFLW_2026-09-06.csv,NA,NA,0.11764705882352941,0.7777777777777778,4,0.7142857142857143,1,NA,NA,3.5,0.4,NA,0,0,0,CD_M20262640402,4,2026-09-05,St Kilda,CD_R202626404
CD_I1029617,25,KEY_DEFENDER,"https://s.afl.com.au/staticfile/AFL Tenant/AFL/Players/ChampIDImages/AFLW/2026264/1029617.png?im=Scale,width=0.6,height=0.6",Cambridge,McCormick,CD_T7889,GWS,GWS GIANTS,GIANTS,4,84.30000000000001,0,0,0,0,7,0,4,1,6,0,0,9,16,69,9,7,0,2,1,0,0,0,3,3,0,0,4,0,6,2,2,13,3,0,0,442,5,10,0,0,4,0,0,0,0,4,0,5,0,0,15,6,9,2026-09-06,data//AFLW_2026-09-06.csv,0,NA,0.4,0.5625,2,0.5384615384615384,0.6666666666666666,NA,NA,4.333333333333333,0.5,1,0,0,0.15384615384615385,CD_M20262640404,4,2026-09-05,Brisbane Lions,CD_R202626404
CD_I1029618,13,MEDIUM_FORWARD,"https://s.afl.com.au/staticfile/AFL Tenant/AFL/Players/ChampIDImages/AFLW/2026264/1029618.png?im=Scale,width=0.6,height=0.6",Vikki,Wall,CD_T8466,NMFC,North Melbourne,Kangaroos,4,78.1,1,0,0,0,2,0,0,0,4,2,0,1,7,26,5,2,2,0,0,14.3,1,0,3,4,0,0,1,0,1,0,0,3,0,0,0,146,5,10,0,0,0,0,5,0,1,2,0,2,1,0,8,2,4,2026-09-06,data//AFLW_2026-09-06.csv,NA,0,0.5,0.7142857142857143,3,0.6666666666666666,0.75,NA,NA,0.75,0.2,NA,0,0,0,CD_M20262640402,4,2026-09-05,St Kilda,CD_R202626404
CD_I1029621,25,MIDFIELDER_FORWARD,"https://s.afl.com.au/staticfile/AFL Tenant/AFL/Players/ChampIDImages/AFLW/2026264/1029621.png?im=Scale,width=0.6,height=0.6",Megan,Kauffman,CD_T7886,WAL,Fremantle,Dockers,4,76.1,0,0,9,0,3,1,1,0,6,0,0,6,14,47,9,4,1,2,2,50,0,0,4,7,0,0,2,0,3,0,0,7,0,0,0,91,0,14,0,0,3,0,4,0,0,0,1,4,0,1,14,1,8,2026-09-06,data//AFLW_2026-09-06.csv,1,NA,0.42857142857142855,0.6428571428571429,5,0.5714285714285714,0.7142857142857143,NA,NA,1,0.2857142857142857,NA,0,0.5,0,CD_M20262640405,4,2026-09-06,Richmond,CD_R202626404
CD_I1029623,14,MIDFIELDER,"https://s.afl.com.au/staticfile/AFL Tenant/AFL/Players/ChampIDImages/AFLW/2026264/1029623.png?im=Scale,width=0.6,height=0.6",Orlagh,Lally,CD_T7886,WAL,Fremantle,Dockers,4,88.20000000000005,0,0,0,0,3,0,0,0,5,0,0,3,14,52,5,3,2,1,0,0,1,0,5,3,0,0,2,0,1,0,0,11,4,1,0,226,1,7,0,0,0,0,3,0,0,1,0,1,1,0,15,7,10,2026-09-06,data//AFLW_2026-09-06.csv,NA,NA,0.3333333333333333,0.35714285714285715,2,0.2727272727272727,0.6666666666666666,NA,NA,3.6666666666666665,0.14285714285714285,NA,0,0,0,CD_M20262640405,4,2026-09-06,Richmond,CD_R202626404
CD_I1029626,13,KEY_FORWARD,"https://s.afl.com.au/staticfile/AFL Tenant/AFL/Players/ChampIDImages/AFLW/2026264/1029626.png?im=Scale,width=0.6,height=0.6",Aine,McDonagh,CD_T9407,HAW,Hawthorn,Hawks,4,100,0,0,0,0,0,0,0,0,5,4,0,0,8,48,8,4,3,0,0,85.7,0,3,4,4,0,0,0,0,2,0,0,4,2,2,2,67,4,16,0,0,0,0,4,0,3,2,0,1,1,0,9,0,4,2026-09-06,data//AFLW_2026-09-06.csv,NA,0,0.5555555555555556,1,4,1,1,NA,NA,1,0.0625,NA,0,0,0,CD_M20262640406,4,2026-09-06,Adelaide Crows,CD_R202626404
CD_I1029952,4,MIDFIELDER,"https://s.afl.com.au/staticfile/AFL Tenant/AFL/Players/ChampIDImages/AFLW/2026264/1029952.png?im=Scale,width=0.6,height=0.6",Jade,McLay,CD_T8796,EUR,St Kilda,St Kilda,2,76.10000000000001,0,0,1,0,4,0,0,0,4,0,0,7,7,20,2,1,1,2,0,0,0,0,3,2,0,0,4,0,1,0,0,5,1,0,0,109,1,13,0,0,0,1,0,0,0,1,1,1,0,1,8,4,4,2026-09-06,data//AFLW_2026-09-06.csv,NA,NA,0.5,0.2857142857142857,1,0.2,0.5,0,0,2.5,0.07692307692307693,NA,0.015384615384615385,0.05263157894736842,0,CD_M20262640402,4,2026-09-05,North Melbourne,CD_R202626404
CD_I1030188,2,MIDFIELDER_FORWARD,"https://s.afl.com.au/staticfile/AFL Tenant/AFL/Players/ChampIDImages/AFLW/2026264/1030188.png?im=Scale,width=0.6,height=0.6",Sunny,Lappin,CD_T8786,GCFC,Gold Coast SUNS,SUNS,4,63.89999999999998,0,0,0,0,4,0,0,0,3,0,0,7,9,29,4,2,0,2,0,40,0,1,3,2,0,0,3,0,2,0,0,7,0,0,0,214,0,11,0,0,0,0,1,0,1,0,0,1,1,0,10,6,7,2026-09-06,data//AFLW_2026-09-06.csv,NA,NA,0.3,0.4444444444444444,2,0.2857142857142857,1,NA,NA,3.5,0.09090909090909091,NA,0,0,0,CD_M20262640403,4,2026-09-05,Port Adelaide,CD_R202626404
CD_I1030189,10,MEDIUM_FORWARD,"https://s.afl.com.au/staticfile/AFL Tenant/AFL/Players/ChampIDImages/AFLW/2026264/1030189.png?im=Scale,width=0.6,height=0.6",Ava,Usher,CD_T8786,GCFC,Gold Coast SUNS,SUNS,4,82.99999999999994,2,0,0,0,6,0,0,0,2,0,0,4,6,19,1,0,0,3,0,33.3,0,0,2,3,0,0,1,0,2,0,0,3,1,1,0,86,0,8,0,0,0,0,2,0,2,0,0,2,0,0,8,5,6,2026-09-06,data//AFLW_2026-09-06.csv,NA,NA,0.25,0.16666666666666666,1,0,0.3333333333333333,NA,NA,1,0.25,NA,0,0,0,CD_M20262640403,4,2026-09-05,Port Adelaide,CD_R202626404
CD_I1030195,16,MEDIUM_FORWARD,"https://s.afl.com.au/staticfile/AFL Tenant/AFL/Players/ChampIDImages/AFLW/2026264/1030195.png?im=Scale,width=0.6,height=0.6",Mikayla,Nurse,CD_T8786,GCFC,Gold Coast SUNS,SUNS,4,71.9,0,0,0,0,6,0,0,0,7,0,0,6,12,41,4,0,0,1,1,0,0,0,6,5,0,0,6,0,5,0,0,7,0,0,0,241,2,11,0,0,2,0,0,0,0,2,1,3,1,1,11,6,4,2026-09-06,data//AFLW_2026-09-06.csv,NA,NA,0.6363636363636364,0.3333333333333333,4,0,0.8,NA,NA,1.4,0.2727272727272727,NA,0,0,0,CD_M20262640403,4,2026-09-05,Port Adelaide,CD_R202626404
CD_I1030199,15,MEDIUM_FORWARD,"https://s.afl.com.au/staticfile/AFL Tenant/AFL/Players/ChampIDImages/AFLW/2026264/1030199.png?im=Scale,width=0.6,height=0.6",Alannah,Welsh,CD_T8786,GCFC,Gold Coast SUNS,SUNS,4,64.99999999999997,0,0,0,0,1,0,0,0,0,0,0,0,2,17,0,0,0,0,0,58.3,0,0,0,0,0,0,1,0,0,0,0,2,1,0,0,78,0,4,0,0,0,0,0,0,0,0,0,2,2,0,2,0,2,2026-09-06,data//AFLW_2026-09-06.csv,NA,NA,0,0,0,0,NA,NA,NA,Inf,0.5,NA,0,0,0,CD_M20262640403,4,2026-09-05,Port Adelaide,CD_R202626404
CD_I1030201,4,KEY_DEFENDER,"https://s.afl.com.au/staticfile/AFL Tenant/AFL/Players/ChampIDImages/AFLW/2026264/1030201.png?im=Scale,width=0.6,height=0.6",Georja,Davies,CD_T8786,GCFC,Gold Coast SUNS,SUNS,4,81.10000000000002,0,0,0,0,0,0,2,0,4,0,0,3,6,22,4,2,0,0,0,0,0,0,4,4,0,0,0,0,4,0,0,2,0,0,0,37,3,3,0,0,1,0,0,0,0,3,0,2,0,0,5,1,1,2026-09-06,data//AFLW_2026-09-06.csv,0,NA,0.8,0.6666666666666666,2,1,0.5,NA,NA,0.5,0.6666666666666666,NA,0,0,0,CD_M20262640403,4,2026-09-05,Port Adelaide,CD_R202626404
CD_I1030373,9,MEDIUM_FORWARD,"https://s.afl.com.au/staticfile/AFL Tenant/AFL/Players/ChampIDImages/AFLW/2026264/1030373.png?im=Scale,width=0.6,height=0.6",Mischa,Barwin,CD_T8097,COLL,Collingwood,Magpies,4,90.69999999999996,0,0,0,0,2,0,0,0,3,1,0,1,7,45,5,3,1,0,1,50,1,0,2,3,0,0,2,0,2,0,0,4,2,0,2,100,0,12,0,0,0,0,2,0,0,0,0,5,1,0,7,2,4,2026-09-06,data//AFLW_2026-09-06.csv,NA,0,0.42857142857142855,0.7142857142857143,2,0.75,0.6666666666666666,NA,NA,1.3333333333333333,0.4166666666666667,NA,0,0,0,CD_M20262640408,4,2026-09-06,Carlton,CD_R202626404
CD_I1030952,21,MIDFIELDER_FORWARD,"https://s.afl.com.au/staticfile/AFL Tenant/AFL/Players/ChampIDImages/AFLW/2026264/1030952.png?im=Scale,width=0.6,height=0.6",Lucy,Waye,CD_T8098,KUW,Adelaide Crows,Crows,1,64.4,0,0,0,0,4,0,0,0,1,0,0,1,6,24,5,4,1,3,0,100,0,1,1,1,0,0,2,0,1,0,0,5,2,0,1,113,1,8,0,0,0,0,2,0,1,1,0,1,1,0,7,3,6,2026-09-06,data//AFLW_2026-09-06.csv,NA,NA,0.14285714285714285,0.8333333333333334,1,0.8,1,NA,NA,5,0.125,NA,0,0,0,CD_M20262640406,4,2026-09-06,Hawthorn,CD_R202626404
CD_I1030962,23,MIDFIELDER,"https://s.afl.com.au/staticfile/AFL Tenant/AFL/Players/ChampIDImages/AFLW/2026264/1030962.png?im=Scale,width=0.6,height=0.6",Sophie,Eaton,CD_T9409,YAR,Port Adelaide,Power,3,87.19999999999999,0,0,0,0,3,0,0,0,5,0,0,9,7,34,5,1,0,2,0,0,0,0,5,4,0,0,2,0,5,0,0,3,1,0,0,91,0,13,0,0,1,0,1,0,0,0,0,5,0,0,6,2,1,2026-09-06,data//AFLW_2026-09-06.csv,NA,NA,0.8333333333333334,0.7142857142857143,4,0.3333333333333333,1,NA,NA,0.75,0.38461538461538464,NA,0,0,0,CD_M20262640403,4,2026-09-05,Gold Coast SUNS,CD_R202626404
CD_I1031272,29,MIDFIELDER,"https://s.afl.com.au/staticfile/AFL Tenant/AFL/Players/ChampIDImages/AFLW/2026264/1031272.png?im=Scale,width=0.6,height=0.6",Indiana,West,CD_T7886,WAL,Fremantle,Dockers,4,57.69999999999999,1,0,0,0,2,0,0,0,6,0,0,0,12,45,5,4,1,1,0,0,0,0,6,5,0,0,1,0,1,0,0,7,4,0,0,225,0,1,0,0,1,0,4,0,1,0,1,1,0,1,12,4,6,2026-09-06,data//AFLW_2026-09-06.csv,NA,NA,0.5,0.4166666666666667,1,0.5714285714285714,0.2,NA,NA,1.4,1,NA,0,0,0,CD_M20262640405,4,2026-09-06,Richmond,CD_R202626404
CD_I1031354,22,KEY_DEFENDER,"https://s.afl.com.au/staticfile/AFL Tenant/AFL/Players/ChampIDImages/AFLW/2026264/1031354.png?im=Scale,width=0.6,height=0.6",Claire,Mahony,CD_T8466,NMFC,North Melbourne,Kangaroos,4,75,0,2,0,0,0,0,0,0,2,0,0,2,11,52,5,5,0,0,1,0,0,0,1,2,0,0,2,0,4,0,0,9,4,0,0,234,1,3,0,0,3,0,3,0,0,1,0,2,0,0,11,1,9,2026-09-06,data//AFLW_2026-09-06.csv,NA,NA,0.18181818181818182,0.45454545454545453,0,0.5555555555555556,0,NA,NA,4.5,0.6666666666666666,NA,0,0,0,CD_M20262640402,4,2026-09-05,St Kilda,CD_R202626404
CD_I1031366,11,KEY_DEFENDER,"https://s.afl.com.au/staticfile/AFL Tenant/AFL/Players/ChampIDImages/AFLW/2026264/1031366.png?im=Scale,width=0.6,height=0.6",Holly,Egan,CD_T7886,WAL,Fremantle,Dockers,2,80.5,0,0,0,0,1,2,2,0,2,0,0,6,5,35,5,3,0,1,0,0,0,0,2,2,0,0,0,0,5,0,0,3,3,0,0,47,0,7,0,0,2,0,0,0,0,0,0,4,0,0,5,0,3,2026-09-06,data//AFLW_2026-09-06.csv,1,NA,0.4,1,2,1,1,NA,NA,1.5,0.5714285714285714,NA,0,0,0,CD_M20262640405,4,2026-09-06,Richmond,CD_R202626404
CD_I1031378,10,MIDFIELDER,"https://s.afl.com.au/staticfile/AFL Tenant/AFL/Players/ChampIDImages/AFLW/2026264/1031378.png?im=Scale,width=0.6,height=0.6",Holly,Ridewood,CD_T9406,ESS,Essendon,Bombers,4,77.09999999999997,0,0,0,0,2,0,0,0,8,0,0,7,17,43,10,2,0,1,1,0,0,0,6,10,0,0,1,0,5,0,0,7,0,0,0,236,2,7,0,0,2,0,3,0,0,0,2,1,0,2,18,3,10,2026-09-06,data//AFLW_2026-09-06.csv,NA,NA,0.4444444444444444,0.5882352941176471,8,0.2857142857142857,0.8,NA,NA,0.7,0.14285714285714285,NA,0,0,0,CD_M20262640407,4,2026-09-06,Geelong Cats,CD_R202626404
CD_I1031390,9,KEY_FORWARD,"https://s.afl.com.au/staticfile/AFL Tenant/AFL/Players/ChampIDImages/AFLW/2026264/1031390.png?im=Scale,width=0.6,height=0.6",Emma,McDonald,CD_T7387,WB,Western Bulldogs,Bulldogs,4,86.00000000000006,3,0,0,0,1,0,0,3,10,3,1,1,18,96,13,7,2,0,0,70,0,3,6,7,0,0,3,0,0,0,0,11,8,5,1,312,2,5,0,0,0,0,7,0,6,1,0,1,1,0,19,0,9,2026-09-06,data//AFLW_2026-09-06.csv,NA,0.3333333333333333,0.5263157894736842,0.7222222222222222,6,0.6363636363636364,0.8571428571428571,NA,NA,1.5714285714285714,0.2,NA,0,0,0,CD_M20262640401,4,2026-09-05,Sydney Swans,CD_R202626404
CD_I1031398,11,MIDFIELDER,"https://s.afl.com.au/staticfile/AFL Tenant/AFL/Players/ChampIDImages/AFLW/2026264/1031398.png?im=Scale,width=0.6,height=0.6",Isabel,Bacon,CD_T8788,RICH,Richmond,Richmond,4,75.60000000000002,0,0,14,1,3,0,0,0,10,0,0,6,24,94,14,8,0,0,1,0,0,0,6,10,0,0,3,0,0,0,0,14,5,0,0,261,1,14,0,0,1,0,3,0,0,0,5,4,1,6,25,6,15,2026-09-06,data//AFLW_2026-09-06.csv,NA,NA,0.4,0.5833333333333334,6,0.5714285714285714,0.6,NA,NA,1.4,0.2857142857142857,NA,0,0.7777777777777778,0,CD_M20262640405,4,2026-09-06,Fremantle,CD_R202626404
CD_I1031412,33,MEDIUM_FORWARD,"https://s.afl.com.au/staticfile/AFL Tenant/AFL/Players/ChampIDImages/AFLW/2026264/1031412.png?im=Scale,width=0.6,height=0.6",Mackenzie,Ford,CD_T8788,RICH,Richmond,Richmond,4,73.89999999999998,0,0,11,1,3,0,0,0,8,0,0,4,12,50,9,5,0,2,2,0,0,0,6,4,0,0,2,0,3,0,0,8,2,0,1,169,1,12,0,0,1,0,0,0,0,1,3,4,0,4,12,2,4,2026-09-06,data//AFLW_2026-09-06.csv,NA,NA,0.6666666666666666,0.75,4,0.625,1,NA,NA,2,0.3333333333333333,NA,0,0.6111111111111112,0,CD_M20262640405,4,2026-09-06,Fremantle,CD_R202626404
CD_I1031562,28,MIDFIELDER,"https://s.afl.com.au/staticfile/AFL Tenant/AFL/Players/ChampIDImages/AFLW/2026264/1031562.png?im=Scale,width=0.6,height=0.6",Emma,Juneja,CD_T9408,SYD,Sydney Swans,Swans,2,67.9,0,0,1,0,2,0,0,0,3,0,0,9,9,43,7,5,0,1,0,0,0,0,3,3,0,0,0,0,4,0,0,6,2,0,0,171,1,9,0,0,0,0,0,0,0,1,0,4,0,0,9,2,6,2026-09-06,data//AFLW_2026-09-06.csv,NA,NA,0.3333333333333333,0.7777777777777778,2,0.8333333333333334,0.6666666666666666,NA,NA,2,0.4444444444444444,NA,0,0.05555555555555555,0,CD_M20262640401,4,2026-09-05,Western Bulldogs,CD_R202626404
CD_I1031784,20,MEDIUM_DEFENDER,"https://s.afl.com.au/staticfile/AFL Tenant/AFL/Players/ChampIDImages/AFLW/2026264/1031784.png?im=Scale,width=0.6,height=0.6",Cleo,Buttifant,CD_T7387,WB,Western Bulldogs,Bulldogs,4,41.400000000000006,0,0,5,1,1,0,0,0,6,0,0,2,7,18,3,2,0,1,0,0,0,0,5,4,0,0,0,0,3,0,0,3,0,0,0,81,0,4,0,0,1,0,0,0,0,0,0,1,1,1,8,2,2,2026-09-06,data//AFLW_2026-09-06.csv,NA,NA,0.75,0.42857142857142855,1,0.6666666666666666,0.25,NA,NA,0.75,0.25,NA,0,0.2777777777777778,0,CD_M20262640401,4,2026-09-05,Sydney Swans,CD_R202626404
CD_I1032499,32,MIDFIELDER,"https://s.afl.com.au/staticfile/AFL Tenant/AFL/Players/ChampIDImages/AFLW/2026264/1032499.png?im=Scale,width=0.6,height=0.6",Bronte,Parker,CD_T8786,GCFC,Gold Coast SUNS,SUNS,4,65,1,0,0,0,1,0,0,0,3,0,0,2,9,32,6,2,1,1,1,0,1,0,2,4,0,0,0,0,3,0,0,5,2,1,0,189,0,4,0,0,0,0,3,0,1,0,0,1,0,0,9,2,6,2026-09-06,data//AFLW_2026-09-06.csv,NA,NA,0.3333333333333333,0.6666666666666666,4,0.4,1,NA,NA,1.25,0.25,NA,0,0,0,CD_M20262640403,4,2026-09-05,Port Adelaide,CD_R202626404
CD_I1032555,25,KEY_FORWARD,"https://s.afl.com.au/staticfile/AFL Tenant/AFL/Players/ChampIDImages/AFLW/2026264/1032555.png?im=Scale,width=0.6,height=0.6",Grace,Parsons,CD_T9409,YAR,Port Adelaide,Power,1,55.1,0,0,1,0,2,1,1,0,3,2,1,4,4,30,2,2,1,1,2,0,0,0,1,1,5,0,0,0,2,0,0,3,1,0,0,21,1,8,0,0,0,11,0,0,1,1,0,3,0,0,4,2,1,2026-09-06,data//AFLW_2026-09-06.csv,1,0.5,0.75,0.5,0,0.6666666666666666,0,0.45454545454545453,0,3,0.375,NA,0.2,0.14285714285714285,0,CD_M20262640403,4,2026-09-05,Gold Coast SUNS,CD_R202626404
CD_I1032556,19,KEY_FORWARD,"https://s.afl.com.au/staticfile/AFL Tenant/AFL/Players/ChampIDImages/AFLW/2026264/1032556.png?im=Scale,width=0.6,height=0.6",Maddie,Quinn,CD_T9408,SYD,Sydney Swans,Swans,4,76.9,0,0,3,1,1,0,0,1,4,1,1,6,4,26,3,1,0,0,1,33.3,0,0,2,2,4,0,1,0,0,0,0,2,1,0,0,92,0,12,0,0,0,17,1,0,0,0,1,2,0,2,4,1,0,2026-09-06,data//AFLW_2026-09-06.csv,NA,1,1,0.75,2,0.5,1,0.23529411764705882,0,1,0.16666666666666666,NA,0.2786885245901639,0.16666666666666666,0,CD_M20262640401,4,2026-09-05,Western Bulldogs,CD_R202626404
CD_I1032563,6,MIDFIELDER,"https://s.afl.com.au/staticfile/AFL Tenant/AFL/Players/ChampIDImages/AFLW/2026264/1032563.png?im=Scale,width=0.6,height=0.6",Molly,Thomas,CD_T9408,SYD,Sydney Swans,Swans,3,49.499999999999986,0,0,2,0,1,0,0,0,1,0,0,1,4,10,3,0,0,1,1,0,0,0,0,4,0,0,0,0,1,0,0,0,0,0,0,-4,0,6,0,0,0,0,0,0,0,0,0,1,0,0,4,1,3,2026-09-06,data//AFLW_2026-09-06.csv,NA,NA,0.25,0.75,3,NA,0.75,NA,NA,0,0.16666666666666666,NA,0,0.1111111111111111,0,CD_M20262640401,4,2026-09-05,Western Bulldogs,CD_R202626404
CD_I1032571,16,MEDIUM_FORWARD,"https://s.afl.com.au/staticfile/AFL Tenant/AFL/Players/ChampIDImages/AFLW/2026264/1032571.png?im=Scale,width=0.6,height=0.6",Mikaylah,Antony,CD_T9407,HAW,Hawthorn,Hawks,3,72.5,1,0,0,0,3,0,0,0,6,0,0,5,11,46,5,3,3,0,0,33.3,0,1,6,4,0,0,2,0,1,0,0,7,2,1,2,237,1,15,0,0,0,0,3,0,2,1,1,1,0,1,11,3,5,2026-09-06,data//AFLW_2026-09-06.csv,NA,NA,0.5454545454545454,0.45454545454545453,2,0.42857142857142855,0.5,NA,NA,1.75,0.06666666666666667,NA,0,0,0,CD_M20262640406,4,2026-09-06,Adelaide Crows,CD_R202626404
CD_I1032590,5,MEDIUM_FORWARD,"https://s.afl.com.au/staticfile/AFL Tenant/AFL/Players/ChampIDImages/AFLW/2026264/1032590.png?im=Scale,width=0.6,height=0.6",Chloe,Bown,CD_T8098,KUW,Adelaide Crows,Crows,4,60.49999999999997,0,0,0,0,1,0,0,0,2,1,0,0,14,54,9,5,0,0,0,42.9,1,2,2,7,0,0,5,0,1,0,0,7,1,1,0,185,0,2,0,0,0,0,7,0,2,0,0,1,1,0,14,3,12,2026-09-06,data//AFLW_2026-09-06.csv,NA,0,0.14285714285714285,0.6428571428571429,4,0.7142857142857143,0.5714285714285714,NA,NA,1,0.5,NA,0,0,0,CD_M20262640406,4,2026-09-06,Hawthorn,CD_R202626404
CD_I1032592,19,MIDFIELDER,"https://s.afl.com.au/staticfile/AFL Tenant/AFL/Players/ChampIDImages/AFLW/2026264/1032592.png?im=Scale,width=0.6,height=0.6",Asher,Fearn-Wannan,CD_T7887,BL,Brisbane Lions,Lions,1,54.2,0,0,0,0,2,0,0,0,1,0,0,5,4,27,2,1,0,1,0,0,0,0,1,1,0,0,1,0,2,0,0,3,1,0,0,64,1,6,0,0,0,0,0,0,0,1,0,4,0,0,4,1,3,2026-09-06,data//AFLW_2026-09-06.csv,NA,NA,0.25,0.5,1,0.3333333333333333,1,NA,NA,3,0.6666666666666666,NA,0,0,0,CD_M20262640404,4,2026-09-05,GWS GIANTS,CD_R202626404
CD_I1032594,37,RUCK,"https://s.afl.com.au/staticfile/AFL Tenant/AFL/Players/ChampIDImages/AFLW/2026264/1032594.png?im=Scale,width=0.6,height=0.6",Josephine,Bamford,CD_T8097,COLL,Collingwood,Magpies,4,61.29999999999998,0,0,12,1,4,0,1,0,2,3,0,10,7,46,3,1,0,1,1,0,0,0,1,3,7,2,3,0,2,0,0,4,1,0,0,121,4,15,0,0,0,36,0,0,0,3,0,5,0,1,7,2,5,2026-09-06,data//AFLW_2026-09-06.csv,0,0,0.2857142857142857,0.42857142857142855,2,0.25,0.6666666666666666,0.19444444444444445,0.05555555555555555,1.3333333333333333,0.3333333333333333,NA,0.6545454545454545,0.676056338028169,0,CD_M20262640408,4,2026-09-06,Carlton,CD_R202626404
CD_I1032967,32,MIDFIELDER,"https://s.afl.com.au/staticfile/AFL Tenant/AFL/Players/ChampIDImages/AFLW/2026264/1032967.png?im=Scale,width=0.6,height=0.6",Jordyn,Allen,CD_T7386,NAR,Melbourne,Demons,4,76.4,0,1,0,0,2,0,1,1,8,0,0,8,22,77,16,7,0,0,0,0,0,0,7,11,0,0,4,0,10,1,1,11,6,0,0,345,1,13,0,0,2,0,2,0,0,1,0,1,0,0,20,3,12,2026-09-06,data//AFLW_2026-09-06.csv,0,NA,0.4,0.7272727272727273,9,0.6363636363636364,0.8181818181818182,NA,NA,1,0.07692307692307693,1,0,0,0.125,CD_M20262640409,4,2026-09-06,West Coast Eagles,CD_R202626404
CD_I1032974,14,MIDFIELDER_FORWARD,"https://s.afl.com.au/staticfile/AFL Tenant/AFL/Players/ChampIDImages/AFLW/2026264/1032974.png?im=Scale,width=0.6,height=0.6",Maggie,Johnstone,CD_T9406,ESS,Essendon,Bombers,4,83,1,0,5,0,4,0,0,2,10,0,0,10,12,54,5,2,1,1,2,40,0,1,5,5,0,0,3,0,1,0,0,7,3,1,0,184,0,13,0,0,0,0,3,0,3,0,1,2,1,1,13,2,3,2026-09-06,data//AFLW_2026-09-06.csv,NA,NA,0.7692307692307693,0.4166666666666667,3,0.2857142857142857,0.6,NA,NA,1.4,0.15384615384615385,NA,0,0.22727272727272727,0,CD_M20262640407,4,2026-09-06,Geelong Cats,CD_R202626404
CD_I1033016,33,MIDFIELDER,"https://s.afl.com.au/staticfile/AFL Tenant/AFL/Players/ChampIDImages/AFLW/2026264/1033016.png?im=Scale,width=0.6,height=0.6",Olivia,Gorman,CD_T8098,KUW,Adelaide Crows,Crows,4,69.6,0,0,0,0,1,0,1,0,4,0,0,6,9,22,7,2,0,0,0,0,0,0,4,5,0,0,0,0,3,2,2,4,0,0,0,129,2,8,0,0,2,0,2,0,0,2,0,0,0,0,7,3,3,2026-09-06,data//AFLW_2026-09-06.csv,0,NA,0.5714285714285714,0.7777777777777778,5,0.5,1,NA,NA,0.8,0,1,0,0,0.25,CD_M20262640406,4,2026-09-06,Hawthorn,CD_R202626404
CD_I1033129,25,MIDFIELDER,"https://s.afl.com.au/staticfile/AFL Tenant/AFL/Players/ChampIDImages/AFLW/2026264/1033129.png?im=Scale,width=0.6,height=0.6",Renee,Morgan,CD_T8467,GEEL,Geelong Cats,Cats,1,39.6,1,0,7,0,1,0,0,0,6,0,0,4,8,37,5,2,0,0,1,0,0,0,4,4,0,0,0,0,4,0,0,4,1,0,0,94,0,9,0,0,1,0,2,0,1,0,1,3,0,1,8,1,2,2026-09-06,data//AFLW_2026-09-06.csv,NA,NA,0.75,0.625,3,0.5,0.75,NA,NA,1,0.3333333333333333,NA,0,0.3181818181818182,0,CD_M20262640407,4,2026-09-06,Essendon,CD_R202626404
CD_I1033157,8,KEY_DEFENDER,"https://s.afl.com.au/staticfile/AFL Tenant/AFL/Players/ChampIDImages/AFLW/2026264/1033157.png?im=Scale,width=0.6,height=0.6",Jennifer,Dunne,CD_T7887,BL,Brisbane Lions,Lions,4,99.69999999999999,1,0,0,0,0,1,3,1,5,0,0,3,16,61,12,9,0,0,0,0,0,0,4,4,0,0,1,0,7,6,3,12,4,0,0,425,8,7,0,0,5,0,4,0,1,8,0,1,0,0,12,5,7,2026-09-06,data//AFLW_2026-09-06.csv,0.3333333333333333,NA,0.4166666666666667,0.75,3,0.75,0.75,NA,NA,3,0.14285714285714285,0.5,0,0,1,CD_M20262640404,4,2026-09-05,GWS GIANTS,CD_R202626404
CD_I1033158,17,MIDFIELDER,"https://s.afl.com.au/staticfile/AFL Tenant/AFL/Players/ChampIDImages/AFLW/2026264/1033158.png?im=Scale,width=0.6,height=0.6",Dayna,Finn,CD_T8096,CARL,Carlton,Blues,4,82.60000000000002,0,1,0,0,3,0,0,0,7,0,0,1,18,49,11,2,5,0,0,75,0,0,7,11,0,0,1,0,2,0,0,7,2,0,0,207,0,5,0,0,0,0,5,0,1,0,0,0,0,0,18,4,11,2026-09-06,data//AFLW_2026-09-06.csv,NA,NA,0.3888888888888889,0.6111111111111112,9,0.2857142857142857,0.8181818181818182,NA,NA,0.6363636363636364,0,NA,0,0,0,CD_M20262640408,4,2026-09-06,Collingwood,CD_R202626404
CD_I1033159,19,MIDFIELDER,"https://s.afl.com.au/staticfile/AFL Tenant/AFL/Players/ChampIDImages/AFLW/2026264/1033159.png?im=Scale,width=0.6,height=0.6",Erone,Fitzpatrick,CD_T8096,CARL,Carlton,Blues,4,75.5,2,0,1,0,3,1,1,0,5,0,0,2,18,94,14,11,1,1,3,36.4,0,2,2,3,0,0,6,0,3,0,0,15,7,0,2,394,1,8,0,0,0,0,5,0,4,0,0,2,1,0,18,4,13,2026-09-06,data//AFLW_2026-09-06.csv,1,NA,0.2777777777777778,0.7777777777777778,3,0.7333333333333333,1,NA,NA,5,0.25,NA,0,0.05555555555555555,0,CD_M20262640408,4,2026-09-06,Collingwood,CD_R202626404
CD_I1033165,11,MEDIUM_DEFENDER,"https://s.afl.com.au/staticfile/AFL Tenant/AFL/Players/ChampIDImages/AFLW/2026264/1033165.png?im=Scale,width=0.6,height=0.6",Niamh,McLaughlin,CD_T8786,GCFC,Gold Coast SUNS,SUNS,4,99.59999999999997,0,3,3,0,3,0,0,0,11,0,0,3,24,65,16,8,1,2,1,0,0,0,8,10,0,0,2,0,9,1,0,14,0,0,0,348,2,6,0,0,4,0,2,0,0,0,2,2,1,2,22,8,11,2026-09-06,data//AFLW_2026-09-06.csv,NA,NA,0.5,0.6666666666666666,8,0.5714285714285714,0.8,NA,NA,1.4,0.3333333333333333,0,0,0.42857142857142855,0.125,CD_M20262640403,4,2026-09-05,Port Adelaide,CD_R202626404
CD_I1033166,45,KEY_FORWARD,"https://s.afl.com.au/staticfile/AFL Tenant/AFL/Players/ChampIDImages/AFLW/2026264/1033166.png?im=Scale,width=0.6,height=0.6",Aishling,Moloney,CD_T8467,GEEL,Geelong Cats,Cats,4,93.9,0,0,0,0,4,0,0,1,8,5,3,2,16,90,10,7,2,3,1,54.5,2,4,4,5,1,1,5,0,1,0,0,11,6,4,1,294,2,6,0,0,1,1,8,0,5,0,0,3,0,0,18,6,10,2026-09-06,data//AFLW_2026-09-06.csv,NA,0.6,0.4444444444444444,0.625,3,0.6363636363636364,0.6,1,1,2.2,0.5,NA,0.01694915254237288,0,0,CD_M20262640407,4,2026-09-06,Essendon,CD_R202626404
CD_I1033168,24,MIDFIELDER_FORWARD,"https://s.afl.com.au/staticfile/AFL Tenant/AFL/Players/ChampIDImages/AFLW/2026264/1033168.png?im=Scale,width=0.6,height=0.6",Julie,O'Sullivan,CD_T9408,SYD,Sydney Swans,Swans,4,67.59999999999997,0,0,0,0,0,0,1,0,2,0,0,11,5,42,4,1,0,0,0,33.3,0,0,2,3,0,0,0,0,1,0,0,2,2,0,0,29,0,14,0,0,0,0,0,0,0,0,0,6,1,0,5,0,3,2026-09-06,data//AFLW_2026-09-06.csv,0,NA,0.4,0.8,3,0.5,1,NA,NA,0.6666666666666666,0.42857142857142855,NA,0,0,0,CD_M20262640401,4,2026-09-05,Western Bulldogs,CD_R202626404
CD_I1033269,16,MEDIUM_FORWARD,"https://s.afl.com.au/staticfile/AFL Tenant/AFL/Players/ChampIDImages/AFLW/2026264/1033269.png?im=Scale,width=0.6,height=0.6",Evie,Long,CD_T7887,BL,Brisbane Lions,Lions,1,66.2,0,0,0,0,3,0,0,0,1,3,0,2,4,26,1,1,1,1,0,100,0,1,1,0,0,0,2,0,0,0,0,4,1,0,1,83,1,10,0,0,0,0,2,0,1,0,0,2,1,0,5,3,4,2026-09-06,data//AFLW_2026-09-06.csv,NA,0,0.2,0.25,0,0.25,NA,NA,NA,Inf,0.2,NA,0,0,0,CD_M20262640404,4,2026-09-05,GWS GIANTS,CD_R202626404
CD_I1033348,1,MIDFIELDER,"https://s.afl.com.au/staticfile/AFL Tenant/AFL/Players/ChampIDImages/AFLW/2026264/1033348.png?im=Scale,width=0.6,height=0.6",Imogen,Brown,CD_T9408,SYD,Sydney Swans,Swans,4,71.70000000000002,0,0,0,0,2,0,0,1,3,0,0,6,7,40,3,3,0,1,0,50,0,0,2,3,0,0,1,0,2,0,0,4,3,0,0,120,0,10,0,0,0,0,0,0,0,0,0,4,0,0,8,5,5,2026-09-06,data//AFLW_2026-09-06.csv,NA,NA,0.375,0.42857142857142855,0,0.75,0,NA,NA,1.3333333333333333,0.4,NA,0,0,0,CD_M20262640401,4,2026-09-05,Western Bulldogs,CD_R202626404
CD_I1033877,11,MEDIUM_FORWARD,"https://s.afl.com.au/staticfile/AFL Tenant/AFL/Players/ChampIDImages/AFLW/2026264/1033877.png?im=Scale,width=0.6,height=0.6",Nalu,Brothwell,CD_T9406,ESS,Essendon,Bombers,4,47.99999999999997,1,0,0,0,1,0,0,0,7,0,0,0,12,44,7,3,2,1,2,20,1,1,4,5,0,0,3,0,1,0,0,7,1,0,0,196,1,5,0,0,0,0,5,0,2,0,1,1,1,1,13,3,6,2026-09-06,data//AFLW_2026-09-06.csv,NA,NA,0.5384615384615384,0.5833333333333334,4,0.42857142857142855,0.8,NA,NA,1.4,0.2,NA,0,0,0,CD_M20262640407,4,2026-09-06,Geelong Cats,CD_R202626404
CD_I1034054,25,KEY_DEFENDER,"https://s.afl.com.au/staticfile/AFL Tenant/AFL/Players/ChampIDImages/AFLW/2026264/1034054.png?im=Scale,width=0.6,height=0.6",Zara,Neuwirth,CD_T8097,COLL,Collingwood,Magpies,2,57.39999999999999,0,0,0,0,2,0,1,1,3,0,0,3,5,29,3,2,0,0,1,0,0,0,1,1,0,0,0,0,4,0,0,4,2,0,0,125,4,3,0,0,3,0,0,0,0,4,0,2,0,0,5,3,2,2026-09-06,data//AFLW_2026-09-06.csv,0,NA,0.6,0.6,1,0.5,1,NA,NA,4,0.6666666666666666,NA,0,0,0,CD_M20262640408,4,2026-09-06,Carlton,CD_R202626404
CD_I1035371,12,MEDIUM_FORWARD,"https://s.afl.com.au/staticfile/AFL Tenant/AFL/Players/ChampIDImages/AFLW/2026264/1035371.png?im=Scale,width=0.6,height=0.6",Ryleigh,Wotherspoon,CD_T7386,NAR,Melbourne,Demons,4,74.80000000000004,2,0,0,0,1,0,0,0,1,2,1,0,11,49,4,0,1,0,0,54.5,1,0,1,5,0,0,4,0,0,0,0,6,1,0,0,198,1,6,0,0,0,0,5,0,2,1,0,4,4,0,10,1,9,2026-09-06,data//AFLW_2026-09-06.csv,NA,0.5,0.1,0.36363636363636365,4,0,0.8,NA,NA,1.2,0.6666666666666666,NA,0,0,0,CD_M20262640409,4,2026-09-06,West Coast Eagles,CD_R202626404
CD_I1035558,22,MIDFIELDER_FORWARD,"https://s.afl.com.au/staticfile/AFL Tenant/AFL/Players/ChampIDImages/AFLW/2026264/1035558.png?im=Scale,width=0.6,height=0.6",Imogen,Trengove,CD_T8097,COLL,Collingwood,Magpies,4,72.99999999999997,0,0,0,0,3,0,0,0,1,0,0,2,3,9,1,1,0,0,0,0,0,0,1,0,0,0,1,0,1,0,0,3,0,0,0,51,0,12,0,0,0,0,0,0,0,0,0,0,0,0,3,3,2,2026-09-06,data//AFLW_2026-09-06.csv,NA,NA,0.3333333333333333,0.3333333333333333,0,0.3333333333333333,NA,NA,NA,Inf,0,NA,0,0,0,CD_M20262640408,4,2026-09-06,Carlton,CD_R202626404
CD_I1035640,31,MEDIUM_DEFENDER,"https://s.afl.com.au/staticfile/AFL Tenant/AFL/Players/ChampIDImages/AFLW/2026264/1035640.png?im=Scale,width=0.6,height=0.6",Madison,Evans,CD_T7887,BL,Brisbane Lions,Lions,1,41.7,0,0,0,0,0,0,1,1,2,0,0,1,4,20,2,0,0,0,0,0,0,0,1,2,0,0,0,0,2,0,0,2,2,0,0,53,0,3,0,0,1,0,0,0,0,0,0,1,0,0,4,2,2,2026-09-06,data//AFLW_2026-09-06.csv,0,NA,0.5,0.5,2,0,1,NA,NA,1,0.3333333333333333,NA,0,0,0,CD_M20262640404,4,2026-09-05,GWS GIANTS,CD_R202626404
CD_I1036083,15,MIDFIELDER,"https://s.afl.com.au/staticfile/AFL Tenant/AFL/Players/ChampIDImages/AFLW/2026264/1036083.png?im=Scale,width=0.6,height=0.6",Eilish,O'Dowd,CD_T7889,GWS,GWS GIANTS,GIANTS,4,89.70000000000005,0,0,0,0,5,0,0,0,5,2,1,5,12,60,8,4,2,1,0,0,0,0,5,6,0,0,1,0,0,0,0,6,3,0,0,148,0,11,0,0,1,0,3,0,0,0,0,6,3,0,11,5,6,2026-09-06,data//AFLW_2026-09-06.csv,NA,0.5,0.45454545454545453,0.6666666666666666,4,0.6666666666666666,0.6666666666666666,NA,NA,1,0.5454545454545454,NA,0,0,0,CD_M20262640404,4,2026-09-05,Brisbane Lions,CD_R202626404
CD_I1036298,11,KEY_DEFENDER,"https://s.afl.com.au/staticfile/AFL Tenant/AFL/Players/ChampIDImages/AFLW/2026264/1036298.png?im=Scale,width=0.6,height=0.6",Caitlin,Fletcher,CD_T7889,GWS,GWS GIANTS,GIANTS,4,79.19999999999999,0,0,0,0,1,1,2,0,1,0,0,5,8,31,3,2,0,1,0,0,0,0,1,3,0,0,0,0,1,0,0,5,3,0,0,134,0,5,0,0,4,0,2,0,0,0,1,1,0,1,8,2,7,2026-09-06,data//AFLW_2026-09-06.csv,0.5,NA,0.125,0.375,1,0.4,0.3333333333333333,NA,NA,1.6666666666666667,0.2,NA,0,0,0,CD_M20262640404,4,2026-09-05,Brisbane Lions,CD_R202626404
CD_I1036302,10,MEDIUM_FORWARD,"https://s.afl.com.au/staticfile/AFL Tenant/AFL/Players/ChampIDImages/AFLW/2026264/1036302.png?im=Scale,width=0.6,height=0.6",Blaithin,Bogue,CD_T8466,NMFC,North Melbourne,Kangaroos,4,79.30000000000004,1,0,0,0,3,0,0,0,3,0,0,5,10,57,4,1,0,0,1,54.5,0,1,2,3,0,0,0,0,3,0,0,7,2,2,0,95,2,13,0,0,0,0,3,0,4,2,0,4,2,0,9,3,6,2026-09-06,data//AFLW_2026-09-06.csv,NA,NA,0.3333333333333333,0.4,3,0.14285714285714285,1,NA,NA,2.3333333333333335,0.3076923076923077,NA,0,0,0,CD_M20262640402,4,2026-09-05,St Kilda,CD_R202626404
CD_I1037133,20,MEDIUM_DEFENDER,"https://s.afl.com.au/staticfile/AFL Tenant/AFL/Players/ChampIDImages/AFLW/2026264/1037133.png?im=Scale,width=0.6,height=0.6",Sanne,Bakker,CD_T8787,WAA,West Coast Eagles,Eagles,4,70.30000000000001,0,0,0,0,2,0,0,1,2,0,0,4,4,25,1,0,0,0,0,100,0,0,1,1,0,0,1,0,1,0,0,3,2,0,0,56,0,8,0,0,0,0,0,0,0,0,0,2,2,0,3,0,1,2026-09-06,data//AFLW_2026-09-06.csv,NA,NA,0.6666666666666666,0.25,1,0,1,NA,NA,3,0.25,NA,0,0,0,CD_M20262640409,4,2026-09-06,Melbourne,CD_R202626404
CD_I1037629,29,RUCK,"https://s.afl.com.au/staticfile/AFL Tenant/AFL/Players/ChampIDImages/AFLW/2026264/1037629.png?im=Scale,width=0.6,height=0.6",Yasmeen,Janschek,CD_T7889,GWS,GWS GIANTS,GIANTS,4,74.70000000000005,0,0,12,1,3,0,0,0,6,1,0,2,9,58,2,1,0,0,1,0,0,0,3,1,19,6,1,0,2,0,0,8,0,0,0,225,0,4,0,0,1,44,0,0,1,0,2,3,0,3,9,3,3,2026-09-06,data//AFLW_2026-09-06.csv,NA,0,0.6666666666666666,0.2222222222222222,1,0.125,1,0.4318181818181818,0.13636363636363635,8,0.75,NA,0.8461538461538461,0.8571428571428571,0,CD_M20262640404,4,2026-09-05,Brisbane Lions,CD_R202626404
CD_I1037639,35,MEDIUM_FORWARD,"https://s.afl.com.au/staticfile/AFL Tenant/AFL/Players/ChampIDImages/AFLW/2026264/1037639.png?im=Scale,width=0.6,height=0.6",Lily,Quigley,CD_T8786,GCFC,Gold Coast SUNS,SUNS,4,88.60000000000002,0,0,0,0,1,0,0,0,3,0,0,8,6,25,4,1,2,0,0,40,0,0,3,4,0,0,0,0,0,0,0,2,1,0,0,65,0,14,0,0,1,0,1,0,0,0,0,2,0,0,6,1,3,2026-09-06,data//AFLW_2026-09-06.csv,NA,NA,0.5,0.6666666666666666,3,0.5,0.75,NA,NA,0.5,0.14285714285714285,NA,0,0,0,CD_M20262640403,4,2026-09-05,Port Adelaide,CD_R202626404
CD_I1042084,34,MIDFIELDER_FORWARD,"https://s.afl.com.au/staticfile/AFL Tenant/AFL/Players/ChampIDImages/AFLW/2026264/1042084.png?im=Scale,width=0.6,height=0.6",Baia,Pugh,CD_T8788,RICH,Richmond,Richmond,2,55.30000000000001,0,0,0,0,3,0,0,0,2,0,0,4,7,28,3,1,0,1,0,0,0,0,2,3,0,0,1,0,2,0,0,4,3,0,1,105,1,6,0,0,2,0,0,0,0,0,0,1,0,0,7,1,5,2026-09-06,data//AFLW_2026-09-06.csv,NA,NA,0.2857142857142857,0.42857142857142855,2,0.25,0.6666666666666666,NA,NA,1.3333333333333333,0.16666666666666666,NA,0,0,0,CD_M20262640405,4,2026-09-06,Fremantle,CD_R202626404
CD_I1042236,13,MEDIUM_FORWARD,"https://s.afl.com.au/staticfile/AFL Tenant/AFL/Players/ChampIDImages/AFLW/2026264/1042236.png?im=Scale,width=0.6,height=0.6",Aisling,Reidy,CD_T8096,CARL,Carlton,Blues,1,67.2,0,0,0,0,3,0,0,1,3,1,1,0,3,21,1,1,1,2,0,0,0,0,2,0,0,0,0,0,0,0,0,3,2,2,0,65,0,7,0,0,0,0,0,0,1,0,0,3,2,0,4,4,1,2026-09-06,data//AFLW_2026-09-06.csv,NA,1,0.75,0.3333333333333333,0,0.3333333333333333,NA,NA,NA,Inf,0.42857142857142855,NA,0,0,0,CD_M20262640408,4,2026-09-06,Collingwood,CD_R202626404
CD_I1042237,14,KEY_DEFENDER,"https://s.afl.com.au/staticfile/AFL Tenant/AFL/Players/ChampIDImages/AFLW/2026264/1042237.png?im=Scale,width=0.6,height=0.6",Siofra,O'Connell,CD_T8096,CARL,Carlton,Blues,4,61.89999999999998,0,0,0,0,3,0,1,0,4,0,0,6,7,26,5,3,0,1,1,0,0,0,3,3,0,0,1,0,5,0,0,4,2,0,0,102,1,8,0,0,2,0,1,0,0,0,0,1,0,0,7,1,3,2026-09-06,data//AFLW_2026-09-06.csv,0,NA,0.5714285714285714,0.7142857142857143,2,0.75,0.6666666666666666,NA,NA,1.3333333333333333,0.125,NA,0,0,0,CD_M20262640408,4,2026-09-06,Collingwood,CD_R202626404
CD_I1042264,21,MEDIUM_FORWARD,"https://s.afl.com.au/staticfile/AFL Tenant/AFL/Players/ChampIDImages/AFLW/2026264/1042264.png?im=Scale,width=0.6,height=0.6",Amy,Gavin Mangan,CD_T8466,NMFC,North Melbourne,Kangaroos,4,68.5,0,3,0,0,2,0,0,0,10,0,0,0,25,62,18,1,0,0,0,0,0,0,10,19,0,0,4,0,8,0,0,6,2,0,0,296,1,5,0,0,2,0,4,0,0,1,2,0,0,2,25,2,15,2026-09-06,data//AFLW_2026-09-06.csv,NA,NA,0.4,0.72,17,0.16666666666666666,0.8947368421052632,NA,NA,0.3157894736842105,0,NA,0,0,0,CD_M20262640402,4,2026-09-05,St Kilda,CD_R202626404
CD_I1042277,16,MIDFIELDER,"https://s.afl.com.au/staticfile/AFL Tenant/AFL/Players/ChampIDImages/AFLW/2026264/1042277.png?im=Scale,width=0.6,height=0.6",Matilda,Banfield,CD_T7886,WAL,Fremantle,Dockers,4,92.49999999999997,0,0,0,0,4,0,0,0,4,0,0,4,13,72,8,6,0,0,1,50,0,0,3,3,0,0,2,0,4,0,0,10,1,0,0,233,0,18,0,0,1,0,1,0,1,0,0,8,1,0,12,4,8,2026-09-06,data//AFLW_2026-09-06.csv,NA,NA,0.3333333333333333,0.6153846153846154,2,0.6,0.6666666666666666,NA,NA,3.3333333333333335,0.4444444444444444,NA,0,0,0,CD_M20262640405,4,2026-09-06,Richmond,CD_R202626404
CD_I1042707,22,KEY_FORWARD,"https://s.afl.com.au/staticfile/AFL Tenant/AFL/Players/ChampIDImages/AFLW/2026264/1042707.png?im=Scale,width=0.6,height=0.6",Kayleigh,Cronin,CD_T8098,KUW,Adelaide Crows,Crows,4,57.599999999999994,0,0,0,0,1,0,1,0,0,0,0,5,2,6,1,1,0,0,0,0,0,0,0,0,0,0,1,0,2,0,0,2,0,0,0,58,1,5,0,0,0,0,0,0,0,1,0,0,0,0,0,2,0,2026-09-06,data//AFLW_2026-09-06.csv,0,NA,NA,0.5,0,0.5,NA,NA,NA,Inf,0,NA,0,0,0,CD_M20262640406,4,2026-09-06,Hawthorn,CD_R202626404
CD_I1042794,13,MEDIUM_FORWARD,"https://s.afl.com.au/staticfile/AFL Tenant/AFL/Players/ChampIDImages/AFLW/2026264/1042794.png?im=Scale,width=0.6,height=0.6",Aoibhin,Cleary,CD_T8788,RICH,Richmond,Richmond,4,73,0,0,0,0,1,0,0,1,2,0,0,0,2,15,2,1,1,1,0,66.7,0,1,1,1,0,0,1,0,0,0,0,1,1,0,0,61,1,3,0,0,0,0,1,0,1,0,0,1,1,0,3,1,1,2026-09-06,data//AFLW_2026-09-06.csv,NA,NA,0.6666666666666666,1,1,1,1,NA,NA,1,0.3333333333333333,NA,0,0,0,CD_M20262640405,4,2026-09-06,Fremantle,CD_R202626404
CD_I1042797,27,MEDIUM_FORWARD,"https://s.afl.com.au/staticfile/AFL Tenant/AFL/Players/ChampIDImages/AFLW/2026264/1042797.png?im=Scale,width=0.6,height=0.6",Grace,Kos,CD_T7889,GWS,GWS GIANTS,GIANTS,4,75.19999999999996,0,0,9,1,0,0,0,0,10,0,0,2,12,30,8,1,1,0,1,0,0,0,4,10,0,0,0,0,2,0,0,2,1,0,0,31,3,7,0,0,0,0,1,0,0,0,1,0,0,2,15,1,5,2026-09-06,data//AFLW_2026-09-06.csv,NA,NA,0.6666666666666666,0.6666666666666666,7,0.5,0.7,NA,NA,0.2,0,NA,0,0.6428571428571429,0,CD_M20262640404,4,2026-09-05,Brisbane Lions,CD_R202626404
CD_I1048156,28,MEDIUM_DEFENDER,"https://s.afl.com.au/staticfile/AFL Tenant/AFL/Players/ChampIDImages/AFLW/2026264/1048156.png?im=Scale,width=0.6,height=0.6",Emma,Murray,CD_T8467,GEEL,Geelong Cats,Cats,4,87.1,0,0,0,0,2,0,0,0,8,0,0,16,19,93,14,7,1,1,2,66.7,0,0,6,8,0,0,2,0,6,0,0,11,3,1,0,240,2,20,0,0,4,0,1,0,1,1,2,9,0,2,17,4,9,2026-09-06,data//AFLW_2026-09-06.csv,NA,NA,0.47058823529411764,0.7368421052631579,7,0.6363636363636364,0.875,NA,NA,1.375,0.45,NA,0,0,0,CD_M20262640407,4,2026-09-06,Essendon,CD_R202626404
CD_I1048494,33,MEDIUM_DEFENDER,"https://s.afl.com.au/staticfile/AFL Tenant/AFL/Players/ChampIDImages/AFLW/2026264/1048494.png?im=Scale,width=0.6,height=0.6",Aoife,Healy,CD_T7886,WAL,Fremantle,Dockers,4,74.6,0,0,0,0,1,0,1,0,8,1,0,6,14,52,12,3,0,1,0,0,0,0,8,9,0,0,3,0,4,0,0,5,2,0,0,134,0,8,0,0,1,0,2,0,0,0,2,4,0,2,14,0,6,2026-09-06,data//AFLW_2026-09-06.csv,0,0,0.5714285714285714,0.8571428571428571,9,0.6,1,NA,NA,0.5555555555555556,0.5,NA,0,0,0,CD_M20262640405,4,2026-09-06,Richmond,CD_R202626404
CD_I296154,25,MIDFIELDER,"https://s.afl.com.au/staticfile/AFL Tenant/AFL/Players/ChampIDImages/AFLW/2026264/296154.png?im=Scale,width=0.6,height=0.6",Jasmine,Garner,CD_T8466,NMFC,North Melbourne,Kangaroos,4,82.80000000000001,0,0,15,3,2,0,0,0,21,0,0,9,38,118,28,11,5,0,2,60,1,0,13,18,0,0,6,0,4,0,0,20,0,0,0,419,1,17,0,0,0,0,9,0,0,1,8,5,0,11,37,4,16,2026-09-06,data//AFLW_2026-09-06.csv,NA,NA,0.5675675675675675,0.7368421052631579,17,0.55,0.9444444444444444,NA,NA,1.1111111111111112,0.29411764705882354,NA,0,0.7894736842105263,0,CD_M20262640402,4,2026-09-05,St Kilda,CD_R202626404
CD_I296158,35,MEDIUM_DEFENDER,"https://s.afl.com.au/staticfile/AFL Tenant/AFL/Players/ChampIDImages/AFLW/2026264/296158.png?im=Scale,width=0.6,height=0.6",Bianca,Jakobsson,CD_T8796,EUR,St Kilda,St Kilda,4,90.89999999999998,0,0,0,0,1,1,2,0,5,0,0,9,10,37,6,1,0,0,0,0,0,0,5,7,0,0,0,0,8,0,0,3,2,0,0,51,2,11,0,0,1,0,0,0,0,2,0,2,0,0,9,1,4,2026-09-06,data//AFLW_2026-09-06.csv,0.5,NA,0.5555555555555556,0.6,5,0.3333333333333333,0.7142857142857143,NA,NA,0.42857142857142855,0.18181818181818182,NA,0,0,0,CD_M20262640402,4,2026-09-05,North Melbourne,CD_R202626404
CD_I997649,10,MIDFIELDER_FORWARD,"https://s.afl.com.au/staticfile/AFL Tenant/AFL/Players/ChampIDImages/AFLW/2026264/997649.png?im=Scale,width=0.6,height=0.6",Kaitlyn,Ashmore,CD_T9407,HAW,Hawthorn,Hawks,4,63.19999999999999,0,0,3,0,1,0,0,0,6,0,0,7,12,43,9,5,0,0,1,50,0,0,4,5,0,0,1,0,5,0,0,7,1,0,0,151,1,11,0,0,4,0,1,0,0,1,1,2,0,1,12,3,6,2026-09-06,data//AFLW_2026-09-06.csv,NA,NA,0.5,0.75,4,0.7142857142857143,0.8,NA,NA,1.4,0.18181818181818182,NA,0,0.16666666666666666,0,CD_M20262640406,4,2026-09-06,Adelaide Crows,CD_R202626404
CD_I997686,35,MEDIUM_FORWARD,"https://s.afl.com.au/staticfile/AFL Tenant/AFL/Players/ChampIDImages/AFLW/2026264/997686.png?im=Scale,width=0.6,height=0.6",Kirsty,Lamb,CD_T9409,YAR,Port Adelaide,Power,3,62.099999999999994,0,0,3,0,1,0,0,0,4,0,0,1,8,36,4,1,0,0,1,0,0,0,2,4,0,0,1,0,2,0,0,4,1,0,0,48,1,5,0,0,1,2,1,0,0,0,1,3,1,1,10,3,6,2026-09-06,data//AFLW_2026-09-06.csv,NA,NA,0.4,0.5,3,0.25,0.75,0,0,1,0.6,NA,0.03636363636363636,0.42857142857142855,0,CD_M20262640403,4,2026-09-05,Gold Coast SUNS,CD_R202626404
CD_I997700,11,MEDIUM_DEFENDER,"https://s.afl.com.au/staticfile/AFL Tenant/AFL/Players/ChampIDImages/AFLW/2026264/997700.png?im=Scale,width=0.6,height=0.6",Eliza,Shannon,CD_T8466,NMFC,North Melbourne,Kangaroos,4,81.00000000000003,0,0,0,0,4,0,0,0,7,0,0,0,17,51,10,3,0,0,1,0,0,0,6,10,0,0,3,0,6,0,0,7,3,0,0,220,5,4,0,0,0,0,3,0,0,3,0,0,0,0,18,4,11,2026-09-06,data//AFLW_2026-09-06.csv,NA,NA,0.3888888888888889,0.5882352941176471,7,0.42857142857142855,0.7,NA,NA,0.7,0,NA,0,0,0,CD_M20262640402,4,2026-09-05,St Kilda,CD_R202626404
CD_I997708,14,MIDFIELDER,"https://s.afl.com.au/staticfile/AFL Tenant/AFL/Players/ChampIDImages/AFLW/2026264/997708.png?im=Scale,width=0.6,height=0.6",Lily,Mithen,CD_T8786,GCFC,Gold Coast SUNS,SUNS,3,63.40000000000002,0,0,0,0,2,0,0,0,2,0,0,0,12,42,8,7,0,0,1,0,0,0,2,1,0,0,1,0,3,0,0,11,2,1,0,186,0,2,0,0,2,0,0,0,0,0,0,0,0,0,12,2,10,2026-09-06,data//AFLW_2026-09-06.csv,NA,NA,0.16666666666666666,0.6666666666666666,1,0.6363636363636364,1,NA,NA,11,0,NA,0,0,0,CD_M20262640403,4,2026-09-05,Port Adelaide,CD_R202626404
CD_I997725,12,KEY_DEFENDER,"https://s.afl.com.au/staticfile/AFL Tenant/AFL/Players/ChampIDImages/AFLW/2026264/997725.png?im=Scale,width=0.6,height=0.6",Isabel,Huntington,CD_T7889,GWS,GWS GIANTS,GIANTS,4,62.599999999999966,1,0,0,0,1,0,0,0,0,1,0,0,6,25,4,1,0,0,0,50,0,1,0,4,0,0,0,0,0,0,0,2,0,0,0,9,1,3,0,0,0,0,3,0,2,1,0,1,1,0,5,1,5,2026-09-06,data//AFLW_2026-09-06.csv,NA,0,0,0.6666666666666666,3,0.5,0.75,NA,NA,0.5,0.3333333333333333,NA,0,0,0,CD_M20262640404,4,2026-09-05,Brisbane Lions,CD_R202626404
CD_I997729,8,MIDFIELDER,"https://s.afl.com.au/staticfile/AFL Tenant/AFL/Players/ChampIDImages/AFLW/2026264/997729.png?im=Scale,width=0.6,height=0.6",Brittany,Bonnici,CD_T8097,COLL,Collingwood,Magpies,4,98.30000000000001,0,0,16,2,3,0,0,0,12,0,0,13,24,107,13,8,2,0,3,0,0,0,9,8,0,0,5,0,4,0,0,16,4,1,0,436,0,23,0,0,3,0,3,0,0,0,1,7,1,3,24,12,12,2026-09-06,data//AFLW_2026-09-06.csv,NA,NA,0.5,0.5416666666666666,5,0.5,0.625,NA,NA,2,0.30434782608695654,NA,0,0.9014084507042254,0,CD_M20262640408,4,2026-09-06,Carlton,CD_R202626404
CD_I997736,6,MEDIUM_DEFENDER,"https://s.afl.com.au/staticfile/AFL Tenant/AFL/Players/ChampIDImages/AFLW/2026264/997736.png?im=Scale,width=0.6,height=0.6",Jordyn,Allen,CD_T8097,COLL,Collingwood,Magpies,3,75.99999999999997,0,0,0,0,3,0,1,0,4,0,0,5,18,69,14,10,0,1,1,0,0,0,3,4,0,0,2,0,8,2,2,14,7,0,0,382,2,7,0,0,5,0,2,0,0,2,0,0,0,0,17,5,13,2026-09-06,data//AFLW_2026-09-06.csv,0,NA,0.23529411764705882,0.7777777777777778,4,0.7142857142857143,1,NA,NA,3.5,0,1,0,0,0.25,CD_M20262640408,4,2026-09-06,Carlton,CD_R202626404
CD_I997745,2,MIDFIELDER_FORWARD,"https://s.afl.com.au/staticfile/AFL Tenant/AFL/Players/ChampIDImages/AFLW/2026264/997745.png?im=Scale,width=0.6,height=0.6",Georgia,Gee,CD_T9406,ESS,Essendon,Bombers,4,75,0,0,1,0,3,0,0,0,7,0,0,5,22,90,16,9,2,0,1,50,1,1,6,9,0,0,2,0,3,0,0,13,6,1,0,208,0,10,0,0,0,0,6,0,1,0,2,2,1,2,22,3,15,2026-09-06,data//AFLW_2026-09-06.csv,NA,NA,0.3181818181818182,0.7272727272727273,7,0.6923076923076923,0.7777777777777778,NA,NA,1.4444444444444444,0.2,NA,0,0.045454545454545456,0,CD_M20262640407,4,2026-09-06,Geelong Cats,CD_R202626404
CD_I998029,2,MEDIUM_FORWARD,"https://s.afl.com.au/staticfile/AFL Tenant/AFL/Players/ChampIDImages/AFLW/2026264/998029.png?im=Scale,width=0.6,height=0.6",Alicia,Eva,CD_T7889,GWS,GWS GIANTS,GIANTS,4,75.80000000000001,1,0,0,0,1,0,0,0,2,0,0,4,8,36,2,2,1,1,0,42.9,1,0,2,0,0,0,2,0,3,0,0,8,2,1,0,254,0,12,0,0,0,0,5,0,2,0,1,2,1,1,7,1,5,2026-09-06,data//AFLW_2026-09-06.csv,NA,NA,0.2857142857142857,0.25,0,0.25,NA,NA,NA,Inf,0.16666666666666666,NA,0,0,0,CD_M20262640404,4,2026-09-05,Brisbane Lions,CD_R202626404
CD_I998030,2,MIDFIELDER,"https://s.afl.com.au/staticfile/AFL Tenant/AFL/Players/ChampIDImages/AFLW/2026264/998030.png?im=Scale,width=0.6,height=0.6",Kiara,Bowers,CD_T7886,WAL,Fremantle,Dockers,4,88.69999999999996,0,0,16,4,6,0,0,0,9,0,0,12,16,76,8,2,2,5,1,0,0,0,8,7,0,0,2,0,1,0,0,9,3,0,0,197,0,25,0,0,1,0,2,0,0,0,0,10,1,4,15,4,6,2026-09-06,data//AFLW_2026-09-06.csv,NA,NA,0.6,0.5,6,0.2222222222222222,0.8571428571428571,NA,NA,1.2857142857142858,0.4,NA,0,0.8888888888888888,0,CD_M20262640405,4,2026-09-06,Richmond,CD_R202626404
CD_I998032,13,MEDIUM_DEFENDER,"https://s.afl.com.au/staticfile/AFL Tenant/AFL/Players/ChampIDImages/AFLW/2026264/998032.png?im=Scale,width=0.6,height=0.6",Emma,Swanson,CD_T8787,WAA,West Coast Eagles,Eagles,4,87,0,0,0,0,4,2,3,0,6,0,0,10,17,77,13,9,0,0,0,0,0,0,5,5,0,0,0,0,6,0,0,12,5,0,0,308,3,11,0,0,5,0,3,0,0,2,1,4,0,1,17,4,11,2026-09-06,data//AFLW_2026-09-06.csv,0.6666666666666666,NA,0.35294117647058826,0.7647058823529411,4,0.75,0.8,NA,NA,2.4,0.36363636363636365,NA,0,0,0,CD_M20262640409,4,2026-09-06,Melbourne,CD_R202626404
CD_I998039,7,KEY_FORWARD,"https://s.afl.com.au/staticfile/AFL Tenant/AFL/Players/ChampIDImages/AFLW/2026264/998039.png?im=Scale,width=0.6,height=0.6",Tayla,Harris,CD_T7386,NAR,Melbourne,Demons,4,68.80000000000004,1,0,4,1,5,0,0,0,7,0,0,0,13,69,6,4,4,2,0,37.5,0,2,6,4,21,6,2,0,1,0,0,9,2,1,0,173,3,3,0,0,0,31,6,0,4,3,1,0,0,2,14,2,7,2026-09-06,data//AFLW_2026-09-06.csv,NA,NA,0.5,0.46153846153846156,2,0.4444444444444444,0.5,0.6774193548387096,0.1935483870967742,2.25,0,NA,0.44285714285714284,0.18181818181818182,0,CD_M20262640409,4,2026-09-06,West Coast Eagles,CD_R202626404
CD_I998040,19,MEDIUM_FORWARD,"https://s.afl.com.au/staticfile/AFL Tenant/AFL/Players/ChampIDImages/AFLW/2026264/998040.png?im=Scale,width=0.6,height=0.6",Hayley,Miller,CD_T7886,WAL,Fremantle,Dockers,4,78.99999999999997,0,0,0,0,2,0,0,0,3,2,0,2,8,53,4,3,2,0,1,33.3,0,1,2,3,0,0,0,0,1,0,0,5,3,1,1,97,0,18,0,0,0,0,3,0,3,0,0,4,3,0,8,3,5,2026-09-06,data//AFLW_2026-09-06.csv,NA,0,0.375,0.5,1,0.6,0.3333333333333333,NA,NA,1.6666666666666667,0.2222222222222222,NA,0,0,0,CD_M20262640405,4,2026-09-06,Richmond,CD_R202626404
CD_I998041,2,MEDIUM_FORWARD,"https://s.afl.com.au/staticfile/AFL Tenant/AFL/Players/ChampIDImages/AFLW/2026264/998041.png?im=Scale,width=0.6,height=0.6",Kellie,Gibson,CD_T8787,WAA,West Coast Eagles,Eagles,4,82.10000000000002,0,0,0,1,2,0,0,0,3,1,0,3,10,40,7,5,1,1,1,28.6,0,0,3,4,0,0,2,0,2,0,0,6,4,0,1,220,1,13,0,0,0,0,4,0,0,0,0,1,0,1,10,2,7,2026-09-06,data//AFLW_2026-09-06.csv,NA,0,0.3,0.7,2,0.8333333333333334,0.5,NA,NA,1.5,0.07692307692307693,NA,0,0,0,CD_M20262640409,4,2026-09-06,Melbourne,CD_R202626404
CD_I998149,4,MEDIUM_DEFENDER,"https://s.afl.com.au/staticfile/AFL Tenant/AFL/Players/ChampIDImages/AFLW/2026264/998149.png?im=Scale,width=0.6,height=0.6",Paxy,Paxman,CD_T7386,NAR,Melbourne,Demons,4,65.19999999999999,1,1,0,0,4,0,0,0,2,0,0,5,13,46,6,3,0,0,0,50,0,0,1,3,0,0,3,0,1,0,0,10,3,0,0,279,2,9,0,0,0,0,3,0,1,1,0,0,0,0,14,6,12,2026-09-06,data//AFLW_2026-09-06.csv,NA,NA,0.14285714285714285,0.46153846153846156,3,0.3,1,NA,NA,3.3333333333333335,0,NA,0,0,0,CD_M20262640409,4,2026-09-06,West Coast Eagles,CD_R202626404
CD_I998150,9,MEDIUM_DEFENDER,"https://s.afl.com.au/staticfile/AFL Tenant/AFL/Players/ChampIDImages/AFLW/2026264/998150.png?im=Scale,width=0.6,height=0.6",Emma,Kearney,CD_T8466,NMFC,North Melbourne,Kangaroos,3,67.90000000000003,0,0,0,0,0,0,0,0,9,0,0,2,24,75,18,7,0,0,2,0,0,0,7,12,0,0,2,0,10,1,1,12,3,0,0,323,2,2,0,0,3,0,4,0,0,1,0,1,0,0,24,2,15,2026-09-06,data//AFLW_2026-09-06.csv,NA,NA,0.375,0.75,11,0.5833333333333334,0.9166666666666666,NA,NA,1,0.5,1,0,0,1,CD_M20262640402,4,2026-09-05,St Kilda,CD_R202626404
CD_I998155,1,MIDFIELDER,"https://s.afl.com.au/staticfile/AFL Tenant/AFL/Players/ChampIDImages/AFLW/2026264/998155.png?im=Scale,width=0.6,height=0.6",Emily,Bates,CD_T9407,HAW,Hawthorn,Hawks,4,81.9,0,0,16,1,4,0,0,0,11,0,0,11,28,99,16,8,2,1,0,0,0,0,10,15,0,0,3,0,3,0,0,13,7,0,0,337,0,17,0,0,4,0,3,0,0,0,3,3,0,4,28,7,17,2026-09-06,data//AFLW_2026-09-06.csv,NA,NA,0.39285714285714285,0.5714285714285714,8,0.6153846153846154,0.5333333333333333,NA,NA,0.8666666666666667,0.17647058823529413,NA,0,0.8888888888888888,0,CD_M20262640406,4,2026-09-06,Adelaide Crows,CD_R202626404
CD_I998157,3,MEDIUM_FORWARD,"https://s.afl.com.au/staticfile/AFL Tenant/AFL/Players/ChampIDImages/AFLW/2026264/998157.png?im=Scale,width=0.6,height=0.6",Katie,Brennan,CD_T8788,RICH,Richmond,Richmond,4,78.19999999999999,0,0,0,0,4,0,0,0,7,2,1,3,9,33,8,3,1,1,3,20,0,0,4,5,0,0,3,0,1,0,0,4,1,0,0,70,0,7,0,0,0,0,2,0,0,0,2,2,1,2,9,3,2,2026-09-06,data//AFLW_2026-09-06.csv,NA,0.5,0.7777777777777778,0.8888888888888888,5,0.75,1,NA,NA,0.8,0.2857142857142857,NA,0,0,0,CD_M20262640405,4,2026-09-06,Fremantle,CD_R202626404
CD_I998164,2,MEDIUM_DEFENDER,"https://s.afl.com.au/staticfile/AFL Tenant/AFL/Players/ChampIDImages/AFLW/2026264/998164.png?im=Scale,width=0.6,height=0.6",Nicola,Stevens,CD_T8467,GEEL,Geelong Cats,Cats,2,73.19999999999999,0,0,0,0,1,0,0,0,1,0,0,8,4,8,4,3,0,1,0,0,0,0,1,1,0,0,0,0,1,0,0,3,0,0,0,23,3,9,0,0,0,0,0,0,0,2,0,0,0,0,4,0,3,2026-09-06,data//AFLW_2026-09-06.csv,NA,NA,0.25,1,1,1,1,NA,NA,3,0,NA,0,0,0,CD_M20262640407,4,2026-09-06,Essendon,CD_R202626404
