playerId,jumperNumber,playerPosition,photoURL,playerName.givenName,playerName.surname,team.teamId,team.teamAbbr,team.teamName,team.teamNickname,matchesPlayed,timeOnGroundPercentage,behinds,bounces,centreBounceAttendances,centreClearances,clangers,contestDefLosses,contestDefOneOnOnes,contestedMarks,contestedPossessions,contestOffOneOnOnes,contestOffWins,defHalfPressureActs,disposals,dreamTeamPoints,effectiveDisposals,effectiveKicks,f50GroundBallGets,freesAgainst,freesFor,goalAccuracy,goalAssists,goals,groundBallGets,handballs,hitouts,hitoutsToAdvantage,inside50s,interceptMarks,intercepts,kickins,kickinsPlayon,kicks,marks,marksInside50,marksOnLead,metresGained,onePercenters,pressureActs,ranking,ratingPoints,rebound50s,ruckContests,scoreInvolvements,scoreLaunches,shotsAtGoal,spoils,stoppageClearances,tackles,tacklesInside50,totalClearances,totalPossessions,turnovers,uncontestedPossessions,datePulled,filename,contestDefLossPercentage,contestOffWinsPercentage,contestedPossessionRate,disposalEfficiency,effectiveHandballs,kickEfficiency,handballEfficiency,hitoutWinPercentage,contestsToHTARate,kickToHandballRatio,effectiveTacklePerPressureAct,kickinPlayonRate,ruckContestShare,cbaAttendanceRate,kickInShare,matchId,round,date,opponent,roundId
CD_I1003018,35,MIDFIELDER_FORWARD,"https://s.afl.com.au/staticfile/AFL Tenant/AFL/Players/ChampIDImages/AFLW/2026264/1003018.png?im=Scale,width=0.6,height=0.6",Jenna,Bruton,CD_T8466,NMFC,North Melbourne,Kangaroos,7,72.19999999999999,2,0,0,0,3,0,0,0,4,1,0,1,22,72,11,3,1,0,0,25,0,0,4,12,0,0,2,0,2,0,0,10,4,2,0,247,1,8,0,0,0,0,5,0,2,1,0,1,0,0,22,5,18,2026-10-04,data//AFLW_2026-10-04.csv,NA,0,0.18181818181818182,0.5,8,0.3,0.6666666666666666,NA,NA,0.8333333333333334,0.125,NA,0,0,0,CD_M20262640807,8,2026-10-04,Sydney Swans,CD_R202626408
CD_I1003019,1,RUCK,"https://s.afl.com.au/staticfile/AFL Tenant/AFL/Players/ChampIDImages/AFLW/2026264/1003019.png?im=Scale,width=0.6,height=0.6",Sabrina,Frederick,CD_T8097,COLL,Collingwood,Magpies,7,64.19999999999999,0,0,7,0,1,0,1,1,6,0,0,4,14,95,6,2,1,0,1,0,0,0,1,5,21,5,3,0,3,0,0,9,4,1,1,147,0,16,0,0,2,39,1,0,0,0,3,6,2,3,12,4,6,2026-10-04,data//AFLW_2026-10-04.csv,0,NA,0.5,0.42857142857142855,4,0.2222222222222222,0.8,0.5384615384615384,0.1282051282051282,1.8,0.375,NA,0.609375,0.5833333333333334,0,CD_M20262640808,8,2026-10-04,Melbourne,CD_R202626408
CD_I1003020,3,MIDFIELDER,"https://s.afl.com.au/staticfile/AFL Tenant/AFL/Players/ChampIDImages/AFLW/2026264/1003020.png?im=Scale,width=0.6,height=0.6",Brianna,Davey,CD_T8097,COLL,Collingwood,Magpies,6,80.70000000000005,0,0,0,0,2,0,0,0,6,2,0,6,13,40,7,1,2,0,0,25,0,0,6,9,0,0,1,0,3,0,0,4,2,2,2,142,2,11,0,0,1,0,4,0,1,1,0,1,1,0,13,3,7,2026-10-04,data//AFLW_2026-10-04.csv,NA,0,0.46153846153846156,0.5384615384615384,6,0.25,0.6666666666666666,NA,NA,0.4444444444444444,0.09090909090909091,NA,0,0,0,CD_M20262640808,8,2026-10-04,Melbourne,CD_R202626408
CD_I1003023,16,MEDIUM_FORWARD,"https://s.afl.com.au/staticfile/AFL Tenant/AFL/Players/ChampIDImages/AFLW/2026264/1003023.png?im=Scale,width=0.6,height=0.6",Tahlia,Randall,CD_T8466,NMFC,North Melbourne,Kangaroos,8,69.60000000000002,0,0,0,0,1,0,0,1,4,2,1,1,7,57,5,4,1,0,1,50,0,3,1,2,2,0,2,0,0,0,0,5,3,1,2,164,1,5,0,0,0,4,5,0,3,0,0,2,2,0,8,1,4,2026-10-04,data//AFLW_2026-10-04.csv,NA,0.5,0.5,0.7142857142857143,1,0.8,0.5,0.5,0,2.5,0.4,NA,0.08333333333333333,0,0,CD_M20262640807,8,2026-10-04,Sydney Swans,CD_R202626408
CD_I1004415,9,MIDFIELDER,"https://s.afl.com.au/staticfile/AFL Tenant/AFL/Players/ChampIDImages/AFLW/2026264/1004415.png?im=Scale,width=0.6,height=0.6",Jaimee,Lambert,CD_T8796,STK,St Kilda,St Kilda,8,79.00000000000011,0,0,6,0,2,0,0,0,10,0,0,16,15,69,8,4,2,0,4,50,0,0,7,6,0,0,0,0,6,0,0,9,2,0,1,245,0,22,0,0,2,0,0,0,0,0,0,5,0,0,15,6,5,2026-10-04,data//AFLW_2026-10-04.csv,NA,NA,0.6666666666666666,0.5333333333333333,4,0.4444444444444444,0.6666666666666666,NA,NA,1.5,0.22727272727272727,NA,0,0.8571428571428571,0,CD_M20262640804,8,2026-10-03,Western Bulldogs,CD_R202626408
CD_I1005258,2,MEDIUM_DEFENDER,"https://s.afl.com.au/staticfile/AFL Tenant/AFL/Players/ChampIDImages/AFLW/2026264/1005258.png?im=Scale,width=0.6,height=0.6",Eloise,Jones,CD_T8098,ADEL,Adelaide Crows,Crows,8,77.5,1,0,0,0,3,0,0,1,2,0,0,0,7,43,2,2,0,1,1,66.7,0,0,0,1,0,0,1,0,0,0,0,6,4,2,1,143,0,7,0,0,1,0,1,0,1,0,0,3,3,0,8,3,6,2026-10-04,data//AFLW_2026-10-04.csv,NA,NA,0.25,0.2857142857142857,0,0.3333333333333333,0,NA,NA,6,0.42857142857142855,NA,0,0,0,CD_M20262640806,8,2026-10-03,Port Adelaide,CD_R202626408
CD_I1005264,8,MIDFIELDER,"https://s.afl.com.au/staticfile/AFL Tenant/AFL/Players/ChampIDImages/AFLW/2026264/1005264.png?im=Scale,width=0.6,height=0.6",Ashleigh,Woodland,CD_T9409,PORT,Port Adelaide,Power,8,83.70000000000005,0,0,9,1,6,0,0,0,14,0,0,8,20,89,14,9,3,1,1,44.4,0,1,12,7,0,0,6,0,4,0,0,13,0,0,0,404,0,15,0,0,3,0,2,0,2,0,5,8,2,6,19,6,5,2026-10-04,data//AFLW_2026-10-04.csv,NA,NA,0.7368421052631579,0.7,5,0.6923076923076923,0.7142857142857143,NA,NA,1.8571428571428572,0.5333333333333333,NA,0,0.8181818181818182,0,CD_M20262640806,8,2026-10-03,Adelaide Crows,CD_R202626408
CD_I1005269,34,MIDFIELDER,"https://s.afl.com.au/staticfile/AFL Tenant/AFL/Players/ChampIDImages/AFLW/2026264/1005269.png?im=Scale,width=0.6,height=0.6",Anne,Hatchard,CD_T8786,GCFC,Gold Coast SUNS,SUNS,8,91.49999999999989,2,0,2,0,5,0,0,2,13,1,0,0,22,96,11,2,6,0,0,27.8,1,1,11,13,0,0,1,0,3,0,0,9,5,4,1,242,0,6,0,0,0,0,7,0,5,0,2,5,3,2,22,3,9,2026-10-04,data//AFLW_2026-10-04.csv,NA,0,0.5909090909090909,0.5,9,0.2222222222222222,0.6923076923076923,NA,NA,0.6923076923076923,0.8333333333333334,NA,0,0.16666666666666666,0,CD_M20262640805,8,2026-10-03,Brisbane Lions,CD_R202626408
CD_I1005279,10,MIDFIELDER,"https://s.afl.com.au/staticfile/AFL Tenant/AFL/Players/ChampIDImages/AFLW/2026264/1005279.png?im=Scale,width=0.6,height=0.6",Ebony,Marinoff,CD_T8098,ADEL,Adelaide Crows,Crows,8,91.39999999999998,0,0,9,2,3,0,0,0,4,0,0,8,14,103,5,4,1,1,2,50,0,0,2,4,0,0,5,0,0,0,0,10,2,0,0,260,1,27,0,0,0,0,1,0,0,1,0,15,5,2,12,3,8,2026-10-04,data//AFLW_2026-10-04.csv,NA,NA,0.3333333333333333,0.35714285714285715,1,0.4,0.25,NA,NA,2.5,0.5555555555555556,NA,0,0.8181818181818182,0,CD_M20262640806,8,2026-10-03,Port Adelaide,CD_R202626408
CD_I1005285,39,KEY_DEFENDER,"https://s.afl.com.au/staticfile/AFL Tenant/AFL/Players/ChampIDImages/AFLW/2026264/1005285.png?im=Scale,width=0.6,height=0.6",Sarah,Allan,CD_T8098,ADEL,Adelaide Crows,Crows,8,99.90000000000009,0,0,0,0,3,2,4,0,6,0,0,4,14,67,11,6,0,0,0,0,0,0,3,6,0,0,1,0,9,1,1,8,5,0,0,229,6,7,0,0,4,0,1,0,0,1,0,4,0,0,15,2,9,2026-10-04,data//AFLW_2026-10-04.csv,0.5,NA,0.4,0.7857142857142857,5,0.75,0.8333333333333334,NA,NA,1.3333333333333333,0.5714285714285714,1,0,0,0.16666666666666666,CD_M20262640806,8,2026-10-03,Port Adelaide,CD_R202626408
CD_I1005361,3,MEDIUM_FORWARD,"https://s.afl.com.au/staticfile/AFL Tenant/AFL/Players/ChampIDImages/AFLW/2026264/1005361.png?im=Scale,width=0.6,height=0.6",Daria,Bannister,CD_T9406,ESS,Essendon,Bombers,2,48.00000000000001,1,0,0,0,1,0,0,0,2,1,0,2,6,35,4,2,0,1,0,25,0,1,2,2,0,0,1,0,1,0,0,4,1,1,1,58,0,7,0,0,0,0,3,0,2,0,0,3,1,0,6,1,4,2026-10-04,data//AFLW_2026-10-04.csv,NA,0,0.3333333333333333,0.6666666666666666,2,0.5,1,NA,NA,2,0.42857142857142855,NA,0,0,0,CD_M20262640803,8,2026-10-03,GWS GIANTS,CD_R202626408
CD_I1005452,17,MEDIUM_DEFENDER,"https://s.afl.com.au/staticfile/AFL Tenant/AFL/Players/ChampIDImages/AFLW/2026264/1005452.png?im=Scale,width=0.6,height=0.6",Nicola,Barr,CD_T8796,STK,St Kilda,St Kilda,7,74.89999999999998,0,0,0,0,5,0,0,0,2,0,0,3,10,35,4,4,0,1,0,0,0,0,2,2,0,0,1,0,3,0,0,8,2,0,0,170,0,5,0,0,1,0,0,0,0,0,1,1,0,1,8,5,6,2026-10-04,data//AFLW_2026-10-04.csv,NA,NA,0.25,0.4,0,0.5,0,NA,NA,4,0.2,NA,0,0,0,CD_M20262640804,8,2026-10-03,Western Bulldogs,CD_R202626408
CD_I1005453,6,MIDFIELDER,"https://s.afl.com.au/staticfile/AFL Tenant/AFL/Players/ChampIDImages/AFLW/2026264/1005453.png?im=Scale,width=0.6,height=0.6",Rebecca,Beeson,CD_T7889,GWS,GWS GIANTS,GIANTS,8,74.59999999999991,0,0,10,4,3,0,0,0,10,0,0,4,21,79,13,4,1,2,1,62.5,0,0,9,10,0,0,5,0,3,0,0,11,1,0,1,258,0,17,0,0,0,0,3,0,0,0,2,7,1,6,21,10,11,2026-10-04,data//AFLW_2026-10-04.csv,NA,NA,0.47619047619047616,0.6190476190476191,9,0.36363636363636365,0.9,NA,NA,1.1,0.4117647058823529,NA,0,0.6666666666666666,0,CD_M20262640803,8,2026-10-03,Essendon,CD_R202626408
CD_I1005630,18,MIDFIELDER,"https://s.afl.com.au/staticfile/AFL Tenant/AFL/Players/ChampIDImages/AFLW/2026264/1005630.png?im=Scale,width=0.6,height=0.6",Alexandra,Anderson,CD_T7887,BL,Brisbane Lions,Lions,4,85.49999999999997,0,0,10,1,5,0,0,0,11,0,0,7,26,73,16,4,2,1,1,0,0,0,9,16,0,0,2,0,3,0,0,10,3,0,0,184,0,13,0,0,5,0,1,0,0,0,2,1,0,3,26,4,15,2026-10-04,data//AFLW_2026-10-04.csv,NA,NA,0.4230769230769231,0.6153846153846154,12,0.4,0.75,NA,NA,0.625,0.07692307692307693,NA,0,0.8333333333333334,0,CD_M20262640805,8,2026-10-03,Gold Coast SUNS,CD_R202626408
CD_I1005661,3,MEDIUM_DEFENDER,"https://s.afl.com.au/staticfile/AFL Tenant/AFL/Players/ChampIDImages/AFLW/2026264/1005661.png?im=Scale,width=0.6,height=0.6",Breanna,Koenen,CD_T7887,BL,Brisbane Lions,Lions,8,78.29999999999995,0,0,0,0,2,0,1,0,6,0,0,6,14,68,10,8,0,0,0,0,0,0,4,3,0,0,0,0,6,1,1,11,7,0,1,156,2,8,0,0,3,0,0,0,0,0,0,2,0,0,15,1,9,2026-10-04,data//AFLW_2026-10-04.csv,0,NA,0.4,0.7142857142857143,2,0.7272727272727273,0.6666666666666666,NA,NA,3.6666666666666665,0.25,1,0,0,0.1,CD_M20262640805,8,2026-10-03,Gold Coast SUNS,CD_R202626408
CD_I1005863,15,RUCK,"https://s.afl.com.au/staticfile/AFL Tenant/AFL/Players/ChampIDImages/AFLW/2026264/1005863.png?im=Scale,width=0.6,height=0.6",Lauren,Pearce,CD_T7386,MELB,Melbourne,Demons,2,32.599999999999994,0,0,2,0,0,0,0,0,2,0,0,2,4,29,4,0,0,0,0,0,0,0,2,4,10,5,0,0,1,0,0,0,1,0,0,7,0,4,0,0,0,15,2,0,0,0,2,2,0,2,4,0,2,2026-10-04,data//AFLW_2026-10-04.csv,NA,NA,0.5,1,4,NA,1,0.6666666666666666,0.3333333333333333,0,0.5,NA,0.23809523809523808,0.16666666666666666,0,CD_M20262640808,8,2026-10-04,Collingwood,CD_R202626408
CD_I1005955,1,MEDIUM_FORWARD,"https://s.afl.com.au/staticfile/AFL Tenant/AFL/Players/ChampIDImages/AFLW/2026264/1005955.png?im=Scale,width=0.6,height=0.6",Justine,Mules-Robinson,CD_T9409,PORT,Port Adelaide,Power,8,58.500000000000114,0,0,0,0,0,0,0,0,3,0,0,1,5,14,3,1,1,0,0,33.3,0,0,3,4,0,0,0,0,1,0,0,1,1,0,1,51,1,6,0,0,0,0,0,0,0,0,0,0,0,0,5,1,2,2026-10-04,data//AFLW_2026-10-04.csv,NA,NA,0.6,0.6,2,1,0.5,NA,NA,0.25,0,NA,0,0,0,CD_M20262640806,8,2026-10-03,Adelaide Crows,CD_R202626408
CD_I1006997,20,MIDFIELDER,"https://s.afl.com.au/staticfile/AFL Tenant/AFL/Players/ChampIDImages/AFLW/2026264/1006997.png?im=Scale,width=0.6,height=0.6",Stephanie,Cain,CD_T9406,ESS,Essendon,Bombers,8,69.99999999999989,0,0,0,0,3,0,0,0,7,0,0,9,12,53,8,4,0,1,1,25,2,0,4,5,0,0,2,0,4,0,0,7,4,1,2,197,0,14,0,0,4,0,3,0,0,0,1,3,0,1,13,3,6,2026-10-04,data//AFLW_2026-10-04.csv,NA,NA,0.5384615384615384,0.6666666666666666,4,0.5714285714285714,0.8,NA,NA,1.4,0.21428571428571427,NA,0,0,0,CD_M20262640803,8,2026-10-03,GWS GIANTS,CD_R202626408
CD_I1007011,8,MEDIUM_DEFENDER,"https://s.afl.com.au/staticfile/AFL Tenant/AFL/Players/ChampIDImages/AFLW/2026264/1007011.png?im=Scale,width=0.6,height=0.6",Sarah,Lampard,CD_T7386,MELB,Melbourne,Demons,8,92.89999999999998,0,0,0,0,0,0,4,0,2,0,0,7,8,37,6,4,0,0,0,0,0,0,2,4,0,0,1,0,3,1,1,4,3,0,0,115,4,10,0,0,3,0,1,0,0,4,0,2,0,0,7,3,5,2026-10-04,data//AFLW_2026-10-04.csv,0,NA,0.2857142857142857,0.75,2,1,0.5,NA,NA,1,0.2,1,0,0,0.1111111111111111,CD_M20262640808,8,2026-10-04,Collingwood,CD_R202626408
CD_I1007017,22,MIDFIELDER,"https://s.afl.com.au/staticfile/AFL Tenant/AFL/Players/ChampIDImages/AFLW/2026264/1007017.png?im=Scale,width=0.6,height=0.6",Tilly,Lucas-Rodd,CD_T7889,GWS,GWS GIANTS,GIANTS,8,83.39999999999998,0,2,5,0,4,0,0,0,12,0,0,4,26,74,17,2,2,2,0,0,0,0,10,19,0,0,2,0,6,0,0,7,3,0,0,210,1,10,0,0,1,0,3,0,0,0,1,3,0,1,27,3,15,2026-10-04,data//AFLW_2026-10-04.csv,NA,NA,0.4444444444444444,0.6538461538461539,15,0.2857142857142857,0.7894736842105263,NA,NA,0.3684210526315789,0.3,NA,0,0.3333333333333333,0,CD_M20262640803,8,2026-10-03,Essendon,CD_R202626408
CD_I1007026,6,MEDIUM_DEFENDER,"https://s.afl.com.au/staticfile/AFL Tenant/AFL/Players/ChampIDImages/AFLW/2026264/1007026.png?im=Scale,width=0.6,height=0.6",Gabriella,Pound,CD_T8096,CARL,Carlton,Blues,5,73.69999999999999,0,0,0,0,3,0,0,0,5,0,0,8,12,52,4,4,0,0,1,0,0,0,4,1,0,0,0,0,5,3,3,11,0,0,0,286,1,11,0,0,3,0,0,0,0,1,1,4,0,1,7,8,2,2026-10-04,data//AFLW_2026-10-04.csv,NA,NA,0.7142857142857143,0.3333333333333333,0,0.36363636363636365,0,NA,NA,11,0.36363636363636365,1,0,0,0.5,CD_M20262640801,8,2026-10-01,Hawthorn,CD_R202626408
CD_I1007027,18,MEDIUM_FORWARD,"https://s.afl.com.au/staticfile/AFL Tenant/AFL/Players/ChampIDImages/AFLW/2026264/1007027.png?im=Scale,width=0.6,height=0.6",Ruby,Schleicher,CD_T8097,COLL,Collingwood,Magpies,7,92.20000000000016,1,0,0,0,1,0,0,1,3,6,1,3,10,41,8,4,1,0,0,37.5,1,0,2,4,0,0,3,0,1,0,0,6,2,0,0,177,0,6,0,0,1,0,5,0,2,0,0,2,0,0,10,2,7,2026-10-04,data//AFLW_2026-10-04.csv,NA,0.16666666666666666,0.3,0.8,4,0.6666666666666666,1,NA,NA,1.5,0.3333333333333333,NA,0,0,0,CD_M20262640808,8,2026-10-04,Melbourne,CD_R202626408
CD_I1007029,14,MEDIUM_DEFENDER,"https://s.afl.com.au/staticfile/AFL Tenant/AFL/Players/ChampIDImages/AFLW/2026264/1007029.png?im=Scale,width=0.6,height=0.6",Belinda,Smith,CD_T8787,WCE,West Coast Eagles,Eagles,8,79.09999999999991,0,0,0,0,1,0,0,0,2,0,0,6,11,57,9,7,0,0,0,0,0,0,2,2,0,0,0,0,4,0,0,9,6,0,0,125,1,6,0,0,0,0,2,0,0,1,0,2,0,0,11,1,9,2026-10-04,data//AFLW_2026-10-04.csv,NA,NA,0.18181818181818182,0.8181818181818182,2,0.7777777777777778,1,NA,NA,4.5,0.3333333333333333,NA,0,0,0,CD_M20262640809,8,2026-10-04,Fremantle,CD_R202626408
CD_I1007130,20,MEDIUM_DEFENDER,"https://s.afl.com.au/staticfile/AFL Tenant/AFL/Players/ChampIDImages/AFLW/2026264/1007130.png?im=Scale,width=0.6,height=0.6",Shannon,Campbell,CD_T7887,BL,Brisbane Lions,Lions,8,99.50000000000011,0,0,0,0,0,1,2,1,3,0,0,7,12,63,9,9,0,0,2,20,0,0,0,0,0,0,0,0,5,4,1,12,3,0,0,195,1,8,0,0,3,0,0,0,0,1,0,4,0,0,9,2,6,2026-10-04,data//AFLW_2026-10-04.csv,0.5,NA,0.3333333333333333,0.75,0,0.75,NA,NA,NA,Inf,0.5,0.25,0,0,0.4,CD_M20262640805,8,2026-10-03,Gold Coast SUNS,CD_R202626408
CD_I1007138,33,KEY_FORWARD,"https://s.afl.com.au/staticfile/AFL Tenant/AFL/Players/ChampIDImages/AFLW/2026264/1007138.png?im=Scale,width=0.6,height=0.6",Kate,Shierlaw,CD_T8466,NMFC,North Melbourne,Kangaroos,7,65.7999999999999,2,0,2,1,4,0,1,2,10,0,0,1,19,76,12,9,4,2,2,44.4,1,0,5,5,2,1,3,0,5,0,0,14,8,1,0,288,2,7,0,0,0,12,6,0,2,0,2,0,0,3,20,3,10,2026-10-04,data//AFLW_2026-10-04.csv,0,NA,0.5,0.631578947368421,3,0.6428571428571429,0.6,0.16666666666666666,0.08333333333333333,2.8,0,NA,0.25,0.125,0,CD_M20262640807,8,2026-10-04,Sydney Swans,CD_R202626408
CD_I1007141,27,KEY_FORWARD,"https://s.afl.com.au/staticfile/AFL Tenant/AFL/Players/ChampIDImages/AFLW/2026264/1007141.png?im=Scale,width=0.6,height=0.6",Gemma,Houghton,CD_T9409,PORT,Port Adelaide,Power,8,73.40000000000009,2,0,0,0,3,0,0,1,8,4,1,4,11,53,2,1,2,1,3,18.2,0,1,3,3,0,0,2,0,3,0,0,8,1,1,0,215,2,8,0,0,0,2,3,0,4,1,0,3,0,0,12,2,4,2026-10-04,data//AFLW_2026-10-04.csv,NA,0.25,0.6666666666666666,0.18181818181818182,1,0.125,0.3333333333333333,0,0,2.6666666666666665,0.375,NA,0.03225806451612903,0,0,CD_M20262640806,8,2026-10-03,Adelaide Crows,CD_R202626408
CD_I1007144,9,MEDIUM_FORWARD,"https://s.afl.com.au/staticfile/AFL Tenant/AFL/Players/ChampIDImages/AFLW/2026264/1007144.png?im=Scale,width=0.6,height=0.6",Gabby,O'Sullivan,CD_T7886,FRE,Fremantle,Freo,8,77.10000000000002,1,0,0,0,4,0,0,0,2,0,0,3,10,50,6,2,2,0,0,53.3,1,0,2,4,0,0,1,0,1,0,0,6,5,1,0,177,1,9,0,0,0,0,2,0,2,1,0,2,1,0,11,4,9,2026-10-04,data//AFLW_2026-10-04.csv,NA,NA,0.18181818181818182,0.6,4,0.3333333333333333,1,NA,NA,1.5,0.2222222222222222,NA,0,0,0,CD_M20262640809,8,2026-10-04,West Coast Eagles,CD_R202626408
CD_I1007152,21,KEY_DEFENDER,"https://s.afl.com.au/staticfile/AFL Tenant/AFL/Players/ChampIDImages/AFLW/2026264/1007152.png?im=Scale,width=0.6,height=0.6",Harriet,Cordner,CD_T8096,CARL,Carlton,Blues,8,99.79999999999995,0,0,0,0,5,0,5,0,3,0,0,9,11,65,7,7,0,0,1,0,0,0,2,1,0,0,1,0,5,1,1,10,4,0,0,249,9,12,0,0,5,0,1,0,0,8,1,5,0,1,9,5,6,2026-10-04,data//AFLW_2026-10-04.csv,0,NA,0.3333333333333333,0.6363636363636364,0,0.7,0,NA,NA,10,0.4166666666666667,1,0,0,0.16666666666666666,CD_M20262640801,8,2026-10-01,Hawthorn,CD_R202626408
CD_I1007157,2,KEY_DEFENDER,"https://s.afl.com.au/staticfile/AFL Tenant/AFL/Players/ChampIDImages/AFLW/2026264/1007157.png?im=Scale,width=0.6,height=0.6",Libby,Birch,CD_T8466,NMFC,North Melbourne,Kangaroos,7,99.60000000000002,0,0,0,0,2,1,2,1,7,0,0,3,19,78,17,13,0,2,1,0,0,0,5,5,0,0,3,0,13,1,1,14,9,0,0,242,2,4,0,0,4,0,2,0,0,2,0,1,0,0,19,3,12,2026-10-04,data//AFLW_2026-10-04.csv,0.5,NA,0.3684210526315789,0.8947368421052632,4,0.9285714285714286,0.8,NA,NA,2.8,0.25,1,0,0,0.25,CD_M20262640807,8,2026-10-04,Sydney Swans,CD_R202626408
CD_I1007313,32,RUCK,"https://s.afl.com.au/staticfile/AFL Tenant/AFL/Players/ChampIDImages/AFLW/2026264/1007313.png?im=Scale,width=0.6,height=0.6",Jess,Allan,CD_T8098,ADEL,Adelaide Crows,Crows,8,72.10000000000002,0,0,7,0,3,1,2,0,5,0,0,4,5,46,4,3,0,1,1,50,0,0,2,1,19,9,1,0,0,0,0,4,1,0,0,99,5,9,0,0,1,38,3,0,0,3,1,3,0,1,7,3,2,2026-10-04,data//AFLW_2026-10-04.csv,0.5,NA,0.7142857142857143,0.8,1,0.75,1,0.5,0.23684210526315788,4,0.3333333333333333,NA,0.6129032258064516,0.6363636363636364,0,CD_M20262640806,8,2026-10-03,Port Adelaide,CD_R202626408
CD_I1007327,10,KEY_DEFENDER,"https://s.afl.com.au/staticfile/AFL Tenant/AFL/Players/ChampIDImages/AFLW/2026264/1007327.png?im=Scale,width=0.6,height=0.6",Montana,McKinnon,CD_T8788,RICH,Richmond,Richmond,3,98.29999999999998,0,0,0,0,3,0,2,2,2,0,0,7,9,41,6,5,0,1,0,0,0,0,0,2,0,0,1,0,2,0,0,7,5,0,0,105,1,7,0,0,2,0,1,0,0,0,0,1,0,0,9,1,7,2026-10-04,data//AFLW_2026-10-04.csv,0,NA,0.2222222222222222,0.6666666666666666,1,0.7142857142857143,0.5,NA,NA,3.5,0.14285714285714285,NA,0,0,0,CD_M20262640802,8,2026-10-02,Geelong Cats,CD_R202626408
CD_I1007342,14,MEDIUM_FORWARD,"https://s.afl.com.au/staticfile/AFL Tenant/AFL/Players/ChampIDImages/AFLW/2026264/1007342.png?im=Scale,width=0.6,height=0.6",Chloe,Scheer,CD_T8467,GEEL,Geelong Cats,Cats,8,75.00000000000011,0,0,0,0,0,0,0,1,8,2,0,0,11,73,11,6,3,0,2,62.1,1,3,5,5,0,0,0,0,1,0,0,6,3,2,1,77,0,6,0,0,0,0,7,0,3,0,0,4,4,0,11,0,3,2026-10-04,data//AFLW_2026-10-04.csv,NA,0,0.7272727272727273,1,5,1,1,NA,NA,1.2,0.6666666666666666,NA,0,0,0,CD_M20262640802,8,2026-10-02,Richmond,CD_R202626408
CD_I1007360,2,MEDIUM_DEFENDER,"https://s.afl.com.au/staticfile/AFL Tenant/AFL/Players/ChampIDImages/AFLW/2026264/1007360.png?im=Scale,width=0.6,height=0.6",Ebony,O'Dea,CD_T9409,PORT,Port Adelaide,Power,8,72,0,0,0,0,3,0,0,0,9,0,0,7,10,42,7,6,0,3,4,0,0,0,4,2,0,0,2,0,5,0,0,8,1,0,0,156,2,10,0,0,2,0,1,0,0,0,3,4,0,3,11,3,2,2026-10-04,data//AFLW_2026-10-04.csv,NA,NA,0.8181818181818182,0.7,1,0.75,0.5,NA,NA,4,0.4,NA,0,0,0,CD_M20262640806,8,2026-10-03,Adelaide Crows,CD_R202626408
CD_I1009764,35,KEY_FORWARD,"https://s.afl.com.au/staticfile/AFL Tenant/AFL/Players/ChampIDImages/AFLW/2026264/1009764.png?im=Scale,width=0.6,height=0.6",Eden,Zanker,CD_T7886,FRE,Fremantle,Freo,8,76.20000000000005,0,0,0,0,0,0,0,0,3,1,0,1,7,34,5,1,0,0,0,50,0,0,3,4,0,0,1,0,1,0,0,3,3,1,1,85,0,3,0,0,0,1,0,0,1,0,0,2,1,0,8,2,5,2026-10-04,data//AFLW_2026-10-04.csv,NA,0,0.375,0.7142857142857143,4,0.3333333333333333,1,0,0,0.75,0.6666666666666666,NA,0.019230769230769232,0,0,CD_M20262640809,8,2026-10-04,West Coast Eagles,CD_R202626408
CD_I1009765,27,MEDIUM_DEFENDER,"https://s.afl.com.au/staticfile/AFL Tenant/AFL/Players/ChampIDImages/AFLW/2026264/1009765.png?im=Scale,width=0.6,height=0.6",Sophie,Van De Heuvel,CD_T9406,ESS,Essendon,Bombers,6,76.20000000000005,0,0,0,0,2,0,0,0,6,0,0,11,11,55,7,4,0,0,2,50,0,0,4,6,0,0,1,0,3,0,0,5,2,0,0,129,1,15,0,0,1,0,1,0,0,0,0,5,0,0,11,4,5,2026-10-04,data//AFLW_2026-10-04.csv,NA,NA,0.5454545454545454,0.6363636363636364,3,0.8,0.5,NA,NA,0.8333333333333334,0.3333333333333333,NA,0,0,0,CD_M20262640803,8,2026-10-03,GWS GIANTS,CD_R202626408
CD_I1009798,14,MIDFIELDER_FORWARD,"https://s.afl.com.au/staticfile/AFL Tenant/AFL/Players/ChampIDImages/AFLW/2026264/1009798.png?im=Scale,width=0.6,height=0.6",Mattea,Breed,CD_T8097,COLL,Collingwood,Magpies,6,51.60000000000002,0,0,5,0,3,0,0,0,2,0,0,3,10,42,5,1,1,2,0,20,0,0,2,6,0,0,2,0,3,0,0,4,4,0,0,157,0,10,0,0,1,0,2,0,0,0,0,3,1,0,9,1,7,2026-10-04,data//AFLW_2026-10-04.csv,NA,NA,0.2222222222222222,0.5,4,0.25,0.6666666666666666,NA,NA,0.6666666666666666,0.3,NA,0,0.4166666666666667,0,CD_M20262640808,8,2026-10-04,Melbourne,CD_R202626408
CD_I1009799,3,MIDFIELDER,"https://s.afl.com.au/staticfile/AFL Tenant/AFL/Players/ChampIDImages/AFLW/2026264/1009799.png?im=Scale,width=0.6,height=0.6",Alyce,Parker,CD_T7889,GWS,GWS GIANTS,GIANTS,8,76.59999999999991,0,0,13,1,5,0,0,0,12,0,0,6,25,114,18,8,1,2,2,66.7,1,2,4,11,0,0,4,0,3,0,0,14,2,0,0,305,1,21,0,0,0,0,4,0,2,0,4,9,4,5,27,3,15,2026-10-04,data//AFLW_2026-10-04.csv,NA,NA,0.4444444444444444,0.72,10,0.5714285714285714,0.9090909090909091,NA,NA,1.2727272727272727,0.42857142857142855,NA,0,0.8666666666666667,0,CD_M20262640803,8,2026-10-03,Essendon,CD_R202626408
CD_I1009803,30,KEY_DEFENDER,"https://s.afl.com.au/staticfile/AFL Tenant/AFL/Players/ChampIDImages/AFLW/2026264/1009803.png?im=Scale,width=0.6,height=0.6",Alexia,Hamilton,CD_T9408,SYD,Sydney Swans,Swans,7,94.49999999999989,0,0,0,0,3,1,1,0,3,0,0,12,13,50,11,10,0,1,1,0,0,0,1,3,0,0,0,0,3,3,3,10,4,0,0,297,4,12,0,0,8,0,0,0,0,4,0,1,0,0,10,3,7,2026-10-04,data//AFLW_2026-10-04.csv,1,NA,0.3,0.8461538461538461,1,1,0.3333333333333333,NA,NA,3.3333333333333335,0.08333333333333333,1,0,0,0.2727272727272727,CD_M20262640807,8,2026-10-04,North Melbourne,CD_R202626408
CD_I1009822,17,MEDIUM_FORWARD,"https://s.afl.com.au/staticfile/AFL Tenant/AFL/Players/ChampIDImages/AFLW/2026264/1009822.png?im=Scale,width=0.6,height=0.6",Georgia,Garnett,CD_T7889,GWS,GWS GIANTS,GIANTS,8,85.59999999999991,0,0,0,0,3,0,0,0,4,2,0,2,16,74,10,6,2,0,1,75,0,0,3,6,0,0,2,0,3,0,0,10,5,0,2,223,1,10,0,0,1,0,4,0,1,1,0,4,4,0,15,3,11,2026-10-04,data//AFLW_2026-10-04.csv,NA,0,0.26666666666666666,0.625,4,0.6,0.6666666666666666,NA,NA,1.6666666666666667,0.4,NA,0,0,0,CD_M20262640803,8,2026-10-03,Essendon,CD_R202626408
CD_I1009824,6,MIDFIELDER,"https://s.afl.com.au/staticfile/AFL Tenant/AFL/Players/ChampIDImages/AFLW/2026264/1009824.png?im=Scale,width=0.6,height=0.6",Lily,Postlethwaite,CD_T7887,BL,Brisbane Lions,Lions,5,74.30000000000001,0,0,1,0,4,0,1,0,7,0,0,3,12,43,7,4,2,1,1,100,0,1,6,4,0,0,0,0,5,0,0,8,1,0,0,155,0,12,0,0,1,0,4,0,1,0,1,1,1,1,13,3,6,2026-10-04,data//AFLW_2026-10-04.csv,0,NA,0.5384615384615384,0.5833333333333334,3,0.5,0.75,NA,NA,2,0.08333333333333333,NA,0,0.08333333333333333,0,CD_M20262640805,8,2026-10-03,Gold Coast SUNS,CD_R202626408
CD_I1009831,29,MEDIUM_DEFENDER,"https://s.afl.com.au/staticfile/AFL Tenant/AFL/Players/ChampIDImages/AFLW/2026264/1009831.png?im=Scale,width=0.6,height=0.6",Tarni,White,CD_T8097,COLL,Collingwood,Magpies,8,100.19999999999993,0,0,0,0,2,0,1,0,6,0,0,6,28,99,20,10,0,1,0,100,0,0,6,12,0,0,2,0,11,4,4,16,6,0,0,435,1,11,0,0,7,0,2,0,0,1,0,3,0,0,25,6,19,2026-10-04,data//AFLW_2026-10-04.csv,0,NA,0.24,0.7142857142857143,10,0.625,0.8333333333333334,NA,NA,1.3333333333333333,0.2727272727272727,1,0,0,0.8,CD_M20262640808,8,2026-10-04,Melbourne,CD_R202626408
CD_I1009833,17,MIDFIELDER,"https://s.afl.com.au/staticfile/AFL Tenant/AFL/Players/ChampIDImages/AFLW/2026264/1009833.png?im=Scale,width=0.6,height=0.6",Isabel,Dawes,CD_T7887,BL,Brisbane Lions,Lions,8,84.79999999999995,0,1,11,1,1,0,0,0,8,0,0,9,16,84,11,3,0,0,1,14.3,1,0,7,10,0,0,3,0,3,0,0,6,3,0,0,172,2,24,0,0,0,0,1,0,0,1,2,9,3,3,14,3,6,2026-10-04,data//AFLW_2026-10-04.csv,NA,NA,0.5714285714285714,0.6875,8,0.5,0.8,NA,NA,0.6,0.375,NA,0,0.9166666666666666,0,CD_M20262640805,8,2026-10-03,Gold Coast SUNS,CD_R202626408
CD_I1009836,10,MEDIUM_DEFENDER,"https://s.afl.com.au/staticfile/AFL Tenant/AFL/Players/ChampIDImages/AFLW/2026264/1009836.png?im=Scale,width=0.6,height=0.6",Natalie,Grider,CD_T7887,BL,Brisbane Lions,Lions,8,84.60000000000002,0,0,0,0,3,0,0,0,7,0,0,11,11,47,7,4,0,2,1,0,0,0,5,5,0,0,0,0,4,0,0,6,4,0,1,52,1,11,0,0,0,0,0,0,0,0,0,3,0,0,12,1,5,2026-10-04,data//AFLW_2026-10-04.csv,NA,NA,0.5833333333333334,0.6363636363636364,3,0.6666666666666666,0.6,NA,NA,1.2,0.2727272727272727,NA,0,0,0,CD_M20262640805,8,2026-10-03,Gold Coast SUNS,CD_R202626408
CD_I1009838,30,KEY_FORWARD,"https://s.afl.com.au/staticfile/AFL Tenant/AFL/Players/ChampIDImages/AFLW/2026264/1009838.png?im=Scale,width=0.6,height=0.6",Jesse,Tawhiao-Wardlaw,CD_T8796,STK,St Kilda,St Kilda,8,98.60000000000002,0,0,0,0,4,0,0,0,7,2,0,2,11,38,5,3,1,1,2,35,0,0,4,4,4,0,2,0,2,0,0,7,2,2,0,190,1,4,0,0,2,21,0,0,2,1,2,0,0,2,10,5,3,2026-10-04,data//AFLW_2026-10-04.csv,NA,0,0.7,0.45454545454545453,2,0.42857142857142855,0.5,0.19047619047619047,0,1.75,0,NA,0.3333333333333333,0,0,CD_M20262640804,8,2026-10-03,Western Bulldogs,CD_R202626408
CD_I1009843,7,MEDIUM_FORWARD,"https://s.afl.com.au/staticfile/AFL Tenant/AFL/Players/ChampIDImages/AFLW/2026264/1009843.png?im=Scale,width=0.6,height=0.6",Ellie,Hampson,CD_T9409,PORT,Port Adelaide,Power,2,67.5,1,0,0,0,3,0,0,1,3,1,0,7,4,20,1,1,0,0,1,60,0,0,1,1,0,0,1,0,0,0,0,3,1,1,0,99,2,9,0,0,0,0,1,0,1,0,0,1,0,0,4,1,1,2026-10-04,data//AFLW_2026-10-04.csv,NA,0,0.75,0.25,0,0.3333333333333333,0,NA,NA,3,0.1111111111111111,NA,0,0,0,CD_M20262640806,8,2026-10-03,Adelaide Crows,CD_R202626408
CD_I1009844,2,RUCK,"https://s.afl.com.au/staticfile/AFL Tenant/AFL/Players/ChampIDImages/AFLW/2026264/1009844.png?im=Scale,width=0.6,height=0.6",Tahlia,Hickie,CD_T7887,BL,Brisbane Lions,Lions,8,81.69999999999993,0,0,10,1,4,0,0,0,7,1,1,9,18,102,9,4,0,0,2,0,0,0,4,9,11,1,1,0,5,0,0,9,8,0,0,145,5,14,0,0,4,34,1,0,0,3,2,5,0,3,18,5,11,2026-10-04,data//AFLW_2026-10-04.csv,NA,1,0.3888888888888889,0.5,5,0.4444444444444444,0.5555555555555556,0.3235294117647059,0.029411764705882353,1,0.35714285714285715,NA,0.5964912280701754,0.8333333333333334,0,CD_M20262640805,8,2026-10-03,Gold Coast SUNS,CD_R202626408
CD_I1009847,12,MIDFIELDER,"https://s.afl.com.au/staticfile/AFL Tenant/AFL/Players/ChampIDImages/AFLW/2026264/1009847.png?im=Scale,width=0.6,height=0.6",Sophie,Conway,CD_T7887,BL,Brisbane Lions,Lions,8,86.29999999999995,0,0,1,1,2,0,0,0,8,0,0,7,11,75,5,3,0,0,2,33.3,0,1,6,2,0,0,3,0,4,0,0,9,0,0,0,223,0,18,0,0,0,0,1,0,1,0,2,9,2,3,11,6,3,2026-10-04,data//AFLW_2026-10-04.csv,NA,NA,0.7272727272727273,0.45454545454545453,2,0.3333333333333333,1,NA,NA,4.5,0.5,NA,0,0.08333333333333333,0,CD_M20262640805,8,2026-10-03,Gold Coast SUNS,CD_R202626408
CD_I1009853,5,MIDFIELDER,"https://s.afl.com.au/staticfile/AFL Tenant/AFL/Players/ChampIDImages/AFLW/2026264/1009853.png?im=Scale,width=0.6,height=0.6",Tyla,Hanks,CD_T7386,MELB,Melbourne,Demons,8,72,0,1,10,2,8,0,0,0,11,0,0,11,24,120,19,15,2,2,2,71.4,0,1,8,5,0,0,6,0,6,0,0,19,1,0,0,619,2,29,0,0,3,0,5,0,1,1,1,12,3,3,25,7,14,2026-10-04,data//AFLW_2026-10-04.csv,NA,NA,0.44,0.7916666666666666,4,0.7894736842105263,0.8,NA,NA,3.8,0.41379310344827586,NA,0,0.8333333333333334,0,CD_M20262640808,8,2026-10-04,Collingwood,CD_R202626408
CD_I1009855,5,MEDIUM_FORWARD,"https://s.afl.com.au/staticfile/AFL Tenant/AFL/Players/ChampIDImages/AFLW/2026264/1009855.png?im=Scale,width=0.6,height=0.6",Darcy,Guttridge,CD_T8796,STK,St Kilda,St Kilda,7,77.09999999999997,0,0,0,0,1,0,0,0,1,0,0,4,0,12,0,0,0,0,0,25,0,0,0,0,0,0,0,0,0,0,0,0,0,0,0,-2,1,11,0,0,0,0,0,0,0,0,0,3,1,0,1,0,0,2026-10-04,data//AFLW_2026-10-04.csv,NA,NA,1,NA,0,NA,NA,NA,NA,NA,0.2727272727272727,NA,0,0,0,CD_M20262640804,8,2026-10-03,Western Bulldogs,CD_R202626408
CD_I1009856,3,MEDIUM_FORWARD,"https://s.afl.com.au/staticfile/AFL Tenant/AFL/Players/ChampIDImages/AFLW/2026264/1009856.png?im=Scale,width=0.6,height=0.6",Grace,Egan,CD_T8098,ADEL,Adelaide Crows,Crows,8,83.60000000000002,1,0,3,1,3,0,0,1,14,0,0,4,21,86,18,11,2,2,3,33.3,0,0,7,7,0,0,3,0,3,0,0,14,4,0,0,271,0,8,0,0,0,0,5,0,1,0,3,5,2,4,22,2,8,2026-10-04,data//AFLW_2026-10-04.csv,NA,NA,0.6363636363636364,0.8571428571428571,7,0.7857142857142857,1,NA,NA,2,0.625,NA,0,0.2727272727272727,0,CD_M20262640806,8,2026-10-03,Port Adelaide,CD_R202626408
CD_I1009857,17,MEDIUM_DEFENDER,"https://s.afl.com.au/staticfile/AFL Tenant/AFL/Players/ChampIDImages/AFLW/2026264/1009857.png?im=Scale,width=0.6,height=0.6",Georgia,Clarke,CD_T9406,ESS,Essendon,Bombers,7,61.30000000000007,0,0,0,0,0,0,0,0,3,0,0,6,7,19,7,4,0,0,1,0,0,0,3,3,0,0,0,0,4,2,2,4,0,0,0,129,0,6,0,0,3,0,2,0,0,0,0,0,0,0,5,0,2,2026-10-04,data//AFLW_2026-10-04.csv,NA,NA,0.6,1,3,1,1,NA,NA,1.3333333333333333,0,1,0,0,0.4,CD_M20262640803,8,2026-10-03,GWS GIANTS,CD_R202626408
CD_I1009860,21,MEDIUM_DEFENDER,"https://s.afl.com.au/staticfile/AFL Tenant/AFL/Players/ChampIDImages/AFLW/2026264/1009860.png?im=Scale,width=0.6,height=0.6",Rebecca,Webster,CD_T8467,GEEL,Geelong Cats,Cats,8,89.79999999999995,0,0,0,0,1,0,0,0,4,0,0,3,17,73,14,7,1,0,0,100,0,0,4,7,0,0,2,0,5,0,0,10,7,0,0,200,0,3,0,0,1,0,2,0,0,0,0,2,0,0,17,2,13,2026-10-04,data//AFLW_2026-10-04.csv,NA,NA,0.23529411764705882,0.8235294117647058,7,0.7,1,NA,NA,1.4285714285714286,0.6666666666666666,NA,0,0,0,CD_M20262640802,8,2026-10-02,Richmond,CD_R202626408
CD_I1009861,2,MIDFIELDER,"https://s.afl.com.au/staticfile/AFL Tenant/AFL/Players/ChampIDImages/AFLW/2026264/1009861.png?im=Scale,width=0.6,height=0.6",Olivia,Purcell,CD_T7386,MELB,Melbourne,Demons,8,76.39999999999998,0,0,7,0,1,0,0,0,17,0,0,6,32,106,25,5,4,0,0,66.7,0,0,17,23,0,0,5,0,6,0,0,9,3,0,0,253,2,19,0,0,1,0,4,0,1,0,2,6,0,2,32,4,15,2026-10-04,data//AFLW_2026-10-04.csv,NA,NA,0.53125,0.78125,20,0.5555555555555556,0.8695652173913043,NA,NA,0.391304347826087,0.3157894736842105,NA,0,0.5833333333333334,0,CD_M20262640808,8,2026-10-04,Collingwood,CD_R202626408
CD_I1009863,9,MIDFIELDER,"https://s.afl.com.au/staticfile/AFL Tenant/AFL/Players/ChampIDImages/AFLW/2026264/1009863.png?im=Scale,width=0.6,height=0.6",Nina,Morrison,CD_T8467,GEEL,Geelong Cats,Cats,8,83.70000000000005,0,0,12,2,3,0,0,0,9,0,0,11,26,106,18,9,4,1,0,83.3,1,1,9,11,0,0,5,0,4,0,0,15,4,1,0,357,4,19,0,0,4,0,4,0,1,4,2,6,1,4,26,4,17,2026-10-04,data//AFLW_2026-10-04.csv,NA,NA,0.34615384615384615,0.6923076923076923,9,0.6,0.8181818181818182,NA,NA,1.3636363636363635,0.3157894736842105,NA,0,0.9230769230769231,0,CD_M20262640802,8,2026-10-02,Richmond,CD_R202626408
CD_I1009865,9,MIDFIELDER,"https://s.afl.com.au/staticfile/AFL Tenant/AFL/Players/ChampIDImages/AFLW/2026264/1009865.png?im=Scale,width=0.6,height=0.6",Lucy,McEvoy,CD_T9408,SYD,Sydney Swans,Swans,8,73.99999999999989,0,0,4,1,2,0,1,0,5,0,0,5,13,59,7,6,0,1,2,0,0,0,3,3,0,0,3,0,3,0,0,10,4,0,0,269,1,11,0,0,1,0,1,0,0,1,0,3,0,1,12,6,7,2026-10-04,data//AFLW_2026-10-04.csv,0,NA,0.4166666666666667,0.5384615384615384,1,0.6,0.3333333333333333,NA,NA,3.3333333333333335,0.2727272727272727,NA,0,0.25,0,CD_M20262640807,8,2026-10-04,North Melbourne,CD_R202626408
CD_I1009866,19,RUCK,"https://s.afl.com.au/staticfile/AFL Tenant/AFL/Players/ChampIDImages/AFLW/2026264/1009866.png?im=Scale,width=0.6,height=0.6",Rene,Caris,CD_T8796,STK,St Kilda,St Kilda,5,54.80000000000001,0,0,4,0,4,1,2,0,2,1,0,4,5,28,2,1,0,1,0,0,0,0,2,2,7,2,1,0,0,0,0,3,1,0,0,64,3,8,0,0,1,22,0,0,0,3,0,2,0,0,5,0,3,2026-10-04,data//AFLW_2026-10-04.csv,0.5,0,0.4,0.4,1,0.3333333333333333,0.5,0.3181818181818182,0.09090909090909091,1.5,0.25,NA,0.3492063492063492,0.5714285714285714,0,CD_M20262640804,8,2026-10-03,Western Bulldogs,CD_R202626408
CD_I1009867,21,MIDFIELDER,"https://s.afl.com.au/staticfile/AFL Tenant/AFL/Players/ChampIDImages/AFLW/2026264/1009867.png?im=Scale,width=0.6,height=0.6",Georgia,Patrikios,CD_T8796,STK,St Kilda,St Kilda,8,56.39999999999998,0,0,1,0,3,0,0,0,5,0,0,8,11,53,5,1,0,0,1,0,0,0,4,4,0,0,2,0,4,0,0,7,1,0,0,254,0,15,0,0,1,0,0,0,0,0,0,5,1,0,12,5,7,2026-10-04,data//AFLW_2026-10-04.csv,NA,NA,0.4166666666666667,0.45454545454545453,4,0.14285714285714285,1,NA,NA,1.75,0.3333333333333333,NA,0,0.14285714285714285,0,CD_M20262640804,8,2026-10-03,Western Bulldogs,CD_R202626408
CD_I1009868,5,MIDFIELDER,"https://s.afl.com.au/staticfile/AFL Tenant/AFL/Players/ChampIDImages/AFLW/2026264/1009868.png?im=Scale,width=0.6,height=0.6",Maddy,Brancatisano,CD_T8786,GCFC,Gold Coast SUNS,SUNS,7,80.69999999999999,0,0,8,1,3,0,0,0,7,0,0,5,19,51,12,4,0,2,2,50,0,0,4,14,0,0,3,0,1,0,0,5,0,0,0,186,1,14,0,0,0,0,1,0,0,0,1,3,1,2,19,2,12,2026-10-04,data//AFLW_2026-10-04.csv,NA,NA,0.3684210526315789,0.631578947368421,8,0.8,0.5714285714285714,NA,NA,0.35714285714285715,0.21428571428571427,NA,0,0.6666666666666666,0,CD_M20262640805,8,2026-10-03,Brisbane Lions,CD_R202626408
CD_I1009882,1,MIDFIELDER,"https://s.afl.com.au/staticfile/AFL Tenant/AFL/Players/ChampIDImages/AFLW/2026264/1009882.png?im=Scale,width=0.6,height=0.6",Gabrielle,Newton,CD_T7886,FRE,Fremantle,Freo,8,92.90000000000009,0,0,11,0,4,0,0,0,9,1,0,15,23,89,14,7,2,0,0,20,1,0,9,8,0,0,4,0,8,0,0,15,4,1,1,334,1,21,0,0,0,0,2,0,1,1,1,4,0,1,24,7,15,2026-10-04,data//AFLW_2026-10-04.csv,NA,0,0.375,0.6086956521739131,7,0.4666666666666667,0.875,NA,NA,1.875,0.19047619047619047,NA,0,0.9166666666666666,0,CD_M20262640809,8,2026-10-04,West Coast Eagles,CD_R202626408
CD_I1009885,4,MIDFIELDER,"https://s.afl.com.au/staticfile/AFL Tenant/AFL/Players/ChampIDImages/AFLW/2026264/1009885.png?im=Scale,width=0.6,height=0.6",Madison,Prespakis,CD_T9406,ESS,Essendon,Bombers,8,83.90000000000009,1,0,13,1,6,0,0,0,12,0,0,4,35,130,17,13,2,1,1,42.9,1,1,9,8,0,0,5,0,0,1,1,27,4,0,1,600,0,17,0,0,6,0,7,0,2,0,4,4,0,5,34,9,22,2026-10-04,data//AFLW_2026-10-04.csv,NA,NA,0.35294117647058826,0.4857142857142857,4,0.48148148148148145,0.5,NA,NA,3.375,0.23529411764705882,1,0,0.8666666666666667,0.2,CD_M20262640803,8,2026-10-03,GWS GIANTS,CD_R202626408
CD_I1009906,1,MIDFIELDER,"https://s.afl.com.au/staticfile/AFL Tenant/AFL/Players/ChampIDImages/AFLW/2026264/1009906.png?im=Scale,width=0.6,height=0.6",Mikayla,Bowen,CD_T8467,GEEL,Geelong Cats,Cats,8,85.00000000000011,1,0,4,0,5,0,0,0,10,0,0,2,20,96,11,6,1,2,2,16.7,0,0,8,8,0,0,2,0,4,0,0,12,5,1,0,180,0,14,0,0,0,0,4,0,1,0,1,8,3,1,22,5,12,2026-10-04,data//AFLW_2026-10-04.csv,NA,NA,0.45454545454545453,0.55,5,0.5,0.625,NA,NA,1.5,0.5714285714285714,NA,0,0.3076923076923077,0,CD_M20262640802,8,2026-10-02,Richmond,CD_R202626408
CD_I1009963,2,RUCK,"https://s.afl.com.au/staticfile/AFL Tenant/AFL/Players/ChampIDImages/AFLW/2026264/1009963.png?im=Scale,width=0.6,height=0.6",Lauren,Bella,CD_T8096,CARL,Carlton,Blues,3,35.20000000000002,0,0,4,0,1,0,1,0,2,1,0,5,4,25,2,1,0,0,0,0,0,0,2,1,6,1,0,0,2,0,0,3,0,0,0,72,2,7,0,0,3,16,0,0,0,0,0,2,0,0,4,3,2,2026-10-04,data//AFLW_2026-10-04.csv,0,0,0.5,0.5,1,0.3333333333333333,1,0.375,0.0625,3,0.2857142857142857,NA,0.3018867924528302,0.3333333333333333,0,CD_M20262640801,8,2026-10-01,Hawthorn,CD_R202626408
CD_I1009976,6,MEDIUM_DEFENDER,"https://s.afl.com.au/staticfile/AFL Tenant/AFL/Players/ChampIDImages/AFLW/2026264/1009976.png?im=Scale,width=0.6,height=0.6",Maddison,Gay,CD_T9406,ESS,Essendon,Bombers,4,91.00000000000003,0,0,8,1,4,0,0,0,6,0,0,15,21,99,15,11,0,0,1,100,0,1,5,6,0,0,4,0,3,1,0,15,5,1,0,473,0,20,0,0,4,0,4,0,1,0,1,5,0,2,19,4,13,2026-10-04,data//AFLW_2026-10-04.csv,NA,NA,0.3157894736842105,0.7142857142857143,4,0.7333333333333333,0.6666666666666666,NA,NA,2.5,0.25,0,0,0.5333333333333333,0.2,CD_M20262640803,8,2026-10-03,GWS GIANTS,CD_R202626408
CD_I1010097,31,MIDFIELDER,"https://s.afl.com.au/staticfile/AFL Tenant/AFL/Players/ChampIDImages/AFLW/2026264/1010097.png?im=Scale,width=0.6,height=0.6",Isabella,Shannon,CD_T8787,WCE,West Coast Eagles,Eagles,7,76.09999999999997,0,0,0,0,2,0,1,0,4,0,0,1,9,30,7,3,2,0,0,25,0,0,4,4,0,0,0,0,4,0,0,5,1,0,0,143,2,8,0,0,0,0,1,0,1,2,0,1,0,0,9,4,5,2026-10-04,data//AFLW_2026-10-04.csv,0,NA,0.4444444444444444,0.7777777777777778,4,0.6,1,NA,NA,1.25,0.125,NA,0,0,0,CD_M20262640809,8,2026-10-04,Fremantle,CD_R202626408
CD_I1010102,35,MEDIUM_FORWARD,"https://s.afl.com.au/staticfile/AFL Tenant/AFL/Players/ChampIDImages/AFLW/2026264/1010102.png?im=Scale,width=0.6,height=0.6",Nell,Morris-Dalton,CD_T8096,CARL,Carlton,Blues,8,64.40000000000003,0,0,0,0,3,0,0,0,5,0,0,3,8,37,4,2,1,1,1,72.7,0,0,4,4,0,0,3,0,1,0,0,4,1,0,0,122,0,8,0,0,2,0,1,0,0,0,0,4,1,0,8,6,3,2026-10-04,data//AFLW_2026-10-04.csv,NA,NA,0.625,0.5,2,0.5,0.5,NA,NA,1,0.5,NA,0,0,0,CD_M20262640801,8,2026-10-01,Hawthorn,CD_R202626408
CD_I1010103,3,MEDIUM_DEFENDER,"https://s.afl.com.au/staticfile/AFL Tenant/AFL/Players/ChampIDImages/AFLW/2026264/1010103.png?im=Scale,width=0.6,height=0.6",Isabella,Grant,CD_T7387,WB,Western Bulldogs,Bulldogs,8,67.89999999999998,0,0,0,0,2,0,0,1,3,0,0,3,7,33,4,3,1,0,0,0,0,0,2,2,0,0,0,0,3,0,0,5,2,0,0,85,1,6,0,0,1,0,0,0,0,1,0,2,0,0,7,2,4,2026-10-04,data//AFLW_2026-10-04.csv,NA,NA,0.42857142857142855,0.5714285714285714,1,0.6,0.5,NA,NA,2.5,0.3333333333333333,NA,0,0,0,CD_M20262640804,8,2026-10-03,St Kilda,CD_R202626408
CD_I1010257,9,KEY_DEFENDER,"https://s.afl.com.au/staticfile/AFL Tenant/AFL/Players/ChampIDImages/AFLW/2026264/1010257.png?im=Scale,width=0.6,height=0.6",Clara,Fitzpatrick,CD_T8786,GCFC,Gold Coast SUNS,SUNS,8,89.29999999999995,0,0,0,0,0,0,0,0,5,0,0,3,11,46,10,5,0,0,2,0,0,0,3,6,0,0,2,0,6,0,0,5,3,0,0,143,0,6,0,0,2,0,0,0,0,0,0,2,0,0,11,2,6,2026-10-04,data//AFLW_2026-10-04.csv,NA,NA,0.45454545454545453,0.9090909090909091,5,1,0.8333333333333334,NA,NA,0.8333333333333334,0.3333333333333333,NA,0,0,0,CD_M20262640805,8,2026-10-03,Brisbane Lions,CD_R202626408
CD_I1010263,5,MEDIUM_FORWARD,"https://s.afl.com.au/staticfile/AFL Tenant/AFL/Players/ChampIDImages/AFLW/2026264/1010263.png?im=Scale,width=0.6,height=0.6",Chloe,Molloy,CD_T9408,SYD,Sydney Swans,Swans,8,101.5,0,0,6,1,2,0,0,1,4,3,1,7,11,62,6,4,0,0,2,41.9,0,0,1,2,0,0,4,0,1,0,0,9,3,1,1,201,1,13,0,0,0,0,2,0,1,0,0,5,0,1,10,4,6,2026-10-04,data//AFLW_2026-10-04.csv,NA,0.3333333333333333,0.4,0.5454545454545454,2,0.4444444444444444,1,NA,NA,4.5,0.38461538461538464,NA,0,0.375,0,CD_M20262640807,8,2026-10-04,North Melbourne,CD_R202626408
CD_I1010264,25,MEDIUM_DEFENDER,"https://s.afl.com.au/staticfile/AFL Tenant/AFL/Players/ChampIDImages/AFLW/2026264/1010264.png?im=Scale,width=0.6,height=0.6",Alexandra,Morcom,CD_T9406,ESS,Essendon,Bombers,8,93.09999999999991,0,0,0,0,3,1,4,0,8,0,0,13,13,62,8,4,0,0,1,0,0,0,6,4,0,0,0,0,10,0,0,9,2,0,0,161,3,13,0,0,5,0,2,0,0,2,0,5,0,0,15,4,7,2026-10-04,data//AFLW_2026-10-04.csv,0.25,NA,0.5333333333333333,0.6153846153846154,4,0.4444444444444444,1,NA,NA,2.25,0.38461538461538464,NA,0,0,0,CD_M20262640803,8,2026-10-03,GWS GIANTS,CD_R202626408
CD_I1010265,7,MIDFIELDER,"https://s.afl.com.au/staticfile/AFL Tenant/AFL/Players/ChampIDImages/AFLW/2026264/1010265.png?im=Scale,width=0.6,height=0.6",Ash,Riddell,CD_T8466,NMFC,North Melbourne,Kangaroos,8,85.5,0,0,13,2,4,1,1,0,6,0,0,6,30,90,20,9,0,2,2,50,0,0,4,17,0,0,4,0,6,0,0,13,3,1,0,225,1,16,0,0,3,0,4,0,0,1,1,3,2,3,30,6,24,2026-10-04,data//AFLW_2026-10-04.csv,1,NA,0.2,0.6666666666666666,11,0.6923076923076923,0.6470588235294118,NA,NA,0.7647058823529411,0.1875,NA,0,0.8125,0,CD_M20262640807,8,2026-10-04,Sydney Swans,CD_R202626408
CD_I1010662,4,MIDFIELDER,"https://s.afl.com.au/staticfile/AFL Tenant/AFL/Players/ChampIDImages/AFLW/2026264/1010662.png?im=Scale,width=0.6,height=0.6",Claudia,Whitfort,CD_T8096,CARL,Carlton,Blues,8,63.10000000000002,0,0,11,3,0,0,0,0,14,0,0,12,20,76,13,5,2,0,2,50,0,0,12,10,0,0,4,0,7,0,0,10,0,0,0,276,1,18,0,0,2,0,5,0,0,0,1,6,1,4,18,2,4,2026-10-04,data//AFLW_2026-10-04.csv,NA,NA,0.7777777777777778,0.65,8,0.5,0.8,NA,NA,1,0.3333333333333333,NA,0,0.9166666666666666,0,CD_M20262640801,8,2026-10-01,Hawthorn,CD_R202626408
CD_I1010663,24,MEDIUM_DEFENDER,"https://s.afl.com.au/staticfile/AFL Tenant/AFL/Players/ChampIDImages/AFLW/2026264/1010663.png?im=Scale,width=0.6,height=0.6",Ashleigh,Brazill,CD_T7886,FRE,Fremantle,Freo,7,94.29999999999995,0,0,0,0,2,3,6,1,6,0,0,8,8,31,4,1,0,0,0,0,0,0,5,4,0,0,0,0,5,2,2,4,1,0,0,132,1,9,0,0,3,0,0,0,0,1,0,2,0,0,6,4,0,2026-10-04,data//AFLW_2026-10-04.csv,0.5,NA,1,0.5,3,0.25,0.75,NA,NA,1,0.2222222222222222,1,0,0,0.2222222222222222,CD_M20262640809,8,2026-10-04,West Coast Eagles,CD_R202626408
CD_I1010677,26,RUCK,"https://s.afl.com.au/staticfile/AFL Tenant/AFL/Players/ChampIDImages/AFLW/2026264/1010677.png?im=Scale,width=0.6,height=0.6",Kim,Rennie,CD_T8466,NMFC,North Melbourne,Kangaroos,8,77.5,0,0,14,0,1,0,1,0,5,1,0,2,8,45,7,2,0,0,1,0,0,0,4,5,15,7,1,0,3,0,0,3,2,0,0,55,5,7,0,0,1,32,4,0,0,3,1,1,0,1,9,1,4,2026-10-04,data//AFLW_2026-10-04.csv,0,0,0.5555555555555556,0.875,5,0.6666666666666666,1,0.46875,0.21875,0.6,0.14285714285714285,NA,0.6666666666666666,0.875,0,CD_M20262640807,8,2026-10-04,Sydney Swans,CD_R202626408
CD_I1010686,11,MEDIUM_DEFENDER,"https://s.afl.com.au/staticfile/AFL Tenant/AFL/Players/ChampIDImages/AFLW/2026264/1010686.png?im=Scale,width=0.6,height=0.6",Elle,Bennetts,CD_T7387,WB,Western Bulldogs,Bulldogs,8,84.19999999999993,0,0,0,0,0,0,1,0,4,0,0,2,11,33,6,3,0,0,0,100,0,0,4,4,0,0,2,0,3,1,1,7,0,0,0,217,2,4,0,0,0,0,2,0,0,2,1,1,0,1,8,1,4,2026-10-04,data//AFLW_2026-10-04.csv,0,NA,0.5,0.5454545454545454,3,0.42857142857142855,0.75,NA,NA,1.75,0.25,1,0,0,1,CD_M20262640804,8,2026-10-03,St Kilda,CD_R202626408
CD_I1010688,35,MEDIUM_FORWARD,"https://s.afl.com.au/staticfile/AFL Tenant/AFL/Players/ChampIDImages/AFLW/2026264/1010688.png?im=Scale,width=0.6,height=0.6",Maddie,Shevlin,CD_T8788,RICH,Richmond,Richmond,4,66.39999999999998,1,0,0,0,0,0,0,0,2,1,0,9,6,23,2,2,0,0,0,0,0,0,2,0,0,0,1,0,1,0,0,6,0,0,0,159,3,14,0,0,1,0,2,0,1,1,0,1,0,0,6,1,4,2026-10-04,data//AFLW_2026-10-04.csv,NA,0,0.3333333333333333,0.3333333333333333,0,0.3333333333333333,NA,NA,NA,Inf,0.07142857142857142,NA,0,0,0,CD_M20262640802,8,2026-10-02,Geelong Cats,CD_R202626408
CD_I1010690,8,KEY_FORWARD,"https://s.afl.com.au/staticfile/AFL Tenant/AFL/Players/ChampIDImages/AFLW/2026264/1010690.png?im=Scale,width=0.6,height=0.6",Bonnie,Toogood,CD_T9406,ESS,Essendon,Bombers,8,92.39999999999998,2,0,0,0,3,0,0,3,7,3,3,3,15,70,10,7,1,2,0,34.8,0,1,4,5,0,0,0,0,2,0,0,10,8,4,4,201,1,6,0,0,0,0,7,0,3,1,0,1,1,0,15,5,8,2026-10-04,data//AFLW_2026-10-04.csv,NA,1,0.4666666666666667,0.6666666666666666,3,0.7,0.6,NA,NA,2,0.16666666666666666,NA,0,0,0,CD_M20262640803,8,2026-10-03,GWS GIANTS,CD_R202626408
CD_I1011057,25,MIDFIELDER,"https://s.afl.com.au/staticfile/AFL Tenant/AFL/Players/ChampIDImages/AFLW/2026264/1011057.png?im=Scale,width=0.6,height=0.6",Teah,Charlton,CD_T8098,ADEL,Adelaide Crows,Crows,8,73,0,1,6,0,4,0,0,0,7,0,0,9,16,75,9,8,0,2,3,60,0,1,2,5,0,0,4,0,3,0,0,11,3,1,1,313,1,17,0,0,1,0,3,0,1,0,2,5,0,2,17,4,10,2026-10-04,data//AFLW_2026-10-04.csv,NA,NA,0.4117647058823529,0.5625,1,0.7272727272727273,0.2,NA,NA,2.2,0.29411764705882354,NA,0,0.5454545454545454,0,CD_M20262640806,8,2026-10-03,Port Adelaide,CD_R202626408
CD_I1011062,28,MEDIUM_DEFENDER,"https://s.afl.com.au/staticfile/AFL Tenant/AFL/Players/ChampIDImages/AFLW/2026264/1011062.png?im=Scale,width=0.6,height=0.6",Cheyenne,Hammond,CD_T9409,PORT,Port Adelaide,Power,8,84.30000000000007,0,0,0,0,2,0,0,0,2,0,0,8,9,42,4,3,0,1,1,0,0,0,1,2,0,0,1,0,3,0,0,7,1,0,0,159,0,11,0,0,3,0,0,0,0,0,2,4,0,2,6,4,4,2026-10-04,data//AFLW_2026-10-04.csv,NA,NA,0.3333333333333333,0.4444444444444444,1,0.42857142857142855,0.5,NA,NA,3.5,0.36363636363636365,NA,0,0,0,CD_M20262640806,8,2026-10-03,Adelaide Crows,CD_R202626408
CD_I1011069,6,MEDIUM_FORWARD,"https://s.afl.com.au/staticfile/AFL Tenant/AFL/Players/ChampIDImages/AFLW/2026264/1011069.png?im=Scale,width=0.6,height=0.6",Hannah,Munyard,CD_T8098,ADEL,Adelaide Crows,Crows,8,59.299999999999955,0,0,0,0,2,0,0,0,4,0,0,2,5,16,1,1,4,1,0,50,0,0,4,3,0,0,1,0,0,0,0,2,1,0,0,80,0,5,0,0,0,0,1,0,0,0,1,1,0,1,6,1,2,2026-10-04,data//AFLW_2026-10-04.csv,NA,NA,0.6666666666666666,0.2,0,0.5,0,NA,NA,0.6666666666666666,0.2,NA,0,0,0,CD_M20262640806,8,2026-10-03,Port Adelaide,CD_R202626408
CD_I1011080,12,KEY_DEFENDER,"https://s.afl.com.au/staticfile/AFL Tenant/AFL/Players/ChampIDImages/AFLW/2026264/1011080.png?im=Scale,width=0.6,height=0.6",Chelsea,Biddell,CD_T8098,ADEL,Adelaide Crows,Crows,8,99.70000000000005,1,0,0,0,6,1,2,0,6,0,0,3,21,61,12,8,0,4,0,0,0,0,6,8,0,0,3,0,7,3,3,13,3,0,0,385,3,5,0,0,3,0,1,0,1,3,0,2,0,0,17,4,11,2026-10-04,data//AFLW_2026-10-04.csv,0.5,NA,0.35294117647058826,0.5714285714285714,4,0.6153846153846154,0.5,NA,NA,1.625,0.4,1,0,0,0.5,CD_M20262640806,8,2026-10-03,Port Adelaide,CD_R202626408
CD_I1011095,17,MIDFIELDER,"https://s.afl.com.au/staticfile/AFL Tenant/AFL/Players/ChampIDImages/AFLW/2026264/1011095.png?im=Scale,width=0.6,height=0.6",Madison,Newman,CD_T8098,ADEL,Adelaide Crows,Crows,8,75.09999999999991,0,0,0,0,2,0,0,0,5,0,0,4,14,54,8,4,0,0,0,44.4,0,0,5,6,0,0,1,0,4,0,0,8,2,0,0,125,2,8,0,0,1,0,1,0,0,2,0,3,0,0,13,1,8,2026-10-04,data//AFLW_2026-10-04.csv,NA,NA,0.38461538461538464,0.5714285714285714,4,0.5,0.6666666666666666,NA,NA,1.3333333333333333,0.375,NA,0,0,0,CD_M20262640806,8,2026-10-03,Port Adelaide,CD_R202626408
CD_I1012236,5,MIDFIELDER,"https://s.afl.com.au/staticfile/AFL Tenant/AFL/Players/ChampIDImages/AFLW/2026264/1012236.png?im=Scale,width=0.6,height=0.6",Sarah,Verrier,CD_T7886,FRE,Fremantle,Freo,8,73.39999999999998,0,3,0,0,0,0,0,0,3,0,0,4,13,46,8,6,0,0,0,100,0,0,3,4,0,0,0,0,2,4,4,9,1,0,0,299,0,4,0,0,6,0,0,0,0,0,1,2,0,1,8,3,5,2026-10-04,data//AFLW_2026-10-04.csv,NA,NA,0.375,0.6153846153846154,2,0.6666666666666666,0.5,NA,NA,2.25,0.5,1,0,0,0.4444444444444444,CD_M20262640809,8,2026-10-04,West Coast Eagles,CD_R202626408
CD_I1012241,5,MIDFIELDER,"https://s.afl.com.au/staticfile/AFL Tenant/AFL/Players/ChampIDImages/AFLW/2026264/1012241.png?im=Scale,width=0.6,height=0.6",Abbey,Dowrick,CD_T9409,PORT,Port Adelaide,Power,8,74.70000000000005,1,0,8,3,4,0,0,0,22,0,0,7,24,98,15,5,4,2,0,40,1,1,13,13,0,0,2,0,5,0,0,11,2,0,0,324,1,16,0,0,1,1,5,0,2,0,8,8,2,11,27,6,5,2026-10-04,data//AFLW_2026-10-04.csv,NA,NA,0.8148148148148148,0.625,10,0.45454545454545453,0.7692307692307693,0,0,0.8461538461538461,0.5,NA,0.016129032258064516,0.7272727272727273,0,CD_M20262640806,8,2026-10-03,Adelaide Crows,CD_R202626408
CD_I1012253,17,MEDIUM_FORWARD,"https://s.afl.com.au/staticfile/AFL Tenant/AFL/Players/ChampIDImages/AFLW/2026264/1012253.png?im=Scale,width=0.6,height=0.6",Jasmin,Stewart,CD_T8467,GEEL,Geelong Cats,Cats,3,62.699999999999974,0,0,0,0,2,0,0,0,3,1,1,1,9,54,7,4,1,1,2,100,0,1,1,3,0,0,2,0,1,0,0,6,3,1,0,115,0,5,0,0,0,0,2,0,1,0,1,4,2,1,8,2,5,2026-10-04,data//AFLW_2026-10-04.csv,NA,1,0.375,0.7777777777777778,3,0.6666666666666666,1,NA,NA,2,0.8,NA,0,0,0,CD_M20262640802,8,2026-10-02,Richmond,CD_R202626408
CD_I1012259,18,MIDFIELDER,"https://s.afl.com.au/staticfile/AFL Tenant/AFL/Players/ChampIDImages/AFLW/2026264/1012259.png?im=Scale,width=0.6,height=0.6",Jaide,Britton,CD_T8787,WCE,West Coast Eagles,Eagles,8,85.79999999999995,0,0,0,0,4,0,0,0,4,0,0,7,14,50,8,6,1,3,0,50,0,0,3,3,0,0,1,0,6,0,0,11,4,0,0,234,2,14,0,0,1,0,1,0,0,1,0,2,0,0,16,4,12,2026-10-04,data//AFLW_2026-10-04.csv,NA,NA,0.25,0.5714285714285714,2,0.5454545454545454,0.6666666666666666,NA,NA,3.6666666666666665,0.14285714285714285,NA,0,0,0,CD_M20262640809,8,2026-10-04,Fremantle,CD_R202626408
CD_I1012558,9,MEDIUM_FORWARD,"https://s.afl.com.au/staticfile/AFL Tenant/AFL/Players/ChampIDImages/AFLW/2026264/1012558.png?im=Scale,width=0.6,height=0.6",Brooke,Walker,CD_T9406,ESS,Essendon,Bombers,3,46.49999999999997,1,1,0,0,3,0,0,0,0,0,0,3,9,41,3,3,0,0,0,0,0,0,0,0,0,0,2,0,0,0,0,9,3,1,0,194,2,6,0,0,1,0,4,0,1,1,0,1,1,0,8,3,8,2026-10-04,data//AFLW_2026-10-04.csv,NA,NA,0,0.3333333333333333,0,0.3333333333333333,NA,NA,NA,Inf,0.16666666666666666,NA,0,0,0,CD_M20262640803,8,2026-10-03,GWS GIANTS,CD_R202626408
CD_I1012560,16,MEDIUM_DEFENDER,"https://s.afl.com.au/staticfile/AFL Tenant/AFL/Players/ChampIDImages/AFLW/2026264/1012560.png?im=Scale,width=0.6,height=0.6",Chantel,Emonson,CD_T8467,GEEL,Geelong Cats,Cats,8,99.10000000000002,1,0,0,0,2,0,0,0,3,0,0,5,15,56,11,7,0,0,0,0,0,0,3,4,0,0,3,0,3,2,2,11,2,0,0,306,2,5,0,0,1,0,2,0,1,2,0,2,0,0,13,4,10,2026-10-04,data//AFLW_2026-10-04.csv,NA,NA,0.23076923076923078,0.7333333333333333,4,0.6363636363636364,1,NA,NA,2.75,0.4,1,0,0,1,CD_M20262640802,8,2026-10-02,Richmond,CD_R202626408
CD_I1012575,12,MEDIUM_DEFENDER,"https://s.afl.com.au/staticfile/AFL Tenant/AFL/Players/ChampIDImages/AFLW/2026264/1012575.png?im=Scale,width=0.6,height=0.6",Casey,Sherriff,CD_T9407,HAW,Hawthorn,Hawks,8,82.60000000000002,0,0,0,1,1,0,1,0,4,0,0,11,9,47,9,9,1,1,0,0,0,0,4,0,0,0,2,0,4,3,3,9,1,0,0,219,1,15,0,0,3,0,1,0,0,1,1,5,0,2,6,4,2,2026-10-04,data//AFLW_2026-10-04.csv,0,NA,0.6666666666666666,1,0,1,NA,NA,NA,Inf,0.3333333333333333,1,0,0,0.5,CD_M20262640801,8,2026-10-01,Carlton,CD_R202626408
CD_I1012580,24,KEY_FORWARD,"https://s.afl.com.au/staticfile/AFL Tenant/AFL/Players/ChampIDImages/AFLW/2026264/1012580.png?im=Scale,width=0.6,height=0.6",Sophie,Alexander,CD_T9406,ESS,Essendon,Bombers,5,60.80000000000001,0,0,0,0,1,0,0,0,3,0,0,1,9,25,4,0,0,0,0,71.4,0,0,2,5,0,0,1,0,0,0,0,4,1,0,0,86,2,4,0,0,0,0,3,0,0,0,0,0,0,0,8,2,5,2026-10-04,data//AFLW_2026-10-04.csv,NA,NA,0.375,0.4444444444444444,4,0,0.8,NA,NA,0.8,0,NA,0,0,0,CD_M20262640803,8,2026-10-03,GWS GIANTS,CD_R202626408
CD_I1012595,32,MEDIUM_DEFENDER,"https://s.afl.com.au/staticfile/AFL Tenant/AFL/Players/ChampIDImages/AFLW/2026264/1012595.png?im=Scale,width=0.6,height=0.6",Vaomua,Laloifi,CD_T7387,WB,Western Bulldogs,Bulldogs,8,92.50000000000011,0,0,0,0,3,0,1,0,5,0,0,0,7,33,2,1,0,0,0,0,0,0,4,2,0,0,1,0,8,0,0,5,2,0,0,112,4,3,0,0,1,0,0,0,0,3,0,2,0,0,7,3,2,2026-10-04,data//AFLW_2026-10-04.csv,0,NA,0.7142857142857143,0.2857142857142857,1,0.2,0.5,NA,NA,2.5,0.6666666666666666,NA,0,0,0,CD_M20262640804,8,2026-10-03,St Kilda,CD_R202626408
CD_I1012637,21,MIDFIELDER,"https://s.afl.com.au/staticfile/AFL Tenant/AFL/Players/ChampIDImages/AFLW/2026264/1012637.png?im=Scale,width=0.6,height=0.6",Mikala,Cann,CD_T7387,WB,Western Bulldogs,Bulldogs,8,70.80000000000007,2,0,5,1,3,0,0,0,10,1,1,2,19,70,9,1,2,1,4,16.7,0,0,5,12,0,0,0,0,1,0,0,7,2,0,0,143,0,12,0,0,1,0,2,0,2,0,1,4,2,2,19,4,9,2026-10-04,data//AFLW_2026-10-04.csv,NA,1,0.5263157894736842,0.47368421052631576,8,0.14285714285714285,0.6666666666666666,NA,NA,0.5833333333333334,0.3333333333333333,NA,0,0.7142857142857143,0,CD_M20262640804,8,2026-10-03,St Kilda,CD_R202626408
CD_I1012640,6,MEDIUM_FORWARD,"https://s.afl.com.au/staticfile/AFL Tenant/AFL/Players/ChampIDImages/AFLW/2026264/1012640.png?im=Scale,width=0.6,height=0.6",Julia,Crockett-Grills,CD_T8467,GEEL,Geelong Cats,Cats,8,69.60000000000002,1,0,0,0,4,0,0,0,2,0,0,1,14,47,8,5,1,2,1,70,0,0,1,3,0,0,2,0,2,0,0,11,4,1,1,251,1,4,0,0,0,0,4,0,1,1,1,0,0,1,14,4,12,2026-10-04,data//AFLW_2026-10-04.csv,NA,NA,0.14285714285714285,0.5714285714285714,3,0.45454545454545453,1,NA,NA,3.6666666666666665,0,NA,0,0,0,CD_M20262640802,8,2026-10-02,Richmond,CD_R202626408
CD_I1012662,36,MIDFIELDER,"https://s.afl.com.au/staticfile/AFL Tenant/AFL/Players/ChampIDImages/AFLW/2026264/1012662.png?im=Scale,width=0.6,height=0.6",Airlie,Runnalls,CD_T8097,COLL,Collingwood,Magpies,8,86,0,0,1,1,3,0,0,0,7,0,0,9,20,81,13,4,1,1,1,100,0,0,5,13,0,0,2,0,3,0,0,7,4,0,0,85,2,18,0,0,0,0,3,0,0,0,1,6,1,2,22,4,15,2026-10-04,data//AFLW_2026-10-04.csv,NA,NA,0.3181818181818182,0.65,9,0.5714285714285714,0.6923076923076923,NA,NA,0.5384615384615384,0.3333333333333333,NA,0,0.08333333333333333,0,CD_M20262640808,8,2026-10-04,Melbourne,CD_R202626408
CD_I1012668,9,KEY_FORWARD,"https://s.afl.com.au/staticfile/AFL Tenant/AFL/Players/ChampIDImages/AFLW/2026264/1012668.png?im=Scale,width=0.6,height=0.6",Caitlin,Greiser,CD_T8788,RICH,Richmond,Richmond,7,99.39999999999998,1,0,0,0,5,0,0,1,2,3,1,6,9,44,3,2,0,0,0,23.1,0,0,1,3,0,0,2,0,0,0,0,6,5,2,3,165,2,8,0,0,0,0,3,0,3,0,0,1,0,0,9,3,7,2026-10-04,data//AFLW_2026-10-04.csv,NA,0.3333333333333333,0.2222222222222222,0.3333333333333333,1,0.3333333333333333,0.3333333333333333,NA,NA,2,0.125,NA,0,0,0,CD_M20262640802,8,2026-10-02,Geelong Cats,CD_R202626408
CD_I1012694,33,RUCK,"https://s.afl.com.au/staticfile/AFL Tenant/AFL/Players/ChampIDImages/AFLW/2026264/1012694.png?im=Scale,width=0.6,height=0.6",Alice,Edmonds,CD_T7387,WB,Western Bulldogs,Bulldogs,7,89.99999999999989,1,0,5,1,7,0,2,0,11,6,2,4,19,87,13,2,3,4,2,0,0,0,9,14,29,5,4,0,4,0,0,5,0,0,0,94,3,12,0,0,0,47,5,0,1,2,1,6,1,2,19,4,8,2026-10-04,data//AFLW_2026-10-04.csv,0,0.3333333333333333,0.5789473684210527,0.6842105263157895,11,0.4,0.7857142857142857,0.6170212765957447,0.10638297872340426,0.35714285714285715,0.5,NA,0.746031746031746,0.7142857142857143,0,CD_M20262640804,8,2026-10-03,St Kilda,CD_R202626408
CD_I1012700,20,MEDIUM_DEFENDER,"https://s.afl.com.au/staticfile/AFL Tenant/AFL/Players/ChampIDImages/AFLW/2026264/1012700.png?im=Scale,width=0.6,height=0.6",Beth,Lynch,CD_T8788,RICH,Richmond,Richmond,8,79.60000000000002,0,0,0,0,3,0,0,0,6,0,0,5,11,36,6,1,0,1,2,0,0,0,4,7,0,0,1,0,3,0,0,4,1,0,0,142,2,6,0,0,0,0,0,0,0,1,0,2,0,0,12,4,6,2026-10-04,data//AFLW_2026-10-04.csv,NA,NA,0.5,0.5454545454545454,5,0.25,0.7142857142857143,NA,NA,0.5714285714285714,0.3333333333333333,NA,0,0,0,CD_M20262640802,8,2026-10-02,Geelong Cats,CD_R202626408
CD_I1012987,12,MEDIUM_DEFENDER,"https://s.afl.com.au/staticfile/AFL Tenant/AFL/Players/ChampIDImages/AFLW/2026264/1012987.png?im=Scale,width=0.6,height=0.6",Serene,Watson,CD_T8796,STK,St Kilda,St Kilda,8,88.19999999999993,0,2,0,0,6,0,0,0,7,0,0,7,18,62,15,12,0,3,1,0,0,0,3,5,0,0,1,0,3,8,8,13,3,0,0,398,2,8,0,0,7,0,0,0,0,0,3,3,0,3,13,3,6,2026-10-04,data//AFLW_2026-10-04.csv,NA,NA,0.5384615384615384,0.8333333333333334,3,0.9230769230769231,0.6,NA,NA,2.6,0.375,1,0,0,0.6153846153846154,CD_M20262640804,8,2026-10-03,Western Bulldogs,CD_R202626408
CD_I1012989,3,KEY_FORWARD,"https://s.afl.com.au/staticfile/AFL Tenant/AFL/Players/ChampIDImages/AFLW/2026264/1012989.png?im=Scale,width=0.6,height=0.6",Taylor,Smith,CD_T9408,SYD,Sydney Swans,Swans,6,98.20000000000005,0,0,10,1,5,0,1,0,7,2,0,4,13,58,6,3,1,1,1,63.6,0,0,6,6,9,1,1,0,3,0,0,7,2,0,0,135,5,10,0,0,0,20,0,0,0,4,0,3,0,1,13,6,6,2026-10-04,data//AFLW_2026-10-04.csv,0,0,0.5384615384615384,0.46153846153846156,3,0.42857142857142855,0.5,0.45,0.05,1.1666666666666667,0.3,NA,0.4166666666666667,0.625,0,CD_M20262640807,8,2026-10-04,North Melbourne,CD_R202626408
CD_I1012994,22,KEY_FORWARD,"https://s.afl.com.au/staticfile/AFL Tenant/AFL/Players/ChampIDImages/AFLW/2026264/1012994.png?im=Scale,width=0.6,height=0.6",Bella,Smith,CD_T7886,FRE,Fremantle,Freo,8,63.000000000000114,0,0,1,0,0,0,0,2,3,3,1,0,5,36,4,4,0,0,0,50,0,0,0,0,1,0,1,0,1,0,0,5,4,0,0,81,1,3,0,0,0,5,0,0,0,0,1,2,2,1,6,1,3,2026-10-04,data//AFLW_2026-10-04.csv,NA,0.3333333333333333,0.5,0.8,0,0.8,NA,0.2,0,Inf,0.6666666666666666,NA,0.09615384615384616,0.08333333333333333,0,CD_M20262640809,8,2026-10-04,West Coast Eagles,CD_R202626408
CD_I1013015,24,MEDIUM_DEFENDER,"https://s.afl.com.au/staticfile/AFL Tenant/AFL/Players/ChampIDImages/AFLW/2026264/1013015.png?im=Scale,width=0.6,height=0.6",Tamara,Smith,CD_T9407,HAW,Hawthorn,Hawks,8,81.20000000000005,0,0,0,0,5,1,2,1,5,0,0,8,10,61,3,2,0,1,0,0,0,0,4,1,0,0,0,0,8,0,0,9,1,0,0,184,2,11,0,0,2,0,1,0,0,2,0,8,0,0,8,4,3,2026-10-04,data//AFLW_2026-10-04.csv,0.5,NA,0.625,0.3,1,0.2222222222222222,1,NA,NA,9,0.7272727272727273,NA,0,0,0,CD_M20262640801,8,2026-10-01,Carlton,CD_R202626408
CD_I1013017,1,MIDFIELDER_FORWARD,"https://s.afl.com.au/staticfile/AFL Tenant/AFL/Players/ChampIDImages/AFLW/2026264/1013017.png?im=Scale,width=0.6,height=0.6",Molly,McDonald,CD_T8796,STK,St Kilda,St Kilda,5,72.89999999999998,0,0,0,0,5,0,0,1,5,0,0,5,10,24,3,0,0,1,0,0,0,0,4,6,0,0,2,0,4,0,0,4,1,1,0,147,1,9,0,0,1,0,0,0,0,1,0,0,0,0,9,5,4,2026-10-04,data//AFLW_2026-10-04.csv,NA,NA,0.5555555555555556,0.3,3,0,0.5,NA,NA,0.6666666666666666,0,NA,0,0,0,CD_M20262640804,8,2026-10-03,Western Bulldogs,CD_R202626408
CD_I1013026,17,MEDIUM_DEFENDER,"https://s.afl.com.au/staticfile/AFL Tenant/AFL/Players/ChampIDImages/AFLW/2026264/1013026.png?im=Scale,width=0.6,height=0.6",Elisabeth,Georgostathis,CD_T7387,WB,Western Bulldogs,Bulldogs,6,74.59999999999997,0,0,0,0,1,0,0,0,4,0,0,3,11,49,9,7,0,0,2,100,0,0,1,2,0,0,2,0,4,0,0,9,0,0,0,216,0,8,0,0,2,0,1,0,0,0,1,4,0,1,8,3,4,2026-10-04,data//AFLW_2026-10-04.csv,NA,NA,0.5,0.8181818181818182,2,0.7777777777777778,1,NA,NA,4.5,0.5,NA,0,0,0,CD_M20262640804,8,2026-10-03,St Kilda,CD_R202626408
CD_I1013027,5,MIDFIELDER,"https://s.afl.com.au/staticfile/AFL Tenant/AFL/Players/ChampIDImages/AFLW/2026264/1013027.png?im=Scale,width=0.6,height=0.6",Abbie,McKay,CD_T8096,CARL,Carlton,Blues,8,90.39999999999998,0,0,9,1,2,0,0,0,13,0,0,14,34,116,16,11,1,1,2,50,0,0,9,10,0,0,5,0,5,0,0,24,3,0,0,485,0,17,0,0,6,0,2,0,0,0,6,4,0,7,29,11,16,2026-10-04,data//AFLW_2026-10-04.csv,NA,NA,0.4482758620689655,0.47058823529411764,5,0.4583333333333333,0.5,NA,NA,2.4,0.23529411764705882,NA,0,0.75,0,CD_M20262640801,8,2026-10-01,Hawthorn,CD_R202626408
CD_I1013442,20,MEDIUM_DEFENDER,"https://s.afl.com.au/staticfile/AFL Tenant/AFL/Players/ChampIDImages/AFLW/2026264/1013442.png?im=Scale,width=0.6,height=0.6",Jasmine,Ferguson,CD_T8466,NMFC,North Melbourne,Kangaroos,8,100,0,0,0,0,1,0,1,0,1,0,0,4,9,32,8,3,0,1,0,0,0,0,1,6,0,0,0,0,2,0,0,3,2,0,0,6,3,5,0,0,0,0,0,0,0,2,0,2,0,0,9,1,8,2026-10-04,data//AFLW_2026-10-04.csv,0,NA,0.1111111111111111,0.8888888888888888,5,1,0.8333333333333334,NA,NA,0.5,0.4,NA,0,0,0,CD_M20262640807,8,2026-10-04,Sydney Swans,CD_R202626408
CD_I1013522,5,MIDFIELDER,"https://s.afl.com.au/staticfile/AFL Tenant/AFL/Players/ChampIDImages/AFLW/2026264/1013522.png?im=Scale,width=0.6,height=0.6",Georgia,Nanscawen,CD_T9406,ESS,Essendon,Bombers,8,73.70000000000005,0,0,7,0,1,0,0,0,5,1,0,14,12,63,9,5,1,0,1,0,1,0,4,5,0,0,1,0,2,0,0,7,1,0,0,96,0,25,0,0,2,0,4,0,0,0,2,7,1,2,12,1,7,2026-10-04,data//AFLW_2026-10-04.csv,NA,0,0.4166666666666667,0.75,4,0.7142857142857143,0.8,NA,NA,1.4,0.28,NA,0,0.4666666666666667,0,CD_M20262640803,8,2026-10-03,GWS GIANTS,CD_R202626408
CD_I1013706,7,MEDIUM_DEFENDER,"https://s.afl.com.au/staticfile/AFL Tenant/AFL/Players/ChampIDImages/AFLW/2026264/1013706.png?im=Scale,width=0.6,height=0.6",Sarah,Rowe,CD_T8097,COLL,Collingwood,Magpies,6,64.59999999999997,0,0,0,0,3,0,0,0,3,0,0,7,4,17,1,0,0,1,1,0,0,0,2,1,0,0,0,0,1,0,0,3,0,0,0,27,1,9,0,0,0,0,0,0,0,1,1,2,0,1,5,3,2,2026-10-04,data//AFLW_2026-10-04.csv,NA,NA,0.6,0.25,1,0,1,NA,NA,3,0.2222222222222222,NA,0,0,0,CD_M20262640808,8,2026-10-04,Melbourne,CD_R202626408
CD_I1013937,4,MIDFIELDER,"https://s.afl.com.au/staticfile/AFL Tenant/AFL/Players/ChampIDImages/AFLW/2026264/1013937.png?im=Scale,width=0.6,height=0.6",Angelique,Stannett,CD_T7886,FRE,Fremantle,Freo,8,68.89999999999998,1,0,2,0,5,1,1,0,4,0,0,4,9,37,2,1,1,1,1,25,0,0,3,2,0,0,0,0,2,0,0,7,3,1,1,139,2,7,0,0,2,0,1,0,1,1,0,1,0,0,10,6,6,2026-10-04,data//AFLW_2026-10-04.csv,1,NA,0.4,0.2222222222222222,1,0.14285714285714285,0.5,NA,NA,3.5,0.14285714285714285,NA,0,0.16666666666666666,0,CD_M20262640809,8,2026-10-04,West Coast Eagles,CD_R202626408
CD_I1013943,24,MEDIUM_DEFENDER,"https://s.afl.com.au/staticfile/AFL Tenant/AFL/Players/ChampIDImages/AFLW/2026264/1013943.png?im=Scale,width=0.6,height=0.6",Tessa,Boyd,CD_T8466,NMFC,North Melbourne,Kangaroos,3,71.6,0,0,0,0,1,0,1,1,1,0,0,3,9,37,7,5,0,0,0,0,0,0,0,2,0,0,0,0,2,1,1,7,4,0,1,133,1,3,0,0,1,0,4,0,0,1,0,0,0,0,8,1,7,2026-10-04,data//AFLW_2026-10-04.csv,0,NA,0.125,0.7777777777777778,2,0.7142857142857143,1,NA,NA,3.5,0,1,0,0,0.25,CD_M20262640807,8,2026-10-04,Sydney Swans,CD_R202626408
CD_I1014034,7,MIDFIELDER,"https://s.afl.com.au/staticfile/AFL Tenant/AFL/Players/ChampIDImages/AFLW/2026264/1014034.png?im=Scale,width=0.6,height=0.6",Aisling,McCarthy,CD_T7886,FRE,Fremantle,Freo,6,79,0,0,4,2,3,0,0,0,13,0,0,6,28,119,21,11,3,1,2,28.6,0,1,9,11,0,0,4,0,6,0,0,17,7,1,0,393,1,12,0,0,2,0,5,0,1,0,1,5,0,3,30,8,17,2026-10-04,data//AFLW_2026-10-04.csv,NA,NA,0.43333333333333335,0.75,10,0.6470588235294118,0.9090909090909091,NA,NA,1.5454545454545454,0.4166666666666667,NA,0,0.3333333333333333,0,CD_M20262640809,8,2026-10-04,West Coast Eagles,CD_R202626408
CD_I1014359,31,MIDFIELDER,"https://s.afl.com.au/staticfile/AFL Tenant/AFL/Players/ChampIDImages/AFLW/2026264/1014359.png?im=Scale,width=0.6,height=0.6",Laura,Gardiner,CD_T9408,SYD,Sydney Swans,Swans,8,92.20000000000005,0,0,9,0,7,0,0,0,14,0,0,14,30,115,19,7,0,1,3,50,0,0,10,14,0,0,3,0,7,0,0,16,5,0,0,273,1,24,0,0,5,0,1,0,0,0,2,6,0,2,32,13,18,2026-10-04,data//AFLW_2026-10-04.csv,NA,NA,0.4375,0.6333333333333333,12,0.4375,0.8571428571428571,NA,NA,1.1428571428571428,0.25,NA,0,0.5625,0,CD_M20262640807,8,2026-10-04,North Melbourne,CD_R202626408
CD_I1014367,6,MIDFIELDER,"https://s.afl.com.au/staticfile/AFL Tenant/AFL/Players/ChampIDImages/AFLW/2026264/1014367.png?im=Scale,width=0.6,height=0.6",Alyssa,Bannan,CD_T7386,MELB,Melbourne,Demons,8,73.19999999999993,0,0,7,1,3,0,0,1,10,0,0,9,15,65,9,5,0,1,0,20,0,0,6,6,0,0,1,0,2,0,0,9,3,2,0,140,1,22,0,0,0,0,2,0,1,1,3,5,1,4,16,4,6,2026-10-04,data//AFLW_2026-10-04.csv,NA,NA,0.625,0.6,4,0.5555555555555556,0.6666666666666666,NA,NA,1.5,0.22727272727272727,NA,0,0.5833333333333334,0,CD_M20262640808,8,2026-10-04,Collingwood,CD_R202626408
CD_I1014372,23,MIDFIELDER,"https://s.afl.com.au/staticfile/AFL Tenant/AFL/Players/ChampIDImages/AFLW/2026264/1014372.png?im=Scale,width=0.6,height=0.6",Jess,Fitzgerald,CD_T7387,WB,Western Bulldogs,Bulldogs,8,83,1,0,3,0,3,0,0,0,9,0,0,3,21,89,15,10,4,0,2,40,0,0,7,5,0,0,3,0,7,0,0,16,4,0,0,374,1,9,0,0,5,1,4,0,2,1,4,4,1,4,20,4,11,2026-10-04,data//AFLW_2026-10-04.csv,NA,NA,0.45,0.7142857142857143,5,0.625,1,0,0,3.2,0.4444444444444444,NA,0.015873015873015872,0.42857142857142855,0,CD_M20262640804,8,2026-10-03,St Kilda,CD_R202626408
CD_I1014373,36,MEDIUM_DEFENDER,"https://s.afl.com.au/staticfile/AFL Tenant/AFL/Players/ChampIDImages/AFLW/2026264/1014373.png?im=Scale,width=0.6,height=0.6",Ciara,Fitzgerald,CD_T8096,CARL,Carlton,Blues,8,79.39999999999998,0,0,0,0,4,0,1,2,7,0,0,15,14,65,7,6,0,2,0,0,0,0,5,1,0,0,0,0,7,2,2,13,2,0,0,176,0,19,0,0,4,0,0,0,0,0,0,6,0,0,9,3,2,2026-10-04,data//AFLW_2026-10-04.csv,0,NA,0.7777777777777778,0.5,1,0.46153846153846156,1,NA,NA,13,0.3157894736842105,1,0,0,0.3333333333333333,CD_M20262640801,8,2026-10-01,Hawthorn,CD_R202626408
CD_I1014375,22,MIDFIELDER,"https://s.afl.com.au/staticfile/AFL Tenant/AFL/Players/ChampIDImages/AFLW/2026264/1014375.png?im=Scale,width=0.6,height=0.6",Ellie,McKenzie,CD_T8788,RICH,Richmond,Richmond,4,74.69999999999999,0,2,11,1,3,0,0,0,7,0,0,17,20,73,14,9,0,2,2,25,0,0,4,7,0,0,2,0,2,3,3,13,0,0,0,250,0,22,0,0,2,0,1,0,0,0,1,6,0,2,19,5,12,2026-10-04,data//AFLW_2026-10-04.csv,NA,NA,0.3684210526315789,0.7,5,0.6923076923076923,0.7142857142857143,NA,NA,1.8571428571428572,0.2727272727272727,1,0,0.8301886792452831,0.2727272727272727,CD_M20262640802,8,2026-10-02,Geelong Cats,CD_R202626408
CD_I1014599,1,KEY_FORWARD,"https://s.afl.com.au/staticfile/AFL Tenant/AFL/Players/ChampIDImages/AFLW/2026264/1014599.png?im=Scale,width=0.6,height=0.6",Caitlin,Gould,CD_T8098,ADEL,Adelaide Crows,Crows,8,93.60000000000002,0,0,4,0,1,0,1,1,6,4,0,1,10,60,5,3,3,0,1,41.2,0,1,4,4,9,2,1,0,2,0,0,6,2,1,0,66,1,5,0,0,1,24,2,0,1,1,1,3,2,1,8,1,2,2026-10-04,data//AFLW_2026-10-04.csv,0,0,0.75,0.5,2,0.5,0.5,0.375,0.08333333333333333,1.5,0.6,NA,0.3870967741935484,0.36363636363636365,0,CD_M20262640806,8,2026-10-03,Port Adelaide,CD_R202626408
CD_I1014781,2,MIDFIELDER_FORWARD,"https://s.afl.com.au/staticfile/AFL Tenant/AFL/Players/ChampIDImages/AFLW/2026264/1014781.png?im=Scale,width=0.6,height=0.6",Emelia,Yassir,CD_T8788,RICH,Richmond,Richmond,7,47.099999999999966,0,0,0,0,2,0,0,0,3,0,0,3,3,9,1,0,1,2,0,42.9,0,0,2,2,0,0,0,0,0,0,0,1,0,0,0,33,0,6,0,0,0,0,0,0,0,0,1,2,1,1,4,1,1,2026-10-04,data//AFLW_2026-10-04.csv,NA,NA,0.75,0.3333333333333333,1,0,0.5,NA,NA,0.5,0.3333333333333333,NA,0,0,0,CD_M20262640802,8,2026-10-02,Geelong Cats,CD_R202626408
CD_I1014793,17,KEY_DEFENDER,"https://s.afl.com.au/staticfile/AFL Tenant/AFL/Players/ChampIDImages/AFLW/2026264/1014793.png?im=Scale,width=0.6,height=0.6",Tahlia,Gillard,CD_T7386,MELB,Melbourne,Demons,8,99.39999999999998,0,0,0,0,3,0,2,1,4,0,0,5,17,65,14,9,0,0,0,0,0,0,3,5,0,0,1,0,6,5,5,12,5,0,0,270,7,6,0,0,6,0,2,0,0,7,0,1,0,0,11,4,7,2026-10-04,data//AFLW_2026-10-04.csv,0,NA,0.36363636363636365,0.8235294117647058,5,0.75,1,NA,NA,2.4,0.16666666666666666,1,0,0,0.5555555555555556,CD_M20262640808,8,2026-10-04,Collingwood,CD_R202626408
CD_I1014810,41,MIDFIELDER,"https://s.afl.com.au/staticfile/AFL Tenant/AFL/Players/ChampIDImages/AFLW/2026264/1014810.png?im=Scale,width=0.6,height=0.6",Georgie,Prespakis,CD_T8467,GEEL,Geelong Cats,Cats,8,84.20000000000005,0,0,11,2,5,0,1,0,15,0,0,1,28,74,18,5,5,3,2,20,1,0,13,15,0,0,6,0,7,0,0,13,0,0,0,333,0,6,0,0,1,0,8,0,0,0,6,3,1,8,29,4,14,2026-10-04,data//AFLW_2026-10-04.csv,0,NA,0.5172413793103449,0.6428571428571429,13,0.38461538461538464,0.8666666666666667,NA,NA,0.8666666666666667,0.5,NA,0,0.8461538461538461,0,CD_M20262640802,8,2026-10-02,Richmond,CD_R202626408
CD_I1014835,6,MIDFIELDER,"https://s.afl.com.au/staticfile/AFL Tenant/AFL/Players/ChampIDImages/AFLW/2026264/1014835.png?im=Scale,width=0.6,height=0.6",Tyanna,Smith,CD_T8796,STK,St Kilda,St Kilda,7,87.90000000000003,0,0,7,2,5,0,0,0,10,0,0,21,17,61,12,6,0,2,3,50,0,0,7,6,0,0,6,0,3,0,0,11,1,0,0,382,2,25,0,0,2,0,0,0,0,1,1,4,0,3,17,7,7,2026-10-04,data//AFLW_2026-10-04.csv,NA,NA,0.5882352941176471,0.7058823529411765,6,0.5454545454545454,1,NA,NA,1.8333333333333333,0.16,NA,0,1,0,CD_M20262640804,8,2026-10-03,Western Bulldogs,CD_R202626408
CD_I1014841,22,MIDFIELDER,"https://s.afl.com.au/staticfile/AFL Tenant/AFL/Players/ChampIDImages/AFLW/2026264/1014841.png?im=Scale,width=0.6,height=0.6",Ashleigh,Richards,CD_T8796,STK,St Kilda,St Kilda,8,72.99999999999994,1,0,6,0,3,0,0,0,12,0,0,16,15,60,9,3,1,0,2,50,0,0,10,8,0,0,1,0,4,0,0,7,0,0,0,242,1,19,0,0,1,0,1,0,1,0,3,5,0,3,15,4,3,2026-10-04,data//AFLW_2026-10-04.csv,NA,NA,0.8,0.6,6,0.42857142857142855,0.75,NA,NA,0.875,0.2631578947368421,NA,0,0.8571428571428571,0,CD_M20262640804,8,2026-10-03,Western Bulldogs,CD_R202626408
CD_I1014869,11,MEDIUM_DEFENDER,"https://s.afl.com.au/staticfile/AFL Tenant/AFL/Players/ChampIDImages/AFLW/2026264/1014869.png?im=Scale,width=0.6,height=0.6",Jenna,Richardson,CD_T9407,HAW,Hawthorn,Hawks,8,100,0,0,0,0,6,1,5,0,10,0,0,10,15,59,6,4,0,1,0,100,0,0,9,7,0,0,2,0,14,0,0,8,4,0,0,303,6,12,0,0,4,0,1,0,0,5,1,3,0,1,15,6,5,2026-10-04,data//AFLW_2026-10-04.csv,0.2,NA,0.6666666666666666,0.4,2,0.5,0.2857142857142857,NA,NA,1.1428571428571428,0.25,NA,0,0,0,CD_M20262640801,8,2026-10-01,Carlton,CD_R202626408
CD_I1014882,16,KEY_DEFENDER,"https://s.afl.com.au/staticfile/AFL Tenant/AFL/Players/ChampIDImages/AFLW/2026264/1014882.png?im=Scale,width=0.6,height=0.6",Laura,McClelland,CD_T8788,RICH,Richmond,Richmond,8,59.200000000000045,0,0,0,0,4,0,4,0,3,0,0,5,10,30,8,4,0,2,0,0,0,0,3,4,0,0,0,0,7,0,0,6,2,0,0,157,3,5,0,0,2,0,0,0,0,2,0,1,0,0,7,3,4,2026-10-04,data//AFLW_2026-10-04.csv,0,NA,0.42857142857142855,0.8,4,0.6666666666666666,1,NA,NA,1.5,0.2,NA,0,0,0,CD_M20262640802,8,2026-10-02,Geelong Cats,CD_R202626408
CD_I1014904,24,MEDIUM_FORWARD,"https://s.afl.com.au/staticfile/AFL Tenant/AFL/Players/ChampIDImages/AFLW/2026264/1014904.png?im=Scale,width=0.6,height=0.6",Megan,Fitzsimon,CD_T7386,MELB,Melbourne,Demons,8,87.5,1,0,11,2,5,0,0,0,14,0,0,14,24,104,15,9,0,3,3,50,0,0,7,6,0,0,4,0,5,0,0,18,1,0,0,430,3,23,0,0,4,0,6,0,1,0,4,10,3,6,25,9,11,2026-10-04,data//AFLW_2026-10-04.csv,NA,NA,0.56,0.625,6,0.5,1,NA,NA,3,0.43478260869565216,NA,0,0.9166666666666666,0,CD_M20262640808,8,2026-10-04,Collingwood,CD_R202626408
CD_I1014917,15,MIDFIELDER,"https://s.afl.com.au/staticfile/AFL Tenant/AFL/Players/ChampIDImages/AFLW/2026264/1014917.png?im=Scale,width=0.6,height=0.6",Lily-Rose,Williamson,CD_T7887,BL,Brisbane Lions,Lions,7,54.599999999999966,0,0,2,0,1,0,0,0,1,1,0,7,5,36,3,3,0,0,0,0,0,0,1,0,0,0,2,0,0,0,0,5,3,0,1,91,1,12,0,0,1,0,0,0,0,0,0,3,0,0,5,1,4,2026-10-04,data//AFLW_2026-10-04.csv,NA,0,0.2,0.6,0,0.6,NA,NA,NA,Inf,0.25,NA,0,0.16666666666666666,0,CD_M20262640805,8,2026-10-03,Gold Coast SUNS,CD_R202626408
CD_I1014991,17,MEDIUM_FORWARD,"https://s.afl.com.au/staticfile/AFL Tenant/AFL/Players/ChampIDImages/AFLW/2026264/1014991.png?im=Scale,width=0.6,height=0.6",Keeley,Skepper,CD_T8787,WCE,West Coast Eagles,Eagles,8,66.89999999999998,2,0,0,0,0,0,0,0,5,0,0,5,7,57,3,3,3,0,0,46.2,0,2,5,1,0,0,0,0,0,0,0,6,1,0,1,85,0,13,0,0,0,0,4,0,4,0,1,5,4,1,7,0,2,2026-10-04,data//AFLW_2026-10-04.csv,NA,NA,0.7142857142857143,0.42857142857142855,0,0.5,0,NA,NA,6,0.38461538461538464,NA,0,0,0,CD_M20262640809,8,2026-10-04,Fremantle,CD_R202626408
CD_I1015012,7,RUCK,"https://s.afl.com.au/staticfile/AFL Tenant/AFL/Players/ChampIDImages/AFLW/2026264/1015012.png?im=Scale,width=0.6,height=0.6",Ally,Morphett,CD_T9408,SYD,Sydney Swans,Swans,7,3.300000000000068,0,0,2,0,0,0,0,0,0,0,0,0,0,3,0,0,0,0,0,0,0,0,0,0,3,0,0,0,0,0,0,0,0,0,0,0,0,0,0,0,0,4,0,0,0,0,0,0,0,0,0,0,0,2026-10-04,data//AFLW_2026-10-04.csv,NA,NA,NA,NA,0,NA,NA,0.75,0,NA,NA,NA,0.08333333333333333,0.125,0,CD_M20262640807,8,2026-10-04,North Melbourne,CD_R202626408
CD_I1015025,9,KEY_FORWARD,"https://s.afl.com.au/staticfile/AFL Tenant/AFL/Players/ChampIDImages/AFLW/2026264/1015025.png?im=Scale,width=0.6,height=0.6",Georgia,Gall,CD_T7386,MELB,Melbourne,Demons,8,57.60000000000002,2,0,0,0,3,0,0,0,1,3,0,1,7,49,2,2,0,1,0,60,0,1,1,1,0,0,2,0,1,0,0,6,4,3,0,107,0,4,0,0,0,8,3,0,3,0,0,3,1,0,6,3,5,2026-10-04,data//AFLW_2026-10-04.csv,NA,0,0.16666666666666666,0.2857142857142857,0,0.3333333333333333,0,0,0,6,0.75,NA,0.12698412698412698,0,0,CD_M20262640808,8,2026-10-04,Collingwood,CD_R202626408
CD_I1015029,13,MEDIUM_DEFENDER,"https://s.afl.com.au/staticfile/AFL Tenant/AFL/Players/ChampIDImages/AFLW/2026264/1015029.png?im=Scale,width=0.6,height=0.6",Maeve,Chaplin,CD_T7386,MELB,Melbourne,Demons,6,82.09999999999997,0,0,1,1,2,1,1,0,6,0,0,11,15,58,11,7,1,0,2,0,0,0,3,4,0,0,2,0,3,2,2,11,1,0,0,268,1,19,0,0,1,0,1,0,0,1,2,3,2,3,12,5,6,2026-10-04,data//AFLW_2026-10-04.csv,1,NA,0.5,0.7333333333333333,4,0.6363636363636364,1,NA,NA,2.75,0.15789473684210525,1,0,0.08333333333333333,0.2222222222222222,CD_M20262640808,8,2026-10-04,Collingwood,CD_R202626408
CD_I1015047,10,MIDFIELDER,"https://s.afl.com.au/staticfile/AFL Tenant/AFL/Players/ChampIDImages/AFLW/2026264/1015047.png?im=Scale,width=0.6,height=0.6",Mimi,Hill,CD_T8096,CARL,Carlton,Blues,8,92.29999999999995,0,0,6,0,3,0,0,0,14,0,0,13,24,74,13,5,1,1,1,28.6,0,0,12,12,0,0,1,0,5,0,0,12,0,0,0,251,2,19,0,0,4,0,2,0,0,0,3,4,0,3,25,4,11,2026-10-04,data//AFLW_2026-10-04.csv,NA,NA,0.56,0.5416666666666666,8,0.4166666666666667,0.6666666666666666,NA,NA,1,0.21052631578947367,NA,0,0.5,0,CD_M20262640801,8,2026-10-01,Hawthorn,CD_R202626408
CD_I1015060,27,MIDFIELDER_FORWARD,"https://s.afl.com.au/staticfile/AFL Tenant/AFL/Players/ChampIDImages/AFLW/2026264/1015060.png?im=Scale,width=0.6,height=0.6",Nicola,Xenos,CD_T8796,STK,St Kilda,St Kilda,1,81,0,0,0,0,3,0,0,0,1,1,0,9,2,15,0,0,0,2,0,0,0,0,1,1,0,0,1,0,0,0,0,1,0,0,0,14,1,19,0,0,0,0,0,0,0,0,0,4,1,0,2,3,1,2026-10-04,data//AFLW_2026-10-04.csv,NA,0,0.5,0,0,0,0,NA,NA,1,0.21052631578947367,NA,0,0,0,CD_M20262640804,8,2026-10-03,Western Bulldogs,CD_R202626408
CD_I1015068,8,MIDFIELDER,"https://s.afl.com.au/staticfile/AFL Tenant/AFL/Players/ChampIDImages/AFLW/2026264/1015068.png?im=Scale,width=0.6,height=0.6",Charlie,Rowbottom,CD_T8786,GCFC,Gold Coast SUNS,SUNS,8,90.29999999999995,2,0,11,2,6,0,0,1,20,0,0,6,36,130,19,8,6,1,1,40,0,1,11,17,0,0,4,0,2,0,0,19,3,0,1,367,0,20,0,0,1,0,6,0,4,0,7,6,4,9,37,6,17,2026-10-04,data//AFLW_2026-10-04.csv,NA,NA,0.5405405405405406,0.5277777777777778,11,0.42105263157894735,0.6470588235294118,NA,NA,1.1176470588235294,0.3,NA,0,0.9166666666666666,0,CD_M20262640805,8,2026-10-03,Brisbane Lions,CD_R202626408
CD_I1015070,2,MEDIUM_FORWARD,"https://s.afl.com.au/staticfile/AFL Tenant/AFL/Players/ChampIDImages/AFLW/2026264/1015070.png?im=Scale,width=0.6,height=0.6",Eliza,James,CD_T8097,COLL,Collingwood,Magpies,5,73.6,0,0,0,0,1,0,0,1,2,0,0,2,5,42,2,1,0,0,0,42.9,0,1,1,2,0,0,1,0,1,0,0,3,1,1,0,84,0,13,0,0,0,0,2,0,2,0,0,5,4,0,5,1,3,2026-10-04,data//AFLW_2026-10-04.csv,NA,NA,0.4,0.4,1,0.3333333333333333,0.5,NA,NA,1.5,0.38461538461538464,NA,0,0,0,CD_M20262640808,8,2026-10-04,Melbourne,CD_R202626408
CD_I1015091,15,MEDIUM_FORWARD,"https://s.afl.com.au/staticfile/AFL Tenant/AFL/Players/ChampIDImages/AFLW/2026264/1015091.png?im=Scale,width=0.6,height=0.6",Sarah,Hartwig,CD_T7387,WB,Western Bulldogs,Bulldogs,8,86.80000000000007,0,0,0,0,3,0,0,0,4,0,0,1,13,69,5,4,2,0,3,44.4,0,1,2,1,0,0,3,0,5,0,0,12,2,2,0,265,1,8,0,0,0,2,5,0,2,1,0,4,3,0,10,4,6,2026-10-04,data//AFLW_2026-10-04.csv,NA,NA,0.4,0.38461538461538464,1,0.3333333333333333,1,0,0,12,0.5,NA,0.031746031746031744,0,0,CD_M20262640804,8,2026-10-03,St Kilda,CD_R202626408
CD_I1015097,3,MIDFIELDER_FORWARD,"https://s.afl.com.au/staticfile/AFL Tenant/AFL/Players/ChampIDImages/AFLW/2026264/1015097.png?im=Scale,width=0.6,height=0.6",Bella,Eddey,CD_T8466,NMFC,North Melbourne,Kangaroos,7,71.2000000000001,0,0,1,0,2,0,0,0,3,1,0,1,10,52,7,4,1,0,0,83.3,1,1,3,5,0,0,1,0,1,0,0,5,3,1,0,152,0,6,0,0,0,0,5,0,1,0,1,3,2,1,10,4,7,2026-10-04,data//AFLW_2026-10-04.csv,NA,0,0.3,0.7,3,0.8,0.6,NA,NA,1,0.5,NA,0,0.0625,0,CD_M20262640807,8,2026-10-04,Sydney Swans,CD_R202626408
CD_I1015105,28,MEDIUM_DEFENDER,"https://s.afl.com.au/staticfile/AFL Tenant/AFL/Players/ChampIDImages/AFLW/2026264/1015105.png?im=Scale,width=0.6,height=0.6",Daisy,Walker,CD_T7889,GWS,GWS GIANTS,GIANTS,6,99.20000000000005,0,0,0,0,0,3,3,0,6,0,0,5,9,32,8,4,0,0,2,0,0,0,4,5,0,0,0,0,6,0,0,4,0,0,0,-7,0,10,0,0,1,0,1,0,0,0,0,2,0,0,8,1,2,2026-10-04,data//AFLW_2026-10-04.csv,1,NA,0.75,0.8888888888888888,4,1,0.8,NA,NA,0.8,0.2,NA,0,0,0,CD_M20262640803,8,2026-10-03,Essendon,CD_R202626408
CD_I1015124,19,MIDFIELDER,"https://s.afl.com.au/staticfile/AFL Tenant/AFL/Players/ChampIDImages/AFLW/2026264/1015124.png?im=Scale,width=0.6,height=0.6",Ruby,Tripodi,CD_T8466,NMFC,North Melbourne,Kangaroos,8,74.99999999999994,0,0,9,1,3,0,0,0,6,0,0,6,17,72,15,5,0,2,1,75,0,1,5,11,0,0,3,0,2,0,0,6,1,0,0,158,1,19,0,0,0,0,3,0,1,0,0,7,2,1,18,4,12,2026-10-04,data//AFLW_2026-10-04.csv,NA,NA,0.3333333333333333,0.8823529411764706,10,0.8333333333333334,0.9090909090909091,NA,NA,0.5454545454545454,0.3684210526315789,NA,0,0.5625,0,CD_M20262640807,8,2026-10-04,Sydney Swans,CD_R202626408
CD_I1015137,4,MIDFIELDER,"https://s.afl.com.au/staticfile/AFL Tenant/AFL/Players/ChampIDImages/AFLW/2026264/1015137.png?im=Scale,width=0.6,height=0.6",Isabelle,Pritchard,CD_T7387,WB,Western Bulldogs,Bulldogs,8,77.89999999999998,0,0,5,2,5,0,0,0,20,0,0,3,35,108,18,6,4,1,1,44.4,0,0,17,18,0,0,8,0,8,0,0,17,1,0,0,472,0,11,0,0,1,0,6,0,1,0,4,5,2,6,35,4,15,2026-10-04,data//AFLW_2026-10-04.csv,NA,NA,0.5714285714285714,0.5142857142857142,12,0.35294117647058826,0.6666666666666666,NA,NA,0.9444444444444444,0.45454545454545453,NA,0,0.7142857142857143,0,CD_M20262640804,8,2026-10-03,St Kilda,CD_R202626408
CD_I1015147,26,MIDFIELDER,"https://s.afl.com.au/staticfile/AFL Tenant/AFL/Players/ChampIDImages/AFLW/2026264/1015147.png?im=Scale,width=0.6,height=0.6",Charlotte,Baskaran,CD_T8796,STK,St Kilda,St Kilda,8,83.40000000000009,0,0,1,0,6,0,0,0,6,0,0,19,10,58,4,3,0,2,1,66.7,0,0,5,2,0,0,1,0,4,0,0,8,1,0,0,138,0,23,0,0,3,0,0,0,0,0,1,8,1,1,9,6,3,2026-10-04,data//AFLW_2026-10-04.csv,NA,NA,0.6666666666666666,0.4,1,0.375,0.5,NA,NA,4,0.34782608695652173,NA,0,0.14285714285714285,0,CD_M20262640804,8,2026-10-03,Western Bulldogs,CD_R202626408
CD_I1015152,18,MIDFIELDER,"https://s.afl.com.au/staticfile/AFL Tenant/AFL/Players/ChampIDImages/AFLW/2026264/1015152.png?im=Scale,width=0.6,height=0.6",Montana,Ham,CD_T9408,SYD,Sydney Swans,Swans,8,73.39999999999998,0,0,13,0,3,0,0,0,14,0,0,8,19,74,7,4,2,1,0,50,0,1,13,8,0,0,3,0,4,0,0,11,2,0,0,269,0,15,0,0,1,0,2,0,1,0,5,4,1,5,21,6,7,2026-10-04,data//AFLW_2026-10-04.csv,NA,NA,0.6666666666666666,0.3684210526315789,3,0.36363636363636365,0.375,NA,NA,1.375,0.26666666666666666,NA,0,0.8125,0,CD_M20262640807,8,2026-10-04,North Melbourne,CD_R202626408
CD_I1015174,17,MEDIUM_DEFENDER,"https://s.afl.com.au/staticfile/AFL Tenant/AFL/Players/ChampIDImages/AFLW/2026264/1015174.png?im=Scale,width=0.6,height=0.6",Ash,Van Loon,CD_T9408,SYD,Sydney Swans,Swans,8,81.90000000000009,0,0,0,0,1,0,2,1,3,0,0,10,5,29,4,3,0,0,0,0,0,0,2,1,0,0,0,0,3,0,0,4,1,0,0,48,1,11,0,0,1,0,0,0,0,1,0,3,0,0,5,1,2,2026-10-04,data//AFLW_2026-10-04.csv,0,NA,0.6,0.8,1,0.75,1,NA,NA,4,0.2727272727272727,NA,0,0,0,CD_M20262640807,8,2026-10-04,North Melbourne,CD_R202626408
CD_I1015175,5,MIDFIELDER,"https://s.afl.com.au/staticfile/AFL Tenant/AFL/Players/ChampIDImages/AFLW/2026264/1015175.png?im=Scale,width=0.6,height=0.6",Tess,Craven,CD_T8466,NMFC,North Melbourne,Kangaroos,8,75.60000000000002,1,0,0,0,1,0,0,0,9,0,0,4,17,96,12,9,2,0,3,62.5,0,2,5,3,0,0,1,0,4,1,1,14,4,1,0,363,1,9,0,0,1,0,4,0,3,0,1,5,1,1,17,5,8,2026-10-04,data//AFLW_2026-10-04.csv,NA,NA,0.5294117647058824,0.7058823529411765,3,0.6428571428571429,1,NA,NA,4.666666666666667,0.5555555555555556,1,0,0,0.25,CD_M20262640807,8,2026-10-04,Sydney Swans,CD_R202626408
CD_I1015195,19,MEDIUM_DEFENDER,"https://s.afl.com.au/staticfile/AFL Tenant/AFL/Players/ChampIDImages/AFLW/2026264/1015195.png?im=Scale,width=0.6,height=0.6",Annie,Lee,CD_T8467,GEEL,Geelong Cats,Cats,5,67.69999999999999,0,0,0,0,3,1,1,0,5,0,0,1,12,45,9,3,0,0,1,0,0,0,4,6,0,0,2,0,4,0,0,6,2,0,0,124,0,3,0,0,0,0,4,0,0,0,0,2,1,0,12,1,7,2026-10-04,data//AFLW_2026-10-04.csv,1,NA,0.4166666666666667,0.75,6,0.5,1,NA,NA,1,0.6666666666666666,NA,0,0,0,CD_M20262640802,8,2026-10-02,Richmond,CD_R202626408
CD_I1015201,26,MEDIUM_FORWARD,"https://s.afl.com.au/staticfile/AFL Tenant/AFL/Players/ChampIDImages/AFLW/2026264/1015201.png?im=Scale,width=0.6,height=0.6",Analea,McKee,CD_T7387,WB,Western Bulldogs,Bulldogs,3,44.900000000000006,2,0,2,0,4,0,0,1,6,0,0,3,11,47,4,1,2,0,1,50,0,0,4,4,4,0,4,0,4,0,0,7,1,0,0,132,0,8,0,0,2,13,3,0,2,0,1,2,1,1,11,3,5,2026-10-04,data//AFLW_2026-10-04.csv,NA,NA,0.5454545454545454,0.36363636363636365,3,0.14285714285714285,0.75,0.3076923076923077,0,1.75,0.25,NA,0.20634920634920634,0.2857142857142857,0,CD_M20262640804,8,2026-10-03,St Kilda,CD_R202626408
CD_I1016865,14,RUCK,"https://s.afl.com.au/staticfile/AFL Tenant/AFL/Players/ChampIDImages/AFLW/2026264/1016865.png?im=Scale,width=0.6,height=0.6",Poppy,Kelly,CD_T8788,RICH,Richmond,Richmond,7,65.20000000000005,0,0,11,1,4,0,1,0,9,1,0,10,13,61,9,3,0,1,2,100,0,0,6,6,14,5,0,0,5,0,0,7,1,0,0,187,0,11,0,0,2,37,1,0,0,0,4,3,0,5,12,3,3,2026-10-04,data//AFLW_2026-10-04.csv,0,0,0.75,0.6923076923076923,6,0.42857142857142855,1,0.3783783783783784,0.13513513513513514,1.1666666666666667,0.2727272727272727,NA,0.7872340425531915,0.8301886792452831,0,CD_M20262640802,8,2026-10-02,Geelong Cats,CD_R202626408
CD_I1016971,25,MEDIUM_FORWARD,"https://s.afl.com.au/staticfile/AFL Tenant/AFL/Players/ChampIDImages/AFLW/2026264/1016971.png?im=Scale,width=0.6,height=0.6",Ellie,Gavalas,CD_T7387,WB,Western Bulldogs,Bulldogs,5,59.60000000000002,0,0,0,0,2,0,0,0,0,0,0,1,9,34,6,4,0,1,0,0,1,0,0,2,0,0,1,0,1,0,0,7,0,0,0,187,2,8,0,0,1,0,3,0,0,0,0,3,1,0,7,2,7,2026-10-04,data//AFLW_2026-10-04.csv,NA,NA,0,0.6666666666666666,2,0.5714285714285714,1,NA,NA,3.5,0.375,NA,0,0,0,CD_M20262640804,8,2026-10-03,St Kilda,CD_R202626408
CD_I1017023,15,KEY_DEFENDER,"https://s.afl.com.au/staticfile/AFL Tenant/AFL/Players/ChampIDImages/AFLW/2026264/1017023.png?im=Scale,width=0.6,height=0.6",Rebecca,Miller,CD_T8788,RICH,Richmond,Richmond,6,67.09999999999997,0,0,0,0,3,0,1,1,3,0,0,3,6,16,5,3,0,2,0,0,0,0,2,2,0,0,0,0,1,1,1,4,2,0,0,92,1,3,0,0,1,0,0,0,0,1,0,0,0,0,5,0,2,2026-10-04,data//AFLW_2026-10-04.csv,0,NA,0.6,0.8333333333333334,2,0.75,1,NA,NA,2,0,1,0,0,0.09090909090909091,CD_M20262640802,8,2026-10-02,Geelong Cats,CD_R202626408
CD_I1017025,28,KEY_FORWARD,"https://s.afl.com.au/staticfile/AFL Tenant/AFL/Players/ChampIDImages/AFLW/2026264/1017025.png?im=Scale,width=0.6,height=0.6",Gabby,Seymour,CD_T8788,RICH,Richmond,Richmond,8,75.40000000000009,0,0,3,0,3,0,0,1,8,1,1,8,14,66,10,5,2,2,1,46.2,1,1,6,6,8,2,1,0,3,0,0,8,3,0,0,209,2,9,0,0,1,10,4,0,1,2,0,3,0,0,14,2,6,2026-10-04,data//AFLW_2026-10-04.csv,NA,1,0.5714285714285714,0.7142857142857143,5,0.625,0.8333333333333334,0.8,0.2,1.3333333333333333,0.3333333333333333,NA,0.2127659574468085,0.22641509433962265,0,CD_M20262640802,8,2026-10-02,Geelong Cats,CD_R202626408
CD_I1017286,33,MEDIUM_DEFENDER,"https://s.afl.com.au/staticfile/AFL Tenant/AFL/Players/ChampIDImages/AFLW/2026264/1017286.png?im=Scale,width=0.6,height=0.6",Emily,Pease,CD_T7889,GWS,GWS GIANTS,GIANTS,6,71,0,0,0,0,0,0,1,0,2,0,0,7,11,43,10,5,0,0,0,0,0,0,2,5,0,0,0,0,3,3,3,6,1,1,0,173,1,9,0,0,2,0,3,0,0,1,0,3,0,0,8,1,6,2026-10-04,data//AFLW_2026-10-04.csv,0,NA,0.25,0.9090909090909091,5,0.8333333333333334,1,NA,NA,1.2,0.3333333333333333,1,0,0,0.42857142857142855,CD_M20262640803,8,2026-10-03,Essendon,CD_R202626408
CD_I1017292,18,MEDIUM_FORWARD,"https://s.afl.com.au/staticfile/AFL Tenant/AFL/Players/ChampIDImages/AFLW/2026264/1017292.png?im=Scale,width=0.6,height=0.6",Tarni,Evans,CD_T7889,GWS,GWS GIANTS,GIANTS,8,92.69999999999993,0,0,0,0,6,0,0,0,4,0,0,2,10,39,8,3,1,4,0,50,0,0,4,5,0,0,3,0,0,0,0,5,2,1,1,149,0,14,0,0,1,0,4,0,0,0,0,5,4,0,12,5,8,2026-10-04,data//AFLW_2026-10-04.csv,NA,NA,0.3333333333333333,0.8,5,0.6,1,NA,NA,1,0.35714285714285715,NA,0,0,0,CD_M20262640803,8,2026-10-03,Essendon,CD_R202626408
CD_I1017314,20,MEDIUM_DEFENDER,"https://s.afl.com.au/staticfile/AFL Tenant/AFL/Players/ChampIDImages/AFLW/2026264/1017314.png?im=Scale,width=0.6,height=0.6",Daisy,D'Arcy,CD_T8786,GCFC,Gold Coast SUNS,SUNS,8,93.50000000000011,0,0,0,0,1,0,2,1,4,0,0,7,16,71,14,8,0,1,0,33.3,0,0,3,7,0,0,1,0,5,1,1,9,3,0,1,205,3,15,0,0,2,0,3,0,0,2,0,6,0,0,14,2,10,2026-10-04,data//AFLW_2026-10-04.csv,0,NA,0.2857142857142857,0.875,6,0.8888888888888888,0.8571428571428571,NA,NA,1.2857142857142858,0.4,1,0,0,0.5,CD_M20262640805,8,2026-10-03,Brisbane Lions,CD_R202626408
CD_I1017333,6,MIDFIELDER,"https://s.afl.com.au/staticfile/AFL Tenant/AFL/Players/ChampIDImages/AFLW/2026264/1017333.png?im=Scale,width=0.6,height=0.6",Isabella,Lewis,CD_T8787,WCE,West Coast Eagles,Eagles,8,89.30000000000007,0,1,8,0,3,0,0,0,4,0,0,9,7,23,4,1,1,2,0,22.2,0,0,3,3,0,0,0,0,1,0,0,4,1,0,0,83,1,14,0,0,0,0,1,0,0,0,3,2,0,3,7,1,3,2026-10-04,data//AFLW_2026-10-04.csv,NA,NA,0.5714285714285714,0.5714285714285714,3,0.25,1,NA,NA,1.3333333333333333,0.14285714285714285,NA,0,0.6666666666666666,0,CD_M20262640809,8,2026-10-04,Fremantle,CD_R202626408
CD_I1017347,21,RUCK,"https://s.afl.com.au/staticfile/AFL Tenant/AFL/Players/ChampIDImages/AFLW/2026264/1017347.png?im=Scale,width=0.6,height=0.6",Mim,Strom,CD_T7886,FRE,Fremantle,Freo,7,87.59999999999997,0,0,11,0,4,0,1,0,11,0,0,11,23,116,14,8,0,1,1,50,0,0,3,7,17,4,1,0,5,0,0,16,5,0,1,321,1,15,0,0,1,45,2,0,0,1,7,6,0,7,23,5,12,2026-10-04,data//AFLW_2026-10-04.csv,0,NA,0.4782608695652174,0.6086956521739131,6,0.5,0.8571428571428571,0.37777777777777777,0.08888888888888889,2.2857142857142856,0.4,NA,0.8653846153846154,0.9166666666666666,0,CD_M20262640809,8,2026-10-04,West Coast Eagles,CD_R202626408
CD_I1018403,4,MIDFIELDER,"https://s.afl.com.au/staticfile/AFL Tenant/AFL/Players/ChampIDImages/AFLW/2026264/1018403.png?im=Scale,width=0.6,height=0.6",Eilish,Sheerin,CD_T8466,NMFC,North Melbourne,Kangaroos,7,60.30000000000001,0,0,11,2,2,0,0,0,8,0,0,3,12,36,8,3,1,2,0,40,0,1,7,7,0,0,1,0,4,0,0,5,1,0,0,210,0,8,0,0,1,0,4,0,1,0,0,1,0,2,12,4,4,2026-10-04,data//AFLW_2026-10-04.csv,NA,NA,0.6666666666666666,0.6666666666666666,5,0.6,0.7142857142857143,NA,NA,0.7142857142857143,0.125,NA,0,0.6875,0,CD_M20262640807,8,2026-10-04,Sydney Swans,CD_R202626408
CD_I1018405,5,KEY_FORWARD,"https://s.afl.com.au/staticfile/AFL Tenant/AFL/Players/ChampIDImages/AFLW/2026264/1018405.png?im=Scale,width=0.6,height=0.6",Jacqueline,Parry,CD_T8467,GEEL,Geelong Cats,Cats,8,84.79999999999995,1,0,0,0,0,0,0,1,3,6,0,1,7,32,4,2,1,0,0,80,0,1,2,3,0,0,1,0,1,0,0,4,1,1,0,93,2,2,0,0,0,0,4,0,2,2,0,1,1,0,6,1,3,2026-10-04,data//AFLW_2026-10-04.csv,NA,0,0.5,0.5714285714285714,2,0.5,0.6666666666666666,NA,NA,1.3333333333333333,0.5,NA,0,0,0,CD_M20262640802,8,2026-10-02,Richmond,CD_R202626408
CD_I1018874,23,MIDFIELDER,"https://s.afl.com.au/staticfile/AFL Tenant/AFL/Players/ChampIDImages/AFLW/2026264/1018874.png?im=Scale,width=0.6,height=0.6",Niamh,Kelly,CD_T8098,ADEL,Adelaide Crows,Crows,8,75.10000000000002,1,0,0,0,6,0,0,0,15,0,0,7,21,75,10,3,2,2,3,28.6,0,0,10,9,0,0,2,0,6,0,0,12,1,0,0,261,0,10,0,0,3,0,3,0,1,0,7,5,0,7,21,11,6,2026-10-04,data//AFLW_2026-10-04.csv,NA,NA,0.7142857142857143,0.47619047619047616,7,0.25,0.7777777777777778,NA,NA,1.3333333333333333,0.5,NA,0,0,0,CD_M20262640806,8,2026-10-03,Port Adelaide,CD_R202626408
CD_I1018875,20,MEDIUM_FORWARD,"https://s.afl.com.au/staticfile/AFL Tenant/AFL/Players/ChampIDImages/AFLW/2026264/1018875.png?im=Scale,width=0.6,height=0.6",Grace,Kelly,CD_T8098,ADEL,Adelaide Crows,Crows,6,84.20000000000005,2,0,0,0,3,0,0,0,5,1,0,2,13,49,7,5,3,2,0,28.6,0,0,5,3,0,0,4,0,4,0,0,10,3,1,1,198,0,10,0,0,0,0,4,0,3,0,0,2,1,0,10,4,5,2026-10-04,data//AFLW_2026-10-04.csv,NA,0,0.5,0.5384615384615384,2,0.5,0.6666666666666666,NA,NA,3.3333333333333335,0.2,NA,0,0,0,CD_M20262640806,8,2026-10-03,Port Adelaide,CD_R202626408
CD_I1018955,7,MEDIUM_FORWARD,"https://s.afl.com.au/staticfile/AFL Tenant/AFL/Players/ChampIDImages/AFLW/2026264/1018955.png?im=Scale,width=0.6,height=0.6",Kate,Surman,CD_T8467,GEEL,Geelong Cats,Cats,5,62.89999999999998,2,0,0,0,2,0,0,2,9,1,1,0,16,63,9,3,4,1,1,33.3,0,0,6,8,0,0,2,0,0,0,0,8,5,2,0,33,1,5,0,0,1,0,4,0,2,0,1,2,2,1,16,4,7,2026-10-04,data//AFLW_2026-10-04.csv,NA,1,0.5625,0.5625,6,0.375,0.75,NA,NA,1,0.4,NA,0,0,0,CD_M20262640802,8,2026-10-02,Richmond,CD_R202626408
CD_I1019034,9,MIDFIELDER,"https://s.afl.com.au/staticfile/AFL Tenant/AFL/Players/ChampIDImages/AFLW/2026264/1019034.png?im=Scale,width=0.6,height=0.6",Orla,O'Dwyer,CD_T7887,BL,Brisbane Lions,Lions,8,99.69999999999993,0,0,0,1,1,0,0,0,5,0,0,9,19,72,12,6,1,0,0,62.5,0,1,5,7,0,0,3,0,3,0,0,12,4,1,0,282,0,14,0,0,1,0,1,0,3,0,0,1,0,1,19,4,14,2026-10-04,data//AFLW_2026-10-04.csv,NA,NA,0.2631578947368421,0.631578947368421,6,0.5,0.8571428571428571,NA,NA,1.7142857142857142,0.07142857142857142,NA,0,0,0,CD_M20262640805,8,2026-10-03,Gold Coast SUNS,CD_R202626408
CD_I1019035,3,MEDIUM_FORWARD,"https://s.afl.com.au/staticfile/AFL Tenant/AFL/Players/ChampIDImages/AFLW/2026264/1019035.png?im=Scale,width=0.6,height=0.6",Greta,Bodey,CD_T9407,HAW,Hawthorn,Hawks,5,54.19999999999999,1,0,0,0,1,0,0,0,4,1,0,3,13,48,9,5,3,0,1,16.7,1,0,3,5,0,0,2,0,0,0,0,8,0,0,0,125,0,11,0,0,0,0,2,0,1,0,1,3,1,1,8,3,4,2026-10-04,data//AFLW_2026-10-04.csv,NA,0,0.5,0.6923076923076923,4,0.625,0.8,NA,NA,1.6,0.2727272727272727,NA,0,0,0,CD_M20262640801,8,2026-10-01,Carlton,CD_R202626408
CD_I1019053,25,MIDFIELDER_FORWARD,"https://s.afl.com.au/staticfile/AFL Tenant/AFL/Players/ChampIDImages/AFLW/2026264/1019053.png?im=Scale,width=0.6,height=0.6",Catherine,Svarc,CD_T7887,BL,Brisbane Lions,Lions,8,74.10000000000002,0,0,11,2,2,0,0,0,3,0,0,9,4,49,2,2,0,0,1,33.3,0,0,2,0,0,0,1,0,0,0,0,4,0,0,0,62,1,14,0,0,0,0,0,0,0,1,0,9,2,2,4,2,1,2026-10-04,data//AFLW_2026-10-04.csv,NA,NA,0.75,0.5,0,0.5,NA,NA,NA,Inf,0.6428571428571429,NA,0,0.9166666666666666,0,CD_M20262640805,8,2026-10-03,Gold Coast SUNS,CD_R202626408
CD_I1019057,14,KEY_FORWARD,"https://s.afl.com.au/staticfile/AFL Tenant/AFL/Players/ChampIDImages/AFLW/2026264/1019057.png?im=Scale,width=0.6,height=0.6",Dakota,Davidson,CD_T7887,BL,Brisbane Lions,Lions,7,85.89999999999998,0,0,0,0,2,0,0,0,1,0,0,7,4,14,2,2,1,2,0,47.1,0,0,1,0,2,0,1,0,0,0,0,4,2,0,0,103,2,14,0,0,0,4,0,0,0,0,0,0,0,0,3,4,2,2026-10-04,data//AFLW_2026-10-04.csv,NA,NA,0.3333333333333333,0.5,0,0.5,NA,0.5,0,Inf,0,NA,0.07017543859649122,0,0,CD_M20262640805,8,2026-10-03,Gold Coast SUNS,CD_R202626408
CD_I1019059,9,MIDFIELDER,"https://s.afl.com.au/staticfile/AFL Tenant/AFL/Players/ChampIDImages/AFLW/2026264/1019059.png?im=Scale,width=0.6,height=0.6",Maria,Moloney,CD_T9409,PORT,Port Adelaide,Power,8,77,0,0,11,0,1,0,0,0,6,0,0,9,7,53,2,1,0,0,1,0,0,0,3,5,0,0,0,0,3,0,0,2,0,0,0,83,3,16,0,0,1,0,0,0,0,0,1,9,0,1,8,3,2,2026-10-04,data//AFLW_2026-10-04.csv,NA,NA,0.75,0.2857142857142857,1,0.5,0.2,NA,NA,0.4,0.5625,NA,0,1,0,CD_M20262640806,8,2026-10-03,Adelaide Crows,CD_R202626408
CD_I1019431,28,MEDIUM_DEFENDER,"https://s.afl.com.au/staticfile/AFL Tenant/AFL/Players/ChampIDImages/AFLW/2026264/1019431.png?im=Scale,width=0.6,height=0.6",Brooke,Tonon,CD_T8098,ADEL,Adelaide Crows,Crows,3,67.10000000000002,0,0,0,0,1,0,2,1,6,0,0,8,9,62,6,5,0,0,1,0,0,0,3,1,0,0,1,0,8,0,0,8,5,0,0,121,3,12,0,0,2,0,0,0,0,2,0,5,0,0,11,2,5,2026-10-04,data//AFLW_2026-10-04.csv,0,NA,0.5454545454545454,0.6666666666666666,1,0.625,1,NA,NA,8,0.4166666666666667,NA,0,0,0,CD_M20262640806,8,2026-10-03,Port Adelaide,CD_R202626408
CD_I1019456,7,MEDIUM_DEFENDER,"https://s.afl.com.au/staticfile/AFL Tenant/AFL/Players/ChampIDImages/AFLW/2026264/1019456.png?im=Scale,width=0.6,height=0.6",Keeley,Kustermann,CD_T8098,ADEL,Adelaide Crows,Crows,8,73.20000000000005,0,0,0,0,3,0,1,0,6,0,0,8,12,53,7,3,0,1,0,0,0,0,6,6,0,0,2,0,7,0,0,6,2,1,0,179,1,11,0,0,1,0,0,0,0,1,1,5,1,1,12,5,6,2026-10-04,data//AFLW_2026-10-04.csv,0,NA,0.5,0.5833333333333334,4,0.5,0.6666666666666666,NA,NA,1,0.45454545454545453,NA,0,0,0,CD_M20262640806,8,2026-10-03,Port Adelaide,CD_R202626408
CD_I1019509,44,MIDFIELDER_FORWARD,"https://s.afl.com.au/staticfile/AFL Tenant/AFL/Players/ChampIDImages/AFLW/2026264/1019509.png?im=Scale,width=0.6,height=0.6",Katelyn,Pope,CD_T9409,PORT,Port Adelaide,Power,7,86.49999999999994,0,0,0,0,3,0,0,0,7,1,0,5,6,23,3,1,1,1,0,60,0,0,4,4,0,0,0,0,4,0,0,2,0,0,0,60,3,18,0,0,1,0,1,0,0,0,0,3,2,0,11,3,4,2026-10-04,data//AFLW_2026-10-04.csv,NA,0,0.6363636363636364,0.5,2,0.5,0.5,NA,NA,0.5,0.16666666666666666,NA,0,0,0,CD_M20262640806,8,2026-10-03,Adelaide Crows,CD_R202626408
CD_I1019700,17,KEY_FORWARD,"https://s.afl.com.au/staticfile/AFL Tenant/AFL/Players/ChampIDImages/AFLW/2026264/1019700.png?im=Scale,width=0.6,height=0.6",Mackenzie,Eardley,CD_T9407,HAW,Hawthorn,Hawks,5,69.19999999999999,0,0,2,0,5,0,0,0,4,3,0,7,9,52,6,2,0,1,1,33.3,0,0,3,4,0,0,1,0,0,0,0,5,1,0,1,126,1,13,0,0,0,4,2,0,0,1,0,7,2,0,8,3,4,2026-10-04,data//AFLW_2026-10-04.csv,NA,0,0.5,0.6666666666666666,4,0.4,1,0,0,1.25,0.5384615384615384,NA,0.07547169811320754,0.16666666666666666,0,CD_M20262640801,8,2026-10-01,Carlton,CD_R202626408
CD_I1019702,40,MEDIUM_FORWARD,"https://s.afl.com.au/staticfile/AFL Tenant/AFL/Players/ChampIDImages/AFLW/2026264/1019702.png?im=Scale,width=0.6,height=0.6",Jorja,Livingstone,CD_T7386,MELB,Melbourne,Demons,3,72.29999999999998,0,0,0,0,1,0,0,0,0,0,0,4,6,22,5,2,0,0,0,100,0,0,0,3,0,0,0,0,0,0,0,3,1,0,0,52,0,8,0,0,1,0,2,0,0,0,0,1,1,0,5,1,5,2026-10-04,data//AFLW_2026-10-04.csv,NA,NA,0,0.8333333333333334,3,0.6666666666666666,1,NA,NA,1,0.125,NA,0,0,0,CD_M20262640808,8,2026-10-04,Collingwood,CD_R202626408
CD_I1019705,28,MIDFIELDER_FORWARD,"https://s.afl.com.au/staticfile/AFL Tenant/AFL/Players/ChampIDImages/AFLW/2026264/1019705.png?im=Scale,width=0.6,height=0.6",Mia,Busch,CD_T9406,ESS,Essendon,Bombers,8,83.5,0,0,0,0,4,0,0,0,7,0,0,10,19,79,9,3,1,0,3,0,0,0,4,10,0,0,1,0,6,0,0,9,3,0,0,175,1,17,0,0,2,0,5,0,1,0,0,5,1,0,18,7,11,2026-10-04,data//AFLW_2026-10-04.csv,NA,NA,0.3888888888888889,0.47368421052631576,6,0.3333333333333333,0.6,NA,NA,0.9,0.29411764705882354,NA,0,0,0,CD_M20262640803,8,2026-10-03,GWS GIANTS,CD_R202626408
CD_I1019711,25,MIDFIELDER,"https://s.afl.com.au/staticfile/AFL Tenant/AFL/Players/ChampIDImages/AFLW/2026264/1019711.png?im=Scale,width=0.6,height=0.6",Keeley,Sherar,CD_T8096,CARL,Carlton,Blues,6,98.20000000000005,2,0,0,0,3,0,0,0,10,1,0,2,18,81,7,2,2,0,2,28.6,0,1,8,5,0,0,5,0,4,0,0,13,2,0,0,277,1,8,0,0,1,0,4,0,3,1,1,4,1,1,15,6,5,2026-10-04,data//AFLW_2026-10-04.csv,NA,0,0.6666666666666666,0.3888888888888889,5,0.15384615384615385,1,NA,NA,2.6,0.5,NA,0,0,0,CD_M20262640801,8,2026-10-01,Hawthorn,CD_R202626408
CD_I1019713,1,RUCK,"https://s.afl.com.au/staticfile/AFL Tenant/AFL/Players/ChampIDImages/AFLW/2026264/1019713.png?im=Scale,width=0.6,height=0.6",Georgia,Campbell,CD_T7386,MELB,Melbourne,Demons,8,67.20000000000005,0,0,8,0,3,0,1,0,6,1,0,4,11,47,9,3,0,1,0,0,0,0,6,7,11,5,1,0,5,0,0,4,3,1,0,70,3,11,0,0,0,29,1,0,0,2,1,1,0,1,11,2,5,2026-10-04,data//AFLW_2026-10-04.csv,0,0,0.5454545454545454,0.8181818181818182,6,0.75,0.8571428571428571,0.3793103448275862,0.1724137931034483,0.5714285714285714,0.09090909090909091,NA,0.4603174603174603,0.6666666666666666,0,CD_M20262640808,8,2026-10-04,Collingwood,CD_R202626408
CD_I1019724,30,MIDFIELDER,"https://s.afl.com.au/staticfile/AFL Tenant/AFL/Players/ChampIDImages/AFLW/2026264/1019724.png?im=Scale,width=0.6,height=0.6",Carly,Remmos,CD_T8097,COLL,Collingwood,Magpies,8,75,0,0,6,0,1,0,0,0,4,0,0,12,10,66,9,4,0,0,2,0,0,0,2,5,0,0,4,0,1,0,0,5,1,0,0,107,0,23,0,0,1,0,1,0,0,0,2,9,0,2,9,3,5,2026-10-04,data//AFLW_2026-10-04.csv,NA,NA,0.4444444444444444,0.9,5,0.8,1,NA,NA,1,0.391304347826087,NA,0,0.5,0,CD_M20262640808,8,2026-10-04,Melbourne,CD_R202626408
CD_I1019736,11,MEDIUM_DEFENDER,"https://s.afl.com.au/staticfile/AFL Tenant/AFL/Players/ChampIDImages/AFLW/2026264/1019736.png?im=Scale,width=0.6,height=0.6",Yasmin,Duursma,CD_T8096,CARL,Carlton,Blues,8,73.19999999999999,0,0,0,0,1,0,0,0,4,0,0,14,9,44,5,0,0,0,0,33.3,0,0,4,5,0,0,0,0,1,0,0,4,2,0,1,90,1,16,0,0,5,0,0,0,0,1,1,4,0,1,9,2,5,2026-10-04,data//AFLW_2026-10-04.csv,NA,NA,0.4444444444444444,0.5555555555555556,5,0,1,NA,NA,0.8,0.25,NA,0,0,0,CD_M20262640801,8,2026-10-01,Hawthorn,CD_R202626408
CD_I1019762,5,MEDIUM_FORWARD,"https://s.afl.com.au/staticfile/AFL Tenant/AFL/Players/ChampIDImages/AFLW/2026264/1019762.png?im=Scale,width=0.6,height=0.6",Paige,Scott,CD_T8788,RICH,Richmond,Richmond,2,56.79999999999998,0,0,0,0,0,0,0,0,1,0,0,2,3,10,3,0,1,0,0,50,0,0,1,3,0,0,0,0,0,0,0,0,0,0,0,10,0,3,0,0,0,0,0,0,0,0,0,1,0,0,3,0,2,2026-10-04,data//AFLW_2026-10-04.csv,NA,NA,0.3333333333333333,1,3,NA,1,NA,NA,0,0.3333333333333333,NA,0,0,0,CD_M20262640802,8,2026-10-02,Geelong Cats,CD_R202626408
CD_I1019806,43,MEDIUM_DEFENDER,"https://s.afl.com.au/staticfile/AFL Tenant/AFL/Players/ChampIDImages/AFLW/2026264/1019806.png?im=Scale,width=0.6,height=0.6",Jemma,Rigoni,CD_T8097,COLL,Collingwood,Magpies,7,76.39999999999998,0,0,0,0,0,0,3,0,3,0,0,3,10,35,4,2,0,0,0,100,0,0,3,6,0,0,2,0,4,0,0,4,1,0,0,187,2,8,0,0,1,0,1,0,0,2,0,2,0,0,10,3,7,2026-10-04,data//AFLW_2026-10-04.csv,0,NA,0.3,0.4,2,0.5,0.3333333333333333,NA,NA,0.6666666666666666,0.25,NA,0,0,0,CD_M20262640808,8,2026-10-04,Melbourne,CD_R202626408
CD_I1019811,6,MEDIUM_FORWARD,"https://s.afl.com.au/staticfile/AFL Tenant/AFL/Players/ChampIDImages/AFLW/2026264/1019811.png?im=Scale,width=0.6,height=0.6",Alice,O'Loughlin,CD_T8466,NMFC,North Melbourne,Kangaroos,8,73,0,0,0,0,5,0,0,0,6,3,0,3,12,66,7,5,0,0,2,43.8,0,1,3,3,0,0,3,0,1,0,0,9,3,0,2,135,1,16,0,0,1,0,4,0,1,0,0,4,1,0,12,6,6,2026-10-04,data//AFLW_2026-10-04.csv,NA,0,0.5,0.5833333333333334,2,0.5555555555555556,0.6666666666666666,NA,NA,3,0.25,NA,0,0,0,CD_M20262640807,8,2026-10-04,Sydney Swans,CD_R202626408
CD_I1019819,24,MEDIUM_DEFENDER,"https://s.afl.com.au/staticfile/AFL Tenant/AFL/Players/ChampIDImages/AFLW/2026264/1019819.png?im=Scale,width=0.6,height=0.6",Brooke,Vickers,CD_T8096,CARL,Carlton,Blues,7,60.400000000000034,0,0,0,0,2,0,1,0,3,0,0,12,6,32,4,3,1,1,0,0,0,0,2,2,0,0,0,0,4,0,0,4,1,0,0,76,2,13,0,0,1,0,1,0,0,1,0,4,0,0,6,1,3,2026-10-04,data//AFLW_2026-10-04.csv,0,NA,0.5,0.6666666666666666,1,0.75,0.5,NA,NA,2,0.3076923076923077,NA,0,0,0,CD_M20262640801,8,2026-10-01,Hawthorn,CD_R202626408
CD_I1019821,5,MIDFIELDER,"https://s.afl.com.au/staticfile/AFL Tenant/AFL/Players/ChampIDImages/AFLW/2026264/1019821.png?im=Scale,width=0.6,height=0.6",Jasmine,Fleming,CD_T9407,HAW,Hawthorn,Hawks,7,78.49999999999989,1,0,6,0,1,0,0,0,6,0,0,9,15,66,10,7,0,0,0,16.7,1,0,6,3,0,0,4,0,3,0,0,12,1,0,0,300,0,22,0,0,0,0,3,0,1,0,2,5,0,2,14,4,8,2026-10-04,data//AFLW_2026-10-04.csv,NA,NA,0.42857142857142855,0.6666666666666666,3,0.5833333333333334,1,NA,NA,4,0.22727272727272727,NA,0,0.5,0,CD_M20262640801,8,2026-10-01,Carlton,CD_R202626408
CD_I1019883,20,MEDIUM_DEFENDER,"https://s.afl.com.au/staticfile/AFL Tenant/AFL/Players/ChampIDImages/AFLW/2026264/1019883.png?im=Scale,width=0.6,height=0.6",Laura,Elliott,CD_T9407,HAW,Hawthorn,Hawks,8,73.5,0,0,0,0,1,0,0,1,6,0,0,6,17,59,11,9,0,1,0,0,0,0,5,4,0,0,3,0,8,3,3,13,1,0,0,254,2,8,0,0,6,0,0,0,0,1,1,3,0,1,9,7,3,2026-10-04,data//AFLW_2026-10-04.csv,NA,NA,0.6666666666666666,0.6470588235294118,2,0.6923076923076923,0.5,NA,NA,3.25,0.375,1,0,0,0.5,CD_M20262640801,8,2026-10-01,Carlton,CD_R202626408
CD_I1021399,30,MEDIUM_DEFENDER,"https://s.afl.com.au/staticfile/AFL Tenant/AFL/Players/ChampIDImages/AFLW/2026264/1021399.png?im=Scale,width=0.6,height=0.6",Jessica,Low,CD_T7886,FRE,Fremantle,Freo,8,84.79999999999995,0,0,0,0,3,0,0,0,3,0,0,7,9,28,5,0,0,1,0,0,0,0,3,7,0,0,1,0,0,0,0,2,1,0,0,42,4,10,0,0,0,0,0,0,0,3,2,2,0,2,9,2,6,2026-10-04,data//AFLW_2026-10-04.csv,NA,NA,0.3333333333333333,0.5555555555555556,5,0,0.7142857142857143,NA,NA,0.2857142857142857,0.2,NA,0,0,0,CD_M20262640809,8,2026-10-04,West Coast Eagles,CD_R202626408
CD_I1021409,16,KEY_DEFENDER,"https://s.afl.com.au/staticfile/AFL Tenant/AFL/Players/ChampIDImages/AFLW/2026264/1021409.png?im=Scale,width=0.6,height=0.6",Matilda,Dyke,CD_T9406,ESS,Essendon,Bombers,8,100,0,1,0,0,3,0,3,0,7,0,0,8,12,44,8,1,0,1,1,0,0,0,6,8,0,0,0,0,6,0,0,4,2,0,0,95,5,10,0,0,0,0,1,0,0,5,0,3,0,0,13,3,6,2026-10-04,data//AFLW_2026-10-04.csv,0,NA,0.5384615384615384,0.6666666666666666,7,0.25,0.875,NA,NA,0.5,0.3,NA,0,0,0,CD_M20262640803,8,2026-10-03,GWS GIANTS,CD_R202626408
CD_I1021410,21,MIDFIELDER,"https://s.afl.com.au/staticfile/AFL Tenant/AFL/Players/ChampIDImages/AFLW/2026264/1021410.png?im=Scale,width=0.6,height=0.6",Dana,East,CD_T8788,RICH,Richmond,Richmond,8,71.30000000000007,0,0,7,1,5,0,0,0,10,1,0,11,14,56,7,3,1,2,1,0,0,0,8,8,0,0,1,0,4,0,0,6,1,0,0,98,0,17,0,0,1,0,0,0,0,0,3,6,0,4,15,3,5,2026-10-04,data//AFLW_2026-10-04.csv,NA,0,0.6666666666666666,0.5,4,0.5,0.5,NA,NA,0.75,0.35294117647058826,NA,0,0.5283018867924528,0,CD_M20262640802,8,2026-10-02,Geelong Cats,CD_R202626408
CD_I1021411,19,KEY_FORWARD,"https://s.afl.com.au/staticfile/AFL Tenant/AFL/Players/ChampIDImages/AFLW/2026264/1021411.png?im=Scale,width=0.6,height=0.6",Amy,Franklin,CD_T8787,WCE,West Coast Eagles,Eagles,8,93.69999999999993,1,0,0,0,0,0,0,2,12,6,4,0,16,55,13,6,5,0,1,50,2,1,9,7,0,0,1,0,0,0,0,9,2,1,0,238,0,5,0,0,1,0,5,0,3,0,0,0,0,0,15,3,3,2026-10-04,data//AFLW_2026-10-04.csv,NA,0.6666666666666666,0.8,0.8125,7,0.6666666666666666,1,NA,NA,1.2857142857142858,0,NA,0,0,0,CD_M20262640809,8,2026-10-04,Fremantle,CD_R202626408
CD_I1021415,5,MIDFIELDER,"https://s.afl.com.au/staticfile/AFL Tenant/AFL/Players/ChampIDImages/AFLW/2026264/1021415.png?im=Scale,width=0.6,height=0.6",Courtney,Rowley,CD_T8787,WCE,West Coast Eagles,Eagles,2,54.7,0,0,1,0,1,0,0,0,2,0,0,8,7,39,4,3,0,0,0,0,0,0,2,3,0,0,0,0,2,0,0,4,3,0,0,97,1,11,0,0,0,0,0,0,0,0,0,3,0,0,6,1,4,2026-10-04,data//AFLW_2026-10-04.csv,NA,NA,0.3333333333333333,0.5714285714285714,1,0.75,0.3333333333333333,NA,NA,1.3333333333333333,0.2727272727272727,NA,0,0.08333333333333333,0,CD_M20262640809,8,2026-10-04,Fremantle,CD_R202626408
CD_I1021417,28,MEDIUM_FORWARD,"https://s.afl.com.au/staticfile/AFL Tenant/AFL/Players/ChampIDImages/AFLW/2026264/1021417.png?im=Scale,width=0.6,height=0.6",Poppy,Stockwell,CD_T9407,HAW,Hawthorn,Hawks,8,78.29999999999995,0,0,0,0,1,0,0,0,5,0,0,0,10,46,6,3,2,0,0,47.1,0,2,5,5,0,0,3,0,2,0,0,5,3,3,0,119,0,8,0,0,0,0,3,0,3,0,0,0,0,0,10,1,5,2026-10-04,data//AFLW_2026-10-04.csv,NA,NA,0.5,0.6,3,0.6,0.6,NA,NA,1,0,NA,0,0,0,CD_M20262640801,8,2026-10-01,Carlton,CD_R202626408
CD_I1021419,3,MEDIUM_DEFENDER,"https://s.afl.com.au/staticfile/AFL Tenant/AFL/Players/ChampIDImages/AFLW/2026264/1021419.png?im=Scale,width=0.6,height=0.6",Charlotte,Thomas,CD_T8787,WCE,West Coast Eagles,Eagles,7,96.69999999999993,0,0,0,0,0,0,1,0,6,1,0,3,13,42,9,5,2,0,0,66.7,1,0,6,7,0,0,1,0,7,1,1,6,2,0,0,139,4,7,0,0,2,0,2,0,0,4,0,1,0,0,11,5,5,2026-10-04,data//AFLW_2026-10-04.csv,0,0,0.5454545454545454,0.6923076923076923,4,0.8333333333333334,0.5714285714285714,NA,NA,0.8571428571428571,0.14285714285714285,1,0,0,0.3333333333333333,CD_M20262640809,8,2026-10-04,Fremantle,CD_R202626408
CD_I1021436,13,MEDIUM_FORWARD,"https://s.afl.com.au/staticfile/AFL Tenant/AFL/Players/ChampIDImages/AFLW/2026264/1021436.png?im=Scale,width=0.6,height=0.6",Mikayla,Pauga,CD_T7889,GWS,GWS GIANTS,GIANTS,8,70.39999999999998,1,0,0,0,3,0,0,0,6,2,0,4,11,41,7,3,3,1,0,42.9,0,0,5,5,0,0,4,0,0,0,0,6,1,1,0,199,0,18,0,0,0,0,2,0,1,0,0,3,1,0,11,2,5,2026-10-04,data//AFLW_2026-10-04.csv,NA,0,0.5454545454545454,0.6363636363636364,4,0.5,0.8,NA,NA,1.2,0.16666666666666666,NA,0,0,0,CD_M20262640803,8,2026-10-03,Essendon,CD_R202626408
CD_I1021441,28,MIDFIELDER,"https://s.afl.com.au/staticfile/AFL Tenant/AFL/Players/ChampIDImages/AFLW/2026264/1021441.png?im=Scale,width=0.6,height=0.6",Charlotte,Mullins,CD_T7887,BL,Brisbane Lions,Lions,7,82.59999999999997,1,0,0,0,6,0,0,0,12,0,0,12,22,71,13,4,1,2,3,50,0,0,9,12,0,0,1,0,2,0,0,10,1,0,0,129,0,23,0,0,0,0,1,0,1,0,3,4,0,3,21,6,9,2026-10-04,data//AFLW_2026-10-04.csv,NA,NA,0.5714285714285714,0.5909090909090909,9,0.4,0.75,NA,NA,0.8333333333333334,0.17391304347826086,NA,0,0,0,CD_M20262640805,8,2026-10-03,Gold Coast SUNS,CD_R202626408
CD_I1021456,13,MIDFIELDER,"https://s.afl.com.au/staticfile/AFL Tenant/AFL/Players/ChampIDImages/AFLW/2026264/1021456.png?im=Scale,width=0.6,height=0.6",Lucy,Single,CD_T8786,GCFC,Gold Coast SUNS,SUNS,6,79.79999999999995,1,1,11,0,5,0,0,0,15,0,0,2,30,84,17,6,3,3,0,16.7,0,1,13,17,0,0,5,0,3,0,0,13,3,0,0,465,1,12,0,0,1,0,5,0,4,1,6,1,0,6,32,6,17,2026-10-04,data//AFLW_2026-10-04.csv,NA,NA,0.46875,0.5666666666666667,11,0.46153846153846156,0.6470588235294118,NA,NA,0.7647058823529411,0.08333333333333333,NA,0,0.9166666666666666,0,CD_M20262640805,8,2026-10-03,Brisbane Lions,CD_R202626408
CD_I1021524,18,KEY_DEFENDER,"https://s.afl.com.au/staticfile/AFL Tenant/AFL/Players/ChampIDImages/AFLW/2026264/1021524.png?im=Scale,width=0.6,height=0.6",Libby,Graham,CD_T8788,RICH,Richmond,Richmond,8,77.69999999999993,0,0,0,0,2,0,0,0,1,1,0,5,7,33,4,3,0,0,0,0,0,0,1,2,0,0,1,0,1,0,0,5,2,0,0,89,2,6,0,0,2,0,2,0,0,2,0,2,0,0,7,2,6,2026-10-04,data//AFLW_2026-10-04.csv,NA,0,0.14285714285714285,0.5714285714285714,1,0.6,0.5,NA,NA,2.5,0.3333333333333333,NA,0,0,0,CD_M20262640802,8,2026-10-02,Geelong Cats,CD_R202626408
CD_I1021530,11,MEDIUM_FORWARD,"https://s.afl.com.au/staticfile/AFL Tenant/AFL/Players/ChampIDImages/AFLW/2026264/1021530.png?im=Scale,width=0.6,height=0.6",Shanae,Davison,CD_T7887,BL,Brisbane Lions,Lions,8,72.10000000000002,0,0,0,0,0,0,0,0,3,1,0,2,7,37,6,3,0,0,1,44.4,0,0,2,3,0,0,1,0,0,0,0,4,2,0,0,118,2,7,0,0,1,0,0,0,0,2,0,3,2,0,7,1,4,2026-10-04,data//AFLW_2026-10-04.csv,NA,0,0.42857142857142855,0.8571428571428571,3,0.75,1,NA,NA,1.3333333333333333,0.42857142857142855,NA,0,0,0,CD_M20262640805,8,2026-10-03,Gold Coast SUNS,CD_R202626408
CD_I1021793,10,KEY_DEFENDER,"https://s.afl.com.au/staticfile/AFL Tenant/AFL/Players/ChampIDImages/AFLW/2026264/1021793.png?im=Scale,width=0.6,height=0.6",Paige,Trudgeon,CD_T8796,STK,St Kilda,St Kilda,8,83.30000000000007,0,0,0,0,5,0,2,0,4,0,0,8,15,55,10,8,0,2,2,0,0,0,3,4,0,0,0,0,11,0,0,11,2,0,0,268,6,10,0,0,4,0,0,0,0,6,0,3,0,0,10,5,6,2026-10-04,data//AFLW_2026-10-04.csv,0,NA,0.4,0.6666666666666666,2,0.7272727272727273,0.5,NA,NA,2.75,0.3,NA,0,0,0,CD_M20262640804,8,2026-10-03,Western Bulldogs,CD_R202626408
CD_I1021822,27,MIDFIELDER,"https://s.afl.com.au/staticfile/AFL Tenant/AFL/Players/ChampIDImages/AFLW/2026264/1021822.png?im=Scale,width=0.6,height=0.6",Mikayla,Williamson,CD_T9407,HAW,Hawthorn,Hawks,8,77.09999999999991,0,0,0,0,2,0,0,0,8,0,0,4,8,35,2,0,2,0,1,20,0,0,7,2,0,0,2,0,3,0,0,6,0,0,0,61,0,12,0,0,0,0,1,0,0,0,1,3,1,1,8,3,0,2026-10-04,data//AFLW_2026-10-04.csv,NA,NA,1,0.25,2,0,1,NA,NA,3,0.25,NA,0,0,0,CD_M20262640801,8,2026-10-01,Carlton,CD_R202626408
CD_I1021824,6,MIDFIELDER,"https://s.afl.com.au/staticfile/AFL Tenant/AFL/Players/ChampIDImages/AFLW/2026264/1021824.png?im=Scale,width=0.6,height=0.6",Hayley,McLaughlin,CD_T9407,HAW,Hawthorn,Hawks,8,62,0,0,0,0,0,0,0,0,3,0,0,6,9,67,7,4,1,0,1,0,0,0,2,4,0,0,1,0,2,0,0,5,1,0,0,71,0,18,0,0,0,0,2,0,0,0,1,10,6,1,9,1,6,2026-10-04,data//AFLW_2026-10-04.csv,NA,NA,0.3333333333333333,0.7777777777777778,3,0.8,0.75,NA,NA,1.25,0.5555555555555556,NA,0,0,0,CD_M20262640801,8,2026-10-01,Carlton,CD_R202626408
CD_I1021828,3,MEDIUM_FORWARD,"https://s.afl.com.au/staticfile/AFL Tenant/AFL/Players/ChampIDImages/AFLW/2026264/1021828.png?im=Scale,width=0.6,height=0.6",Alyssia,Pisano,CD_T7386,MELB,Melbourne,Demons,4,46.00000000000003,0,0,0,0,0,0,0,1,1,0,0,0,2,12,2,2,0,0,0,50,1,0,0,0,0,0,1,0,0,0,0,2,2,0,0,52,1,4,0,0,0,0,2,0,0,0,0,0,0,0,2,0,1,2026-10-04,data//AFLW_2026-10-04.csv,NA,NA,0.5,1,0,1,NA,NA,NA,Inf,0,NA,0,0,0,CD_M20262640808,8,2026-10-04,Collingwood,CD_R202626408
CD_I1021837,22,MIDFIELDER,"https://s.afl.com.au/staticfile/AFL Tenant/AFL/Players/ChampIDImages/AFLW/2026264/1021837.png?im=Scale,width=0.6,height=0.6",Laura,Stone,CD_T9407,HAW,Hawthorn,Hawks,7,59.60000000000002,1,0,7,1,2,0,0,0,12,0,0,7,19,68,10,10,3,1,1,50,0,0,12,4,0,0,8,0,5,0,0,15,0,0,0,404,2,11,0,0,1,0,4,0,1,2,2,4,1,3,19,2,7,2026-10-04,data//AFLW_2026-10-04.csv,NA,NA,0.631578947368421,0.5263157894736842,0,0.6666666666666666,0,NA,NA,3.75,0.36363636363636365,NA,0,0.5833333333333334,0,CD_M20262640801,8,2026-10-01,Carlton,CD_R202626408
CD_I1021853,37,MIDFIELDER_FORWARD,"https://s.afl.com.au/staticfile/AFL Tenant/AFL/Players/ChampIDImages/AFLW/2026264/1021853.png?im=Scale,width=0.6,height=0.6",Rylie,Wilcox,CD_T7387,WB,Western Bulldogs,Bulldogs,8,91.99999999999989,1,0,0,0,1,0,0,0,6,0,0,3,15,53,7,4,4,0,1,45.5,0,1,5,4,0,0,1,0,2,0,0,11,0,0,0,219,0,7,0,0,1,0,3,0,2,0,2,1,0,2,13,3,7,2026-10-04,data//AFLW_2026-10-04.csv,NA,NA,0.46153846153846156,0.4666666666666667,3,0.36363636363636365,0.75,NA,NA,2.75,0.14285714285714285,NA,0,0,0,CD_M20262640804,8,2026-10-03,St Kilda,CD_R202626408
CD_I1021884,16,MEDIUM_FORWARD,"https://s.afl.com.au/staticfile/AFL Tenant/AFL/Players/ChampIDImages/AFLW/2026264/1021884.png?im=Scale,width=0.6,height=0.6",Sarah,Grunden,CD_T9408,SYD,Sydney Swans,Swans,8,64.30000000000001,0,0,0,0,2,0,0,0,3,1,0,1,5,9,2,0,0,1,0,62.5,0,0,3,3,0,0,1,0,0,0,0,2,0,0,0,33,0,4,0,0,0,0,0,0,0,0,0,0,0,0,5,2,2,2026-10-04,data//AFLW_2026-10-04.csv,NA,0,0.6,0.4,2,0,0.6666666666666666,NA,NA,0.6666666666666666,0,NA,0,0,0,CD_M20262640807,8,2026-10-04,North Melbourne,CD_R202626408
CD_I1021894,23,MIDFIELDER,"https://s.afl.com.au/staticfile/AFL Tenant/AFL/Players/ChampIDImages/AFLW/2026264/1021894.png?im=Scale,width=0.6,height=0.6",Madison,Brazendale,CD_T7889,GWS,GWS GIANTS,GIANTS,8,74.69999999999993,0,1,0,0,4,0,0,0,4,0,0,4,19,86,10,3,1,0,0,100,0,1,4,11,0,0,4,0,1,0,0,8,2,0,0,292,0,13,0,0,0,0,3,0,1,0,1,7,1,1,18,5,14,2026-10-04,data//AFLW_2026-10-04.csv,NA,NA,0.2222222222222222,0.5263157894736842,7,0.375,0.6363636363636364,NA,NA,0.7272727272727273,0.5384615384615384,NA,0,0,0,CD_M20262640803,8,2026-10-03,Essendon,CD_R202626408
CD_I1021923,6,MIDFIELDER,"https://s.afl.com.au/staticfile/AFL Tenant/AFL/Players/ChampIDImages/AFLW/2026264/1021923.png?im=Scale,width=0.6,height=0.6",Sierra,Grieves,CD_T8788,RICH,Richmond,Richmond,8,69.19999999999993,0,0,10,2,2,0,0,0,10,0,0,8,21,68,13,6,0,2,3,25,0,0,6,10,0,0,1,0,3,0,0,11,2,0,0,259,0,13,0,0,4,0,3,0,0,0,3,3,0,5,20,7,10,2026-10-04,data//AFLW_2026-10-04.csv,NA,NA,0.5,0.6190476190476191,7,0.5454545454545454,0.7,NA,NA,1.1,0.23076923076923078,NA,0,0.7547169811320755,0,CD_M20262640802,8,2026-10-02,Geelong Cats,CD_R202626408
CD_I1021927,23,MEDIUM_FORWARD,"https://s.afl.com.au/staticfile/AFL Tenant/AFL/Players/ChampIDImages/AFLW/2026264/1021927.png?im=Scale,width=0.6,height=0.6",Bryde,O'Rourke,CD_T8467,GEEL,Geelong Cats,Cats,7,69.29999999999995,0,0,0,0,0,0,0,0,7,0,0,1,14,43,9,1,4,0,0,42.9,0,0,7,10,0,0,1,0,5,0,0,4,1,0,0,104,1,3,0,0,0,0,5,0,0,0,0,2,0,0,14,3,7,2026-10-04,data//AFLW_2026-10-04.csv,NA,NA,0.5,0.6428571428571429,8,0.25,0.8,NA,NA,0.4,0.6666666666666666,NA,0,0,0,CD_M20262640802,8,2026-10-02,Richmond,CD_R202626408
CD_I1022111,2,MIDFIELDER,"https://s.afl.com.au/staticfile/AFL Tenant/AFL/Players/ChampIDImages/AFLW/2026264/1022111.png?im=Scale,width=0.6,height=0.6",Eliza,West,CD_T9407,HAW,Hawthorn,Hawks,8,74.59999999999991,0,0,8,0,2,0,0,0,11,0,0,5,20,72,5,3,3,1,1,50,0,0,10,5,0,0,5,0,6,0,0,15,1,0,0,245,0,21,0,0,2,0,0,0,0,0,2,4,0,2,15,9,4,2026-10-04,data//AFLW_2026-10-04.csv,NA,NA,0.7333333333333333,0.25,2,0.2,0.4,NA,NA,3,0.19047619047619047,NA,0,0.6666666666666666,0,CD_M20262640801,8,2026-10-01,Carlton,CD_R202626408
CD_I1022127,26,KEY_DEFENDER,"https://s.afl.com.au/staticfile/AFL Tenant/AFL/Players/ChampIDImages/AFLW/2026264/1022127.png?im=Scale,width=0.6,height=0.6",Claudia,Gunjaca,CD_T8467,GEEL,Geelong Cats,Cats,8,98.99999999999989,0,0,0,0,1,0,0,1,7,0,0,3,11,37,9,6,0,0,0,0,0,0,6,5,0,0,1,0,6,0,0,6,3,0,0,212,2,4,0,0,4,0,2,0,0,2,0,0,0,0,12,2,5,2026-10-04,data//AFLW_2026-10-04.csv,NA,NA,0.5833333333333334,0.8181818181818182,3,1,0.6,NA,NA,1.2,0,NA,0,0,0,CD_M20262640802,8,2026-10-02,Richmond,CD_R202626408
CD_I1022181,16,MIDFIELDER,"https://s.afl.com.au/staticfile/AFL Tenant/AFL/Players/ChampIDImages/AFLW/2026264/1022181.png?im=Scale,width=0.6,height=0.6",Shineah,Goody,CD_T9409,PORT,Port Adelaide,Power,8,72.70000000000005,0,0,0,0,5,0,0,0,7,0,0,7,13,75,11,6,1,3,3,66.7,1,1,6,5,0,0,2,0,3,0,0,8,3,0,0,190,1,15,0,0,2,0,2,0,1,1,2,8,2,2,15,4,8,2026-10-04,data//AFLW_2026-10-04.csv,NA,NA,0.4666666666666667,0.8461538461538461,5,0.75,1,NA,NA,1.6,0.5333333333333333,NA,0,0,0,CD_M20262640806,8,2026-10-03,Adelaide Crows,CD_R202626408
CD_I1022192,25,MEDIUM_DEFENDER,"https://s.afl.com.au/staticfile/AFL Tenant/AFL/Players/ChampIDImages/AFLW/2026264/1022192.png?im=Scale,width=0.6,height=0.6",Meara,Girvan,CD_T8786,GCFC,Gold Coast SUNS,SUNS,5,70.39999999999998,0,0,0,0,2,1,2,1,2,0,0,5,7,34,5,4,0,2,0,0,0,0,1,1,0,0,1,0,4,0,0,6,4,0,0,88,4,5,0,0,3,0,2,0,0,4,0,2,0,0,8,1,6,2026-10-04,data//AFLW_2026-10-04.csv,0.5,NA,0.25,0.7142857142857143,1,0.6666666666666666,1,NA,NA,6,0.4,NA,0,0,0,CD_M20262640805,8,2026-10-03,Brisbane Lions,CD_R202626408
CD_I1022193,11,MIDFIELDER,"https://s.afl.com.au/staticfile/AFL Tenant/AFL/Players/ChampIDImages/AFLW/2026264/1022193.png?im=Scale,width=0.6,height=0.6",Sarah,Goodwin,CD_T8098,ADEL,Adelaide Crows,Crows,8,78.00000000000011,0,0,8,1,3,0,0,0,4,0,0,16,18,75,10,3,1,1,0,30,0,0,3,11,0,0,3,0,1,0,0,7,1,0,1,183,0,21,0,0,2,0,3,0,1,0,1,8,1,2,18,5,14,2026-10-04,data//AFLW_2026-10-04.csv,NA,NA,0.2222222222222222,0.5555555555555556,7,0.42857142857142855,0.6363636363636364,NA,NA,0.6363636363636364,0.38095238095238093,NA,0,0.7272727272727273,0,CD_M20262640806,8,2026-10-03,Port Adelaide,CD_R202626408
CD_I1022196,4,MEDIUM_FORWARD,"https://s.afl.com.au/staticfile/AFL Tenant/AFL/Players/ChampIDImages/AFLW/2026264/1022196.png?im=Scale,width=0.6,height=0.6",Piper,Window,CD_T9409,PORT,Port Adelaide,Power,6,55.200000000000045,0,0,5,1,3,0,0,0,5,0,0,8,12,72,7,5,0,0,2,75,0,0,2,2,0,0,4,0,1,0,0,10,0,0,0,250,2,15,0,0,2,0,2,0,0,1,1,9,1,2,13,5,8,2026-10-04,data//AFLW_2026-10-04.csv,NA,NA,0.38461538461538464,0.5833333333333334,2,0.5,1,NA,NA,5,0.6,NA,0,0.45454545454545453,0,CD_M20262640806,8,2026-10-03,Adelaide Crows,CD_R202626408
CD_I1022203,5,MIDFIELDER_FORWARD,"https://s.afl.com.au/staticfile/AFL Tenant/AFL/Players/ChampIDImages/AFLW/2026264/1022203.png?im=Scale,width=0.6,height=0.6",Elaine,Grigg,CD_T7387,WB,Western Bulldogs,Bulldogs,8,67.79999999999995,0,0,0,0,3,0,0,0,8,0,0,3,10,42,5,1,4,3,0,33.3,0,0,5,7,0,0,1,0,2,0,0,3,0,0,0,53,2,16,0,0,1,0,1,0,0,0,1,7,7,1,12,1,4,2026-10-04,data//AFLW_2026-10-04.csv,NA,NA,0.6666666666666666,0.5,4,0.3333333333333333,0.5714285714285714,NA,NA,0.42857142857142855,0.4375,NA,0,0,0,CD_M20262640804,8,2026-10-03,St Kilda,CD_R202626408
CD_I1022220,6,MEDIUM_DEFENDER,"https://s.afl.com.au/staticfile/AFL Tenant/AFL/Players/ChampIDImages/AFLW/2026264/1022220.png?im=Scale,width=0.6,height=0.6",Molly,Brooksby,CD_T9409,PORT,Port Adelaide,Power,8,83.80000000000007,0,0,0,0,0,0,2,0,6,0,0,6,15,53,10,9,0,0,0,0,0,0,6,2,0,0,0,0,5,8,7,13,2,0,0,288,2,7,0,0,6,0,0,0,0,2,0,1,0,0,8,5,2,2026-10-04,data//AFLW_2026-10-04.csv,0,NA,0.75,0.6666666666666666,1,0.6923076923076923,0.5,NA,NA,6.5,0.14285714285714285,0.875,0,0,0.8,CD_M20262640806,8,2026-10-03,Adelaide Crows,CD_R202626408
CD_I1022236,12,RUCK,"https://s.afl.com.au/staticfile/AFL Tenant/AFL/Players/ChampIDImages/AFLW/2026264/1022236.png?im=Scale,width=0.6,height=0.6",Jessica,Good,CD_T8096,CARL,Carlton,Blues,8,77.70000000000005,0,0,8,0,1,0,1,0,6,2,0,10,10,72,5,2,1,0,1,0,0,0,4,4,21,4,3,0,4,0,0,6,0,0,0,118,0,13,0,0,1,34,1,0,0,0,1,6,0,1,9,2,3,2026-10-04,data//AFLW_2026-10-04.csv,0,0,0.6666666666666666,0.5,3,0.3333333333333333,0.75,0.6176470588235294,0.11764705882352941,1.5,0.46153846153846156,NA,0.6415094339622641,0.6666666666666666,0,CD_M20262640801,8,2026-10-01,Hawthorn,CD_R202626408
CD_I1022248,22,KEY_FORWARD,"https://s.afl.com.au/staticfile/AFL Tenant/AFL/Players/ChampIDImages/AFLW/2026264/1022248.png?im=Scale,width=0.6,height=0.6",Lauren,Young,CD_T9409,PORT,Port Adelaide,Power,7,64.59999999999997,0,0,0,0,0,0,0,1,3,2,2,1,7,36,4,1,2,0,0,40,0,1,2,3,1,1,0,0,2,0,0,4,1,0,0,57,2,8,0,0,0,1,1,0,1,1,0,2,2,0,5,1,2,2026-10-04,data//AFLW_2026-10-04.csv,NA,1,0.6,0.5714285714285714,3,0.25,1,1,1,1.3333333333333333,0.25,NA,0.016129032258064516,0,0,CD_M20262640806,8,2026-10-03,Adelaide Crows,CD_R202626408
CD_I1022299,21,KEY_DEFENDER,"https://s.afl.com.au/staticfile/AFL Tenant/AFL/Players/ChampIDImages/AFLW/2026264/1022299.png?im=Scale,width=0.6,height=0.6",Amelie,Borg,CD_T9409,PORT,Port Adelaide,Power,8,99.20000000000005,0,0,0,0,0,0,4,0,4,0,0,5,9,48,5,5,0,0,1,0,0,0,4,1,0,0,0,0,7,1,1,8,3,0,0,159,0,6,0,0,5,0,2,0,0,0,0,3,0,0,9,2,5,2026-10-04,data//AFLW_2026-10-04.csv,0,NA,0.4444444444444444,0.5555555555555556,0,0.625,0,NA,NA,8,0.5,1,0,0,0.1,CD_M20262640806,8,2026-10-03,Adelaide Crows,CD_R202626408
CD_I1022350,10,MEDIUM_FORWARD,"https://s.afl.com.au/staticfile/AFL Tenant/AFL/Players/ChampIDImages/AFLW/2026264/1022350.png?im=Scale,width=0.6,height=0.6",Cynthia,Hamilton,CD_T9408,SYD,Sydney Swans,Swans,8,81.00000000000011,2,0,0,0,3,0,0,1,5,0,0,3,12,52,8,5,1,2,1,46.7,0,0,4,4,0,0,3,0,4,0,0,8,5,1,0,277,2,12,0,0,0,0,3,0,2,2,0,2,0,0,11,3,6,2026-10-04,data//AFLW_2026-10-04.csv,NA,NA,0.45454545454545453,0.6666666666666666,3,0.625,0.75,NA,NA,2,0.16666666666666666,NA,0,0,0,CD_M20262640807,8,2026-10-04,North Melbourne,CD_R202626408
CD_I1022358,7,MIDFIELDER_FORWARD,"https://s.afl.com.au/staticfile/AFL Tenant/AFL/Players/ChampIDImages/AFLW/2026264/1022358.png?im=Scale,width=0.6,height=0.6",Zarlie,Goldsworthy,CD_T7889,GWS,GWS GIANTS,GIANTS,1,77.7,0,0,8,1,1,0,0,0,10,1,0,2,11,53,3,2,5,0,0,0,0,0,9,4,0,0,2,0,2,0,0,7,0,0,0,122,1,14,0,0,0,0,0,0,1,0,2,6,6,3,12,4,2,2026-10-04,data//AFLW_2026-10-04.csv,NA,0,0.8333333333333334,0.2727272727272727,1,0.2857142857142857,0.25,NA,NA,1.75,0.42857142857142855,NA,0,0.5333333333333333,0,CD_M20262640803,8,2026-10-03,Essendon,CD_R202626408
CD_I1022695,10,MIDFIELDER,"https://s.afl.com.au/staticfile/AFL Tenant/AFL/Players/ChampIDImages/AFLW/2026264/1022695.png?im=Scale,width=0.6,height=0.6",Jasmyn,Smith,CD_T7387,WB,Western Bulldogs,Bulldogs,8,96,1,0,0,0,3,0,0,0,7,0,0,3,14,49,8,3,4,1,1,75,0,0,6,7,0,0,1,0,1,0,0,7,1,0,0,185,1,10,0,0,0,0,4,0,1,1,1,3,1,1,13,4,6,2026-10-04,data//AFLW_2026-10-04.csv,NA,NA,0.5384615384615384,0.5714285714285714,5,0.42857142857142855,0.7142857142857143,NA,NA,1,0.3,NA,0,0,0,CD_M20262640804,8,2026-10-03,St Kilda,CD_R202626408
CD_I1022701,24,MIDFIELDER,"https://s.afl.com.au/staticfile/AFL Tenant/AFL/Players/ChampIDImages/AFLW/2026264/1022701.png?im=Scale,width=0.6,height=0.6",Alana,Gee,CD_T8796,STK,St Kilda,St Kilda,8,68.59999999999991,0,0,0,0,5,0,0,0,1,0,0,5,8,27,3,2,0,1,0,0,0,0,1,1,0,0,0,0,1,1,1,7,1,0,0,72,1,8,0,0,0,0,0,0,0,1,0,1,0,0,7,5,6,2026-10-04,data//AFLW_2026-10-04.csv,NA,NA,0.14285714285714285,0.375,1,0.2857142857142857,1,NA,NA,7,0.125,1,0,0,0.07692307692307693,CD_M20262640804,8,2026-10-03,Western Bulldogs,CD_R202626408
CD_I1022726,30,KEY_DEFENDER,"https://s.afl.com.au/staticfile/AFL Tenant/AFL/Players/ChampIDImages/AFLW/2026264/1022726.png?im=Scale,width=0.6,height=0.6",Teagan,Germech,CD_T9409,PORT,Port Adelaide,Power,8,94.89999999999998,0,0,0,0,3,0,0,0,4,0,0,6,9,31,5,3,0,1,0,0,0,0,4,4,0,0,2,0,4,0,0,5,1,0,0,220,2,11,0,0,3,0,1,0,0,2,0,2,0,0,10,5,6,2026-10-04,data//AFLW_2026-10-04.csv,NA,NA,0.4,0.5555555555555556,2,0.6,0.5,NA,NA,1.25,0.18181818181818182,NA,0,0,0,CD_M20262640806,8,2026-10-03,Adelaide Crows,CD_R202626408
CD_I1022736,5,MEDIUM_FORWARD,"https://s.afl.com.au/staticfile/AFL Tenant/AFL/Players/ChampIDImages/AFLW/2026264/1022736.png?im=Scale,width=0.6,height=0.6",Jessica,Doyle,CD_T7889,GWS,GWS GIANTS,GIANTS,8,81.39999999999998,0,0,2,0,3,0,0,1,6,0,0,3,13,44,12,4,0,2,0,60,1,0,4,9,0,0,0,0,8,0,0,4,4,0,0,103,3,6,0,0,2,7,2,0,0,2,0,2,1,0,14,2,8,2026-10-04,data//AFLW_2026-10-04.csv,NA,NA,0.42857142857142855,0.9230769230769231,8,1,0.8888888888888888,0,0,0.4444444444444444,0.3333333333333333,NA,0.125,0.13333333333333333,0,CD_M20262640803,8,2026-10-03,Essendon,CD_R202626408
CD_I1022744,49,MEDIUM_DEFENDER,"https://s.afl.com.au/staticfile/AFL Tenant/AFL/Players/ChampIDImages/AFLW/2026264/1022744.png?im=Scale,width=0.6,height=0.6",Madeline,Hendrie,CD_T8096,CARL,Carlton,Blues,8,99.89999999999998,0,0,0,0,0,0,4,1,4,0,0,6,10,59,6,4,0,0,2,0,0,0,1,2,0,0,0,0,7,0,0,8,3,0,0,47,2,6,0,0,2,0,0,0,0,1,0,5,0,0,8,3,4,2026-10-04,data//AFLW_2026-10-04.csv,0,NA,0.5,0.6,2,0.5,1,NA,NA,4,0.8333333333333334,NA,0,0,0,CD_M20262640801,8,2026-10-01,Hawthorn,CD_R202626408
CD_I1022756,34,MEDIUM_DEFENDER,"https://s.afl.com.au/staticfile/AFL Tenant/AFL/Players/ChampIDImages/AFLW/2026264/1022756.png?im=Scale,width=0.6,height=0.6",Jemmika,Douglas,CD_T8098,ADEL,Adelaide Crows,Crows,7,90.89999999999998,0,0,0,0,1,0,1,0,9,0,0,6,13,53,9,5,1,0,0,100,0,0,9,7,0,0,0,0,10,1,1,6,3,0,0,145,1,8,0,0,1,0,1,0,0,1,0,3,0,0,14,3,5,2026-10-04,data//AFLW_2026-10-04.csv,0,NA,0.6428571428571429,0.6923076923076923,4,0.8333333333333334,0.5714285714285714,NA,NA,0.8571428571428571,0.375,1,0,0,0.16666666666666666,CD_M20262640806,8,2026-10-03,Port Adelaide,CD_R202626408
CD_I1022775,8,MIDFIELDER,"https://s.afl.com.au/staticfile/AFL Tenant/AFL/Players/ChampIDImages/AFLW/2026264/1022775.png?im=Scale,width=0.6,height=0.6",Lucia,Painter,CD_T8787,WCE,West Coast Eagles,Eagles,8,80.39999999999998,0,0,8,0,1,0,0,0,4,1,0,9,12,66,5,4,1,1,1,50,0,0,2,1,0,0,4,0,2,1,1,11,3,0,2,214,2,22,0,0,0,0,0,0,0,1,1,6,3,1,12,5,8,2026-10-04,data//AFLW_2026-10-04.csv,NA,0,0.3333333333333333,0.4166666666666667,1,0.36363636363636365,1,NA,NA,11,0.2727272727272727,1,0,0.6666666666666666,0.3333333333333333,CD_M20262640809,8,2026-10-04,Fremantle,CD_R202626408
CD_I1022818,23,RUCK,"https://s.afl.com.au/staticfile/AFL Tenant/AFL/Players/ChampIDImages/AFLW/2026264/1022818.png?im=Scale,width=0.6,height=0.6",Sarah,Lakay,CD_T8787,WCE,West Coast Eagles,Eagles,7,47.400000000000034,0,0,2,0,1,0,0,0,2,0,0,1,3,14,2,0,0,0,0,66.7,0,0,1,3,5,2,0,0,1,0,0,0,1,0,1,28,4,4,0,0,0,11,2,0,0,3,0,0,0,0,4,0,2,2026-10-04,data//AFLW_2026-10-04.csv,NA,NA,0.5,0.6666666666666666,2,NA,0.6666666666666666,0.45454545454545453,0.18181818181818182,0,0,NA,0.21153846153846154,0.16666666666666666,0,CD_M20262640809,8,2026-10-04,Fremantle,CD_R202626408
CD_I1022823,4,MIDFIELDER,"https://s.afl.com.au/staticfile/AFL Tenant/AFL/Players/ChampIDImages/AFLW/2026264/1022823.png?im=Scale,width=0.6,height=0.6",Ella,Roberts,CD_T8787,WCE,West Coast Eagles,Eagles,8,89.69999999999993,0,0,12,1,2,0,0,0,12,0,0,18,22,93,12,7,1,0,1,33.3,0,1,7,10,0,0,4,0,5,0,0,12,2,0,1,393,4,30,0,0,0,1,5,0,1,0,2,6,1,3,22,6,10,2026-10-04,data//AFLW_2026-10-04.csv,NA,NA,0.5454545454545454,0.5454545454545454,5,0.5833333333333334,0.5,0,0,1.2,0.2,NA,0.019230769230769232,1,0,CD_M20262640809,8,2026-10-04,Fremantle,CD_R202626408
CD_I1022825,1,RUCK,"https://s.afl.com.au/staticfile/AFL Tenant/AFL/Players/ChampIDImages/AFLW/2026264/1022825.png?im=Scale,width=0.6,height=0.6",Lauren,Wakfer,CD_T8787,WCE,West Coast Eagles,Eagles,8,80.70000000000005,1,0,0,0,2,0,0,2,5,6,1,1,7,58,3,3,2,1,1,38.5,0,0,2,1,6,0,0,0,2,0,0,6,3,2,1,127,2,11,0,0,1,10,3,0,3,2,1,6,4,1,7,4,2,2026-10-04,data//AFLW_2026-10-04.csv,NA,0.16666666666666666,0.7142857142857143,0.42857142857142855,0,0.5,0,0.6,0,6,0.5454545454545454,NA,0.19230769230769232,0,0,CD_M20262640809,8,2026-10-04,Fremantle,CD_R202626408
CD_I1022885,8,MIDFIELDER_FORWARD,"https://s.afl.com.au/staticfile/AFL Tenant/AFL/Players/ChampIDImages/AFLW/2026264/1022885.png?im=Scale,width=0.6,height=0.6",Taylah,Gatt,CD_T8466,NMFC,North Melbourne,Kangaroos,2,67.9,1,0,0,0,3,0,1,0,5,0,0,4,13,41,10,4,0,1,0,0,0,0,4,6,0,0,1,0,3,0,0,7,2,0,1,170,1,9,0,0,1,0,1,0,1,0,0,1,1,0,14,4,9,2026-10-04,data//AFLW_2026-10-04.csv,0,NA,0.35714285714285715,0.7692307692307693,6,0.5714285714285714,1,NA,NA,1.1666666666666667,0.1111111111111111,NA,0,0,0,CD_M20262640807,8,2026-10-04,Sydney Swans,CD_R202626408
CD_I1023433,9,MIDFIELDER,"https://s.afl.com.au/staticfile/AFL Tenant/AFL/Players/ChampIDImages/AFLW/2026264/1023433.png?im=Scale,width=0.6,height=0.6",Sara,Howley,CD_T7889,GWS,GWS GIANTS,GIANTS,8,54.10000000000002,0,0,0,0,2,0,0,0,3,0,0,4,9,36,4,1,1,0,1,33.3,0,0,2,4,0,0,1,0,0,0,0,5,0,0,0,174,0,10,0,0,1,0,2,0,1,0,0,3,1,0,9,2,6,2026-10-04,data//AFLW_2026-10-04.csv,NA,NA,0.3333333333333333,0.4444444444444444,3,0.2,0.75,NA,NA,1.25,0.3,NA,0,0,0,CD_M20262640803,8,2026-10-03,Essendon,CD_R202626408
CD_I1023815,15,MIDFIELDER,"https://s.afl.com.au/staticfile/AFL Tenant/AFL/Players/ChampIDImages/AFLW/2026264/1023815.png?im=Scale,width=0.6,height=0.6",Abbygail,Bushby,CD_T8787,WCE,West Coast Eagles,Eagles,7,72.70000000000005,1,0,3,1,2,0,0,0,6,0,0,4,16,78,8,7,0,0,1,28.6,0,0,5,1,0,0,2,0,4,0,0,15,3,0,1,308,0,15,0,0,3,0,3,0,1,0,2,5,1,3,13,5,7,2026-10-04,data//AFLW_2026-10-04.csv,NA,NA,0.46153846153846156,0.5,1,0.4666666666666667,1,NA,NA,15,0.3333333333333333,NA,0,0.25,0,CD_M20262640809,8,2026-10-04,Fremantle,CD_R202626408
CD_I1023842,23,MEDIUM_DEFENDER,"https://s.afl.com.au/staticfile/AFL Tenant/AFL/Players/ChampIDImages/AFLW/2026264/1023842.png?im=Scale,width=0.6,height=0.6",Zippy,Fish,CD_T9408,SYD,Sydney Swans,Swans,8,100,0,2,1,0,4,0,0,0,10,0,0,12,21,59,17,9,0,1,0,0,0,0,9,9,0,0,3,0,5,6,6,12,0,0,0,334,1,18,0,0,4,0,1,0,0,1,2,2,0,2,16,5,6,2026-10-04,data//AFLW_2026-10-04.csv,NA,NA,0.625,0.8095238095238095,8,0.75,0.8888888888888888,NA,NA,1.3333333333333333,0.1111111111111111,1,0,0.0625,0.5454545454545454,CD_M20262640807,8,2026-10-04,North Melbourne,CD_R202626408
CD_I1023849,20,MEDIUM_FORWARD,"https://s.afl.com.au/staticfile/AFL Tenant/AFL/Players/ChampIDImages/AFLW/2026264/1023849.png?im=Scale,width=0.6,height=0.6",Noa,McNaughton,CD_T7886,FRE,Fremantle,Freo,6,54.700000000000045,0,0,1,0,2,0,0,0,3,0,0,2,8,35,3,2,2,0,0,50,0,1,3,2,0,0,1,0,2,0,0,6,1,0,0,110,1,3,0,0,0,0,2,0,3,0,0,1,0,0,7,2,4,2026-10-04,data//AFLW_2026-10-04.csv,NA,NA,0.42857142857142855,0.375,1,0.3333333333333333,0.5,NA,NA,3,0.3333333333333333,NA,0,0.08333333333333333,0,CD_M20262640809,8,2026-10-04,West Coast Eagles,CD_R202626408
CD_I1023857,22,KEY_DEFENDER,"https://s.afl.com.au/staticfile/AFL Tenant/AFL/Players/ChampIDImages/AFLW/2026264/1023857.png?im=Scale,width=0.6,height=0.6",Georgie,Cleaver,CD_T8787,WCE,West Coast Eagles,Eagles,7,70.59999999999997,0,0,0,0,3,1,3,2,6,0,0,0,12,40,6,5,0,1,1,0,0,0,4,3,0,0,1,0,8,0,0,9,3,0,0,183,3,2,0,0,5,1,0,0,0,2,0,0,0,0,11,3,5,2026-10-04,data//AFLW_2026-10-04.csv,0.3333333333333333,NA,0.5454545454545454,0.5,1,0.5555555555555556,0.3333333333333333,0,0,3,0,NA,0.019230769230769232,0,0,CD_M20262640809,8,2026-10-04,Fremantle,CD_R202626408
CD_I1023943,29,RUCK,"https://s.afl.com.au/staticfile/AFL Tenant/AFL/Players/ChampIDImages/AFLW/2026264/1023943.png?im=Scale,width=0.6,height=0.6",Matilda,Scholz,CD_T9409,PORT,Port Adelaide,Power,8,89.50000000000011,1,0,8,0,11,0,0,2,7,3,1,3,14,64,4,2,0,2,0,33.3,0,0,5,4,19,8,0,0,5,0,0,10,4,1,0,163,0,4,0,0,2,39,3,0,1,0,0,0,0,0,12,8,5,2026-10-04,data//AFLW_2026-10-04.csv,NA,0.3333333333333333,0.5833333333333334,0.2857142857142857,2,0.2,0.5,0.48717948717948717,0.20512820512820512,2.5,0,NA,0.6290322580645161,0.7272727272727273,0,CD_M20262640806,8,2026-10-03,Adelaide Crows,CD_R202626408
CD_I1023948,7,KEY_FORWARD,"https://s.afl.com.au/staticfile/AFL Tenant/AFL/Players/ChampIDImages/AFLW/2026264/1023948.png?im=Scale,width=0.6,height=0.6",Poppy,Scholz,CD_T8096,CARL,Carlton,Blues,8,99.60000000000002,0,0,0,0,4,0,0,1,10,5,1,10,15,55,8,1,6,3,0,31.3,1,0,9,12,2,0,1,0,3,0,0,3,3,1,0,140,8,15,0,0,1,3,5,0,1,7,0,5,1,0,16,5,6,2026-10-04,data//AFLW_2026-10-04.csv,NA,0.2,0.625,0.5333333333333333,7,0.3333333333333333,0.5833333333333334,0.6666666666666666,0,0.25,0.3333333333333333,NA,0.05660377358490566,0,0,CD_M20262640801,8,2026-10-01,Hawthorn,CD_R202626408
CD_I1024085,8,MEDIUM_FORWARD,"https://s.afl.com.au/staticfile/AFL Tenant/AFL/Players/ChampIDImages/AFLW/2026264/1024085.png?im=Scale,width=0.6,height=0.6",India,Rasheed,CD_T8098,ADEL,Adelaide Crows,Crows,6,63.599999999999966,0,0,0,0,0,0,0,1,1,2,0,2,7,30,4,3,0,0,0,50,0,0,0,1,0,0,1,0,1,0,0,6,2,0,0,131,0,5,0,0,0,0,1,0,0,0,0,1,1,0,5,1,4,2026-10-04,data//AFLW_2026-10-04.csv,NA,0,0.2,0.5714285714285714,1,0.5,1,NA,NA,6,0.2,NA,0,0,0,CD_M20262640806,8,2026-10-03,Port Adelaide,CD_R202626408
CD_I1024294,12,MEDIUM_DEFENDER,"https://s.afl.com.au/staticfile/AFL Tenant/AFL/Players/ChampIDImages/AFLW/2026264/1024294.png?im=Scale,width=0.6,height=0.6",Lulu,Pullar,CD_T9408,SYD,Sydney Swans,Swans,5,78.5,0,0,0,0,1,0,1,1,3,1,0,6,14,59,10,10,0,1,0,0,0,0,2,2,0,0,3,0,2,0,0,12,6,0,0,249,0,15,0,0,2,0,1,0,0,0,0,1,0,0,14,0,11,2026-10-04,data//AFLW_2026-10-04.csv,0,0,0.21428571428571427,0.7142857142857143,0,0.8333333333333334,0,NA,NA,6,0.06666666666666667,NA,0,0,0,CD_M20262640807,8,2026-10-04,North Melbourne,CD_R202626408
CD_I1024296,22,MEDIUM_FORWARD,"https://s.afl.com.au/staticfile/AFL Tenant/AFL/Players/ChampIDImages/AFLW/2026264/1024296.png?im=Scale,width=0.6,height=0.6",Rachel,Kearns,CD_T8467,GEEL,Geelong Cats,Cats,8,59.60000000000002,0,0,0,0,1,0,0,0,5,1,1,4,13,70,9,6,2,0,3,35,1,1,4,4,0,0,0,0,2,0,0,9,2,0,0,195,1,11,0,0,0,0,5,0,2,1,0,5,0,0,13,3,8,2026-10-04,data//AFLW_2026-10-04.csv,NA,1,0.38461538461538464,0.6923076923076923,3,0.6666666666666666,0.75,NA,NA,2.25,0.45454545454545453,NA,0,0,0,CD_M20262640802,8,2026-10-02,Richmond,CD_R202626408
CD_I1024299,26,RUCK,"https://s.afl.com.au/staticfile/AFL Tenant/AFL/Players/ChampIDImages/AFLW/2026264/1024299.png?im=Scale,width=0.6,height=0.6",Paige,Price,CD_T8786,GCFC,Gold Coast SUNS,SUNS,8,34.39999999999998,0,0,2,0,1,1,1,0,2,0,0,4,6,34,3,0,0,0,0,0,0,0,2,4,6,2,2,0,4,0,0,2,2,0,0,29,0,6,0,0,0,13,1,0,0,0,0,2,0,0,6,1,4,2026-10-04,data//AFLW_2026-10-04.csv,1,NA,0.3333333333333333,0.5,3,0,0.75,0.46153846153846156,0.15384615384615385,0.5,0.3333333333333333,NA,0.22413793103448276,0.16666666666666666,0,CD_M20262640805,8,2026-10-03,Brisbane Lions,CD_R202626408
CD_I1024535,3,RUCK,"https://s.afl.com.au/staticfile/AFL Tenant/AFL/Players/ChampIDImages/AFLW/2026264/1024535.png?im=Scale,width=0.6,height=0.6",Darcie,Davies,CD_T8786,GCFC,Gold Coast SUNS,SUNS,8,80.5,0,0,10,2,0,0,0,0,11,0,0,5,25,96,18,5,0,0,0,40,0,0,10,16,15,9,3,0,4,0,0,9,6,0,0,200,0,7,0,0,1,27,2,0,0,0,1,1,1,3,24,5,13,2026-10-04,data//AFLW_2026-10-04.csv,NA,NA,0.4583333333333333,0.72,13,0.5555555555555556,0.8125,0.5555555555555556,0.3333333333333333,0.5625,0.14285714285714285,NA,0.46551724137931033,0.8333333333333334,0,CD_M20262640805,8,2026-10-03,Brisbane Lions,CD_R202626408
CD_I1024552,12,KEY_FORWARD,"https://s.afl.com.au/staticfile/AFL Tenant/AFL/Players/ChampIDImages/AFLW/2026264/1024552.png?im=Scale,width=0.6,height=0.6",Havana,Harris,CD_T8786,GCFC,Gold Coast SUNS,SUNS,8,91.00000000000011,1,0,0,0,5,0,0,0,7,3,3,2,16,74,10,4,6,1,0,34.5,0,2,7,9,4,1,2,0,0,0,0,7,3,1,3,162,2,12,0,0,0,18,5,0,3,0,0,3,2,0,16,2,9,2026-10-04,data//AFLW_2026-10-04.csv,NA,1,0.4375,0.625,6,0.5714285714285714,0.6666666666666666,0.2222222222222222,0.05555555555555555,0.7777777777777778,0.25,NA,0.3103448275862069,0,0,CD_M20262640805,8,2026-10-03,Brisbane Lions,CD_R202626408
CD_I1024553,28,KEY_DEFENDER,"https://s.afl.com.au/staticfile/AFL Tenant/AFL/Players/ChampIDImages/AFLW/2026264/1024553.png?im=Scale,width=0.6,height=0.6",Kaylee,Kimber,CD_T7387,WB,Western Bulldogs,Bulldogs,7,95.80000000000007,0,0,0,0,2,0,1,0,4,0,0,4,8,32,5,3,0,1,1,0,0,0,3,4,0,0,0,0,6,0,0,4,2,0,0,83,0,4,0,0,1,0,0,0,0,0,1,2,0,1,7,2,3,2026-10-04,data//AFLW_2026-10-04.csv,0,NA,0.5714285714285714,0.625,2,0.75,0.5,NA,NA,1,0.5,NA,0,0,0,CD_M20262640804,8,2026-10-03,St Kilda,CD_R202626408
CD_I1024636,18,MEDIUM_DEFENDER,"https://s.afl.com.au/staticfile/AFL Tenant/AFL/Players/ChampIDImages/AFLW/2026264/1024636.png?im=Scale,width=0.6,height=0.6",Lily,Johnson,CD_T7886,FRE,Fremantle,Freo,3,65.30000000000001,0,0,0,0,1,0,0,0,2,1,0,3,6,32,4,3,0,1,1,0,0,0,1,1,0,0,3,0,0,0,0,5,3,0,1,102,0,8,0,0,0,0,1,0,0,0,0,2,1,0,6,1,4,2026-10-04,data//AFLW_2026-10-04.csv,NA,0,0.3333333333333333,0.6666666666666666,1,0.6,1,NA,NA,5,0.25,NA,0,0,0,CD_M20262640809,8,2026-10-04,West Coast Eagles,CD_R202626408
CD_I1025163,38,KEY_FORWARD,"https://s.afl.com.au/staticfile/AFL Tenant/AFL/Players/ChampIDImages/AFLW/2026264/1025163.png?im=Scale,width=0.6,height=0.6",Jacqueline,Dupuy,CD_T9407,HAW,Hawthorn,Hawks,8,82.30000000000007,0,0,0,0,4,0,0,0,6,6,0,1,4,18,0,0,1,2,0,28.6,0,0,3,2,3,0,0,0,0,0,0,2,1,0,0,28,4,6,0,0,0,13,1,0,0,1,0,2,1,0,8,2,2,2026-10-04,data//AFLW_2026-10-04.csv,NA,0,0.75,0,0,0,0,0.23076923076923078,0,1,0.3333333333333333,NA,0.24528301886792453,0,0,CD_M20262640801,8,2026-10-01,Carlton,CD_R202626408
CD_I1025415,36,MIDFIELDER,"https://s.afl.com.au/staticfile/AFL Tenant/AFL/Players/ChampIDImages/AFLW/2026264/1025415.png?im=Scale,width=0.6,height=0.6",Chelsea,Sutton,CD_T8796,STK,St Kilda,St Kilda,2,66.6,0,0,0,0,0,0,0,0,2,0,0,5,6,32,4,2,0,0,0,0,0,0,2,3,0,0,1,0,1,0,0,3,3,0,1,80,0,10,0,0,0,0,0,0,0,0,0,2,1,0,6,0,4,2026-10-04,data//AFLW_2026-10-04.csv,NA,NA,0.3333333333333333,0.6666666666666666,2,0.6666666666666666,0.6666666666666666,NA,NA,1,0.2,NA,0,0,0,CD_M20262640804,8,2026-10-03,Western Bulldogs,CD_R202626408
CD_I1025419,16,MIDFIELDER_FORWARD,"https://s.afl.com.au/staticfile/AFL Tenant/AFL/Players/ChampIDImages/AFLW/2026264/1025419.png?im=Scale,width=0.6,height=0.6",Ashley,Centra,CD_T8097,COLL,Collingwood,Magpies,7,77,1,0,11,1,5,0,0,0,19,0,0,5,30,100,15,6,4,1,1,60,0,1,11,18,0,0,2,0,3,0,0,12,1,1,0,284,2,16,0,0,1,0,5,0,2,0,6,5,0,7,28,6,9,2026-10-04,data//AFLW_2026-10-04.csv,NA,NA,0.6785714285714286,0.5,9,0.5,0.5,NA,NA,0.6666666666666666,0.3125,NA,0,0.9166666666666666,0,CD_M20262640808,8,2026-10-04,Melbourne,CD_R202626408
CD_I1025421,21,MEDIUM_DEFENDER,"https://s.afl.com.au/staticfile/AFL Tenant/AFL/Players/ChampIDImages/AFLW/2026264/1025421.png?im=Scale,width=0.6,height=0.6",Amber,Schutte,CD_T8097,COLL,Collingwood,Magpies,8,87.29999999999995,0,0,0,0,2,1,2,0,6,0,0,7,10,31,5,1,0,1,0,0,0,0,6,6,0,0,1,0,6,0,0,4,2,0,0,108,0,7,0,0,0,0,1,0,0,0,0,1,0,0,9,2,3,2026-10-04,data//AFLW_2026-10-04.csv,0.5,NA,0.6666666666666666,0.5,4,0.25,0.6666666666666666,NA,NA,0.6666666666666666,0.14285714285714285,NA,0,0,0,CD_M20262640808,8,2026-10-04,Melbourne,CD_R202626408
CD_I1025428,7,MEDIUM_DEFENDER,"https://s.afl.com.au/staticfile/AFL Tenant/AFL/Players/ChampIDImages/AFLW/2026264/1025428.png?im=Scale,width=0.6,height=0.6",Jessica,Rentsch,CD_T8787,WCE,West Coast Eagles,Eagles,3,78.79999999999998,0,0,0,0,3,0,0,0,3,0,0,4,7,34,2,1,0,0,1,0,0,0,2,2,0,0,2,0,6,0,0,5,2,0,0,211,1,5,0,0,0,0,1,0,0,1,0,2,0,0,6,4,3,2026-10-04,data//AFLW_2026-10-04.csv,NA,NA,0.5,0.2857142857142857,1,0.2,0.5,NA,NA,2.5,0.4,NA,0,0,0,CD_M20262640809,8,2026-10-04,Fremantle,CD_R202626408
CD_I1025517,19,MEDIUM_FORWARD,"https://s.afl.com.au/staticfile/AFL Tenant/AFL/Players/ChampIDImages/AFLW/2026264/1025517.png?im=Scale,width=0.6,height=0.6",Heidi,Woodley,CD_T7387,WB,Western Bulldogs,Bulldogs,8,75.10000000000002,1,0,0,0,7,0,0,0,3,0,0,1,16,49,5,4,3,2,0,53.8,0,0,3,1,0,0,4,0,3,0,0,15,1,0,0,352,0,9,0,0,0,0,3,0,3,0,0,1,0,0,14,6,11,2026-10-04,data//AFLW_2026-10-04.csv,NA,NA,0.21428571428571427,0.3125,1,0.26666666666666666,1,NA,NA,15,0.1111111111111111,NA,0,0,0,CD_M20262640804,8,2026-10-03,St Kilda,CD_R202626408
CD_I1025521,15,MEDIUM_DEFENDER,"https://s.afl.com.au/staticfile/AFL Tenant/AFL/Players/ChampIDImages/AFLW/2026264/1025521.png?im=Scale,width=0.6,height=0.6",Kyla,Forbes,CD_T8796,STK,St Kilda,St Kilda,4,77.59999999999997,0,0,0,0,5,0,0,0,4,0,0,10,10,46,6,3,0,1,0,0,0,0,4,3,0,0,0,0,3,4,3,7,2,0,0,127,1,13,0,0,2,0,0,0,0,0,1,4,0,1,8,4,4,2026-10-04,data//AFLW_2026-10-04.csv,NA,NA,0.5,0.6,3,0.42857142857142855,1,NA,NA,2.3333333333333335,0.3076923076923077,0.75,0,0,0.3076923076923077,CD_M20262640804,8,2026-10-03,Western Bulldogs,CD_R202626408
CD_I1025525,23,MIDFIELDER,"https://s.afl.com.au/staticfile/AFL Tenant/AFL/Players/ChampIDImages/AFLW/2026264/1025525.png?im=Scale,width=0.6,height=0.6",Amy,Gaylor,CD_T9406,ESS,Essendon,Bombers,8,88.20000000000005,0,0,14,0,2,0,0,3,12,0,0,10,18,72,14,8,0,1,0,0,0,0,9,9,0,0,1,0,9,0,0,9,6,0,0,309,3,13,0,0,4,0,4,0,0,3,0,3,0,0,20,4,8,2026-10-04,data//AFLW_2026-10-04.csv,NA,NA,0.6,0.7777777777777778,6,0.8888888888888888,0.6666666666666666,NA,NA,1,0.23076923076923078,NA,0,0.9333333333333333,0,CD_M20262640803,8,2026-10-03,GWS GIANTS,CD_R202626408
CD_I1025564,26,KEY_FORWARD,"https://s.afl.com.au/staticfile/AFL Tenant/AFL/Players/ChampIDImages/AFLW/2026264/1025564.png?im=Scale,width=0.6,height=0.6",Mia,Austin,CD_T7386,MELB,Melbourne,Demons,7,93.69999999999993,0,0,0,0,2,0,0,0,3,4,1,0,15,97,11,10,2,0,1,72.7,1,3,2,2,2,0,1,0,1,0,0,13,7,3,3,152,0,10,0,0,0,3,6,0,3,0,0,3,2,0,15,1,12,2026-10-04,data//AFLW_2026-10-04.csv,NA,0.25,0.2,0.7333333333333333,1,0.7692307692307693,0.5,0.6666666666666666,0,6.5,0.3,NA,0.047619047619047616,0,0,CD_M20262640808,8,2026-10-04,Collingwood,CD_R202626408
CD_I1025565,7,MEDIUM_FORWARD,"https://s.afl.com.au/staticfile/AFL Tenant/AFL/Players/ChampIDImages/AFLW/2026264/1025565.png?im=Scale,width=0.6,height=0.6",Grace,Belloni,CD_T9406,ESS,Essendon,Bombers,8,54,0,0,0,0,3,0,0,0,5,1,0,3,7,15,4,0,1,1,0,50,0,0,5,6,0,0,0,0,0,0,0,1,1,0,0,23,0,4,0,0,1,0,2,0,0,0,0,0,0,0,7,2,2,2026-10-04,data//AFLW_2026-10-04.csv,NA,0,0.7142857142857143,0.5714285714285714,4,0,0.6666666666666666,NA,NA,0.16666666666666666,0,NA,0,0,0,CD_M20262640803,8,2026-10-03,GWS GIANTS,CD_R202626408
CD_I1025609,27,MIDFIELDER,"https://s.afl.com.au/staticfile/AFL Tenant/AFL/Players/ChampIDImages/AFLW/2026264/1025609.png?im=Scale,width=0.6,height=0.6",Lucille,Cronin,CD_T8097,COLL,Collingwood,Magpies,6,87.90000000000003,2,0,5,1,7,0,0,0,9,0,0,12,16,53,8,2,3,3,1,11.1,0,0,7,9,0,0,0,0,2,0,0,7,0,0,0,154,1,20,0,0,0,0,4,0,3,1,1,5,1,2,17,7,8,2026-10-04,data//AFLW_2026-10-04.csv,NA,NA,0.5294117647058824,0.5,6,0.2857142857142857,0.6666666666666666,NA,NA,0.7777777777777778,0.25,NA,0,0.4166666666666667,0,CD_M20262640808,8,2026-10-04,Melbourne,CD_R202626408
CD_I1025615,20,MEDIUM_DEFENDER,"https://s.afl.com.au/staticfile/AFL Tenant/AFL/Players/ChampIDImages/AFLW/2026264/1025615.png?im=Scale,width=0.6,height=0.6",Charlotte,Brewer,CD_T8097,COLL,Collingwood,Magpies,4,62.69999999999996,1,0,0,0,0,0,0,0,0,0,0,1,8,32,7,3,0,0,1,0,0,0,0,4,0,0,0,0,0,0,0,4,2,0,0,62,0,10,0,0,0,0,2,0,1,0,0,1,0,0,7,0,7,2026-10-04,data//AFLW_2026-10-04.csv,NA,NA,0,0.875,4,0.75,1,NA,NA,1,0.1,NA,0,0,0,CD_M20262640808,8,2026-10-04,Melbourne,CD_R202626408
CD_I1025616,26,MEDIUM_DEFENDER,"https://s.afl.com.au/staticfile/AFL Tenant/AFL/Players/ChampIDImages/AFLW/2026264/1025616.png?im=Scale,width=0.6,height=0.6",Lara,Hausegger,CD_T9408,SYD,Sydney Swans,Swans,8,72.79999999999995,0,0,0,0,3,0,0,0,7,0,0,3,11,34,8,4,0,1,0,0,0,0,7,6,0,0,1,0,7,0,0,5,2,0,0,97,0,3,0,0,1,0,2,0,0,0,0,1,0,0,11,4,4,2026-10-04,data//AFLW_2026-10-04.csv,NA,NA,0.6363636363636364,0.7272727272727273,4,0.8,0.6666666666666666,NA,NA,0.8333333333333334,0.3333333333333333,NA,0,0,0,CD_M20262640807,8,2026-10-04,North Melbourne,CD_R202626408
CD_I1025617,20,MEDIUM_FORWARD,"https://s.afl.com.au/staticfile/AFL Tenant/AFL/Players/ChampIDImages/AFLW/2026264/1025617.png?im=Scale,width=0.6,height=0.6",Maggie,Mahony,CD_T7386,MELB,Melbourne,Demons,6,77.59999999999997,0,0,0,0,1,0,0,0,1,2,0,11,6,32,4,3,0,0,0,60,1,0,1,2,0,0,1,0,2,0,0,4,0,0,0,95,1,20,0,0,1,0,1,0,0,0,0,4,3,0,5,0,4,2026-10-04,data//AFLW_2026-10-04.csv,NA,0,0.2,0.6666666666666666,1,0.75,0.5,NA,NA,2,0.2,NA,0,0,0,CD_M20262640808,8,2026-10-04,Collingwood,CD_R202626408
CD_I1025662,45,MEDIUM_FORWARD,"https://s.afl.com.au/staticfile/AFL Tenant/AFL/Players/ChampIDImages/AFLW/2026264/1025662.png?im=Scale,width=0.6,height=0.6",Zoe,Barbakos,CD_T8796,STK,St Kilda,St Kilda,2,57.2,0,0,0,0,0,0,0,0,0,0,0,3,0,8,0,0,0,0,0,0,0,0,0,0,0,0,0,0,0,0,0,0,0,0,0,0,0,6,0,0,0,0,0,0,0,0,0,2,1,0,0,0,0,2026-10-04,data//AFLW_2026-10-04.csv,NA,NA,NA,NA,0,NA,NA,NA,NA,NA,0.3333333333333333,NA,0,0,0,CD_M20262640804,8,2026-10-03,Western Bulldogs,CD_R202626408
CD_I1025669,32,KEY_DEFENDER,"https://s.afl.com.au/staticfile/AFL Tenant/AFL/Players/ChampIDImages/AFLW/2026264/1025669.png?im=Scale,width=0.6,height=0.6",Annabelle,Embelton,CD_T9407,HAW,Hawthorn,Hawks,8,99.19999999999993,0,0,0,0,1,0,0,0,2,0,0,11,3,18,3,2,0,1,1,0,0,0,1,1,0,0,1,0,2,0,0,2,0,0,0,59,2,14,0,0,0,0,0,0,0,0,0,3,0,0,3,0,1,2026-10-04,data//AFLW_2026-10-04.csv,NA,NA,0.6666666666666666,1,1,1,1,NA,NA,2,0.21428571428571427,NA,0,0,0,CD_M20262640801,8,2026-10-01,Carlton,CD_R202626408
CD_I1025671,14,MIDFIELDER,"https://s.afl.com.au/staticfile/AFL Tenant/AFL/Players/ChampIDImages/AFLW/2026264/1025671.png?im=Scale,width=0.6,height=0.6",Daisy,Flockart,CD_T9407,HAW,Hawthorn,Hawks,8,65.30000000000001,0,0,9,0,3,0,0,0,10,0,0,10,10,74,5,3,1,1,1,33.3,0,0,8,2,0,0,3,0,4,0,0,8,0,0,0,124,2,26,0,0,1,0,0,0,0,0,3,12,3,3,11,5,1,2026-10-04,data//AFLW_2026-10-04.csv,NA,NA,0.9090909090909091,0.5,2,0.375,1,NA,NA,4,0.46153846153846156,NA,0,0.75,0,CD_M20262640801,8,2026-10-01,Carlton,CD_R202626408
CD_I1025674,1,KEY_FORWARD,"https://s.afl.com.au/staticfile/AFL Tenant/AFL/Players/ChampIDImages/AFLW/2026264/1025674.png?im=Scale,width=0.6,height=0.6",Emily,Gough,CD_T9406,ESS,Essendon,Bombers,8,84.10000000000002,0,0,1,1,2,0,0,0,7,1,0,2,12,55,10,4,2,1,1,44.4,0,2,5,6,5,1,0,0,1,0,0,6,2,1,0,146,1,5,0,0,1,8,5,0,2,0,1,1,0,2,13,3,6,2026-10-04,data//AFLW_2026-10-04.csv,NA,0,0.5384615384615384,0.8333333333333334,6,0.6666666666666666,1,0.625,0.125,1,0.2,NA,0.14285714285714285,0.06666666666666667,0,CD_M20262640803,8,2026-10-03,GWS GIANTS,CD_R202626408
CD_I1025677,55,MEDIUM_FORWARD,"https://s.afl.com.au/staticfile/AFL Tenant/AFL/Players/ChampIDImages/AFLW/2026264/1025677.png?im=Scale,width=0.6,height=0.6",Sophie,McKay,CD_T8096,CARL,Carlton,Blues,5,89.5,0,0,0,0,1,0,0,0,5,1,0,4,9,48,5,2,1,0,1,36.4,0,1,4,4,0,0,0,0,0,0,0,5,2,0,0,124,0,6,0,0,1,0,3,0,1,0,0,3,0,0,10,2,5,2026-10-04,data//AFLW_2026-10-04.csv,NA,0,0.5,0.5555555555555556,3,0.4,0.75,NA,NA,1.25,0.5,NA,0,0,0,CD_M20262640801,8,2026-10-01,Hawthorn,CD_R202626408
CD_I1025789,29,MIDFIELDER,"https://s.afl.com.au/staticfile/AFL Tenant/AFL/Players/ChampIDImages/AFLW/2026264/1025789.png?im=Scale,width=0.6,height=0.6",Tanya,Kennedy,CD_T9408,SYD,Sydney Swans,Swans,5,88,0,0,15,2,6,0,0,1,7,1,1,10,16,63,4,3,0,3,1,100,0,0,5,3,0,0,4,0,4,0,0,13,2,0,0,191,2,15,0,0,0,0,2,0,0,1,2,5,0,4,9,4,2,2026-10-04,data//AFLW_2026-10-04.csv,NA,1,0.7777777777777778,0.25,1,0.23076923076923078,0.3333333333333333,NA,NA,4.333333333333333,0.3333333333333333,NA,0,0.9375,0,CD_M20262640807,8,2026-10-04,North Melbourne,CD_R202626408
CD_I1025819,19,MEDIUM_DEFENDER,"https://s.afl.com.au/staticfile/AFL Tenant/AFL/Players/ChampIDImages/AFLW/2026264/1025819.png?im=Scale,width=0.6,height=0.6",Laela,Ebert,CD_T7386,MELB,Melbourne,Demons,7,93,0,0,0,0,4,0,1,0,8,0,0,4,17,65,11,1,0,0,0,0,0,0,6,11,0,0,0,0,7,0,0,6,3,0,0,147,5,7,0,0,4,0,2,0,0,4,2,4,0,2,18,4,10,2026-10-04,data//AFLW_2026-10-04.csv,0,NA,0.4444444444444444,0.6470588235294118,10,0.16666666666666666,0.9090909090909091,NA,NA,0.5454545454545454,0.5714285714285714,NA,0,0,0,CD_M20262640808,8,2026-10-04,Collingwood,CD_R202626408
CD_I1025893,17,MIDFIELDER,"https://s.afl.com.au/staticfile/AFL Tenant/AFL/Players/ChampIDImages/AFLW/2026264/1025893.png?im=Scale,width=0.6,height=0.6",Ella,Boag,CD_T9409,PORT,Port Adelaide,Power,4,78.29999999999998,0,0,0,0,4,0,0,0,2,0,0,10,9,48,3,3,0,0,0,0,0,0,1,1,0,0,2,0,2,0,0,8,2,0,0,255,2,15,0,0,3,0,0,0,1,1,0,4,1,0,10,6,8,2026-10-04,data//AFLW_2026-10-04.csv,NA,NA,0.2,0.3333333333333333,0,0.375,0,NA,NA,8,0.26666666666666666,NA,0,0,0,CD_M20262640806,8,2026-10-03,Adelaide Crows,CD_R202626408
CD_I1025895,26,MEDIUM_DEFENDER,"https://s.afl.com.au/staticfile/AFL Tenant/AFL/Players/ChampIDImages/AFLW/2026264/1025895.png?im=Scale,width=0.6,height=0.6",Violet,Patterson,CD_T8097,COLL,Collingwood,Magpies,7,88.80000000000007,0,0,0,0,2,0,0,2,5,0,0,3,15,71,12,8,0,0,0,0,0,0,3,5,0,0,0,0,5,0,0,10,5,0,0,148,1,8,0,0,2,0,3,0,0,1,1,4,1,1,15,5,10,2026-10-04,data//AFLW_2026-10-04.csv,NA,NA,0.3333333333333333,0.8,4,0.8,0.8,NA,NA,2,0.5,NA,0,0,0,CD_M20262640808,8,2026-10-04,Melbourne,CD_R202626408
CD_I1025924,1,MEDIUM_DEFENDER,"https://s.afl.com.au/staticfile/AFL Tenant/AFL/Players/ChampIDImages/AFLW/2026264/1025924.png?im=Scale,width=0.6,height=0.6",Grace,Martin,CD_T7889,GWS,GWS GIANTS,GIANTS,7,73.40000000000003,0,0,0,0,2,0,0,0,2,0,0,5,4,16,2,0,0,0,0,50,0,0,2,4,0,0,0,0,1,0,0,0,0,0,0,11,1,10,0,0,0,0,1,0,0,0,0,2,0,0,4,1,2,2026-10-04,data//AFLW_2026-10-04.csv,NA,NA,0.5,0.5,2,NA,0.5,NA,NA,0,0.2,NA,0,0,0,CD_M20262640803,8,2026-10-03,Essendon,CD_R202626408
CD_I1025962,12,RUCK,"https://s.afl.com.au/staticfile/AFL Tenant/AFL/Players/ChampIDImages/AFLW/2026264/1025962.png?im=Scale,width=0.6,height=0.6",Charlotte,Riggs,CD_T8787,WCE,West Coast Eagles,Eagles,8,76.19999999999999,1,0,10,2,4,0,1,2,16,2,1,3,17,64,11,6,0,0,1,0,0,0,11,8,9,4,5,0,4,0,0,9,2,0,0,356,5,7,0,0,2,29,2,0,1,4,4,1,0,6,17,5,1,2026-10-04,data//AFLW_2026-10-04.csv,0,0.5,0.9411764705882353,0.6470588235294118,5,0.6666666666666666,0.625,0.3103448275862069,0.13793103448275862,1.125,0.14285714285714285,NA,0.5576923076923077,0.8333333333333334,0,CD_M20262640809,8,2026-10-04,Fremantle,CD_R202626408
CD_I1025995,20,MIDFIELDER,"https://s.afl.com.au/staticfile/AFL Tenant/AFL/Players/ChampIDImages/AFLW/2026264/1025995.png?im=Scale,width=0.6,height=0.6",Lily,Goss,CD_T8096,CARL,Carlton,Blues,8,68.60000000000002,0,0,3,0,1,0,0,0,3,0,0,8,5,23,2,1,0,1,0,42.9,0,0,2,1,0,0,1,0,2,0,0,4,0,0,0,122,1,14,0,0,1,0,0,0,0,0,0,3,1,0,6,2,3,2026-10-04,data//AFLW_2026-10-04.csv,NA,NA,0.5,0.4,1,0.25,1,NA,NA,4,0.21428571428571427,NA,0,0.25,0,CD_M20262640801,8,2026-10-01,Hawthorn,CD_R202626408
CD_I1026016,8,MEDIUM_DEFENDER,"https://s.afl.com.au/staticfile/AFL Tenant/AFL/Players/ChampIDImages/AFLW/2026264/1026016.png?im=Scale,width=0.6,height=0.6",Montana,Beruldsen,CD_T8788,RICH,Richmond,Richmond,8,89.39999999999998,0,0,0,0,6,2,2,0,5,0,0,7,16,57,8,5,0,3,0,0,0,0,4,4,0,0,0,0,5,7,6,12,2,0,0,339,1,9,0,0,6,0,0,0,0,0,0,4,0,0,11,10,6,2026-10-04,data//AFLW_2026-10-04.csv,1,NA,0.45454545454545453,0.5,3,0.4166666666666667,0.75,NA,NA,3,0.4444444444444444,0.8571428571428571,0,0,0.6363636363636364,CD_M20262640802,8,2026-10-02,Geelong Cats,CD_R202626408
CD_I1026111,22,MEDIUM_FORWARD,"https://s.afl.com.au/staticfile/AFL Tenant/AFL/Players/ChampIDImages/AFLW/2026264/1026111.png?im=Scale,width=0.6,height=0.6",Sophie,Peters,CD_T7887,BL,Brisbane Lions,Lions,8,76.10000000000002,0,0,0,0,3,0,0,0,1,0,0,7,10,46,6,5,0,0,0,100,0,0,1,2,0,0,0,0,5,0,0,8,2,0,0,24,0,9,0,0,1,0,1,0,0,0,0,3,0,0,8,3,7,2026-10-04,data//AFLW_2026-10-04.csv,NA,NA,0.125,0.6,1,0.625,0.5,NA,NA,4,0.3333333333333333,NA,0,0,0,CD_M20262640805,8,2026-10-03,Gold Coast SUNS,CD_R202626408
CD_I1026137,24,MEDIUM_DEFENDER,"https://s.afl.com.au/staticfile/AFL Tenant/AFL/Players/ChampIDImages/AFLW/2026264/1026137.png?im=Scale,width=0.6,height=0.6",Claudia,Wright,CD_T7887,BL,Brisbane Lions,Lions,8,60.80000000000001,0,0,0,0,0,0,0,0,1,0,0,11,10,43,7,7,0,0,0,0,0,0,1,0,0,0,0,0,5,0,0,10,3,0,0,228,2,11,0,0,5,0,1,0,0,2,0,1,0,0,7,2,6,2026-10-04,data//AFLW_2026-10-04.csv,NA,NA,0.14285714285714285,0.7,0,0.7,NA,NA,NA,Inf,0.09090909090909091,NA,0,0,0,CD_M20262640805,8,2026-10-03,Gold Coast SUNS,CD_R202626408
CD_I1026143,26,MEDIUM_FORWARD,"https://s.afl.com.au/staticfile/AFL Tenant/AFL/Players/ChampIDImages/AFLW/2026264/1026143.png?im=Scale,width=0.6,height=0.6",Emily,Elkington,CD_T9409,PORT,Port Adelaide,Power,7,72.59999999999997,0,0,0,0,0,0,0,0,2,0,0,2,4,36,3,0,0,0,0,50,0,0,2,3,0,0,0,0,0,0,0,1,1,0,1,26,0,9,0,0,0,0,1,0,0,0,0,6,4,0,4,0,2,2026-10-04,data//AFLW_2026-10-04.csv,NA,NA,0.5,0.75,3,0,1,NA,NA,0.3333333333333333,0.6666666666666666,NA,0,0,0,CD_M20262640806,8,2026-10-03,Adelaide Crows,CD_R202626408
CD_I1026218,50,RUCK,"https://s.afl.com.au/staticfile/AFL Tenant/AFL/Players/ChampIDImages/AFLW/2026264/1026218.png?im=Scale,width=0.6,height=0.6",Emmelie,Fiedler,CD_T8796,STK,St Kilda,St Kilda,2,46.10000000000001,0,0,3,1,3,1,2,0,1,0,0,8,3,38,3,2,0,1,1,0,0,0,0,1,9,1,1,0,1,0,0,2,1,0,0,44,0,11,0,0,0,18,0,0,0,0,0,5,0,1,2,1,1,2026-10-04,data//AFLW_2026-10-04.csv,0.5,NA,0.5,1,1,1,1,0.5,0.05555555555555555,2,0.45454545454545453,NA,0.2857142857142857,0.42857142857142855,0,CD_M20262640804,8,2026-10-03,Western Bulldogs,CD_R202626408
CD_I1026227,15,MEDIUM_FORWARD,"https://s.afl.com.au/staticfile/AFL Tenant/AFL/Players/ChampIDImages/AFLW/2026264/1026227.png?im=Scale,width=0.6,height=0.6",Julia,Teakle,CD_T9409,PORT,Port Adelaide,Power,5,73.5,0,0,3,0,3,0,0,0,4,4,0,5,4,32,1,1,0,1,1,16.7,0,0,3,1,3,1,1,0,2,0,0,3,0,0,0,75,0,15,0,0,2,19,2,0,0,0,0,5,3,0,4,3,0,2026-10-04,data//AFLW_2026-10-04.csv,NA,0,1,0.25,0,0.3333333333333333,0,0.15789473684210525,0.05263157894736842,3,0.3333333333333333,NA,0.3064516129032258,0.2727272727272727,0,CD_M20262640806,8,2026-10-03,Adelaide Crows,CD_R202626408
CD_I1026239,13,MEDIUM_DEFENDER,"https://s.afl.com.au/staticfile/AFL Tenant/AFL/Players/ChampIDImages/AFLW/2026264/1026239.png?im=Scale,width=0.6,height=0.6",Maya,Louvel-Finn,CD_T8796,STK,St Kilda,St Kilda,6,82.79999999999995,0,0,0,0,3,1,1,0,2,0,0,14,12,71,8,7,0,1,0,0,0,0,2,1,0,0,0,0,6,0,0,11,5,0,0,172,3,14,0,0,6,0,0,0,0,3,0,6,0,0,9,2,7,2026-10-04,data//AFLW_2026-10-04.csv,1,NA,0.2222222222222222,0.6666666666666666,1,0.6363636363636364,1,NA,NA,11,0.42857142857142855,NA,0,0,0,CD_M20262640804,8,2026-10-03,Western Bulldogs,CD_R202626408
CD_I1026263,13,MEDIUM_DEFENDER,"https://s.afl.com.au/staticfile/AFL Tenant/AFL/Players/ChampIDImages/AFLW/2026264/1026263.png?im=Scale,width=0.6,height=0.6",Taya,Chambers,CD_T9406,ESS,Essendon,Bombers,1,72.2,0,0,0,0,0,0,0,0,3,0,0,10,7,31,4,1,0,0,0,0,0,0,3,3,0,0,0,0,4,0,0,4,3,0,1,113,1,11,0,0,3,0,2,0,0,1,1,1,0,1,7,0,4,2026-10-04,data//AFLW_2026-10-04.csv,NA,NA,0.42857142857142855,0.5714285714285714,3,0.25,1,NA,NA,1.3333333333333333,0.09090909090909091,NA,0,0,0,CD_M20262640803,8,2026-10-03,GWS GIANTS,CD_R202626408
CD_I1026281,11,MEDIUM_DEFENDER,"https://s.afl.com.au/staticfile/AFL Tenant/AFL/Players/ChampIDImages/AFLW/2026264/1026281.png?im=Scale,width=0.6,height=0.6",Evie,Cowcher,CD_T8467,GEEL,Geelong Cats,Cats,8,71.30000000000007,0,0,0,0,2,0,1,0,4,0,0,3,10,37,7,4,0,0,0,0,0,0,4,5,0,0,0,0,6,0,0,5,4,0,0,86,2,4,0,0,0,0,0,0,0,2,0,0,0,0,10,3,6,2026-10-04,data//AFLW_2026-10-04.csv,0,NA,0.4,0.7,3,0.8,0.6,NA,NA,1,0,NA,0,0,0,CD_M20262640802,8,2026-10-02,Richmond,CD_R202626408
CD_I1026294,11,KEY_DEFENDER,"https://s.afl.com.au/staticfile/AFL Tenant/AFL/Players/ChampIDImages/AFLW/2026264/1026294.png?im=Scale,width=0.6,height=0.6",Ariana,Hetherington,CD_T8097,COLL,Collingwood,Magpies,8,99.30000000000007,0,0,0,0,0,0,3,1,3,0,0,2,5,18,3,3,0,0,0,100,1,0,2,0,0,0,1,0,3,0,0,5,1,0,0,144,1,2,0,0,1,0,1,0,0,1,0,0,0,0,5,1,2,2026-10-04,data//AFLW_2026-10-04.csv,0,NA,0.6,0.6,0,0.6,NA,NA,NA,Inf,0,NA,0,0,0,CD_M20262640808,8,2026-10-04,Melbourne,CD_R202626408
CD_I1026372,11,KEY_DEFENDER,"https://s.afl.com.au/staticfile/AFL Tenant/AFL/Players/ChampIDImages/AFLW/2026264/1026372.png?im=Scale,width=0.6,height=0.6",Molly,O'Hehir,CD_T7386,MELB,Melbourne,Demons,8,77,0,0,0,0,3,0,0,0,3,0,0,5,11,46,5,4,0,1,0,25,0,0,3,2,0,0,0,0,1,0,0,9,2,0,0,247,1,7,0,0,1,0,2,0,0,1,1,3,0,1,10,5,7,2026-10-04,data//AFLW_2026-10-04.csv,NA,NA,0.3,0.45454545454545453,1,0.4444444444444444,0.5,NA,NA,4.5,0.42857142857142855,NA,0,0,0,CD_M20262640808,8,2026-10-04,Collingwood,CD_R202626408
CD_I1026384,26,KEY_DEFENDER,"https://s.afl.com.au/staticfile/AFL Tenant/AFL/Players/ChampIDImages/AFLW/2026264/1026384.png?im=Scale,width=0.6,height=0.6",Indi,Strom,CD_T7886,FRE,Fremantle,Freo,5,90.39999999999998,0,0,0,0,1,0,5,0,7,0,0,2,7,21,3,1,0,1,0,0,0,0,7,5,0,0,0,0,6,0,0,2,0,0,0,80,4,3,0,0,2,0,0,0,0,4,0,2,0,0,8,4,1,2026-10-04,data//AFLW_2026-10-04.csv,0,NA,0.875,0.42857142857142855,2,0.5,0.4,NA,NA,0.4,0.6666666666666666,NA,0,0,0,CD_M20262640809,8,2026-10-04,West Coast Eagles,CD_R202626408
CD_I1026412,19,KEY_DEFENDER,"https://s.afl.com.au/staticfile/AFL Tenant/AFL/Players/ChampIDImages/AFLW/2026264/1026412.png?im=Scale,width=0.6,height=0.6",Olivia,Crane,CD_T9409,PORT,Port Adelaide,Power,5,67,0,0,0,0,1,0,2,0,7,0,0,7,11,47,2,1,0,0,1,0,0,0,6,3,0,0,2,0,6,1,1,8,0,0,0,206,5,7,0,0,1,0,1,0,0,4,0,4,0,0,10,5,3,2026-10-04,data//AFLW_2026-10-04.csv,0,NA,0.7,0.18181818181818182,1,0.125,0.3333333333333333,NA,NA,2.6666666666666665,0.5714285714285714,1,0,0,0.1,CD_M20262640806,8,2026-10-03,Adelaide Crows,CD_R202626408
CD_I1026479,12,KEY_FORWARD,"https://s.afl.com.au/staticfile/AFL Tenant/AFL/Players/ChampIDImages/AFLW/2026264/1026479.png?im=Scale,width=0.6,height=0.6",Olivia,Wolmarans,CD_T8788,RICH,Richmond,Richmond,8,100,0,1,0,0,1,0,0,0,5,0,0,0,6,28,3,2,3,0,0,52,1,1,5,4,0,0,2,0,1,0,0,2,0,0,0,74,1,4,0,0,0,0,3,0,1,1,0,2,1,0,6,3,1,2026-10-04,data//AFLW_2026-10-04.csv,NA,NA,0.8333333333333334,0.5,1,1,0.25,NA,NA,0.5,0.5,NA,0,0,0,CD_M20262640802,8,2026-10-02,Geelong Cats,CD_R202626408
CD_I1026531,24,MIDFIELDER_FORWARD,"https://s.afl.com.au/staticfile/AFL Tenant/AFL/Players/ChampIDImages/AFLW/2026264/1026531.png?im=Scale,width=0.6,height=0.6",Charli,Wicksteed,CD_T8788,RICH,Richmond,Richmond,8,82.10000000000002,0,2,0,0,5,0,0,0,0,0,0,7,7,34,3,1,0,1,0,40,0,0,0,2,0,0,2,0,0,0,0,5,2,0,0,117,0,14,0,0,0,0,0,0,0,0,0,3,1,0,7,3,7,2026-10-04,data//AFLW_2026-10-04.csv,NA,NA,0,0.42857142857142855,2,0.2,1,NA,NA,2.5,0.21428571428571427,NA,0,0,0,CD_M20262640802,8,2026-10-02,Geelong Cats,CD_R202626408
CD_I1026929,31,RUCK,"https://s.afl.com.au/staticfile/AFL Tenant/AFL/Players/ChampIDImages/AFLW/2026264/1026929.png?im=Scale,width=0.6,height=0.6",Lucy,Wales,CD_T9407,HAW,Hawthorn,Hawks,8,95.80000000000007,0,0,10,2,4,0,3,1,9,0,0,9,20,92,11,8,0,0,2,33.3,0,0,7,3,9,2,6,0,10,0,0,17,4,0,0,428,8,16,0,0,4,36,0,0,0,4,2,3,1,4,20,7,11,2026-10-04,data//AFLW_2026-10-04.csv,0,NA,0.45,0.55,3,0.47058823529411764,1,0.25,0.05555555555555555,5.666666666666667,0.1875,NA,0.6792452830188679,0.8333333333333334,0,CD_M20262640801,8,2026-10-01,Carlton,CD_R202626408
CD_I1026937,23,MEDIUM_FORWARD,"https://s.afl.com.au/staticfile/AFL Tenant/AFL/Players/ChampIDImages/AFLW/2026264/1026937.png?im=Scale,width=0.6,height=0.6",Rania,Crozier,CD_T7887,BL,Brisbane Lions,Lions,6,33.10000000000002,1,0,0,0,1,0,0,0,2,1,0,0,1,5,0,0,0,1,1,33.3,0,0,0,0,0,0,0,0,1,0,0,1,1,1,0,15,1,1,0,0,0,0,1,0,1,0,0,0,0,0,3,1,1,2026-10-04,data//AFLW_2026-10-04.csv,NA,0,0.6666666666666666,0,0,0,NA,NA,NA,Inf,0,NA,0,0,0,CD_M20262640805,8,2026-10-03,Gold Coast SUNS,CD_R202626408
CD_I1026947,24,MEDIUM_FORWARD,"https://s.afl.com.au/staticfile/AFL Tenant/AFL/Players/ChampIDImages/AFLW/2026264/1026947.png?im=Scale,width=0.6,height=0.6",Chantal,Mason,CD_T8467,GEEL,Geelong Cats,Cats,8,69.70000000000005,2,0,3,0,1,0,0,0,6,0,0,2,21,85,13,8,1,0,3,18.2,0,0,3,7,1,0,3,0,2,0,0,14,5,3,2,277,1,9,0,0,0,10,4,0,3,1,0,2,0,0,22,2,16,2026-10-04,data//AFLW_2026-10-04.csv,NA,NA,0.2727272727272727,0.6190476190476191,5,0.5714285714285714,0.7142857142857143,0.1,0,2,0.2222222222222222,NA,0.2222222222222222,0.23076923076923078,0,CD_M20262640802,8,2026-10-02,Richmond,CD_R202626408
CD_I1027057,11,MIDFIELDER,"https://s.afl.com.au/staticfile/AFL Tenant/AFL/Players/ChampIDImages/AFLW/2026264/1027057.png?im=Scale,width=0.6,height=0.6",Mia,Russo,CD_T8787,WCE,West Coast Eagles,Eagles,7,32.900000000000034,0,0,4,2,2,0,0,0,8,0,0,2,11,29,5,3,1,0,0,0,0,0,8,4,0,0,2,0,1,0,0,7,0,0,0,130,1,7,0,0,0,0,0,0,0,0,2,0,0,4,10,5,2,2026-10-04,data//AFLW_2026-10-04.csv,NA,NA,0.8,0.45454545454545453,2,0.42857142857142855,0.5,NA,NA,1.75,0,NA,0,0.3333333333333333,0,CD_M20262640809,8,2026-10-04,Fremantle,CD_R202626408
CD_I1027544,11,KEY_FORWARD,"https://s.afl.com.au/staticfile/AFL Tenant/AFL/Players/ChampIDImages/AFLW/2026264/1027544.png?im=Scale,width=0.6,height=0.6",Zoe,Besanko,CD_T8796,STK,St Kilda,St Kilda,8,89.20000000000005,0,0,0,0,2,0,0,0,1,1,0,5,5,26,5,2,0,1,0,0,0,0,1,3,0,0,1,0,2,0,0,2,3,0,1,105,0,11,0,0,0,2,0,0,0,0,0,2,1,0,5,2,4,2026-10-04,data//AFLW_2026-10-04.csv,NA,0,0.2,1,3,1,1,0,0,0.6666666666666666,0.18181818181818182,NA,0.031746031746031744,0,0,CD_M20262640804,8,2026-10-03,Western Bulldogs,CD_R202626408
CD_I1027545,32,MEDIUM_FORWARD,"https://s.afl.com.au/staticfile/AFL Tenant/AFL/Players/ChampIDImages/AFLW/2026264/1027545.png?im=Scale,width=0.6,height=0.6",Kayla,Dalgleish,CD_T8787,WCE,West Coast Eagles,Eagles,5,79.30000000000001,1,0,0,0,3,0,0,0,5,0,0,3,13,42,9,4,0,2,1,30,0,1,4,6,0,0,5,0,0,0,0,7,1,0,0,238,0,7,0,0,0,0,5,0,2,0,0,1,1,0,15,3,10,2026-10-04,data//AFLW_2026-10-04.csv,NA,NA,0.3333333333333333,0.6923076923076923,5,0.5714285714285714,0.8333333333333334,NA,NA,1.1666666666666667,0.14285714285714285,NA,0,0,0,CD_M20262640809,8,2026-10-04,Fremantle,CD_R202626408
CD_I1027611,16,KEY_DEFENDER,"https://s.afl.com.au/staticfile/AFL Tenant/AFL/Players/ChampIDImages/AFLW/2026264/1027611.png?im=Scale,width=0.6,height=0.6",Zoe,Wakfer,CD_T8787,WCE,West Coast Eagles,Eagles,7,81.20000000000005,0,0,0,0,2,0,0,2,5,0,0,3,9,44,6,4,0,0,0,0,0,0,2,3,0,0,0,0,10,0,0,6,4,0,0,161,5,5,0,0,2,0,0,0,0,4,0,2,0,0,7,2,2,2026-10-04,data//AFLW_2026-10-04.csv,NA,NA,0.7142857142857143,0.6666666666666666,2,0.6666666666666666,0.6666666666666666,NA,NA,2,0.4,NA,0,0,0,CD_M20262640809,8,2026-10-04,Fremantle,CD_R202626408
CD_I1027783,30,RUCK,"https://s.afl.com.au/staticfile/AFL Tenant/AFL/Players/ChampIDImages/AFLW/2026264/1027783.png?im=Scale,width=0.6,height=0.6",Stephanie,Wales,CD_T9406,ESS,Essendon,Bombers,8,81.89999999999998,0,0,14,4,0,0,1,2,20,2,2,9,20,88,13,6,1,0,0,50,0,0,11,8,14,3,2,0,7,0,0,12,2,1,0,263,1,14,0,0,4,48,2,0,0,0,4,4,0,8,21,6,1,2026-10-04,data//AFLW_2026-10-04.csv,0,1,0.9523809523809523,0.65,7,0.5,0.875,0.2916666666666667,0.0625,1.5,0.2857142857142857,NA,0.8571428571428571,0.9333333333333333,0,CD_M20262640803,8,2026-10-03,GWS GIANTS,CD_R202626408
CD_I1028464,8,MIDFIELDER_FORWARD,"https://s.afl.com.au/staticfile/AFL Tenant/AFL/Players/ChampIDImages/AFLW/2026264/1028464.png?im=Scale,width=0.6,height=0.6",Dominique,Carruthers,CD_T7387,WB,Western Bulldogs,Bulldogs,7,51.900000000000034,0,0,2,0,3,0,0,0,0,0,0,2,3,25,2,1,0,1,0,50,0,0,0,1,0,0,1,0,0,0,0,2,0,0,0,33,0,9,0,0,0,0,0,0,1,0,0,5,2,0,2,2,2,2026-10-04,data//AFLW_2026-10-04.csv,NA,NA,0,0.6666666666666666,1,0.5,1,NA,NA,2,0.5555555555555556,NA,0,0.2857142857142857,0,CD_M20262640804,8,2026-10-03,St Kilda,CD_R202626408
CD_I1028846,21,MEDIUM_FORWARD,"https://s.afl.com.au/staticfile/AFL Tenant/AFL/Players/ChampIDImages/AFLW/2026264/1028846.png?im=Scale,width=0.6,height=0.6",Heidi,Talbot,CD_T8786,GCFC,Gold Coast SUNS,SUNS,8,71.49999999999989,0,0,0,0,4,0,0,0,10,0,0,3,22,69,14,2,0,0,1,0,0,0,9,14,0,0,2,0,6,0,0,8,4,0,1,157,0,10,0,0,0,0,0,0,0,0,0,1,0,0,22,5,12,2026-10-04,data//AFLW_2026-10-04.csv,NA,NA,0.45454545454545453,0.6363636363636364,12,0.25,0.8571428571428571,NA,NA,0.5714285714285714,0.1,NA,0,0,0,CD_M20262640805,8,2026-10-03,Brisbane Lions,CD_R202626408
CD_I1029279,2,MEDIUM_FORWARD,"https://s.afl.com.au/staticfile/AFL Tenant/AFL/Players/ChampIDImages/AFLW/2026264/1029279.png?im=Scale,width=0.6,height=0.6",Holly,Cooper,CD_T9408,SYD,Sydney Swans,Swans,7,66,0,0,0,0,2,0,0,0,1,0,0,4,5,25,3,2,1,1,1,60,0,0,1,3,0,0,0,0,0,0,0,2,1,0,0,0,1,10,0,0,0,0,0,0,0,0,0,3,1,0,5,3,4,2026-10-04,data//AFLW_2026-10-04.csv,NA,NA,0.2,0.6,1,1,0.3333333333333333,NA,NA,0.6666666666666666,0.3,NA,0,0,0,CD_M20262640807,8,2026-10-04,North Melbourne,CD_R202626408
CD_I1029614,1,RUCK,"https://s.afl.com.au/staticfile/AFL Tenant/AFL/Players/ChampIDImages/AFLW/2026264/1029614.png?im=Scale,width=0.6,height=0.6",Eleanor,Hartill,CD_T7887,BL,Brisbane Lions,Lions,7,61.599999999999966,0,0,2,0,4,0,0,1,6,0,0,2,6,25,2,0,2,0,0,40,0,0,2,6,6,0,0,0,1,0,0,0,1,0,0,-8,3,6,0,0,3,19,0,0,0,2,1,1,1,1,8,2,2,2026-10-04,data//AFLW_2026-10-04.csv,NA,NA,0.75,0.3333333333333333,2,NA,0.3333333333333333,0.3157894736842105,0,0,0.16666666666666666,NA,0.3333333333333333,0.16666666666666666,0,CD_M20262640805,8,2026-10-03,Gold Coast SUNS,CD_R202626408
CD_I1029615,14,MEDIUM_DEFENDER,"https://s.afl.com.au/staticfile/AFL Tenant/AFL/Players/ChampIDImages/AFLW/2026264/1029615.png?im=Scale,width=0.6,height=0.6",Erika,O'Shea,CD_T8466,NMFC,North Melbourne,Kangaroos,7,86.80000000000007,0,0,0,0,4,0,1,0,9,0,0,4,21,78,19,10,0,3,1,50,1,0,7,9,0,0,1,0,11,0,0,12,4,0,0,284,2,7,0,0,6,0,4,0,0,1,1,5,0,1,21,2,12,2026-10-04,data//AFLW_2026-10-04.csv,0,NA,0.42857142857142855,0.9047619047619048,9,0.8333333333333334,1,NA,NA,1.3333333333333333,0.7142857142857143,NA,0,0,0,CD_M20262640807,8,2026-10-04,Sydney Swans,CD_R202626408
CD_I1029617,25,KEY_DEFENDER,"https://s.afl.com.au/staticfile/AFL Tenant/AFL/Players/ChampIDImages/AFLW/2026264/1029617.png?im=Scale,width=0.6,height=0.6",Cambridge,McCormick,CD_T7889,GWS,GWS GIANTS,GIANTS,8,89.30000000000007,1,0,0,0,3,0,0,0,7,0,0,6,22,66,13,5,0,0,1,0,0,0,6,12,1,0,4,0,7,4,4,10,3,0,0,490,0,9,0,0,4,5,3,0,1,0,2,0,0,2,18,6,11,2026-10-04,data//AFLW_2026-10-04.csv,NA,NA,0.3888888888888889,0.5909090909090909,8,0.5,0.6666666666666666,0.2,0,0.8333333333333334,0,1,0.08928571428571429,0,0.5714285714285714,CD_M20262640803,8,2026-10-03,Essendon,CD_R202626408
CD_I1029618,13,MEDIUM_FORWARD,"https://s.afl.com.au/staticfile/AFL Tenant/AFL/Players/ChampIDImages/AFLW/2026264/1029618.png?im=Scale,width=0.6,height=0.6",Vikki,Wall,CD_T8466,NMFC,North Melbourne,Kangaroos,8,86.5,1,0,0,0,1,0,0,0,8,4,1,3,16,60,12,4,5,0,0,21.4,0,1,6,9,0,0,6,0,0,0,0,7,2,0,2,153,3,8,0,0,0,0,7,0,3,1,0,2,1,0,17,3,9,2026-10-04,data//AFLW_2026-10-04.csv,NA,0.25,0.47058823529411764,0.75,8,0.5714285714285714,0.8888888888888888,NA,NA,0.7777777777777778,0.25,NA,0,0,0,CD_M20262640807,8,2026-10-04,Sydney Swans,CD_R202626408
CD_I1029621,25,MIDFIELDER_FORWARD,"https://s.afl.com.au/staticfile/AFL Tenant/AFL/Players/ChampIDImages/AFLW/2026264/1029621.png?im=Scale,width=0.6,height=0.6",Megan,Kauffman,CD_T7886,FRE,Fremantle,Freo,8,69.10000000000002,0,3,1,0,5,0,0,2,6,0,0,3,17,66,11,6,0,1,0,50,0,0,4,5,0,0,5,0,2,0,0,12,5,0,2,457,1,6,0,0,0,0,2,0,1,0,1,2,0,1,18,7,12,2026-10-04,data//AFLW_2026-10-04.csv,NA,NA,0.3333333333333333,0.6470588235294118,5,0.5,1,NA,NA,2.4,0.3333333333333333,NA,0,0.08333333333333333,0,CD_M20262640809,8,2026-10-04,West Coast Eagles,CD_R202626408
CD_I1029623,14,MIDFIELDER,"https://s.afl.com.au/staticfile/AFL Tenant/AFL/Players/ChampIDImages/AFLW/2026264/1029623.png?im=Scale,width=0.6,height=0.6",Orlagh,Lally,CD_T7886,FRE,Fremantle,Freo,8,67.10000000000002,0,0,0,0,0,0,0,0,5,1,0,0,7,26,4,2,2,0,1,33.3,0,1,4,5,0,0,0,0,2,0,0,2,1,1,0,55,1,3,0,0,0,1,2,0,1,1,0,0,0,0,7,2,2,2026-10-04,data//AFLW_2026-10-04.csv,NA,0,0.7142857142857143,0.5714285714285714,2,1,0.4,0,0,0.4,0,NA,0.019230769230769232,0,0,CD_M20262640809,8,2026-10-04,West Coast Eagles,CD_R202626408
CD_I1029626,13,KEY_FORWARD,"https://s.afl.com.au/staticfile/AFL Tenant/AFL/Players/ChampIDImages/AFLW/2026264/1029626.png?im=Scale,width=0.6,height=0.6",Aine,McDonagh,CD_T9407,HAW,Hawthorn,Hawks,8,99.80000000000007,2,0,0,0,5,0,0,0,8,2,0,1,16,45,6,2,6,3,0,60,0,0,8,8,0,0,1,0,2,0,0,8,0,0,0,95,1,10,0,0,0,0,4,0,2,1,0,3,2,0,11,7,3,2026-10-04,data//AFLW_2026-10-04.csv,NA,0,0.7272727272727273,0.375,4,0.25,0.5,NA,NA,1,0.3,NA,0,0,0,CD_M20262640801,8,2026-10-01,Carlton,CD_R202626408
CD_I1030188,2,MEDIUM_FORWARD,"https://s.afl.com.au/staticfile/AFL Tenant/AFL/Players/ChampIDImages/AFLW/2026264/1030188.png?im=Scale,width=0.6,height=0.6",Sunny,Lappin,CD_T8786,GCFC,Gold Coast SUNS,SUNS,8,74.79999999999995,1,0,0,0,0,0,0,0,2,0,0,1,8,33,6,2,1,0,0,46.2,1,0,1,4,0,0,2,0,1,0,0,4,0,0,0,63,3,11,0,0,0,0,4,0,1,1,0,3,1,0,9,0,7,2026-10-04,data//AFLW_2026-10-04.csv,NA,NA,0.2222222222222222,0.75,4,0.5,1,NA,NA,1,0.2727272727272727,NA,0,0,0,CD_M20262640805,8,2026-10-03,Brisbane Lions,CD_R202626408
CD_I1030189,10,MEDIUM_FORWARD,"https://s.afl.com.au/staticfile/AFL Tenant/AFL/Players/ChampIDImages/AFLW/2026264/1030189.png?im=Scale,width=0.6,height=0.6",Ava,Usher,CD_T8786,GCFC,Gold Coast SUNS,SUNS,8,88.20000000000005,0,0,4,0,5,0,0,0,8,0,0,9,15,90,10,4,1,0,2,35,1,0,5,9,0,0,4,0,2,0,0,6,0,0,0,184,0,20,0,0,0,0,3,0,0,0,2,13,6,2,16,4,8,2026-10-04,data//AFLW_2026-10-04.csv,NA,NA,0.5,0.6666666666666666,6,0.6666666666666666,0.6666666666666666,NA,NA,0.6666666666666666,0.65,NA,0,0.3333333333333333,0,CD_M20262640805,8,2026-10-03,Brisbane Lions,CD_R202626408
CD_I1030195,16,MEDIUM_FORWARD,"https://s.afl.com.au/staticfile/AFL Tenant/AFL/Players/ChampIDImages/AFLW/2026264/1030195.png?im=Scale,width=0.6,height=0.6",Mikayla,Nurse,CD_T8786,GCFC,Gold Coast SUNS,SUNS,6,84.40000000000003,0,0,0,0,3,0,0,0,4,1,0,7,7,29,4,4,0,1,1,0,0,0,2,0,0,0,4,0,3,0,0,7,2,0,0,236,1,11,0,0,0,0,2,0,0,0,0,1,0,0,8,3,4,2026-10-04,data//AFLW_2026-10-04.csv,NA,0,0.5,0.5714285714285714,0,0.5714285714285714,NA,NA,NA,Inf,0.09090909090909091,NA,0,0,0,CD_M20262640805,8,2026-10-03,Brisbane Lions,CD_R202626408
CD_I1030199,15,MEDIUM_FORWARD,"https://s.afl.com.au/staticfile/AFL Tenant/AFL/Players/ChampIDImages/AFLW/2026264/1030199.png?im=Scale,width=0.6,height=0.6",Alannah,Welsh,CD_T8786,GCFC,Gold Coast SUNS,SUNS,7,44.89999999999992,0,0,0,0,3,0,0,0,2,1,1,2,3,17,1,0,1,1,0,47.1,0,0,2,1,0,0,0,0,1,0,0,2,0,0,0,26,0,7,0,0,0,0,0,0,1,0,0,3,2,0,3,4,1,2026-10-04,data//AFLW_2026-10-04.csv,NA,1,0.6666666666666666,0.3333333333333333,1,0,1,NA,NA,2,0.42857142857142855,NA,0,0,0,CD_M20262640805,8,2026-10-03,Brisbane Lions,CD_R202626408
CD_I1030201,4,KEY_DEFENDER,"https://s.afl.com.au/staticfile/AFL Tenant/AFL/Players/ChampIDImages/AFLW/2026264/1030201.png?im=Scale,width=0.6,height=0.6",Georja,Davies,CD_T8786,GCFC,Gold Coast SUNS,SUNS,8,82.10000000000002,0,0,0,0,2,0,1,0,5,0,0,3,12,52,9,5,0,2,0,0,0,0,5,4,0,0,1,0,10,0,0,8,6,0,0,116,2,4,0,0,2,0,1,0,0,2,0,2,0,0,13,1,8,2026-10-04,data//AFLW_2026-10-04.csv,0,NA,0.38461538461538464,0.75,4,0.625,1,NA,NA,2,0.5,NA,0,0,0,CD_M20262640805,8,2026-10-03,Brisbane Lions,CD_R202626408
CD_I1030203,24,KEY_FORWARD,"https://s.afl.com.au/staticfile/AFL Tenant/AFL/Players/ChampIDImages/AFLW/2026264/1030203.png?im=Scale,width=0.6,height=0.6",Dekota,Baron,CD_T8786,GCFC,Gold Coast SUNS,SUNS,5,77.10000000000002,2,0,0,0,3,0,0,0,3,1,0,0,9,39,6,2,2,1,1,45.5,1,0,2,4,0,0,1,0,0,0,0,5,4,2,3,46,2,7,0,0,0,0,4,0,3,2,0,1,1,0,9,2,6,2026-10-04,data//AFLW_2026-10-04.csv,NA,0,0.3333333333333333,0.6666666666666666,4,0.4,1,NA,NA,1.25,0.14285714285714285,NA,0,0,0,CD_M20262640805,8,2026-10-03,Brisbane Lions,CD_R202626408
CD_I1030962,23,MIDFIELDER,"https://s.afl.com.au/staticfile/AFL Tenant/AFL/Players/ChampIDImages/AFLW/2026264/1030962.png?im=Scale,width=0.6,height=0.6",Sophie,Eaton,CD_T9409,PORT,Port Adelaide,Power,7,70.30000000000007,0,0,0,0,2,0,0,0,2,0,0,10,5,25,5,3,1,0,0,0,0,0,2,2,0,0,1,0,2,0,0,3,0,0,0,133,0,13,0,0,0,0,1,0,0,0,0,3,0,0,5,1,3,2026-10-04,data//AFLW_2026-10-04.csv,NA,NA,0.4,1,2,1,1,NA,NA,1.5,0.23076923076923078,NA,0,0,0,CD_M20262640806,8,2026-10-03,Adelaide Crows,CD_R202626408
CD_I1031248,37,MEDIUM_DEFENDER,"https://s.afl.com.au/staticfile/AFL Tenant/AFL/Players/ChampIDImages/AFLW/2026264/1031248.png?im=Scale,width=0.6,height=0.6",Fina,Dethlefsen,CD_T8788,RICH,Richmond,Richmond,6,86.20000000000005,0,0,0,0,4,1,3,2,7,0,0,10,9,55,5,4,0,1,1,0,0,0,4,2,0,0,0,0,6,0,0,7,4,0,0,144,1,11,0,0,4,0,0,0,0,1,1,5,0,1,9,4,2,2026-10-04,data//AFLW_2026-10-04.csv,0.3333333333333333,NA,0.7777777777777778,0.5555555555555556,1,0.5714285714285714,0.5,NA,NA,3.5,0.45454545454545453,NA,0,0,0,CD_M20262640802,8,2026-10-02,Geelong Cats,CD_R202626408
CD_I1031272,29,MEDIUM_DEFENDER,"https://s.afl.com.au/staticfile/AFL Tenant/AFL/Players/ChampIDImages/AFLW/2026264/1031272.png?im=Scale,width=0.6,height=0.6",Indiana,West,CD_T7886,FRE,Fremantle,Freo,8,77.60000000000002,0,0,0,0,4,0,0,0,2,0,0,4,9,43,6,4,0,1,1,0,0,0,1,4,0,0,0,0,5,0,0,5,2,0,0,67,0,6,0,0,1,0,0,0,0,0,0,4,0,0,8,2,6,2026-10-04,data//AFLW_2026-10-04.csv,NA,NA,0.25,0.6666666666666666,2,0.8,0.5,NA,NA,1.25,0.6666666666666666,NA,0,0,0,CD_M20262640809,8,2026-10-04,West Coast Eagles,CD_R202626408
CD_I1031366,11,KEY_DEFENDER,"https://s.afl.com.au/staticfile/AFL Tenant/AFL/Players/ChampIDImages/AFLW/2026264/1031366.png?im=Scale,width=0.6,height=0.6",Holly,Egan,CD_T7886,FRE,Fremantle,Freo,6,75.90000000000003,0,0,0,0,3,2,2,0,5,0,0,10,12,29,9,4,0,2,0,0,0,0,5,8,0,0,0,0,5,3,2,4,1,0,0,97,2,10,0,0,3,0,0,0,0,1,0,1,0,0,9,3,4,2026-10-04,data//AFLW_2026-10-04.csv,1,NA,0.5555555555555556,0.75,5,1,0.625,NA,NA,0.5,0.1,0.6666666666666666,0,0,0.3333333333333333,CD_M20262640809,8,2026-10-04,West Coast Eagles,CD_R202626408
CD_I1031378,10,MIDFIELDER,"https://s.afl.com.au/staticfile/AFL Tenant/AFL/Players/ChampIDImages/AFLW/2026264/1031378.png?im=Scale,width=0.6,height=0.6",Holly,Ridewood,CD_T9406,ESS,Essendon,Bombers,8,75.69999999999993,0,0,0,0,0,0,0,0,3,0,0,4,3,10,1,0,0,0,0,0,0,0,3,3,0,0,0,0,2,1,0,0,0,0,0,2,0,7,0,0,0,0,0,0,0,0,0,1,0,0,3,0,0,2026-10-04,data//AFLW_2026-10-04.csv,NA,NA,1,0.3333333333333333,1,NA,0.3333333333333333,NA,NA,0,0.14285714285714285,0,0,0,0.2,CD_M20262640803,8,2026-10-03,GWS GIANTS,CD_R202626408
CD_I1031390,9,KEY_FORWARD,"https://s.afl.com.au/staticfile/AFL Tenant/AFL/Players/ChampIDImages/AFLW/2026264/1031390.png?im=Scale,width=0.6,height=0.6",Emma,McDonald,CD_T7387,WB,Western Bulldogs,Bulldogs,8,81,2,0,0,0,2,0,0,0,5,2,0,0,5,24,3,1,0,1,0,50,0,0,2,2,0,0,0,0,1,0,0,3,0,0,0,38,4,7,0,0,0,0,4,0,2,1,0,3,2,0,5,2,0,2026-10-04,data//AFLW_2026-10-04.csv,NA,0,1,0.6,2,0.3333333333333333,1,NA,NA,1.5,0.42857142857142855,NA,0,0,0,CD_M20262640804,8,2026-10-03,St Kilda,CD_R202626408
CD_I1031398,11,MIDFIELDER,"https://s.afl.com.au/staticfile/AFL Tenant/AFL/Players/ChampIDImages/AFLW/2026264/1031398.png?im=Scale,width=0.6,height=0.6",Isabel,Bacon,CD_T8788,RICH,Richmond,Richmond,8,84.30000000000007,0,0,11,1,3,0,0,0,5,0,0,10,12,58,4,1,0,0,0,50,0,0,4,6,0,0,1,0,2,0,0,6,4,0,0,142,0,13,0,0,3,0,1,0,0,0,0,4,0,1,12,6,7,2026-10-04,data//AFLW_2026-10-04.csv,NA,NA,0.4166666666666667,0.3333333333333333,3,0.16666666666666666,0.5,NA,NA,1,0.3076923076923077,NA,0,0.8301886792452831,0,CD_M20262640802,8,2026-10-02,Geelong Cats,CD_R202626408
CD_I1031412,33,MIDFIELDER_FORWARD,"https://s.afl.com.au/staticfile/AFL Tenant/AFL/Players/ChampIDImages/AFLW/2026264/1031412.png?im=Scale,width=0.6,height=0.6",Mackenzie,Ford,CD_T8788,RICH,Richmond,Richmond,8,72.00000000000011,0,0,0,0,2,0,0,0,6,0,0,2,11,39,9,1,3,0,1,0,1,0,4,9,0,0,0,0,3,0,0,2,2,0,0,16,1,9,0,0,0,0,2,0,0,1,1,2,1,1,11,2,5,2026-10-04,data//AFLW_2026-10-04.csv,NA,NA,0.5454545454545454,0.8181818181818182,8,0.5,0.8888888888888888,NA,NA,0.2222222222222222,0.2222222222222222,NA,0,0,0,CD_M20262640802,8,2026-10-02,Geelong Cats,CD_R202626408
CD_I1031562,28,MIDFIELDER,"https://s.afl.com.au/staticfile/AFL Tenant/AFL/Players/ChampIDImages/AFLW/2026264/1031562.png?im=Scale,width=0.6,height=0.6",Emma,Juneja,CD_T9408,SYD,Sydney Swans,Swans,6,65.5,0,0,0,0,2,0,0,0,3,0,0,7,8,33,4,3,0,0,0,100,0,0,3,2,0,0,1,0,2,0,0,6,1,0,0,143,0,9,0,0,0,0,1,0,0,0,0,2,0,0,6,3,3,2026-10-04,data//AFLW_2026-10-04.csv,NA,NA,0.5,0.5,1,0.5,0.5,NA,NA,3,0.2222222222222222,NA,0,0,0,CD_M20262640807,8,2026-10-04,North Melbourne,CD_R202626408
CD_I1031564,21,MEDIUM_FORWARD,"https://s.afl.com.au/staticfile/AFL Tenant/AFL/Players/ChampIDImages/AFLW/2026264/1031564.png?im=Scale,width=0.6,height=0.6",Amelia,Martin,CD_T9408,SYD,Sydney Swans,Swans,2,87.1,0,0,0,0,1,1,4,0,4,0,0,8,9,34,7,3,0,0,0,0,0,0,4,4,0,0,0,0,4,2,2,5,1,0,0,151,3,10,0,0,2,0,0,0,0,3,0,2,0,0,7,2,3,2026-10-04,data//AFLW_2026-10-04.csv,0.25,NA,0.5714285714285714,0.7777777777777778,4,0.6,1,NA,NA,1.25,0.2,1,0,0,0.18181818181818182,CD_M20262640807,8,2026-10-04,North Melbourne,CD_R202626408
CD_I1031784,20,MEDIUM_DEFENDER,"https://s.afl.com.au/staticfile/AFL Tenant/AFL/Players/ChampIDImages/AFLW/2026264/1031784.png?im=Scale,width=0.6,height=0.6",Cleo,Buttifant,CD_T7387,WB,Western Bulldogs,Bulldogs,8,73.19999999999993,0,0,6,0,2,0,0,0,6,0,0,4,10,43,4,2,0,1,0,66.7,0,1,4,2,0,0,1,0,3,0,0,8,0,0,0,151,3,10,0,0,0,0,2,0,2,1,4,3,0,4,11,1,5,2026-10-04,data//AFLW_2026-10-04.csv,NA,NA,0.5454545454545454,0.4,2,0.25,1,NA,NA,4,0.3,NA,0,0.8571428571428571,0,CD_M20262640804,8,2026-10-03,St Kilda,CD_R202626408
CD_I1032495,27,MEDIUM_DEFENDER,"https://s.afl.com.au/staticfile/AFL Tenant/AFL/Players/ChampIDImages/AFLW/2026264/1032495.png?im=Scale,width=0.6,height=0.6",Rhianna,Ingram,CD_T8786,GCFC,Gold Coast SUNS,SUNS,2,67.89999999999999,0,0,0,0,1,0,0,0,2,0,0,4,10,38,8,5,0,0,0,0,0,0,1,5,0,0,0,0,3,0,0,5,3,0,0,118,3,6,0,0,1,0,0,0,0,1,0,1,0,0,10,3,8,2026-10-04,data//AFLW_2026-10-04.csv,NA,NA,0.2,0.8,3,1,0.6,NA,NA,1,0.16666666666666666,NA,0,0,0,CD_M20262640805,8,2026-10-03,Brisbane Lions,CD_R202626408
CD_I1032556,19,KEY_FORWARD,"https://s.afl.com.au/staticfile/AFL Tenant/AFL/Players/ChampIDImages/AFLW/2026264/1032556.png?im=Scale,width=0.6,height=0.6",Maddie,Quinn,CD_T9408,SYD,Sydney Swans,Swans,8,78.89999999999998,0,0,4,0,2,0,1,0,5,1,0,6,8,45,5,2,0,1,1,20,0,0,4,5,6,2,1,0,4,0,0,3,2,0,1,66,5,20,0,0,1,24,0,0,0,2,1,4,2,1,8,2,3,2026-10-04,data//AFLW_2026-10-04.csv,0,0,0.625,0.625,3,0.6666666666666666,0.6,0.25,0.08333333333333333,0.6,0.2,NA,0.5,0.25,0,CD_M20262640807,8,2026-10-04,North Melbourne,CD_R202626408
CD_I1032569,4,MEDIUM_DEFENDER,"https://s.afl.com.au/staticfile/AFL Tenant/AFL/Players/ChampIDImages/AFLW/2026264/1032569.png?im=Scale,width=0.6,height=0.6",Kiera,Yerbury,CD_T7889,GWS,GWS GIANTS,GIANTS,5,50.5,0,2,0,0,5,0,0,1,9,0,0,5,15,48,8,3,3,1,0,0,0,0,8,8,0,0,2,0,7,0,0,7,2,2,0,124,0,11,0,0,1,0,2,0,1,0,0,2,0,0,15,5,6,2026-10-04,data//AFLW_2026-10-04.csv,NA,NA,0.6,0.5333333333333333,5,0.42857142857142855,0.625,NA,NA,0.875,0.18181818181818182,NA,0,0,0,CD_M20262640803,8,2026-10-03,Essendon,CD_R202626408
CD_I1032571,16,MEDIUM_FORWARD,"https://s.afl.com.au/staticfile/AFL Tenant/AFL/Players/ChampIDImages/AFLW/2026264/1032571.png?im=Scale,width=0.6,height=0.6",Mikaylah,Antony,CD_T9407,HAW,Hawthorn,Hawks,7,64.89999999999992,0,0,4,0,1,0,0,0,2,0,0,5,6,28,3,3,1,0,0,50,0,0,2,1,0,0,3,0,1,0,0,5,1,0,0,131,1,6,0,0,0,0,1,0,0,1,2,2,0,2,5,1,3,2026-10-04,data//AFLW_2026-10-04.csv,NA,NA,0.4,0.5,0,0.6,0,NA,NA,5,0.3333333333333333,NA,0,0.3333333333333333,0,CD_M20262640801,8,2026-10-01,Carlton,CD_R202626408
CD_I1032580,26,MIDFIELDER,"https://s.afl.com.au/staticfile/AFL Tenant/AFL/Players/ChampIDImages/AFLW/2026264/1032580.png?im=Scale,width=0.6,height=0.6",Tayla,McMillan,CD_T8096,CARL,Carlton,Blues,2,37.8,0,0,0,0,3,0,0,1,4,1,1,3,8,31,3,3,0,0,0,100,0,0,3,3,0,0,0,0,1,0,0,5,2,0,0,111,1,7,0,0,1,0,0,0,0,0,0,1,1,0,7,2,3,2026-10-04,data//AFLW_2026-10-04.csv,NA,1,0.5714285714285714,0.375,0,0.6,0,NA,NA,1.6666666666666667,0.14285714285714285,NA,0,0,0,CD_M20262640801,8,2026-10-01,Hawthorn,CD_R202626408
CD_I1032590,5,MEDIUM_FORWARD,"https://s.afl.com.au/staticfile/AFL Tenant/AFL/Players/ChampIDImages/AFLW/2026264/1032590.png?im=Scale,width=0.6,height=0.6",Chloe,Bown,CD_T8098,ADEL,Adelaide Crows,Crows,8,58.69999999999999,0,0,6,1,0,0,0,0,6,0,0,9,10,54,7,2,1,0,0,27.3,1,0,4,7,0,0,0,0,0,0,0,3,1,1,0,65,0,14,0,0,0,0,4,0,0,0,0,7,3,1,10,0,4,2026-10-04,data//AFLW_2026-10-04.csv,NA,NA,0.6,0.7,5,0.6666666666666666,0.7142857142857143,NA,NA,0.42857142857142855,0.5,NA,0,0.5454545454545454,0,CD_M20262640806,8,2026-10-03,Port Adelaide,CD_R202626408
CD_I1032592,19,MIDFIELDER,"https://s.afl.com.au/staticfile/AFL Tenant/AFL/Players/ChampIDImages/AFLW/2026264/1032592.png?im=Scale,width=0.6,height=0.6",Asher,Fearn-Wannan,CD_T7887,BL,Brisbane Lions,Lions,5,73.69999999999999,0,1,0,0,2,0,0,0,2,0,0,7,12,50,5,2,0,1,0,50,0,0,2,4,0,0,2,0,2,0,0,8,3,0,0,304,2,9,0,0,0,0,0,0,0,1,0,3,0,0,12,4,10,2026-10-04,data//AFLW_2026-10-04.csv,NA,NA,0.16666666666666666,0.4166666666666667,3,0.25,0.75,NA,NA,2,0.3333333333333333,NA,0,0,0,CD_M20262640805,8,2026-10-03,Gold Coast SUNS,CD_R202626408
CD_I1032594,37,RUCK,"https://s.afl.com.au/staticfile/AFL Tenant/AFL/Players/ChampIDImages/AFLW/2026264/1032594.png?im=Scale,width=0.6,height=0.6",Josephine,Bamford,CD_T8097,COLL,Collingwood,Magpies,8,49.700000000000045,0,0,5,1,4,0,0,1,7,1,0,6,7,37,4,2,0,2,1,0,0,0,4,5,11,3,1,0,3,0,0,2,1,0,0,73,4,13,0,0,0,25,1,0,0,2,0,3,1,1,9,3,2,2026-10-04,data//AFLW_2026-10-04.csv,NA,0,0.7777777777777778,0.5714285714285714,2,1,0.4,0.44,0.12,0.4,0.23076923076923078,NA,0.390625,0.4166666666666667,0,CD_M20262640808,8,2026-10-04,Melbourne,CD_R202626408
CD_I1032967,32,MIDFIELDER,"https://s.afl.com.au/staticfile/AFL Tenant/AFL/Players/ChampIDImages/AFLW/2026264/1032967.png?im=Scale,width=0.6,height=0.6",Jordyn S.,Allen,CD_T7386,MELB,Melbourne,Demons,8,86.50000000000011,0,0,0,0,3,0,0,0,4,0,0,9,15,60,9,6,0,1,1,0,0,0,3,5,0,0,0,0,7,1,1,10,2,0,0,138,1,11,0,0,3,0,1,0,0,1,0,4,0,0,14,2,10,2026-10-04,data//AFLW_2026-10-04.csv,NA,NA,0.2857142857142857,0.6,3,0.6,0.6,NA,NA,2,0.36363636363636365,1,0,0,0.1111111111111111,CD_M20262640808,8,2026-10-04,Collingwood,CD_R202626408
CD_I1032974,14,MEDIUM_FORWARD,"https://s.afl.com.au/staticfile/AFL Tenant/AFL/Players/ChampIDImages/AFLW/2026264/1032974.png?im=Scale,width=0.6,height=0.6",Maggie,Johnstone,CD_T9406,ESS,Essendon,Bombers,6,72,0,0,3,0,7,0,0,0,9,0,0,6,14,56,5,4,0,2,2,50,0,0,7,4,0,0,1,0,0,0,0,10,2,0,1,207,0,14,0,0,3,0,2,0,0,0,4,4,0,4,16,4,7,2026-10-04,data//AFLW_2026-10-04.csv,NA,NA,0.5625,0.35714285714285715,1,0.4,0.25,NA,NA,2.5,0.2857142857142857,NA,0,0.2,0,CD_M20262640803,8,2026-10-03,GWS GIANTS,CD_R202626408
CD_I1033157,8,KEY_DEFENDER,"https://s.afl.com.au/staticfile/AFL Tenant/AFL/Players/ChampIDImages/AFLW/2026264/1033157.png?im=Scale,width=0.6,height=0.6",Jennifer,Dunne,CD_T7887,BL,Brisbane Lions,Lions,8,100.50000000000011,0,0,0,0,3,3,3,0,7,0,0,10,23,75,13,7,0,0,0,0,0,0,6,11,0,0,1,0,5,5,5,12,3,0,0,435,6,11,0,0,11,0,0,0,0,5,0,2,0,0,19,9,12,2026-10-04,data//AFLW_2026-10-04.csv,1,NA,0.3684210526315789,0.5652173913043478,6,0.5833333333333334,0.5454545454545454,NA,NA,1.0909090909090908,0.18181818181818182,1,0,0,0.5,CD_M20262640805,8,2026-10-03,Gold Coast SUNS,CD_R202626408
CD_I1033158,17,MIDFIELDER,"https://s.afl.com.au/staticfile/AFL Tenant/AFL/Players/ChampIDImages/AFLW/2026264/1033158.png?im=Scale,width=0.6,height=0.6",Dayna,Finn,CD_T8096,CARL,Carlton,Blues,8,79.79999999999995,0,0,0,2,5,0,0,0,10,0,0,9,16,66,10,5,1,0,1,71.4,0,1,8,7,0,0,0,0,3,0,0,9,2,1,0,241,0,12,0,0,2,0,3,0,1,0,1,3,1,3,17,5,7,2026-10-04,data//AFLW_2026-10-04.csv,NA,NA,0.5882352941176471,0.625,5,0.5555555555555556,0.7142857142857143,NA,NA,1.2857142857142858,0.25,NA,0,0,0,CD_M20262640801,8,2026-10-01,Hawthorn,CD_R202626408
CD_I1033159,19,MIDFIELDER,"https://s.afl.com.au/staticfile/AFL Tenant/AFL/Players/ChampIDImages/AFLW/2026264/1033159.png?im=Scale,width=0.6,height=0.6",Erone,Fitzpatrick,CD_T8096,CARL,Carlton,Blues,8,90.39999999999998,1,0,7,0,5,0,0,0,11,0,0,8,26,105,12,5,1,1,0,47.8,0,2,10,9,0,0,6,0,7,0,0,17,2,0,1,364,3,12,0,0,2,0,5,0,4,2,3,5,1,3,21,6,10,2026-10-04,data//AFLW_2026-10-04.csv,NA,NA,0.5238095238095238,0.46153846153846156,7,0.29411764705882354,0.7777777777777778,NA,NA,1.8888888888888888,0.4166666666666667,NA,0,0.5833333333333334,0,CD_M20262640801,8,2026-10-01,Hawthorn,CD_R202626408
CD_I1033163,7,MEDIUM_FORWARD,"https://s.afl.com.au/staticfile/AFL Tenant/AFL/Players/ChampIDImages/AFLW/2026264/1033163.png?im=Scale,width=0.6,height=0.6",Niamh,Martin,CD_T9407,HAW,Hawthorn,Hawks,5,71.80000000000001,0,0,0,0,1,0,0,0,7,2,0,2,11,49,3,1,2,0,1,40,0,0,6,5,0,0,3,0,2,0,0,6,0,0,0,217,0,18,0,0,0,0,1,0,2,0,0,5,1,0,12,4,5,2026-10-04,data//AFLW_2026-10-04.csv,NA,0,0.5833333333333334,0.2727272727272727,2,0.16666666666666666,0.4,NA,NA,1.2,0.2777777777777778,NA,0,0,0,CD_M20262640801,8,2026-10-01,Carlton,CD_R202626408
CD_I1033164,15,MEDIUM_FORWARD,"https://s.afl.com.au/staticfile/AFL Tenant/AFL/Players/ChampIDImages/AFLW/2026264/1033164.png?im=Scale,width=0.6,height=0.6",Paris,McCarthy,CD_T9408,SYD,Sydney Swans,Swans,7,71.40000000000003,0,0,0,0,0,0,0,0,8,0,0,5,7,42,6,1,0,0,2,50,0,1,5,6,0,0,0,0,1,0,0,1,1,0,0,19,2,12,0,0,0,0,1,0,1,0,1,4,2,1,9,0,1,2026-10-04,data//AFLW_2026-10-04.csv,NA,NA,0.8888888888888888,0.8571428571428571,5,1,0.8333333333333334,NA,NA,0.16666666666666666,0.3333333333333333,NA,0,0,0,CD_M20262640807,8,2026-10-04,North Melbourne,CD_R202626408
CD_I1033165,11,MIDFIELDER,"https://s.afl.com.au/staticfile/AFL Tenant/AFL/Players/ChampIDImages/AFLW/2026264/1033165.png?im=Scale,width=0.6,height=0.6",Niamh,McLaughlin,CD_T8786,GCFC,Gold Coast SUNS,SUNS,8,97.40000000000009,0,7,0,0,2,0,0,0,4,0,0,0,24,73,19,14,0,0,1,0,0,0,4,6,0,0,3,0,6,1,0,18,2,0,0,468,0,0,0,0,4,0,1,0,0,0,1,0,0,1,24,5,20,2026-10-04,data//AFLW_2026-10-04.csv,NA,NA,0.16666666666666666,0.7916666666666666,5,0.7777777777777778,0.8333333333333334,NA,NA,3,NA,0,0,0,0.5,CD_M20262640805,8,2026-10-03,Brisbane Lions,CD_R202626408
CD_I1033166,45,KEY_FORWARD,"https://s.afl.com.au/staticfile/AFL Tenant/AFL/Players/ChampIDImages/AFLW/2026264/1033166.png?im=Scale,width=0.6,height=0.6",Aishling,Moloney,CD_T8467,GEEL,Geelong Cats,Cats,8,88.09999999999991,1,0,0,0,2,0,0,0,4,1,0,2,19,81,9,5,2,1,0,52.4,1,0,4,5,0,0,5,0,1,0,0,14,5,2,1,308,3,10,0,0,0,0,7,0,3,1,1,4,2,1,18,2,14,2026-10-04,data//AFLW_2026-10-04.csv,NA,0,0.2222222222222222,0.47368421052631576,4,0.35714285714285715,0.8,NA,NA,2.8,0.4,NA,0,0,0,CD_M20262640802,8,2026-10-02,Richmond,CD_R202626408
CD_I1033168,24,MIDFIELDER_FORWARD,"https://s.afl.com.au/staticfile/AFL Tenant/AFL/Players/ChampIDImages/AFLW/2026264/1033168.png?im=Scale,width=0.6,height=0.6",Julie,O'Sullivan,CD_T9408,SYD,Sydney Swans,Swans,8,66.60000000000002,0,0,0,0,2,0,2,0,3,0,0,3,6,17,4,2,0,1,0,33.3,0,0,3,2,0,0,0,0,2,0,0,4,0,0,0,83,2,5,0,0,0,0,0,0,0,2,1,1,0,1,5,2,2,2026-10-04,data//AFLW_2026-10-04.csv,0,NA,0.6,0.6666666666666666,2,0.5,1,NA,NA,2,0.2,NA,0,0,0,CD_M20262640807,8,2026-10-04,North Melbourne,CD_R202626408
CD_I1033269,16,MEDIUM_FORWARD,"https://s.afl.com.au/staticfile/AFL Tenant/AFL/Players/ChampIDImages/AFLW/2026264/1033269.png?im=Scale,width=0.6,height=0.6",Evie,Long,CD_T7887,BL,Brisbane Lions,Lions,4,49.89999999999999,0,0,0,0,2,0,0,1,2,2,1,3,9,36,5,1,0,1,0,50,0,0,1,5,0,0,2,0,0,0,0,4,3,1,0,95,0,9,0,0,1,0,1,0,0,0,0,2,1,0,10,3,8,2026-10-04,data//AFLW_2026-10-04.csv,NA,0.5,0.2,0.5555555555555556,4,0.25,0.8,NA,NA,0.8,0.2222222222222222,NA,0,0,0,CD_M20262640805,8,2026-10-03,Gold Coast SUNS,CD_R202626408
CD_I1033348,1,MEDIUM_FORWARD,"https://s.afl.com.au/staticfile/AFL Tenant/AFL/Players/ChampIDImages/AFLW/2026264/1033348.png?im=Scale,width=0.6,height=0.6",Imogen,Brown,CD_T9408,SYD,Sydney Swans,Swans,8,63,0,0,0,0,1,0,0,1,4,0,0,3,11,50,7,2,0,0,2,33.3,0,0,1,6,0,0,1,0,2,0,0,5,3,0,1,126,1,11,0,0,2,0,1,0,0,1,1,3,0,1,11,4,7,2026-10-04,data//AFLW_2026-10-04.csv,NA,NA,0.36363636363636365,0.6363636363636364,5,0.4,0.8333333333333334,NA,NA,0.8333333333333334,0.2727272727272727,NA,0,0,0,CD_M20262640807,8,2026-10-04,North Melbourne,CD_R202626408
CD_I1033876,22,MEDIUM_DEFENDER,"https://s.afl.com.au/staticfile/AFL Tenant/AFL/Players/ChampIDImages/AFLW/2026264/1033876.png?im=Scale,width=0.6,height=0.6",Mizuki,Brothwell,CD_T7387,WB,Western Bulldogs,Bulldogs,2,59.4,0,0,0,0,1,0,0,0,1,0,0,0,3,15,1,1,0,0,0,0,0,0,1,1,0,0,2,0,2,0,0,2,1,0,0,54,2,1,0,0,2,0,0,0,0,2,0,1,1,0,2,0,1,2026-10-04,data//AFLW_2026-10-04.csv,NA,NA,0.5,0.3333333333333333,0,0.5,0,NA,NA,2,1,NA,0,0,0,CD_M20262640804,8,2026-10-03,St Kilda,CD_R202626408
CD_I1035371,12,MEDIUM_FORWARD,"https://s.afl.com.au/staticfile/AFL Tenant/AFL/Players/ChampIDImages/AFLW/2026264/1035371.png?im=Scale,width=0.6,height=0.6",Ryleigh,Wotherspoon,CD_T7386,MELB,Melbourne,Demons,8,73.60000000000002,1,0,0,0,1,0,0,0,3,0,0,2,15,81,9,6,0,0,2,46.7,0,0,1,5,0,0,2,0,1,0,0,10,6,0,2,129,0,14,0,0,0,0,3,0,1,0,0,5,2,0,15,3,12,2026-10-04,data//AFLW_2026-10-04.csv,NA,NA,0.2,0.6,3,0.6,0.6,NA,NA,2,0.35714285714285715,NA,0,0,0,CD_M20262640808,8,2026-10-04,Collingwood,CD_R202626408
CD_I1035375,24,MEDIUM_FORWARD,"https://s.afl.com.au/staticfile/AFL Tenant/AFL/Players/ChampIDImages/AFLW/2026264/1035375.png?im=Scale,width=0.6,height=0.6",Amy,Boyle-Carr,CD_T8098,ADEL,Adelaide Crows,Crows,5,68.80000000000001,0,0,0,0,3,0,0,0,6,0,0,5,9,39,6,4,0,0,0,20,0,0,6,3,0,0,2,0,5,0,0,6,1,0,1,153,2,8,0,0,1,0,1,0,0,2,0,3,2,0,10,4,4,2026-10-04,data//AFLW_2026-10-04.csv,NA,NA,0.6,0.6666666666666666,2,0.6666666666666666,0.6666666666666666,NA,NA,2,0.375,NA,0,0,0,CD_M20262640806,8,2026-10-03,Port Adelaide,CD_R202626408
CD_I1035558,22,MEDIUM_FORWARD,"https://s.afl.com.au/staticfile/AFL Tenant/AFL/Players/ChampIDImages/AFLW/2026264/1035558.png?im=Scale,width=0.6,height=0.6",Imogen,Trengove,CD_T8097,COLL,Collingwood,Magpies,8,59.799999999999955,0,0,0,0,2,0,0,0,1,0,0,3,11,35,6,3,0,0,0,0,0,0,0,4,0,0,5,0,2,0,0,7,2,0,0,263,1,9,0,0,0,0,4,0,0,0,0,0,0,0,11,3,10,2026-10-04,data//AFLW_2026-10-04.csv,NA,NA,0.09090909090909091,0.5454545454545454,3,0.42857142857142855,0.75,NA,NA,1.75,0,NA,0,0,0,CD_M20262640808,8,2026-10-04,Melbourne,CD_R202626408
CD_I1036083,15,MIDFIELDER_FORWARD,"https://s.afl.com.au/staticfile/AFL Tenant/AFL/Players/ChampIDImages/AFLW/2026264/1036083.png?im=Scale,width=0.6,height=0.6",Eilish,O'Dowd,CD_T7889,GWS,GWS GIANTS,GIANTS,8,93.80000000000007,0,0,0,0,1,2,5,1,9,0,0,5,20,61,17,4,0,0,2,0,1,0,6,15,0,0,5,0,8,0,0,5,2,0,0,333,5,8,0,0,1,0,3,0,0,3,1,2,0,1,22,0,13,2026-10-04,data//AFLW_2026-10-04.csv,0.4,NA,0.4090909090909091,0.85,13,0.8,0.8666666666666667,NA,NA,0.3333333333333333,0.25,NA,0,0,0,CD_M20262640803,8,2026-10-03,Essendon,CD_R202626408
CD_I1036297,18,RUCK,"https://s.afl.com.au/staticfile/AFL Tenant/AFL/Players/ChampIDImages/AFLW/2026264/1036297.png?im=Scale,width=0.6,height=0.6",Piper,Dunlop,CD_T8467,GEEL,Geelong Cats,Cats,7,65.2000000000001,1,0,10,0,1,0,1,0,3,1,0,0,6,35,4,0,1,1,1,50,0,0,2,4,10,4,1,0,0,0,0,2,0,0,0,48,5,4,0,0,0,35,2,0,1,3,1,3,2,1,7,1,4,2026-10-04,data//AFLW_2026-10-04.csv,0,0,0.42857142857142855,0.6666666666666666,4,0,1,0.2857142857142857,0.11428571428571428,0.5,0.75,NA,0.7777777777777778,0.7692307692307693,0,CD_M20262640802,8,2026-10-02,Richmond,CD_R202626408
CD_I1036298,11,KEY_DEFENDER,"https://s.afl.com.au/staticfile/AFL Tenant/AFL/Players/ChampIDImages/AFLW/2026264/1036298.png?im=Scale,width=0.6,height=0.6",Caitlin,Fletcher,CD_T7889,GWS,GWS GIANTS,GIANTS,8,83.00000000000011,0,0,0,0,1,0,0,0,3,0,0,3,6,21,4,0,0,0,0,0,0,0,3,5,0,0,1,0,1,0,0,1,0,0,0,52,0,5,0,0,0,0,0,0,0,0,1,2,0,1,6,1,3,2026-10-04,data//AFLW_2026-10-04.csv,NA,NA,0.5,0.6666666666666666,4,0,0.8,NA,NA,0.2,0.4,NA,0,0,0,CD_M20262640803,8,2026-10-03,Essendon,CD_R202626408
CD_I1036302,10,MEDIUM_FORWARD,"https://s.afl.com.au/staticfile/AFL Tenant/AFL/Players/ChampIDImages/AFLW/2026264/1036302.png?im=Scale,width=0.6,height=0.6",Blaithin,Bogue,CD_T8466,NMFC,North Melbourne,Kangaroos,8,78.20000000000005,1,0,0,0,2,0,0,0,4,1,0,2,9,39,6,5,1,0,2,47.4,1,0,2,1,0,0,2,0,1,0,0,8,2,0,1,189,1,5,0,0,1,0,3,0,1,1,0,1,1,0,10,2,6,2026-10-04,data//AFLW_2026-10-04.csv,NA,0,0.4,0.6666666666666666,1,0.625,1,NA,NA,8,0.2,NA,0,0,0,CD_M20262640807,8,2026-10-04,Sydney Swans,CD_R202626408
CD_I1037024,8,MEDIUM_DEFENDER,"https://s.afl.com.au/staticfile/AFL Tenant/AFL/Players/ChampIDImages/AFLW/2026264/1037024.png?im=Scale,width=0.6,height=0.6",Lavinia,Cox,CD_T9407,HAW,Hawthorn,Hawks,1,63.2,0,0,0,0,1,0,0,0,2,0,0,5,5,14,0,0,0,0,0,0,0,0,2,1,0,0,0,0,2,0,0,4,0,0,0,13,0,10,0,0,0,0,0,0,0,0,0,0,0,0,3,2,1,2026-10-04,data//AFLW_2026-10-04.csv,NA,NA,0.6666666666666666,0,0,0,0,NA,NA,4,0,NA,0,0,0,CD_M20262640801,8,2026-10-01,Carlton,CD_R202626408
CD_I1037629,29,RUCK,"https://s.afl.com.au/staticfile/AFL Tenant/AFL/Players/ChampIDImages/AFLW/2026264/1037629.png?im=Scale,width=0.6,height=0.6",Yasmeen,Janschek,CD_T7889,GWS,GWS GIANTS,GIANTS,8,80,0,0,13,0,2,1,1,0,4,1,0,1,10,72,4,2,1,0,1,0,0,0,3,4,21,9,4,0,2,0,0,6,0,0,0,231,3,13,0,0,0,44,0,0,0,2,0,6,1,0,10,4,6,2026-10-04,data//AFLW_2026-10-04.csv,1,0,0.4,0.4,2,0.3333333333333333,0.5,0.4772727272727273,0.20454545454545456,1.5,0.46153846153846156,NA,0.7857142857142857,0.8666666666666667,0,CD_M20262640803,8,2026-10-03,Essendon,CD_R202626408
CD_I1037639,35,MEDIUM_FORWARD,"https://s.afl.com.au/staticfile/AFL Tenant/AFL/Players/ChampIDImages/AFLW/2026264/1037639.png?im=Scale,width=0.6,height=0.6",Lily,Quigley,CD_T8786,GCFC,Gold Coast SUNS,SUNS,7,64.00000000000006,0,1,0,0,0,0,0,0,4,0,0,3,12,45,9,3,2,0,0,50,0,0,4,8,0,0,3,0,1,0,0,4,3,0,0,145,2,9,0,0,1,0,2,0,0,2,0,2,0,0,11,1,7,2026-10-04,data//AFLW_2026-10-04.csv,NA,NA,0.36363636363636365,0.75,6,0.75,0.75,NA,NA,0.5,0.2222222222222222,NA,0,0,0,CD_M20262640805,8,2026-10-03,Brisbane Lions,CD_R202626408
CD_I1040489,31,MIDFIELDER,"https://s.afl.com.au/staticfile/AFL Tenant/AFL/Players/ChampIDImages/AFLW/2026264/1040489.png?im=Scale,width=0.6,height=0.6",Alice,Tentye,CD_T8098,ADEL,Adelaide Crows,Crows,1,56.5,0,0,1,0,2,0,0,0,5,1,0,5,9,34,5,2,2,1,1,0,0,0,4,6,0,0,1,0,2,0,0,3,1,0,0,48,2,10,0,0,0,0,1,0,0,1,0,3,2,0,9,2,4,2026-10-04,data//AFLW_2026-10-04.csv,NA,0,0.5555555555555556,0.5555555555555556,3,0.6666666666666666,0.5,NA,NA,0.5,0.3,NA,0,0.09090909090909091,0,CD_M20262640806,8,2026-10-03,Port Adelaide,CD_R202626408
CD_I1042236,13,MEDIUM_FORWARD,"https://s.afl.com.au/staticfile/AFL Tenant/AFL/Players/ChampIDImages/AFLW/2026264/1042236.png?im=Scale,width=0.6,height=0.6",Aisling,Reidy,CD_T8096,CARL,Carlton,Blues,4,40.900000000000006,0,0,0,0,0,0,0,0,1,0,0,2,2,8,1,0,1,0,0,0,1,0,1,2,0,0,0,0,0,0,0,0,0,0,0,10,0,2,0,0,0,0,1,0,0,0,0,1,0,0,2,1,1,2026-10-04,data//AFLW_2026-10-04.csv,NA,NA,0.5,0.5,1,NA,0.5,NA,NA,0,0.5,NA,0,0,0,CD_M20262640801,8,2026-10-01,Hawthorn,CD_R202626408
CD_I1042237,14,KEY_DEFENDER,"https://s.afl.com.au/staticfile/AFL Tenant/AFL/Players/ChampIDImages/AFLW/2026264/1042237.png?im=Scale,width=0.6,height=0.6",Siofra,O'Connell,CD_T8096,CARL,Carlton,Blues,8,83.50000000000006,0,0,0,0,2,0,1,1,7,0,0,8,9,49,4,2,0,0,0,0,0,0,5,4,0,0,0,0,6,0,0,5,2,0,0,111,1,8,0,0,0,0,0,0,0,1,0,5,0,0,9,4,2,2026-10-04,data//AFLW_2026-10-04.csv,0,NA,0.7777777777777778,0.4444444444444444,2,0.4,0.5,NA,NA,1.25,0.625,NA,0,0,0,CD_M20262640801,8,2026-10-01,Hawthorn,CD_R202626408
CD_I1042264,21,MIDFIELDER,"https://s.afl.com.au/staticfile/AFL Tenant/AFL/Players/ChampIDImages/AFLW/2026264/1042264.png?im=Scale,width=0.6,height=0.6",Amy,Gavin Mangan,CD_T8466,NMFC,North Melbourne,Kangaroos,8,72.99999999999989,0,0,0,1,1,0,0,0,1,0,0,13,7,43,5,3,0,0,0,33.3,0,0,0,3,0,0,0,0,1,0,0,4,3,0,0,107,1,20,0,0,0,0,1,0,0,0,0,4,0,1,6,0,5,2026-10-04,data//AFLW_2026-10-04.csv,NA,NA,0.16666666666666666,0.7142857142857143,2,0.75,0.6666666666666666,NA,NA,1.3333333333333333,0.2,NA,0,0,0,CD_M20262640807,8,2026-10-04,Sydney Swans,CD_R202626408
CD_I1042277,16,MIDFIELDER,"https://s.afl.com.au/staticfile/AFL Tenant/AFL/Players/ChampIDImages/AFLW/2026264/1042277.png?im=Scale,width=0.6,height=0.6",Matilda,Banfield,CD_T7886,FRE,Fremantle,Freo,8,79.29999999999995,0,0,0,0,4,0,0,0,7,0,0,9,12,55,5,2,0,1,1,50,0,1,5,5,0,0,0,0,2,0,0,7,0,0,0,145,0,15,0,0,1,0,1,0,1,0,0,5,2,0,12,4,5,2026-10-04,data//AFLW_2026-10-04.csv,NA,NA,0.5833333333333334,0.4166666666666667,3,0.2857142857142857,0.6,NA,NA,1.4,0.3333333333333333,NA,0,0,0,CD_M20262640809,8,2026-10-04,West Coast Eagles,CD_R202626408
CD_I1042707,22,KEY_FORWARD,"https://s.afl.com.au/staticfile/AFL Tenant/AFL/Players/ChampIDImages/AFLW/2026264/1042707.png?im=Scale,width=0.6,height=0.6",Kayleigh,Cronin,CD_T8098,ADEL,Adelaide Crows,Crows,8,57.5,0,0,0,0,2,0,2,0,3,0,0,2,9,29,4,3,0,0,0,0,1,0,1,2,0,0,3,0,3,1,0,7,0,0,0,179,2,2,0,0,0,0,1,0,0,1,1,1,0,1,9,4,6,2026-10-04,data//AFLW_2026-10-04.csv,0,NA,0.3333333333333333,0.4444444444444444,1,0.42857142857142855,0.5,NA,NA,3.5,0.5,0,0,0,0.16666666666666666,CD_M20262640806,8,2026-10-03,Port Adelaide,CD_R202626408
CD_I1042797,27,MIDFIELDER,"https://s.afl.com.au/staticfile/AFL Tenant/AFL/Players/ChampIDImages/AFLW/2026264/1042797.png?im=Scale,width=0.6,height=0.6",Grace,Kos,CD_T7889,GWS,GWS GIANTS,GIANTS,8,66.10000000000002,0,0,9,0,2,0,0,0,4,0,0,3,8,48,4,3,0,0,0,0,0,0,4,4,0,0,2,0,1,0,0,4,0,0,0,119,2,16,0,0,1,0,1,0,0,1,1,7,2,1,8,3,4,2026-10-04,data//AFLW_2026-10-04.csv,NA,NA,0.5,0.5,1,0.75,0.25,NA,NA,1,0.4375,NA,0,0.6,0,CD_M20262640803,8,2026-10-03,Essendon,CD_R202626408
CD_I1048148,33,MEDIUM_FORWARD,"https://s.afl.com.au/staticfile/AFL Tenant/AFL/Players/ChampIDImages/AFLW/2026264/1048148.png?im=Scale,width=0.6,height=0.6",Aoife,Horisk,CD_T7386,MELB,Melbourne,Demons,1,77.3,0,0,0,0,2,0,0,0,2,0,0,3,6,35,6,1,1,1,0,0,0,0,2,5,0,0,0,0,2,0,0,1,3,0,1,15,0,11,0,0,0,0,2,0,0,0,1,4,0,1,6,1,4,2026-10-04,data//AFLW_2026-10-04.csv,NA,NA,0.3333333333333333,1,5,1,1,NA,NA,0.2,0.36363636363636365,NA,0,0,0,CD_M20262640808,8,2026-10-04,Collingwood,CD_R202626408
CD_I1048151,33,KEY_FORWARD,"https://s.afl.com.au/staticfile/AFL Tenant/AFL/Players/ChampIDImages/AFLW/2026264/1048151.png?im=Scale,width=0.6,height=0.6",Olivia,Lewis,CD_T8097,COLL,Collingwood,Magpies,3,56.00000000000003,0,0,0,0,1,0,0,0,0,0,0,2,1,7,0,0,0,0,0,33.3,0,0,0,0,0,0,0,0,0,0,0,1,0,0,0,10,1,5,0,0,0,0,0,0,0,1,0,1,1,0,0,1,0,2026-10-04,data//AFLW_2026-10-04.csv,NA,NA,NA,0,0,0,NA,NA,NA,Inf,0.2,NA,0,0,0,CD_M20262640808,8,2026-10-04,Melbourne,CD_R202626408
CD_I1048156,28,MIDFIELDER,"https://s.afl.com.au/staticfile/AFL Tenant/AFL/Players/ChampIDImages/AFLW/2026264/1048156.png?im=Scale,width=0.6,height=0.6",Emma,Murray,CD_T8467,GEEL,Geelong Cats,Cats,8,72.79999999999995,0,0,0,0,2,0,2,0,3,0,0,6,7,39,5,2,0,0,2,50,0,0,1,3,0,0,0,0,4,0,0,4,1,0,0,31,2,14,0,0,0,0,1,0,1,2,0,4,2,0,6,1,3,2026-10-04,data//AFLW_2026-10-04.csv,0,NA,0.5,0.7142857142857143,3,0.5,1,NA,NA,1.3333333333333333,0.2857142857142857,NA,0,0,0,CD_M20262640802,8,2026-10-02,Richmond,CD_R202626408
CD_I1048494,33,MEDIUM_DEFENDER,"https://s.afl.com.au/staticfile/AFL Tenant/AFL/Players/ChampIDImages/AFLW/2026264/1048494.png?im=Scale,width=0.6,height=0.6",Aoife,Healy,CD_T7886,FRE,Fremantle,Freo,8,89.00000000000011,0,0,0,0,0,0,1,0,6,0,0,6,14,38,11,5,0,0,0,0,0,0,6,7,0,0,0,0,8,0,0,7,1,0,0,144,1,7,0,0,4,0,1,0,0,1,0,0,0,0,12,0,6,2026-10-04,data//AFLW_2026-10-04.csv,0,NA,0.5,0.7857142857142857,6,0.7142857142857143,0.8571428571428571,NA,NA,1,0,NA,0,0,0,CD_M20262640809,8,2026-10-04,West Coast Eagles,CD_R202626408
CD_I1048495,26,MEDIUM_FORWARD,"https://s.afl.com.au/staticfile/AFL Tenant/AFL/Players/ChampIDImages/AFLW/2026264/1048495.png?im=Scale,width=0.6,height=0.6",Ana,Mulholland,CD_T8788,RICH,Richmond,Richmond,2,75.7,0,1,0,0,3,0,0,0,3,0,0,8,9,41,5,1,1,0,0,100,0,1,3,7,0,0,1,0,2,0,0,2,1,1,0,89,0,8,0,0,0,0,1,0,1,0,0,3,0,0,9,3,6,2026-10-04,data//AFLW_2026-10-04.csv,NA,NA,0.3333333333333333,0.5555555555555556,4,0.5,0.5714285714285714,NA,NA,0.2857142857142857,0.375,NA,0,0,0,CD_M20262640802,8,2026-10-02,Geelong Cats,CD_R202626408
CD_I296125,2,MIDFIELDER,"https://s.afl.com.au/staticfile/AFL Tenant/AFL/Players/ChampIDImages/AFLW/2026264/296125.png?im=Scale,width=0.6,height=0.6",Ellie,Blackburn,CD_T7387,WB,Western Bulldogs,Bulldogs,4,76.90000000000003,0,0,0,0,5,0,0,0,13,0,0,1,25,83,17,2,2,1,2,25,0,0,10,17,0,0,1,0,2,0,0,8,2,1,1,150,1,8,0,0,1,0,2,0,2,0,2,5,3,2,27,7,14,2026-10-04,data//AFLW_2026-10-04.csv,NA,NA,0.48148148148148145,0.68,15,0.25,0.8823529411764706,NA,NA,0.47058823529411764,0.625,NA,0,0,0,CD_M20262640804,8,2026-10-03,St Kilda,CD_R202626408
CD_I296154,25,MIDFIELDER,"https://s.afl.com.au/staticfile/AFL Tenant/AFL/Players/ChampIDImages/AFLW/2026264/296154.png?im=Scale,width=0.6,height=0.6",Jasmine,Garner,CD_T8466,NMFC,North Melbourne,Kangaroos,8,79.59999999999991,2,0,14,4,3,0,0,1,20,0,0,3,32,96,19,7,1,1,0,54.5,1,0,14,14,0,0,1,0,4,0,0,18,1,1,0,455,1,9,0,0,4,0,7,0,2,0,5,3,0,9,33,2,13,2026-10-04,data//AFLW_2026-10-04.csv,NA,NA,0.6060606060606061,0.59375,12,0.3888888888888889,0.8571428571428571,NA,NA,1.2857142857142858,0.3333333333333333,NA,0,0.875,0,CD_M20262640807,8,2026-10-04,Sydney Swans,CD_R202626408
CD_I296158,35,MEDIUM_DEFENDER,"https://s.afl.com.au/staticfile/AFL Tenant/AFL/Players/ChampIDImages/AFLW/2026264/296158.png?im=Scale,width=0.6,height=0.6",Bianca,Jakobsson,CD_T8796,STK,St Kilda,St Kilda,8,99.10000000000002,0,0,0,0,0,0,2,1,3,0,0,10,9,50,8,6,0,0,1,0,0,0,1,3,0,0,0,0,4,0,0,6,3,0,0,93,3,11,0,0,2,0,0,0,0,3,0,4,0,0,7,2,4,2026-10-04,data//AFLW_2026-10-04.csv,0,NA,0.42857142857142855,0.8888888888888888,2,1,0.6666666666666666,NA,NA,2,0.36363636363636365,NA,0,0,0,CD_M20262640804,8,2026-10-03,Western Bulldogs,CD_R202626408
CD_I997649,10,MEDIUM_DEFENDER,"https://s.afl.com.au/staticfile/AFL Tenant/AFL/Players/ChampIDImages/AFLW/2026264/997649.png?im=Scale,width=0.6,height=0.6",Kaitlyn,Ashmore,CD_T9407,HAW,Hawthorn,Hawks,8,68.10000000000002,0,0,2,1,3,0,0,0,8,0,0,4,15,63,8,2,2,1,0,50,0,1,7,8,0,0,1,0,5,0,0,7,1,0,0,137,2,13,0,0,0,0,1,0,1,0,1,5,0,2,12,4,4,2026-10-04,data//AFLW_2026-10-04.csv,NA,NA,0.6666666666666666,0.5333333333333333,6,0.2857142857142857,0.75,NA,NA,0.875,0.38461538461538464,NA,0,0.16666666666666666,0,CD_M20262640801,8,2026-10-01,Carlton,CD_R202626408
CD_I997700,11,MEDIUM_DEFENDER,"https://s.afl.com.au/staticfile/AFL Tenant/AFL/Players/ChampIDImages/AFLW/2026264/997700.png?im=Scale,width=0.6,height=0.6",Eliza,Shannon,CD_T8466,NMFC,North Melbourne,Kangaroos,8,75.69999999999993,0,0,0,0,2,0,0,0,5,0,0,6,15,61,11,6,0,0,1,0,0,0,4,7,0,0,2,0,7,0,0,8,6,0,0,171,1,8,0,0,2,0,0,0,0,1,0,1,0,0,15,3,10,2026-10-04,data//AFLW_2026-10-04.csv,NA,NA,0.3333333333333333,0.7333333333333333,5,0.75,0.7142857142857143,NA,NA,1.1428571428571428,0.125,NA,0,0,0,CD_M20262640807,8,2026-10-04,Sydney Swans,CD_R202626408
CD_I997708,14,MIDFIELDER,"https://s.afl.com.au/staticfile/AFL Tenant/AFL/Players/ChampIDImages/AFLW/2026264/997708.png?im=Scale,width=0.6,height=0.6",Lily,Mithen,CD_T8786,GCFC,Gold Coast SUNS,SUNS,7,46.900000000000034,0,0,0,0,1,0,0,0,1,0,0,0,6,15,4,2,0,1,0,0,0,0,1,3,0,0,1,0,2,0,0,3,1,0,0,57,0,2,0,0,0,0,0,0,0,0,0,0,0,0,6,1,5,2026-10-04,data//AFLW_2026-10-04.csv,NA,NA,0.16666666666666666,0.6666666666666666,2,0.6666666666666666,0.6666666666666666,NA,NA,1,0,NA,0,0,0,CD_M20262640805,8,2026-10-03,Brisbane Lions,CD_R202626408
CD_I997709,3,MIDFIELDER,"https://s.afl.com.au/staticfile/AFL Tenant/AFL/Players/ChampIDImages/AFLW/2026264/997709.png?im=Scale,width=0.6,height=0.6",Amy,McDonald,CD_T8467,GEEL,Geelong Cats,Cats,4,66.00000000000003,0,0,12,1,1,0,0,0,10,0,0,3,15,41,11,2,0,1,1,100,0,0,7,10,0,0,1,0,5,0,0,5,0,0,0,93,0,7,0,0,0,0,2,0,0,0,3,2,1,4,16,2,6,2026-10-04,data//AFLW_2026-10-04.csv,NA,NA,0.625,0.7333333333333333,9,0.4,0.9,NA,NA,0.5,0.2857142857142857,NA,0,0.9230769230769231,0,CD_M20262640802,8,2026-10-02,Richmond,CD_R202626408
CD_I997725,12,KEY_DEFENDER,"https://s.afl.com.au/staticfile/AFL Tenant/AFL/Players/ChampIDImages/AFLW/2026264/997725.png?im=Scale,width=0.6,height=0.6",Isabel,Huntington,CD_T7889,GWS,GWS GIANTS,GIANTS,8,53.00000000000006,0,1,0,0,2,0,0,2,4,2,1,2,11,53,6,2,1,1,0,54.5,0,1,2,7,0,0,3,0,1,0,0,4,4,2,0,126,1,5,0,0,0,0,4,0,1,0,0,3,0,0,11,2,7,2026-10-04,data//AFLW_2026-10-04.csv,NA,0.5,0.36363636363636365,0.5454545454545454,4,0.5,0.5714285714285714,NA,NA,0.5714285714285714,0.6,NA,0,0,0,CD_M20262640803,8,2026-10-03,Essendon,CD_R202626408
CD_I997729,8,MIDFIELDER,"https://s.afl.com.au/staticfile/AFL Tenant/AFL/Players/ChampIDImages/AFLW/2026264/997729.png?im=Scale,width=0.6,height=0.6",Brittany,Bonnici,CD_T8097,COLL,Collingwood,Magpies,8,79.79999999999995,0,0,8,0,2,0,0,0,5,0,0,8,15,68,11,6,0,0,1,20,0,0,3,6,0,0,1,0,2,0,0,9,0,0,0,293,1,19,0,0,4,0,1,0,0,0,2,7,1,2,15,3,10,2026-10-04,data//AFLW_2026-10-04.csv,NA,NA,0.3333333333333333,0.7333333333333333,5,0.6666666666666666,0.8333333333333334,NA,NA,1.5,0.3684210526315789,NA,0,0.6666666666666666,0,CD_M20262640808,8,2026-10-04,Melbourne,CD_R202626408
CD_I997736,6,MEDIUM_DEFENDER,"https://s.afl.com.au/staticfile/AFL Tenant/AFL/Players/ChampIDImages/AFLW/2026264/997736.png?im=Scale,width=0.6,height=0.6",Jordyn,Allen,CD_T8097,COLL,Collingwood,Magpies,7,85.2000000000001,0,0,0,0,1,1,3,1,8,0,0,4,14,51,11,4,0,0,1,0,0,0,6,10,0,0,0,0,9,1,1,4,2,0,0,147,3,6,0,0,2,0,1,0,0,3,0,3,0,0,13,2,5,2026-10-04,data//AFLW_2026-10-04.csv,0.3333333333333333,NA,0.6153846153846154,0.7857142857142857,7,1,0.7,NA,NA,0.4,0.5,1,0,0,0.2,CD_M20262640808,8,2026-10-04,Melbourne,CD_R202626408
CD_I997745,2,MIDFIELDER_FORWARD,"https://s.afl.com.au/staticfile/AFL Tenant/AFL/Players/ChampIDImages/AFLW/2026264/997745.png?im=Scale,width=0.6,height=0.6",Georgia,Gee,CD_T9406,ESS,Essendon,Bombers,8,92.70000000000005,1,0,0,0,1,0,0,0,2,1,1,9,15,63,10,4,1,0,0,20,1,0,2,8,0,0,1,0,1,0,0,7,3,0,0,213,0,14,0,0,1,0,7,0,1,0,0,4,0,0,15,1,13,2026-10-04,data//AFLW_2026-10-04.csv,NA,1,0.13333333333333333,0.6666666666666666,6,0.5714285714285714,0.75,NA,NA,0.875,0.2857142857142857,NA,0,0,0,CD_M20262640803,8,2026-10-03,GWS GIANTS,CD_R202626408
CD_I998029,2,MEDIUM_FORWARD,"https://s.afl.com.au/staticfile/AFL Tenant/AFL/Players/ChampIDImages/AFLW/2026264/998029.png?im=Scale,width=0.6,height=0.6",Alicia,Eva,CD_T7889,GWS,GWS GIANTS,GIANTS,8,67.39999999999998,0,0,0,0,2,0,0,0,5,0,0,0,14,62,7,5,3,0,0,36.4,0,1,4,4,0,0,2,0,3,0,0,10,2,0,0,199,3,15,0,0,0,0,5,0,2,0,0,3,2,0,12,2,7,2026-10-04,data//AFLW_2026-10-04.csv,NA,NA,0.4166666666666667,0.5,2,0.5,0.5,NA,NA,2.5,0.2,NA,0,0,0,CD_M20262640803,8,2026-10-03,Essendon,CD_R202626408
CD_I998030,2,MIDFIELDER,"https://s.afl.com.au/staticfile/AFL Tenant/AFL/Players/ChampIDImages/AFLW/2026264/998030.png?im=Scale,width=0.6,height=0.6",Kiara,Bowers,CD_T7886,FRE,Fremantle,Freo,8,78.89999999999998,0,1,10,0,5,0,0,0,7,0,0,11,20,105,13,10,2,1,1,21.4,0,0,5,3,0,0,2,0,5,0,0,17,2,0,0,346,2,19,0,0,2,0,3,0,2,0,1,11,0,1,21,7,14,2026-10-04,data//AFLW_2026-10-04.csv,NA,NA,0.3333333333333333,0.65,3,0.5882352941176471,1,NA,NA,5.666666666666667,0.5789473684210527,NA,0,0.8333333333333334,0,CD_M20262640809,8,2026-10-04,West Coast Eagles,CD_R202626408
CD_I998032,13,MEDIUM_DEFENDER,"https://s.afl.com.au/staticfile/AFL Tenant/AFL/Players/ChampIDImages/AFLW/2026264/998032.png?im=Scale,width=0.6,height=0.6",Emma,Swanson,CD_T8787,WCE,West Coast Eagles,Eagles,8,81.10000000000002,0,0,0,0,0,0,1,0,4,0,0,2,16,75,8,6,1,0,1,0,0,0,3,4,0,0,2,0,8,1,1,12,6,0,0,377,2,6,0,0,3,0,3,0,0,2,0,3,0,0,14,3,10,2026-10-04,data//AFLW_2026-10-04.csv,0,NA,0.2857142857142857,0.5,2,0.5,0.5,NA,NA,3,0.5,1,0,0,0.3333333333333333,CD_M20262640809,8,2026-10-04,Fremantle,CD_R202626408
CD_I998039,7,KEY_FORWARD,"https://s.afl.com.au/staticfile/AFL Tenant/AFL/Players/ChampIDImages/AFLW/2026264/998039.png?im=Scale,width=0.6,height=0.6",Tayla,Harris,CD_T7386,MELB,Melbourne,Demons,8,73.89999999999998,1,0,2,0,0,0,0,1,5,3,1,0,12,71,8,5,1,0,1,35.3,2,1,3,5,2,1,3,0,1,0,0,7,6,2,0,144,2,7,0,0,0,8,6,0,2,1,0,3,1,0,12,1,7,2026-10-04,data//AFLW_2026-10-04.csv,NA,0.3333333333333333,0.4166666666666667,0.6666666666666666,3,0.7142857142857143,0.6,0.25,0.125,1.4,0.42857142857142855,NA,0.12698412698412698,0.16666666666666666,0,CD_M20262640808,8,2026-10-04,Collingwood,CD_R202626408
CD_I998040,19,MEDIUM_FORWARD,"https://s.afl.com.au/staticfile/AFL Tenant/AFL/Players/ChampIDImages/AFLW/2026264/998040.png?im=Scale,width=0.6,height=0.6",Hayley,Miller,CD_T7886,FRE,Fremantle,Freo,8,57.500000000000114,1,1,7,1,2,0,0,0,9,0,0,1,14,49,9,2,3,0,1,43.8,0,0,9,10,0,0,1,0,3,0,0,4,1,1,1,146,0,5,0,0,1,0,3,0,1,0,0,3,0,1,15,1,6,2026-10-04,data//AFLW_2026-10-04.csv,NA,NA,0.6,0.6428571428571429,7,0.5,0.7,NA,NA,0.4,0.6,NA,0,0.5833333333333334,0,CD_M20262640809,8,2026-10-04,West Coast Eagles,CD_R202626408
CD_I998041,2,MEDIUM_FORWARD,"https://s.afl.com.au/staticfile/AFL Tenant/AFL/Players/ChampIDImages/AFLW/2026264/998041.png?im=Scale,width=0.6,height=0.6",Kellie,Gibson,CD_T8787,WCE,West Coast Eagles,Eagles,8,85,0,0,0,0,3,0,0,0,6,0,0,3,12,50,5,4,0,0,2,23.1,0,0,3,3,0,0,4,0,3,0,0,9,1,0,0,263,2,7,0,0,0,0,2,0,1,1,1,3,2,1,11,6,5,2026-10-04,data//AFLW_2026-10-04.csv,NA,NA,0.5454545454545454,0.4166666666666667,1,0.4444444444444444,0.3333333333333333,NA,NA,3,0.42857142857142855,NA,0,0,0,CD_M20262640809,8,2026-10-04,Fremantle,CD_R202626408
CD_I998149,4,MEDIUM_DEFENDER,"https://s.afl.com.au/staticfile/AFL Tenant/AFL/Players/ChampIDImages/AFLW/2026264/998149.png?im=Scale,width=0.6,height=0.6",Paxy,Paxman,CD_T7386,MELB,Melbourne,Demons,8,82.59999999999997,1,0,0,0,2,0,0,0,4,0,0,9,20,72,10,6,2,0,0,25,0,0,3,8,0,0,2,0,3,0,0,12,5,1,1,345,0,13,0,0,1,0,1,0,1,0,1,1,0,1,19,7,15,2026-10-04,data//AFLW_2026-10-04.csv,NA,NA,0.21052631578947367,0.5,4,0.5,0.5,NA,NA,1.5,0.07692307692307693,NA,0,0,0,CD_M20262640808,8,2026-10-04,Collingwood,CD_R202626408
CD_I998150,9,MEDIUM_DEFENDER,"https://s.afl.com.au/staticfile/AFL Tenant/AFL/Players/ChampIDImages/AFLW/2026264/998150.png?im=Scale,width=0.6,height=0.6",Emma,Kearney,CD_T8466,NMFC,North Melbourne,Kangaroos,6,55.299999999999955,0,0,0,0,1,0,0,0,2,0,0,3,12,50,10,7,0,1,0,0,0,0,2,3,0,0,2,0,1,1,1,9,4,0,0,163,0,3,0,0,3,0,2,0,0,0,0,2,0,0,12,1,10,2026-10-04,data//AFLW_2026-10-04.csv,NA,NA,0.16666666666666666,0.8333333333333334,3,0.7777777777777778,1,NA,NA,3,0.6666666666666666,1,0,0,0.25,CD_M20262640807,8,2026-10-04,Sydney Swans,CD_R202626408
CD_I998164,2,MEDIUM_DEFENDER,"https://s.afl.com.au/staticfile/AFL Tenant/AFL/Players/ChampIDImages/AFLW/2026264/998164.png?im=Scale,width=0.6,height=0.6",Nicola,Stevens,CD_T8467,GEEL,Geelong Cats,Cats,5,73.60000000000002,0,0,0,0,1,1,2,0,5,0,0,3,6,19,3,0,0,0,1,0,0,0,4,4,0,0,0,0,4,0,0,2,0,0,0,9,1,4,0,0,1,0,2,0,0,1,0,1,0,0,6,0,1,2026-10-04,data//AFLW_2026-10-04.csv,0.5,NA,0.8333333333333334,0.5,3,0,0.75,NA,NA,0.5,0.25,NA,0,0,0,CD_M20262640802,8,2026-10-02,Richmond,CD_R202626408
