playerId,jumperNumber,playerPosition,photoURL,playerName.givenName,playerName.surname,team.teamId,team.teamAbbr,team.teamName,team.teamNickname,matchesPlayed,timeOnGroundPercentage,behinds,bounces,centreBounceAttendances,centreClearances,clangers,contestDefLosses,contestDefOneOnOnes,contestedMarks,contestedPossessions,contestOffOneOnOnes,contestOffWins,defHalfPressureActs,disposals,dreamTeamPoints,effectiveDisposals,effectiveKicks,f50GroundBallGets,freesAgainst,freesFor,goalAccuracy,goalAssists,goals,groundBallGets,handballs,hitouts,hitoutsToAdvantage,inside50s,interceptMarks,intercepts,kickins,kickinsPlayon,kicks,marks,marksInside50,marksOnLead,metresGained,onePercenters,pressureActs,ranking,ratingPoints,rebound50s,ruckContests,scoreInvolvements,scoreLaunches,shotsAtGoal,spoils,stoppageClearances,tackles,tacklesInside50,totalClearances,totalPossessions,turnovers,uncontestedPossessions,datePulled,filename,contestDefLossPercentage,contestOffWinsPercentage,contestedPossessionRate,disposalEfficiency,effectiveHandballs,kickEfficiency,handballEfficiency,hitoutWinPercentage,contestsToHTARate,kickToHandballRatio,effectiveTacklePerPressureAct,kickinPlayonRate,ruckContestShare,cbaAttendanceRate,kickInShare,matchId,round,date,opponent,roundId
CD_I1001686,60,RUCK,"https://s.afl.com.au/staticfile/AFL Tenant/AFL/Players/ChampIDImages/AFLW/2026264/1001686.png?im=Scale,width=0.6,height=0.6",Emma,King,CD_T8466,NMFC,North Melbourne,Kangaroos,1,64.1,0,0,4,1,3,0,0,0,3,3,0,0,6,36,4,3,1,0,0,0,0,0,2,1,10,2,0,0,1,0,0,5,3,0,1,129,3,3,0,0,0,16,1,0,1,3,0,0,0,1,7,1,4,2026-08-16,data//AFLW_2026-08-16.csv,NA,0,0.42857142857142855,0.6666666666666666,1,0.6,1,0.625,0.125,5,0,NA,0.3404255319148936,0.18181818181818182,0,CD_M20262640109,1,2026-08-15,Geelong Cats,CD_R202626401
CD_I1003018,35,MIDFIELDER_FORWARD,"https://s.afl.com.au/staticfile/AFL Tenant/AFL/Players/ChampIDImages/AFLW/2026264/1003018.png?im=Scale,width=0.6,height=0.6",Jenna,Bruton,CD_T8466,NMFC,North Melbourne,Kangaroos,1,59.7,0,0,0,0,2,0,0,0,3,0,0,6,6,21,4,1,0,0,0,0,0,0,3,4,0,0,0,0,2,0,0,2,1,0,0,35,0,8,0,0,0,0,1,0,0,0,0,1,0,0,6,1,3,2026-08-16,data//AFLW_2026-08-16.csv,NA,NA,0.5,0.6666666666666666,3,0.5,0.75,NA,NA,0.5,0.125,NA,0,0,0,CD_M20262640109,1,2026-08-15,Geelong Cats,CD_R202626401
CD_I1003019,1,KEY_FORWARD,"https://s.afl.com.au/staticfile/AFL Tenant/AFL/Players/ChampIDImages/AFLW/2026264/1003019.png?im=Scale,width=0.6,height=0.6",Sabrina,Frederick,CD_T8097,COLL,Collingwood,Magpies,1,51.4,1,0,0,0,0,0,0,0,1,0,0,0,3,9,1,0,0,0,0,0,1,0,0,1,0,0,0,0,0,0,0,2,0,0,0,28,0,0,0,0,0,2,2,0,1,0,1,0,0,1,3,1,2,2026-08-16,data//AFLW_2026-08-16.csv,NA,NA,0.3333333333333333,0.3333333333333333,1,0,1,0,0,2,NA,NA,0.038461538461538464,0,0,CD_M20262640104,1,2026-08-15,Richmond,CD_R202626401
CD_I1003023,16,MEDIUM_FORWARD,"https://s.afl.com.au/staticfile/AFL Tenant/AFL/Players/ChampIDImages/AFLW/2026264/1003023.png?im=Scale,width=0.6,height=0.6",Tahlia,Randall,CD_T8466,NMFC,North Melbourne,Kangaroos,1,76.9,3,0,0,0,2,0,0,1,8,3,2,1,11,69,6,4,2,0,3,42.9,0,3,4,3,1,0,0,0,1,0,0,8,2,2,0,192,0,4,0,0,0,1,7,0,7,0,0,2,1,0,11,3,3,2026-08-16,data//AFLW_2026-08-16.csv,NA,0.6666666666666666,0.7272727272727273,0.5454545454545454,2,0.5,0.6666666666666666,1,0,2.6666666666666665,0.5,NA,0.02127659574468085,0,0,CD_M20262640109,1,2026-08-15,Geelong Cats,CD_R202626401
CD_I1004415,9,MIDFIELDER,"https://s.afl.com.au/staticfile/AFL Tenant/AFL/Players/ChampIDImages/AFLW/2026264/1004415.png?im=Scale,width=0.6,height=0.6",Jaimee,Lambert,CD_T8796,STK,St Kilda,St Kilda,1,71.4,0,0,5,0,1,0,0,0,3,0,0,9,13,50,9,6,0,0,0,0,0,0,3,4,0,0,0,0,2,2,2,9,1,0,0,220,1,17,0,0,1,0,2,0,0,0,0,3,0,0,11,2,8,2026-08-10,data//AFLW_2026-08-10.csv,NA,NA,0.2727272727272727,0.6923076923076923,3,0.6666666666666666,0.75,NA,NA,2.25,0.17647058823529413,1,0,0.2631578947368421,0.16666666666666666,CD_M20262640101,1,2026-08-09,Carlton,CD_R202626401
CD_I1005258,2,MEDIUM_FORWARD,"https://s.afl.com.au/staticfile/AFL Tenant/AFL/Players/ChampIDImages/AFLW/2026264/1005258.png?im=Scale,width=0.6,height=0.6",Eloise,Jones,CD_T8098,ADEL,Adelaide Crows,Crows,1,85.4,0,0,1,0,2,0,1,0,3,0,0,10,11,47,6,3,0,1,0,0,0,0,3,4,0,0,1,0,7,1,0,7,3,0,0,154,4,13,0,0,3,0,3,0,0,4,0,3,0,0,10,3,7,2026-08-16,data//AFLW_2026-08-16.csv,0,NA,0.3,0.5454545454545454,3,0.42857142857142855,0.75,NA,NA,1.75,0.23076923076923078,0,0,0.05,0.14285714285714285,CD_M20262640106,1,2026-08-16,Sydney Swans,CD_R202626401
CD_I1005264,8,MEDIUM_FORWARD,"https://s.afl.com.au/staticfile/AFL Tenant/AFL/Players/ChampIDImages/AFLW/2026264/1005264.png?im=Scale,width=0.6,height=0.6",Ashleigh,Woodland,CD_T9409,PORT,Port Adelaide,Power,1,75.2,1,3,10,1,0,0,0,0,11,1,0,6,21,100,14,7,1,0,0,50,1,1,9,7,0,0,5,0,2,0,0,14,3,0,1,481,0,19,0,0,1,0,5,0,2,0,6,7,1,7,21,4,10,2026-08-16,data//AFLW_2026-08-16.csv,NA,0,0.5238095238095238,0.6666666666666666,7,0.5,1,NA,NA,2,0.3684210526315789,NA,0,0.8333333333333334,0,CD_M20262640107,1,2026-08-16,Fremantle,CD_R202626401
CD_I1005269,34,MIDFIELDER,"https://s.afl.com.au/staticfile/AFL Tenant/AFL/Players/ChampIDImages/AFLW/2026264/1005269.png?im=Scale,width=0.6,height=0.6",Anne,Hatchard,CD_T8786,GCFC,Gold Coast SUNS,SUNS,1,89,0,0,9,2,3,0,0,0,10,0,0,7,17,76,9,5,0,0,2,0,0,0,9,6,0,0,0,0,4,0,0,11,3,1,1,117,0,17,0,0,2,0,1,0,0,0,2,5,0,4,15,3,5,2026-08-16,data//AFLW_2026-08-16.csv,NA,NA,0.6666666666666666,0.5294117647058824,4,0.45454545454545453,0.6666666666666666,NA,NA,1.8333333333333333,0.29411764705882354,NA,0,0.8181818181818182,0,CD_M20262640103,1,2026-08-15,Western Bulldogs,CD_R202626401
CD_I1005279,10,MIDFIELDER,"https://s.afl.com.au/staticfile/AFL Tenant/AFL/Players/ChampIDImages/AFLW/2026264/1005279.png?im=Scale,width=0.6,height=0.6",Ebony,Marinoff,CD_T8098,ADEL,Adelaide Crows,Crows,1,84.2,0,0,16,0,7,0,0,0,9,0,0,10,27,123,16,10,3,1,1,0,0,0,7,7,0,0,5,0,0,0,0,20,5,0,0,499,1,20,0,0,2,0,3,0,0,0,4,9,3,4,26,7,17,2026-08-16,data//AFLW_2026-08-16.csv,NA,NA,0.34615384615384615,0.5925925925925926,6,0.5,0.8571428571428571,NA,NA,2.857142857142857,0.45,NA,0,0.8,0,CD_M20262640106,1,2026-08-16,Sydney Swans,CD_R202626401
CD_I1005285,39,KEY_DEFENDER,"https://s.afl.com.au/staticfile/AFL Tenant/AFL/Players/ChampIDImages/AFLW/2026264/1005285.png?im=Scale,width=0.6,height=0.6",Sarah,Allan,CD_T8098,ADEL,Adelaide Crows,Crows,1,92,0,0,0,0,0,1,3,0,7,0,0,10,9,35,7,3,0,0,4,0,0,0,2,4,0,0,2,0,7,0,0,5,0,0,0,117,2,13,0,0,2,0,2,0,0,1,0,2,0,0,10,3,3,2026-08-16,data//AFLW_2026-08-16.csv,0.3333333333333333,NA,0.7,0.7777777777777778,4,0.6,1,NA,NA,1.25,0.15384615384615385,NA,0,0,0,CD_M20262640106,1,2026-08-16,Sydney Swans,CD_R202626401
CD_I1005437,32,MEDIUM_DEFENDER,"https://s.afl.com.au/staticfile/AFL Tenant/AFL/Players/ChampIDImages/AFLW/2026264/1005437.png?im=Scale,width=0.6,height=0.6",Laura,Pugh,CD_T7886,FRE,Fremantle,Freo,1,84.4,0,1,0,0,2,0,2,0,4,0,0,6,12,41,7,5,0,0,0,0,0,0,3,5,0,0,1,0,5,2,2,7,2,0,0,206,4,6,0,0,3,0,1,0,0,2,1,1,0,1,11,4,7,2026-08-16,data//AFLW_2026-08-16.csv,0,NA,0.36363636363636365,0.5833333333333334,2,0.7142857142857143,0.4,NA,NA,1.4,0.16666666666666666,1,0,0,0.4,CD_M20262640107,1,2026-08-16,Port Adelaide,CD_R202626401
CD_I1005452,17,MIDFIELDER,"https://s.afl.com.au/staticfile/AFL Tenant/AFL/Players/ChampIDImages/AFLW/2026264/1005452.png?im=Scale,width=0.6,height=0.6",Nicola,Barr,CD_T8796,STK,St Kilda,St Kilda,1,74.4,0,1,0,0,3,0,0,0,3,0,0,4,7,28,2,1,1,0,0,0,0,0,3,3,0,0,1,0,1,0,0,4,2,0,0,86,0,7,0,0,0,0,0,0,0,0,0,1,0,0,6,4,3,2026-08-10,data//AFLW_2026-08-10.csv,NA,NA,0.5,0.2857142857142857,1,0.25,0.3333333333333333,NA,NA,1.3333333333333333,0.14285714285714285,NA,0,0,0,CD_M20262640101,1,2026-08-09,Carlton,CD_R202626401
CD_I1005453,6,MIDFIELDER,"https://s.afl.com.au/staticfile/AFL Tenant/AFL/Players/ChampIDImages/AFLW/2026264/1005453.png?im=Scale,width=0.6,height=0.6",Rebecca,Beeson,CD_T7889,GWS,GWS GIANTS,GIANTS,1,80.2,1,0,14,0,4,0,0,0,7,0,0,4,18,68,13,9,2,2,2,75,0,3,5,5,0,0,4,0,2,0,0,13,0,0,0,436,0,5,0,0,2,0,5,0,4,0,1,1,0,1,19,6,12,2026-08-16,data//AFLW_2026-08-16.csv,NA,NA,0.3684210526315789,0.7222222222222222,4,0.6923076923076923,0.8,NA,NA,2.6,0.2,NA,0,0.8235294117647058,0,CD_M20262640108,1,2026-08-16,West Coast Eagles,CD_R202626401
CD_I1005661,3,MEDIUM_DEFENDER,"https://s.afl.com.au/staticfile/AFL Tenant/AFL/Players/ChampIDImages/AFLW/2026264/1005661.png?im=Scale,width=0.6,height=0.6",Breanna,Koenen,CD_T7887,BL,Brisbane Lions,Lions,1,85,0,0,0,0,2,0,1,1,9,0,0,5,18,83,15,7,0,1,2,0,0,0,6,8,0,0,1,0,7,0,0,10,6,0,0,225,1,6,0,0,2,0,2,0,0,1,1,5,0,1,18,2,9,2026-08-16,data//AFLW_2026-08-16.csv,0,NA,0.5,0.8333333333333334,8,0.7,1,NA,NA,1.25,0.8333333333333334,NA,0,0,0,CD_M20262640105,1,2026-08-16,Essendon,CD_R202626401
CD_I1005955,1,MEDIUM_FORWARD,"https://s.afl.com.au/staticfile/AFL Tenant/AFL/Players/ChampIDImages/AFLW/2026264/1005955.png?im=Scale,width=0.6,height=0.6",Justine,Mules-Robinson,CD_T9409,PORT,Port Adelaide,Power,1,72.5,0,0,0,0,2,0,0,0,5,1,0,4,8,27,6,2,1,0,0,0,0,0,4,4,0,0,1,0,0,0,0,4,1,1,0,103,2,9,0,0,0,0,1,0,0,1,1,1,1,1,8,2,3,2026-08-16,data//AFLW_2026-08-16.csv,NA,0,0.625,0.75,4,0.5,1,NA,NA,1,0.1111111111111111,NA,0,0,0,CD_M20262640107,1,2026-08-16,Fremantle,CD_R202626401
CD_I1006997,20,MIDFIELDER,"https://s.afl.com.au/staticfile/AFL Tenant/AFL/Players/ChampIDImages/AFLW/2026264/1006997.png?im=Scale,width=0.6,height=0.6",Stephanie,Cain,CD_T9406,ESS,Essendon,Bombers,1,81.1,0,0,12,1,1,0,0,0,4,0,0,4,5,17,2,1,0,1,0,0,0,0,3,2,0,0,1,0,2,0,0,3,1,0,0,39,1,7,0,0,2,0,0,0,0,1,0,1,0,1,6,2,2,2026-08-16,data//AFLW_2026-08-16.csv,NA,NA,0.6666666666666666,0.4,1,0.3333333333333333,0.5,NA,NA,1.5,0.14285714285714285,NA,0,0.5454545454545454,0,CD_M20262640105,1,2026-08-16,Brisbane Lions,CD_R202626401
CD_I1007011,8,MIDFIELDER,"https://s.afl.com.au/staticfile/AFL Tenant/AFL/Players/ChampIDImages/AFLW/2026264/1007011.png?im=Scale,width=0.6,height=0.6",Sarah,Lampard,CD_T7386,MELB,Melbourne,Demons,1,93.4,0,0,0,0,1,0,1,1,5,0,0,5,14,51,11,6,0,0,1,0,0,0,3,5,0,0,0,0,4,1,1,9,3,0,0,151,1,6,0,0,3,0,2,0,0,0,1,1,0,1,13,2,8,2026-08-16,data//AFLW_2026-08-16.csv,0,NA,0.38461538461538464,0.7857142857142857,5,0.6666666666666666,1,NA,NA,1.8,0.16666666666666666,1,0,0,0.2,CD_M20262640102,1,2026-08-13,Hawthorn,CD_R202626401
CD_I1007017,22,MEDIUM_DEFENDER,"https://s.afl.com.au/staticfile/AFL Tenant/AFL/Players/ChampIDImages/AFLW/2026264/1007017.png?im=Scale,width=0.6,height=0.6",Tilly,Lucas-Rodd,CD_T7889,GWS,GWS GIANTS,GIANTS,1,87.1,1,0,0,0,2,0,0,0,8,0,0,9,22,87,11,7,0,0,1,0,0,0,7,7,0,0,1,0,7,2,2,15,2,0,1,353,0,13,0,0,4,0,2,0,1,0,1,5,1,1,20,10,12,2026-08-16,data//AFLW_2026-08-16.csv,NA,NA,0.4,0.5,4,0.4666666666666667,0.5714285714285714,NA,NA,2.142857142857143,0.38461538461538464,1,0,0,0.3333333333333333,CD_M20262640108,1,2026-08-16,West Coast Eagles,CD_R202626401
CD_I1007026,6,MEDIUM_DEFENDER,"https://s.afl.com.au/staticfile/AFL Tenant/AFL/Players/ChampIDImages/AFLW/2026264/1007026.png?im=Scale,width=0.6,height=0.6",Gabriella,Pound,CD_T8096,CARL,Carlton,Blues,1,42.4,0,0,0,0,0,0,3,0,3,0,0,1,9,36,8,4,0,0,1,0,0,0,2,4,0,0,0,0,2,2,2,5,0,0,0,153,2,5,0,0,2,0,0,0,0,1,0,3,0,0,7,2,4,2026-08-10,data//AFLW_2026-08-10.csv,0,NA,0.42857142857142855,0.8888888888888888,4,0.8,1,NA,NA,1.25,0.6,1,0,0,0.5,CD_M20262640101,1,2026-08-09,St Kilda,CD_R202626401
CD_I1007027,18,MIDFIELDER,"https://s.afl.com.au/staticfile/AFL Tenant/AFL/Players/ChampIDImages/AFLW/2026264/1007027.png?im=Scale,width=0.6,height=0.6",Ruby,Schleicher,CD_T8097,COLL,Collingwood,Magpies,1,93.5,0,0,0,0,2,0,0,0,5,4,0,0,11,40,5,1,2,1,0,50,0,1,5,6,0,0,4,0,1,0,0,5,2,1,0,146,0,5,0,0,0,0,4,0,2,0,0,1,1,0,11,3,6,2026-08-16,data//AFLW_2026-08-16.csv,NA,0,0.45454545454545453,0.45454545454545453,4,0.2,0.6666666666666666,NA,NA,0.8333333333333334,0.2,NA,0,0,0,CD_M20262640104,1,2026-08-15,Richmond,CD_R202626401
CD_I1007029,14,MIDFIELDER,"https://s.afl.com.au/staticfile/AFL Tenant/AFL/Players/ChampIDImages/AFLW/2026264/1007029.png?im=Scale,width=0.6,height=0.6",Belinda,Smith,CD_T8787,WCE,West Coast Eagles,Eagles,1,66,0,0,0,0,0,0,2,1,3,0,0,1,10,42,8,3,0,0,0,0,0,0,2,5,0,0,1,0,2,0,0,5,3,0,0,107,3,6,0,0,1,0,0,0,0,3,0,2,0,0,10,0,7,2026-08-16,data//AFLW_2026-08-16.csv,0,NA,0.3,0.8,5,0.6,1,NA,NA,1,0.3333333333333333,NA,0,0,0,CD_M20262640108,1,2026-08-16,GWS GIANTS,CD_R202626401
CD_I1007130,20,MEDIUM_DEFENDER,"https://s.afl.com.au/staticfile/AFL Tenant/AFL/Players/ChampIDImages/AFLW/2026264/1007130.png?im=Scale,width=0.6,height=0.6",Shannon,Campbell,CD_T7887,BL,Brisbane Lions,Lions,1,75.9,0,2,0,0,1,0,1,0,4,0,0,3,11,46,9,6,0,0,0,0,0,0,4,4,0,0,0,0,6,1,0,7,3,0,0,195,2,4,0,0,3,0,2,0,0,2,0,2,0,0,11,1,7,2026-08-16,data//AFLW_2026-08-16.csv,0,NA,0.36363636363636365,0.8181818181818182,3,0.8571428571428571,0.75,NA,NA,1.75,0.5,0,0,0,1,CD_M20262640105,1,2026-08-16,Essendon,CD_R202626401
CD_I1007138,33,KEY_FORWARD,"https://s.afl.com.au/staticfile/AFL Tenant/AFL/Players/ChampIDImages/AFLW/2026264/1007138.png?im=Scale,width=0.6,height=0.6",Kate,Shierlaw,CD_T8466,NMFC,North Melbourne,Kangaroos,1,69.5,0,0,0,0,1,0,0,0,6,1,1,6,12,49,8,5,0,0,2,100,0,1,4,6,0,0,0,0,7,1,1,6,1,0,0,167,0,8,0,0,4,0,1,0,1,0,0,2,0,0,10,2,4,2026-08-16,data//AFLW_2026-08-16.csv,NA,1,0.6,0.6666666666666666,3,0.8333333333333334,0.5,NA,NA,1,0.25,1,0,0,0.1111111111111111,CD_M20262640109,1,2026-08-15,Geelong Cats,CD_R202626401
CD_I1007141,27,MEDIUM_FORWARD,"https://s.afl.com.au/staticfile/AFL Tenant/AFL/Players/ChampIDImages/AFLW/2026264/1007141.png?im=Scale,width=0.6,height=0.6",Gemma,Houghton,CD_T9409,PORT,Port Adelaide,Power,1,86.3,2,0,0,0,3,0,0,2,8,5,4,0,14,52,5,2,3,1,1,0,2,0,5,5,0,0,5,0,0,0,0,9,5,2,2,234,1,1,0,0,0,3,5,0,4,1,1,0,0,1,15,5,7,2026-08-16,data//AFLW_2026-08-16.csv,NA,0.8,0.5333333333333333,0.35714285714285715,3,0.2222222222222222,0.6,0,0,1.8,0,NA,0.05357142857142857,0,0,CD_M20262640107,1,2026-08-16,Fremantle,CD_R202626401
CD_I1007144,9,MEDIUM_FORWARD,"https://s.afl.com.au/staticfile/AFL Tenant/AFL/Players/ChampIDImages/AFLW/2026264/1007144.png?im=Scale,width=0.6,height=0.6",Gabby,O'Sullivan,CD_T7886,FRE,Fremantle,Freo,1,74,2,0,0,0,2,0,0,0,2,0,0,0,5,19,1,0,1,1,0,0,0,0,2,2,0,0,1,0,0,0,0,3,1,1,1,46,0,4,0,0,0,0,3,0,2,0,0,1,1,0,5,2,3,2026-08-16,data//AFLW_2026-08-16.csv,NA,NA,0.4,0.2,1,0,0.5,NA,NA,1.5,0.25,NA,0,0,0,CD_M20262640107,1,2026-08-16,Port Adelaide,CD_R202626401
CD_I1007152,21,KEY_DEFENDER,"https://s.afl.com.au/staticfile/AFL Tenant/AFL/Players/ChampIDImages/AFLW/2026264/1007152.png?im=Scale,width=0.6,height=0.6",Harriet,Cordner,CD_T8096,CARL,Carlton,Blues,1,100,0,0,0,0,3,0,0,0,7,0,0,3,15,54,11,6,0,0,1,0,0,0,6,7,0,0,1,0,8,0,0,8,5,0,0,241,5,5,0,0,2,0,4,0,0,5,0,0,0,0,15,3,8,2026-08-10,data//AFLW_2026-08-10.csv,NA,NA,0.4666666666666667,0.7333333333333333,5,0.75,0.7142857142857143,NA,NA,1.1428571428571428,0,NA,0,0,0,CD_M20262640101,1,2026-08-09,St Kilda,CD_R202626401
CD_I1007157,2,MEDIUM_DEFENDER,"https://s.afl.com.au/staticfile/AFL Tenant/AFL/Players/ChampIDImages/AFLW/2026264/1007157.png?im=Scale,width=0.6,height=0.6",Libby,Birch,CD_T8466,NMFC,North Melbourne,Kangaroos,1,100,0,2,0,0,3,2,5,0,4,0,0,5,13,54,10,10,0,1,1,0,0,0,2,1,0,0,1,0,5,6,6,12,2,0,0,261,8,7,0,0,4,0,1,0,0,7,0,3,0,0,9,7,5,2026-08-16,data//AFLW_2026-08-16.csv,0.4,NA,0.4444444444444444,0.7692307692307693,0,0.8333333333333334,0,NA,NA,12,0.42857142857142855,1,0,0,0.6666666666666666,CD_M20262640109,1,2026-08-15,Geelong Cats,CD_R202626401
CD_I1007313,32,RUCK,"https://s.afl.com.au/staticfile/AFL Tenant/AFL/Players/ChampIDImages/AFLW/2026264/1007313.png?im=Scale,width=0.6,height=0.6",Jess,Allan,CD_T8098,ADEL,Adelaide Crows,Crows,1,77.8,0,0,18,0,3,0,2,1,4,2,0,5,10,66,8,3,0,1,0,0,0,0,2,5,20,8,3,0,1,0,0,5,4,0,0,119,6,12,0,0,0,41,3,0,0,5,1,3,0,1,11,2,7,2026-08-16,data//AFLW_2026-08-16.csv,0,0,0.36363636363636365,0.8,5,0.6,1,0.4878048780487805,0.1951219512195122,1,0.25,NA,0.7592592592592593,0.9,0,CD_M20262640106,1,2026-08-16,Sydney Swans,CD_R202626401
CD_I1007342,14,MEDIUM_FORWARD,"https://s.afl.com.au/staticfile/AFL Tenant/AFL/Players/ChampIDImages/AFLW/2026264/1007342.png?im=Scale,width=0.6,height=0.6",Chloe,Scheer,CD_T8467,GEEL,Geelong Cats,Cats,1,50,2,0,0,0,1,0,0,0,2,2,0,0,4,21,1,0,1,0,1,0,0,0,1,1,0,0,1,0,1,0,0,3,1,1,0,65,0,4,0,0,0,0,2,0,2,0,0,1,0,0,4,1,2,2026-08-16,data//AFLW_2026-08-16.csv,NA,0,0.5,0.25,1,0,1,NA,NA,3,0.25,NA,0,0,0,CD_M20262640109,1,2026-08-15,North Melbourne,CD_R202626401
CD_I1007360,2,MEDIUM_DEFENDER,"https://s.afl.com.au/staticfile/AFL Tenant/AFL/Players/ChampIDImages/AFLW/2026264/1007360.png?im=Scale,width=0.6,height=0.6",Ebony,O'Dea,CD_T9409,PORT,Port Adelaide,Power,1,65.7,0,0,0,0,0,0,0,0,1,0,0,2,7,39,6,6,0,0,1,0,0,0,0,0,0,0,0,0,5,0,0,7,3,0,0,87,1,5,0,0,1,0,1,0,0,1,0,2,0,0,6,0,5,2026-08-16,data//AFLW_2026-08-16.csv,NA,NA,0.16666666666666666,0.8571428571428571,0,0.8571428571428571,NA,NA,NA,Inf,0.4,NA,0,0,0,CD_M20262640107,1,2026-08-16,Fremantle,CD_R202626401
CD_I1009764,35,KEY_FORWARD,"https://s.afl.com.au/staticfile/AFL Tenant/AFL/Players/ChampIDImages/AFLW/2026264/1009764.png?im=Scale,width=0.6,height=0.6",Eden,Zanker,CD_T7886,FRE,Fremantle,Freo,1,69.4,0,0,0,0,0,0,0,1,1,3,0,0,4,17,4,3,0,0,0,0,0,0,0,1,0,0,0,0,0,0,0,3,2,0,0,44,0,2,0,0,0,0,2,0,0,0,0,0,0,0,4,0,3,2026-08-16,data//AFLW_2026-08-16.csv,NA,0,0.25,1,1,1,1,NA,NA,3,0,NA,0,0,0,CD_M20262640107,1,2026-08-16,Port Adelaide,CD_R202626401
CD_I1009772,23,MIDFIELDER,"https://s.afl.com.au/staticfile/AFL Tenant/AFL/Players/ChampIDImages/AFLW/2026264/1009772.png?im=Scale,width=0.6,height=0.6",Mia,King,CD_T8466,NMFC,North Melbourne,Kangaroos,1,69.7,0,0,15,2,4,0,0,0,7,0,0,3,21,55,13,2,2,1,0,0,0,0,7,16,0,0,3,0,2,0,0,5,1,0,0,134,1,12,0,0,0,0,2,0,0,0,0,2,0,2,22,3,15,2026-08-16,data//AFLW_2026-08-16.csv,NA,NA,0.3181818181818182,0.6190476190476191,11,0.4,0.6875,NA,NA,0.3125,0.16666666666666666,NA,0,0.6818181818181818,0,CD_M20262640109,1,2026-08-15,Geelong Cats,CD_R202626401
CD_I1009798,14,MIDFIELDER,"https://s.afl.com.au/staticfile/AFL Tenant/AFL/Players/ChampIDImages/AFLW/2026264/1009798.png?im=Scale,width=0.6,height=0.6",Mattea,Breed,CD_T8097,COLL,Collingwood,Magpies,1,69.1,0,0,0,0,3,0,0,0,4,1,1,2,6,22,3,1,0,1,0,0,0,0,4,4,0,0,0,0,1,0,0,2,1,0,0,78,0,5,0,0,1,0,0,0,0,0,1,2,0,1,6,3,2,2026-08-16,data//AFLW_2026-08-16.csv,NA,1,0.6666666666666666,0.5,2,0.5,0.5,NA,NA,0.5,0.4,NA,0,0,0,CD_M20262640104,1,2026-08-15,Richmond,CD_R202626401
CD_I1009799,3,MIDFIELDER,"https://s.afl.com.au/staticfile/AFL Tenant/AFL/Players/ChampIDImages/AFLW/2026264/1009799.png?im=Scale,width=0.6,height=0.6",Alyce,Parker,CD_T7889,GWS,GWS GIANTS,GIANTS,1,78.8,1,0,10,3,6,0,0,0,19,0,0,9,23,88,12,5,2,4,5,0,0,0,10,7,0,0,4,0,5,0,0,16,0,0,0,382,0,16,0,0,5,0,3,0,1,0,7,8,1,10,23,7,4,2026-08-16,data//AFLW_2026-08-16.csv,NA,NA,0.8260869565217391,0.5217391304347826,7,0.3125,1,NA,NA,2.2857142857142856,0.5,NA,0,0.5882352941176471,0,CD_M20262640108,1,2026-08-16,West Coast Eagles,CD_R202626401
CD_I1009803,30,RUCK,"https://s.afl.com.au/staticfile/AFL Tenant/AFL/Players/ChampIDImages/AFLW/2026264/1009803.png?im=Scale,width=0.6,height=0.6",Alexia,Hamilton,CD_T9408,SYD,Sydney Swans,Swans,1,80.1,0,0,0,0,2,0,4,0,5,0,0,3,9,38,6,3,0,0,0,0,0,0,5,3,0,0,0,0,5,0,0,6,2,0,0,165,7,5,0,0,3,0,1,0,0,7,0,2,0,0,9,2,4,2026-08-16,data//AFLW_2026-08-16.csv,0,NA,0.5555555555555556,0.6666666666666666,3,0.5,1,NA,NA,2,0.4,NA,0,0,0,CD_M20262640106,1,2026-08-16,Adelaide Crows,CD_R202626401
CD_I1009813,20,KEY_DEFENDER,"https://s.afl.com.au/staticfile/AFL Tenant/AFL/Players/ChampIDImages/AFLW/2026264/1009813.png?im=Scale,width=0.6,height=0.6",Brenna,Tarrant,CD_T9408,SYD,Sydney Swans,Swans,1,63.3,0,0,0,0,1,0,2,0,1,0,0,9,2,5,0,0,0,0,0,0,0,0,1,1,0,0,1,0,1,0,0,1,0,0,0,15,5,10,0,0,0,0,0,0,0,4,0,0,0,0,2,1,1,2026-08-16,data//AFLW_2026-08-16.csv,0,NA,0.5,0,0,0,0,NA,NA,1,0,NA,0,0,0,CD_M20262640106,1,2026-08-16,Adelaide Crows,CD_R202626401
CD_I1009822,17,MEDIUM_FORWARD,"https://s.afl.com.au/staticfile/AFL Tenant/AFL/Players/ChampIDImages/AFLW/2026264/1009822.png?im=Scale,width=0.6,height=0.6",Georgia,Garnett,CD_T7889,GWS,GWS GIANTS,GIANTS,1,81.2,0,0,0,0,2,0,0,0,2,2,0,4,10,53,8,4,0,0,1,100,1,1,1,4,0,0,1,0,3,0,0,6,4,0,1,197,1,10,0,0,1,0,4,0,1,1,0,2,0,0,10,1,8,2026-08-16,data//AFLW_2026-08-16.csv,NA,0,0.2,0.8,4,0.6666666666666666,1,NA,NA,1.5,0.2,NA,0,0,0,CD_M20262640108,1,2026-08-16,West Coast Eagles,CD_R202626401
CD_I1009824,6,MEDIUM_DEFENDER,"https://s.afl.com.au/staticfile/AFL Tenant/AFL/Players/ChampIDImages/AFLW/2026264/1009824.png?im=Scale,width=0.6,height=0.6",Lily,Postlethwaite,CD_T7887,BL,Brisbane Lions,Lions,1,78.1,0,0,4,0,1,0,0,1,5,0,0,4,15,67,10,6,0,1,0,0,1,0,4,5,0,0,4,0,3,0,0,10,6,0,0,167,0,6,0,0,1,0,4,0,0,0,1,3,0,1,15,2,10,2026-08-16,data//AFLW_2026-08-16.csv,NA,NA,0.3333333333333333,0.6666666666666666,4,0.6,0.8,NA,NA,2,0.5,NA,0,0.18181818181818182,0,CD_M20262640105,1,2026-08-16,Essendon,CD_R202626401
CD_I1009828,5,MEDIUM_DEFENDER,"https://s.afl.com.au/staticfile/AFL Tenant/AFL/Players/ChampIDImages/AFLW/2026264/1009828.png?im=Scale,width=0.6,height=0.6",Jade,Ellenger,CD_T7887,BL,Brisbane Lions,Lions,1,87.5,0,1,0,1,2,0,1,0,12,0,0,8,23,83,11,9,0,0,1,0,0,0,10,7,0,0,7,0,10,0,0,16,4,0,0,419,6,10,0,0,2,0,2,0,0,6,1,2,0,2,23,8,11,2026-08-16,data//AFLW_2026-08-16.csv,0,NA,0.5217391304347826,0.4782608695652174,2,0.5625,0.2857142857142857,NA,NA,2.2857142857142856,0.2,NA,0,0,0,CD_M20262640105,1,2026-08-16,Essendon,CD_R202626401
CD_I1009831,29,MIDFIELDER,"https://s.afl.com.au/staticfile/AFL Tenant/AFL/Players/ChampIDImages/AFLW/2026264/1009831.png?im=Scale,width=0.6,height=0.6",Tarni,White,CD_T8097,COLL,Collingwood,Magpies,1,100,0,0,0,0,3,0,1,1,8,0,0,9,25,94,22,17,0,0,2,100,0,1,4,5,0,0,2,0,9,6,5,20,4,0,0,523,2,9,0,0,6,0,2,0,1,0,0,1,0,0,19,4,11,2026-08-16,data//AFLW_2026-08-16.csv,0,NA,0.42105263157894735,0.88,5,0.85,1,NA,NA,4,0.1111111111111111,0.8333333333333334,0,0,0.6666666666666666,CD_M20262640104,1,2026-08-15,Richmond,CD_R202626401
CD_I1009833,17,MIDFIELDER,"https://s.afl.com.au/staticfile/AFL Tenant/AFL/Players/ChampIDImages/AFLW/2026264/1009833.png?im=Scale,width=0.6,height=0.6",Isabel,Dawes,CD_T7887,BL,Brisbane Lions,Lions,1,76.6,0,0,16,2,3,0,0,0,12,0,0,6,21,68,12,4,2,1,2,0,0,0,11,12,0,0,4,0,4,0,0,9,2,0,1,281,1,12,0,0,1,0,4,0,1,0,3,3,1,5,21,5,9,2026-08-16,data//AFLW_2026-08-16.csv,NA,NA,0.5714285714285714,0.5714285714285714,8,0.4444444444444444,0.6666666666666666,NA,NA,0.75,0.25,NA,0,0.7272727272727273,0,CD_M20262640105,1,2026-08-16,Essendon,CD_R202626401
CD_I1009836,10,MEDIUM_DEFENDER,"https://s.afl.com.au/staticfile/AFL Tenant/AFL/Players/ChampIDImages/AFLW/2026264/1009836.png?im=Scale,width=0.6,height=0.6",Natalie,Grider,CD_T7887,BL,Brisbane Lions,Lions,1,93.3,0,0,0,0,1,2,3,0,3,0,0,4,13,64,9,5,0,0,2,0,0,0,1,5,0,0,2,0,6,0,0,8,4,0,0,150,3,7,0,0,2,0,0,0,0,2,0,4,0,0,13,2,10,2026-08-16,data//AFLW_2026-08-16.csv,0.6666666666666666,NA,0.23076923076923078,0.6923076923076923,4,0.625,0.8,NA,NA,1.6,0.5714285714285714,NA,0,0,0,CD_M20262640105,1,2026-08-16,Essendon,CD_R202626401
CD_I1009838,30,KEY_FORWARD,"https://s.afl.com.au/staticfile/AFL Tenant/AFL/Players/ChampIDImages/AFLW/2026264/1009838.png?im=Scale,width=0.6,height=0.6",Jesse,Tawhiao-Wardlaw,CD_T8796,STK,St Kilda,St Kilda,1,92.4,0,0,0,0,4,0,0,0,4,0,0,1,11,30,7,3,2,2,0,0,1,0,4,6,0,0,3,0,0,0,0,5,3,0,1,185,1,6,0,0,0,4,1,0,0,1,0,0,0,0,12,7,8,2026-08-10,data//AFLW_2026-08-10.csv,NA,NA,0.3333333333333333,0.6363636363636364,4,0.6,0.6666666666666666,0,0,0.8333333333333334,0,NA,0.06557377049180328,0,0,CD_M20262640101,1,2026-08-09,Carlton,CD_R202626401
CD_I1009844,2,RUCK,"https://s.afl.com.au/staticfile/AFL Tenant/AFL/Players/ChampIDImages/AFLW/2026264/1009844.png?im=Scale,width=0.6,height=0.6",Tahlia,Hickie,CD_T7887,BL,Brisbane Lions,Lions,1,62.7,0,0,15,1,3,0,0,0,4,0,0,1,7,51,6,2,0,0,2,0,0,0,2,4,21,9,2,0,3,0,0,3,1,0,0,101,0,7,0,0,0,38,5,0,0,0,2,2,1,3,7,3,3,2026-08-16,data//AFLW_2026-08-16.csv,NA,NA,0.5714285714285714,0.8571428571428571,4,0.6666666666666666,1,0.5526315789473685,0.23684210526315788,0.75,0.2857142857142857,NA,0.6440677966101694,0.6818181818181818,0,CD_M20262640105,1,2026-08-16,Essendon,CD_R202626401
CD_I1009847,12,MIDFIELDER,"https://s.afl.com.au/staticfile/AFL Tenant/AFL/Players/ChampIDImages/AFLW/2026264/1009847.png?im=Scale,width=0.6,height=0.6",Sophie,Conway,CD_T7887,BL,Brisbane Lions,Lions,1,84.4,0,0,12,1,4,0,0,0,7,0,0,1,15,69,5,5,0,1,3,0,0,0,3,2,0,0,6,0,2,0,0,13,2,1,1,358,3,11,0,0,0,0,2,0,1,1,2,5,3,3,15,4,8,2026-08-16,data//AFLW_2026-08-16.csv,NA,NA,0.4666666666666667,0.3333333333333333,0,0.38461538461538464,0,NA,NA,6.5,0.45454545454545453,NA,0,0.5454545454545454,0,CD_M20262640105,1,2026-08-16,Essendon,CD_R202626401
CD_I1009853,5,MIDFIELDER,"https://s.afl.com.au/staticfile/AFL Tenant/AFL/Players/ChampIDImages/AFLW/2026264/1009853.png?im=Scale,width=0.6,height=0.6",Tyla,Hanks,CD_T7386,MELB,Melbourne,Demons,1,67.9,0,0,14,2,3,0,0,0,9,0,0,8,22,87,17,8,1,1,1,0,0,0,8,10,0,0,2,0,1,0,0,12,3,0,1,254,0,19,0,0,1,0,3,0,0,0,3,6,0,5,22,1,13,2026-08-16,data//AFLW_2026-08-16.csv,NA,NA,0.4090909090909091,0.7727272727272727,9,0.6666666666666666,0.9,NA,NA,1.2,0.3157894736842105,NA,0,0.7368421052631579,0,CD_M20262640102,1,2026-08-13,Hawthorn,CD_R202626401
CD_I1009856,3,MIDFIELDER,"https://s.afl.com.au/staticfile/AFL Tenant/AFL/Players/ChampIDImages/AFLW/2026264/1009856.png?im=Scale,width=0.6,height=0.6",Grace,Egan,CD_T8098,ADEL,Adelaide Crows,Crows,1,81.5,2,0,0,0,2,0,0,0,8,0,0,1,21,75,12,9,4,2,0,25,1,1,8,5,0,0,4,0,2,0,0,16,5,2,1,455,2,4,0,0,0,0,10,0,4,2,0,0,0,0,22,1,14,2026-08-16,data//AFLW_2026-08-16.csv,NA,NA,0.36363636363636365,0.5714285714285714,3,0.5625,0.6,NA,NA,3.2,0,NA,0,0,0,CD_M20262640106,1,2026-08-16,Sydney Swans,CD_R202626401
CD_I1009860,21,MIDFIELDER,"https://s.afl.com.au/staticfile/AFL Tenant/AFL/Players/ChampIDImages/AFLW/2026264/1009860.png?im=Scale,width=0.6,height=0.6",Rebecca,Webster,CD_T8467,GEEL,Geelong Cats,Cats,1,86.7,0,0,0,0,5,0,1,0,5,0,0,5,27,93,19,11,0,1,0,0,0,0,5,11,0,0,2,0,4,4,4,16,6,0,0,445,0,7,0,0,7,0,1,0,0,0,0,2,0,0,22,7,17,2026-08-16,data//AFLW_2026-08-16.csv,0,NA,0.22727272727272727,0.7037037037037037,8,0.6875,0.7272727272727273,NA,NA,1.4545454545454546,0.2857142857142857,1,0,0,0.4444444444444444,CD_M20262640109,1,2026-08-15,North Melbourne,CD_R202626401
CD_I1009861,2,MIDFIELDER,"https://s.afl.com.au/staticfile/AFL Tenant/AFL/Players/ChampIDImages/AFLW/2026264/1009861.png?im=Scale,width=0.6,height=0.6",Olivia,Purcell,CD_T7386,MELB,Melbourne,Demons,1,85.6,0,0,17,0,3,0,0,0,14,0,0,11,32,114,19,2,2,0,0,0,1,0,13,21,0,0,4,0,4,0,0,11,1,0,1,353,0,24,0,0,1,0,5,0,0,0,3,9,1,3,31,6,17,2026-08-16,data//AFLW_2026-08-16.csv,NA,NA,0.45161290322580644,0.59375,17,0.18181818181818182,0.8095238095238095,NA,NA,0.5238095238095238,0.375,NA,0,0.8947368421052632,0,CD_M20262640102,1,2026-08-13,Hawthorn,CD_R202626401
CD_I1009863,9,MIDFIELDER,"https://s.afl.com.au/staticfile/AFL Tenant/AFL/Players/ChampIDImages/AFLW/2026264/1009863.png?im=Scale,width=0.6,height=0.6",Nina,Morrison,CD_T8467,GEEL,Geelong Cats,Cats,1,82.9,0,0,18,0,2,0,0,0,8,0,0,19,17,75,14,7,1,0,1,0,0,0,7,8,0,0,1,0,6,0,0,9,5,0,0,136,2,28,0,0,0,0,1,0,0,1,2,4,0,2,17,3,9,2026-08-16,data//AFLW_2026-08-16.csv,NA,NA,0.47058823529411764,0.8235294117647058,7,0.7777777777777778,0.875,NA,NA,1.125,0.14285714285714285,NA,0,0.8181818181818182,0,CD_M20262640109,1,2026-08-15,North Melbourne,CD_R202626401
CD_I1009865,9,MEDIUM_DEFENDER,"https://s.afl.com.au/staticfile/AFL Tenant/AFL/Players/ChampIDImages/AFLW/2026264/1009865.png?im=Scale,width=0.6,height=0.6",Lucy,McEvoy,CD_T9408,SYD,Sydney Swans,Swans,1,82.4,0,0,12,1,1,0,0,1,10,1,1,7,21,88,12,8,0,0,0,0,0,0,8,6,0,0,4,0,2,1,1,15,5,0,1,404,0,13,0,0,2,0,2,0,0,0,4,4,0,5,20,5,10,2026-08-16,data//AFLW_2026-08-16.csv,NA,1,0.5,0.5714285714285714,4,0.5333333333333333,0.6666666666666666,NA,NA,2.5,0.3076923076923077,1,0,0.6,0.09090909090909091,CD_M20262640106,1,2026-08-16,Adelaide Crows,CD_R202626401
CD_I1009866,19,RUCK,"https://s.afl.com.au/staticfile/AFL Tenant/AFL/Players/ChampIDImages/AFLW/2026264/1009866.png?im=Scale,width=0.6,height=0.6",Rene,Caris,CD_T8796,STK,St Kilda,St Kilda,1,71.5,1,0,15,1,0,0,0,0,3,2,1,2,5,27,3,1,0,0,0,0,0,0,3,3,10,4,1,0,1,0,0,2,0,0,0,31,4,4,0,0,0,40,2,0,1,4,1,1,0,2,4,0,1,2026-08-10,data//AFLW_2026-08-10.csv,NA,0.5,0.75,0.6,2,0.5,0.6666666666666666,0.25,0.1,0.6666666666666666,0.25,NA,0.6557377049180327,0.7894736842105263,0,CD_M20262640101,1,2026-08-09,Carlton,CD_R202626401
CD_I1009867,21,MIDFIELDER,"https://s.afl.com.au/staticfile/AFL Tenant/AFL/Players/ChampIDImages/AFLW/2026264/1009867.png?im=Scale,width=0.6,height=0.6",Georgia,Patrikios,CD_T8796,STK,St Kilda,St Kilda,1,80.2,0,0,15,2,1,0,0,0,11,0,0,13,27,112,17,9,0,0,1,0,0,0,9,11,0,0,3,0,3,0,0,16,7,0,0,398,3,20,0,0,3,0,2,0,0,1,2,5,0,4,28,3,17,2026-08-10,data//AFLW_2026-08-10.csv,NA,NA,0.39285714285714285,0.6296296296296297,8,0.5625,0.7272727272727273,NA,NA,1.4545454545454546,0.25,NA,0,0.7894736842105263,0,CD_M20262640101,1,2026-08-09,Carlton,CD_R202626401
CD_I1009873,23,MIDFIELDER,"https://s.afl.com.au/staticfile/AFL Tenant/AFL/Players/ChampIDImages/AFLW/2026264/1009873.png?im=Scale,width=0.6,height=0.6",Olivia,Vesely,CD_T8796,STK,St Kilda,St Kilda,1,60.2,0,1,10,0,3,0,0,0,6,0,0,6,12,48,8,3,2,0,0,0,0,0,6,8,0,0,1,0,5,0,0,4,4,0,1,148,0,15,0,0,1,0,1,0,0,0,1,2,1,1,14,3,8,2026-08-10,data//AFLW_2026-08-10.csv,NA,NA,0.42857142857142855,0.6666666666666666,5,0.75,0.625,NA,NA,0.5,0.13333333333333333,NA,0,0.5263157894736842,0,CD_M20262640101,1,2026-08-09,Carlton,CD_R202626401
CD_I1009882,1,MIDFIELDER,"https://s.afl.com.au/staticfile/AFL Tenant/AFL/Players/ChampIDImages/AFLW/2026264/1009882.png?im=Scale,width=0.6,height=0.6",Gabrielle,Newton,CD_T7886,FRE,Fremantle,Freo,1,85.7,1,1,11,1,5,0,1,1,8,0,0,11,25,104,16,6,0,2,0,0,1,0,5,10,0,0,4,0,4,0,0,15,4,2,0,324,2,28,0,0,1,0,3,0,1,1,2,8,1,3,23,4,15,2026-08-16,data//AFLW_2026-08-16.csv,0,NA,0.34782608695652173,0.64,10,0.4,1,NA,NA,1.5,0.2857142857142857,NA,0,0.9166666666666666,0,CD_M20262640107,1,2026-08-16,Port Adelaide,CD_R202626401
CD_I1009885,4,MIDFIELDER,"https://s.afl.com.au/staticfile/AFL Tenant/AFL/Players/ChampIDImages/AFLW/2026264/1009885.png?im=Scale,width=0.6,height=0.6",Madison,Prespakis,CD_T9406,ESS,Essendon,Bombers,1,81.9,0,2,16,2,8,0,0,0,9,0,0,7,30,95,16,12,0,4,2,0,0,0,6,7,0,0,3,0,2,6,6,23,2,0,0,480,1,13,0,0,6,0,1,0,1,1,3,4,0,5,23,8,14,2026-08-16,data//AFLW_2026-08-16.csv,NA,NA,0.391304347826087,0.5333333333333333,4,0.5217391304347826,0.5714285714285714,NA,NA,3.2857142857142856,0.3076923076923077,1,0,0.7272727272727273,0.46153846153846156,CD_M20262640105,1,2026-08-16,Brisbane Lions,CD_R202626401
CD_I1009906,1,MIDFIELDER_FORWARD,"https://s.afl.com.au/staticfile/AFL Tenant/AFL/Players/ChampIDImages/AFLW/2026264/1009906.png?im=Scale,width=0.6,height=0.6",Mikayla,Bowen,CD_T8467,GEEL,Geelong Cats,Cats,1,83.4,0,0,11,0,6,0,0,0,8,0,0,11,17,72,8,5,0,3,1,0,1,0,6,7,0,0,3,0,2,0,0,10,4,0,0,262,5,25,0,0,2,0,2,0,0,2,3,6,1,3,18,5,10,2026-08-16,data//AFLW_2026-08-16.csv,NA,NA,0.4444444444444444,0.47058823529411764,3,0.5,0.42857142857142855,NA,NA,1.4285714285714286,0.24,NA,0,0.5,0,CD_M20262640109,1,2026-08-15,North Melbourne,CD_R202626401
CD_I1009907,9,MEDIUM_FORWARD,"https://s.afl.com.au/staticfile/AFL Tenant/AFL/Players/ChampIDImages/AFLW/2026264/1009907.png?im=Scale,width=0.6,height=0.6",Roxanne,Roux,CD_T8787,WCE,West Coast Eagles,Eagles,1,81.4,0,0,0,0,3,0,0,0,4,0,0,7,7,29,4,3,0,1,1,0,0,0,3,2,0,0,0,0,5,0,0,5,0,0,0,103,0,7,0,0,1,0,0,0,0,0,0,3,0,0,7,4,3,2026-08-16,data//AFLW_2026-08-16.csv,NA,NA,0.5714285714285714,0.5714285714285714,1,0.6,0.5,NA,NA,2.5,0.42857142857142855,NA,0,0,0,CD_M20262640108,1,2026-08-16,GWS GIANTS,CD_R202626401
CD_I1009962,21,MEDIUM_DEFENDER,"https://s.afl.com.au/staticfile/AFL Tenant/AFL/Players/ChampIDImages/AFLW/2026264/1009962.png?im=Scale,width=0.6,height=0.6",Poppy,Boltz,CD_T7889,GWS,GWS GIANTS,GIANTS,1,69.8,0,0,0,0,2,0,1,0,5,0,0,4,13,42,9,4,0,0,0,0,0,0,4,7,0,0,0,0,7,0,0,6,2,0,0,195,4,4,0,0,3,0,1,0,0,2,1,1,0,1,11,2,6,2026-08-16,data//AFLW_2026-08-16.csv,0,NA,0.45454545454545453,0.6923076923076923,5,0.6666666666666666,0.7142857142857143,NA,NA,0.8571428571428571,0.25,NA,0,0,0,CD_M20262640108,1,2026-08-16,West Coast Eagles,CD_R202626401
CD_I1009976,6,MEDIUM_DEFENDER,"https://s.afl.com.au/staticfile/AFL Tenant/AFL/Players/ChampIDImages/AFLW/2026264/1009976.png?im=Scale,width=0.6,height=0.6",Maddison,Gay,CD_T9406,ESS,Essendon,Bombers,1,87.7,0,0,1,2,4,0,0,1,11,0,0,7,27,108,13,12,0,2,2,0,0,0,8,2,0,0,0,0,13,5,3,25,7,0,0,527,3,7,0,0,15,0,1,0,0,2,0,3,0,2,22,10,11,2026-08-16,data//AFLW_2026-08-16.csv,NA,NA,0.5,0.48148148148148145,1,0.48,0.5,NA,NA,12.5,0.42857142857142855,0.6,0,0.045454545454545456,0.38461538461538464,CD_M20262640105,1,2026-08-16,Brisbane Lions,CD_R202626401
CD_I1009980,10,MIDFIELDER,"https://s.afl.com.au/staticfile/AFL Tenant/AFL/Players/ChampIDImages/AFLW/2026264/1009980.png?im=Scale,width=0.6,height=0.6",Kate,Hore,CD_T7386,MELB,Melbourne,Demons,1,98.1,4,0,12,0,1,0,0,2,13,0,0,7,22,90,15,5,2,0,1,20,1,1,10,10,0,0,0,0,4,0,0,12,5,3,1,198,2,12,0,0,2,0,9,0,5,1,3,2,1,3,21,2,8,2026-08-16,data//AFLW_2026-08-16.csv,NA,NA,0.6190476190476191,0.6818181818181818,10,0.4166666666666667,1,NA,NA,1.2,0.16666666666666666,NA,0,0.631578947368421,0,CD_M20262640102,1,2026-08-13,Hawthorn,CD_R202626401
CD_I1010097,31,MIDFIELDER,"https://s.afl.com.au/staticfile/AFL Tenant/AFL/Players/ChampIDImages/AFLW/2026264/1010097.png?im=Scale,width=0.6,height=0.6",Isabella,Shannon,CD_T8787,WCE,West Coast Eagles,Eagles,1,60.7,0,0,8,0,6,0,0,0,9,0,0,3,14,49,6,3,2,2,3,100,0,1,6,6,0,0,1,0,5,0,0,8,2,0,0,217,0,10,0,0,4,0,2,0,1,0,0,1,0,0,15,6,6,2026-08-16,data//AFLW_2026-08-16.csv,NA,NA,0.6,0.42857142857142855,3,0.375,0.5,NA,NA,1.3333333333333333,0.1,NA,0,0.47058823529411764,0,CD_M20262640108,1,2026-08-16,GWS GIANTS,CD_R202626401
CD_I1010102,35,MEDIUM_FORWARD,"https://s.afl.com.au/staticfile/AFL Tenant/AFL/Players/ChampIDImages/AFLW/2026264/1010102.png?im=Scale,width=0.6,height=0.6",Nell,Morris-Dalton,CD_T8096,CARL,Carlton,Blues,1,77.2,0,0,0,0,3,0,0,0,0,2,0,1,8,38,8,5,0,2,0,100,0,1,0,3,0,0,2,0,0,0,0,5,3,1,1,124,0,11,0,0,0,0,3,0,1,0,0,2,1,0,8,2,8,2026-08-10,data//AFLW_2026-08-10.csv,NA,0,0,1,3,1,1,NA,NA,1.6666666666666667,0.18181818181818182,NA,0,0,0,CD_M20262640101,1,2026-08-09,St Kilda,CD_R202626401
CD_I1010103,3,MEDIUM_DEFENDER,"https://s.afl.com.au/staticfile/AFL Tenant/AFL/Players/ChampIDImages/AFLW/2026264/1010103.png?im=Scale,width=0.6,height=0.6",Isabella,Grant,CD_T7387,WB,Western Bulldogs,Bulldogs,1,90.9,0,0,0,0,2,0,1,0,1,0,0,1,4,10,3,1,0,1,0,0,0,0,1,2,0,0,0,0,0,0,0,2,1,0,0,102,0,1,0,0,1,0,0,0,0,0,0,0,0,0,5,2,4,2026-08-16,data//AFLW_2026-08-16.csv,0,NA,0.2,0.75,2,0.5,1,NA,NA,1,0,NA,0,0,0,CD_M20262640103,1,2026-08-15,Gold Coast SUNS,CD_R202626401
CD_I1010104,4,MIDFIELDER,"https://s.afl.com.au/staticfile/AFL Tenant/AFL/Players/ChampIDImages/AFLW/2026264/1010104.png?im=Scale,width=0.6,height=0.6",Monique,Conti,CD_T8788,RICH,Richmond,Richmond,1,78.5,1,0,12,4,5,0,0,0,12,0,0,9,26,113,13,7,0,1,2,33.3,0,1,6,8,0,0,8,0,3,0,0,18,3,1,0,534,1,26,0,0,0,0,6,0,3,0,3,7,0,7,26,8,14,2026-08-16,data//AFLW_2026-08-16.csv,NA,NA,0.46153846153846156,0.5,6,0.3888888888888889,0.75,NA,NA,2.25,0.2692307692307692,NA,0,0.8571428571428571,0,CD_M20262640104,1,2026-08-15,Collingwood,CD_R202626401
CD_I1010257,9,KEY_DEFENDER,"https://s.afl.com.au/staticfile/AFL Tenant/AFL/Players/ChampIDImages/AFLW/2026264/1010257.png?im=Scale,width=0.6,height=0.6",Clara,Fitzpatrick,CD_T8786,GCFC,Gold Coast SUNS,SUNS,1,100,0,0,0,0,3,0,0,0,3,0,0,4,10,29,6,2,0,0,0,0,0,0,3,5,0,0,0,0,5,0,0,5,0,0,0,57,1,6,0,0,1,0,0,0,0,0,0,1,0,0,8,3,5,2026-08-16,data//AFLW_2026-08-16.csv,NA,NA,0.375,0.6,4,0.4,0.8,NA,NA,1,0.16666666666666666,NA,0,0,0,CD_M20262640103,1,2026-08-15,Western Bulldogs,CD_R202626401
CD_I1010263,5,MEDIUM_FORWARD,"https://s.afl.com.au/staticfile/AFL Tenant/AFL/Players/ChampIDImages/AFLW/2026264/1010263.png?im=Scale,width=0.6,height=0.6",Chloe,Molloy,CD_T9408,SYD,Sydney Swans,Swans,1,93.2,3,1,3,0,4,0,0,1,8,3,1,3,20,84,13,6,3,2,0,20,1,1,7,8,0,0,2,0,2,0,0,12,7,2,2,343,0,5,0,0,1,0,9,0,5,0,2,2,1,2,21,4,13,2026-08-16,data//AFLW_2026-08-16.csv,NA,0.3333333333333333,0.38095238095238093,0.65,7,0.5,0.875,NA,NA,1.5,0.4,NA,0,0.15,0,CD_M20262640106,1,2026-08-16,Adelaide Crows,CD_R202626401
CD_I1010264,25,MEDIUM_DEFENDER,"https://s.afl.com.au/staticfile/AFL Tenant/AFL/Players/ChampIDImages/AFLW/2026264/1010264.png?im=Scale,width=0.6,height=0.6",Alexandra,Morcom,CD_T9406,ESS,Essendon,Bombers,1,84.7,0,0,0,0,6,0,1,1,4,0,0,7,8,25,4,1,0,2,2,0,0,0,1,4,0,0,0,0,5,1,0,4,3,0,0,69,2,9,0,0,0,0,1,0,0,1,0,0,0,0,8,6,4,2026-08-16,data//AFLW_2026-08-16.csv,0,NA,0.5,0.5,3,0.25,0.75,NA,NA,1,0,0,0,0,0.07692307692307693,CD_M20262640105,1,2026-08-16,Brisbane Lions,CD_R202626401
CD_I1010265,7,MIDFIELDER,"https://s.afl.com.au/staticfile/AFL Tenant/AFL/Players/ChampIDImages/AFLW/2026264/1010265.png?im=Scale,width=0.6,height=0.6",Ash,Riddell,CD_T8466,NMFC,North Melbourne,Kangaroos,1,82.1,1,1,18,2,7,0,0,0,12,0,0,12,35,119,27,14,1,3,1,0,3,0,10,16,0,0,7,0,7,0,0,19,7,1,1,433,0,17,0,0,4,0,9,0,1,0,3,4,0,5,34,6,22,2026-08-16,data//AFLW_2026-08-16.csv,NA,NA,0.35294117647058826,0.7714285714285715,13,0.7368421052631579,0.8125,NA,NA,1.1875,0.23529411764705882,NA,0,0.8181818181818182,0,CD_M20262640109,1,2026-08-15,Geelong Cats,CD_R202626401
CD_I1010662,4,MIDFIELDER,"https://s.afl.com.au/staticfile/AFL Tenant/AFL/Players/ChampIDImages/AFLW/2026264/1010662.png?im=Scale,width=0.6,height=0.6",Claudia,Whitfort,CD_T8096,CARL,Carlton,Blues,1,66.3,0,1,12,1,3,0,0,0,13,0,0,7,27,102,17,7,0,0,3,0,1,0,8,11,0,0,5,0,4,0,0,16,3,0,0,427,0,13,0,0,1,0,4,0,0,0,4,5,0,5,26,6,13,2026-08-10,data//AFLW_2026-08-10.csv,NA,NA,0.5,0.6296296296296297,10,0.4375,0.9090909090909091,NA,NA,1.4545454545454546,0.38461538461538464,NA,0,0.631578947368421,0,CD_M20262640101,1,2026-08-09,St Kilda,CD_R202626401
CD_I1010663,24,MEDIUM_DEFENDER,"https://s.afl.com.au/staticfile/AFL Tenant/AFL/Players/ChampIDImages/AFLW/2026264/1010663.png?im=Scale,width=0.6,height=0.6",Ashleigh,Brazill,CD_T7886,FRE,Fremantle,Freo,1,91.9,0,3,0,0,2,1,3,1,6,0,0,7,13,56,10,7,0,0,1,0,0,0,4,4,0,0,0,0,7,2,1,9,4,0,0,230,3,7,0,0,5,0,0,0,0,3,1,2,0,1,12,1,6,2026-08-16,data//AFLW_2026-08-16.csv,0.3333333333333333,NA,0.5,0.7692307692307693,3,0.7777777777777778,0.75,NA,NA,2.25,0.2857142857142857,0.5,0,0,0.4,CD_M20262640107,1,2026-08-16,Port Adelaide,CD_R202626401
CD_I1010677,26,RUCK,"https://s.afl.com.au/staticfile/AFL Tenant/AFL/Players/ChampIDImages/AFLW/2026264/1010677.png?im=Scale,width=0.6,height=0.6",Kim,Rennie,CD_T8466,NMFC,North Melbourne,Kangaroos,1,70.1,0,0,18,4,1,0,0,0,8,1,0,5,9,38,4,1,0,0,0,0,0,0,4,6,10,4,1,0,0,0,0,3,1,0,0,70,5,6,0,0,0,30,3,0,0,1,1,1,0,5,12,1,4,2026-08-16,data//AFLW_2026-08-16.csv,NA,0,0.6666666666666666,0.4444444444444444,3,0.3333333333333333,0.5,0.3333333333333333,0.13333333333333333,0.5,0.16666666666666666,NA,0.6382978723404256,0.8181818181818182,0,CD_M20262640109,1,2026-08-15,Geelong Cats,CD_R202626401
CD_I1010686,11,MEDIUM_DEFENDER,"https://s.afl.com.au/staticfile/AFL Tenant/AFL/Players/ChampIDImages/AFLW/2026264/1010686.png?im=Scale,width=0.6,height=0.6",Elle,Bennetts,CD_T7387,WB,Western Bulldogs,Bulldogs,1,94,0,0,0,0,3,0,0,0,3,0,0,5,17,53,12,9,0,2,1,0,0,0,2,4,0,0,3,0,4,2,2,13,1,0,0,412,1,6,0,0,5,0,1,0,0,1,0,2,0,0,13,4,10,2026-08-16,data//AFLW_2026-08-16.csv,NA,NA,0.23076923076923078,0.7058823529411765,3,0.6923076923076923,0.75,NA,NA,3.25,0.3333333333333333,1,0,0,0.25,CD_M20262640103,1,2026-08-15,Gold Coast SUNS,CD_R202626401
CD_I1010688,35,MIDFIELDER,"https://s.afl.com.au/staticfile/AFL Tenant/AFL/Players/ChampIDImages/AFLW/2026264/1010688.png?im=Scale,width=0.6,height=0.6",Maddie,Shevlin,CD_T8788,RICH,Richmond,Richmond,1,58.2,0,0,0,0,3,0,0,0,1,1,0,1,7,24,3,2,0,1,1,0,0,0,0,1,0,0,3,0,1,0,0,6,2,0,0,200,1,6,0,0,0,0,0,0,0,1,0,0,0,0,6,4,5,2026-08-16,data//AFLW_2026-08-16.csv,NA,0,0.16666666666666666,0.42857142857142855,1,0.3333333333333333,1,NA,NA,6,0,NA,0,0,0,CD_M20262640104,1,2026-08-15,Collingwood,CD_R202626401
CD_I1010690,8,KEY_FORWARD,"https://s.afl.com.au/staticfile/AFL Tenant/AFL/Players/ChampIDImages/AFLW/2026264/1010690.png?im=Scale,width=0.6,height=0.6",Bonnie,Toogood,CD_T9406,ESS,Essendon,Bombers,1,95.5,0,0,6,0,3,0,0,2,6,2,1,3,16,72,11,6,2,2,1,100,2,2,3,8,0,0,3,0,1,0,0,8,7,3,2,265,1,8,0,0,0,1,5,0,2,1,0,1,0,0,17,6,11,2026-08-16,data//AFLW_2026-08-16.csv,NA,0.5,0.35294117647058826,0.6875,5,0.75,0.625,0,0,1,0.125,NA,0.01694915254237288,0.2727272727272727,0,CD_M20262640105,1,2026-08-16,Brisbane Lions,CD_R202626401
CD_I1011057,25,MIDFIELDER_FORWARD,"https://s.afl.com.au/staticfile/AFL Tenant/AFL/Players/ChampIDImages/AFLW/2026264/1011057.png?im=Scale,width=0.6,height=0.6",Teah,Charlton,CD_T8098,ADEL,Adelaide Crows,Crows,1,65.3,1,0,15,2,2,0,0,0,7,0,0,5,11,42,8,3,0,1,1,50,0,1,4,7,0,0,1,0,2,0,0,4,1,1,0,166,0,10,0,0,0,0,4,0,2,0,1,2,0,3,11,3,4,2026-08-16,data//AFLW_2026-08-16.csv,NA,NA,0.6363636363636364,0.7272727272727273,5,0.75,0.7142857142857143,NA,NA,0.5714285714285714,0.2,NA,0,0.75,0,CD_M20262640106,1,2026-08-16,Sydney Swans,CD_R202626401
CD_I1011062,28,MEDIUM_DEFENDER,"https://s.afl.com.au/staticfile/AFL Tenant/AFL/Players/ChampIDImages/AFLW/2026264/1011062.png?im=Scale,width=0.6,height=0.6",Cheyenne,Hammond,CD_T9409,PORT,Port Adelaide,Power,1,69.3,0,0,0,0,2,0,0,0,4,0,0,1,5,21,3,2,0,1,0,0,0,0,4,1,0,0,1,0,5,0,0,4,2,0,0,99,1,2,0,0,0,0,1,0,0,1,0,1,0,0,6,1,2,2026-08-16,data//AFLW_2026-08-16.csv,NA,NA,0.6666666666666666,0.6,1,0.5,1,NA,NA,4,0.5,NA,0,0,0,CD_M20262640107,1,2026-08-16,Fremantle,CD_R202626401
CD_I1011069,6,MEDIUM_FORWARD,"https://s.afl.com.au/staticfile/AFL Tenant/AFL/Players/ChampIDImages/AFLW/2026264/1011069.png?im=Scale,width=0.6,height=0.6",Hannah,Munyard,CD_T8098,ADEL,Adelaide Crows,Crows,1,79.7,0,0,0,0,3,0,0,0,4,0,0,6,9,43,7,3,1,2,0,0,0,0,4,5,0,0,1,0,1,0,0,4,1,0,0,55,0,18,0,0,0,0,0,0,0,0,0,6,3,0,9,4,5,2026-08-16,data//AFLW_2026-08-16.csv,NA,NA,0.4444444444444444,0.7777777777777778,4,0.75,0.8,NA,NA,0.8,0.3333333333333333,NA,0,0,0,CD_M20262640106,1,2026-08-16,Sydney Swans,CD_R202626401
CD_I1011080,12,KEY_DEFENDER,"https://s.afl.com.au/staticfile/AFL Tenant/AFL/Players/ChampIDImages/AFLW/2026264/1011080.png?im=Scale,width=0.6,height=0.6",Chelsea,Biddell,CD_T8098,ADEL,Adelaide Crows,Crows,1,100,0,0,0,0,3,1,2,1,5,0,0,6,18,59,16,13,0,2,1,0,0,0,3,3,0,0,0,0,8,5,5,15,3,0,0,471,2,6,0,0,9,0,1,0,0,2,0,1,0,0,12,4,7,2026-08-16,data//AFLW_2026-08-16.csv,0.5,NA,0.4166666666666667,0.8888888888888888,3,0.8666666666666667,1,NA,NA,5,0.16666666666666666,1,0,0,0.7142857142857143,CD_M20262640106,1,2026-08-16,Sydney Swans,CD_R202626401
CD_I1011095,17,MIDFIELDER,"https://s.afl.com.au/staticfile/AFL Tenant/AFL/Players/ChampIDImages/AFLW/2026264/1011095.png?im=Scale,width=0.6,height=0.6",Madison,Newman,CD_T8098,ADEL,Adelaide Crows,Crows,1,92.9,0,2,0,0,4,0,0,0,8,0,0,5,24,90,17,12,0,0,1,100,0,1,8,9,0,0,3,0,4,0,0,15,4,1,0,443,0,10,0,0,6,0,7,0,1,0,1,2,0,1,23,5,15,2026-08-16,data//AFLW_2026-08-16.csv,NA,NA,0.34782608695652173,0.7083333333333334,5,0.8,0.5555555555555556,NA,NA,1.6666666666666667,0.2,NA,0,0,0,CD_M20262640106,1,2026-08-16,Sydney Swans,CD_R202626401
CD_I1012236,5,MEDIUM_DEFENDER,"https://s.afl.com.au/staticfile/AFL Tenant/AFL/Players/ChampIDImages/AFLW/2026264/1012236.png?im=Scale,width=0.6,height=0.6",Sarah,Verrier,CD_T7886,FRE,Fremantle,Freo,1,64.3,0,0,0,0,0,0,0,0,4,0,0,2,9,38,8,4,0,0,1,0,0,0,3,4,0,0,1,0,5,0,0,5,2,0,0,68,1,3,0,0,1,0,2,0,0,1,0,2,0,0,9,1,5,2026-08-16,data//AFLW_2026-08-16.csv,NA,NA,0.4444444444444444,0.8888888888888888,4,0.8,1,NA,NA,1.25,0.6666666666666666,NA,0,0,0,CD_M20262640107,1,2026-08-16,Port Adelaide,CD_R202626401
CD_I1012241,5,MIDFIELDER,"https://s.afl.com.au/staticfile/AFL Tenant/AFL/Players/ChampIDImages/AFLW/2026264/1012241.png?im=Scale,width=0.6,height=0.6",Abbey,Dowrick,CD_T9409,PORT,Port Adelaide,Power,1,78.5,0,0,10,5,4,0,0,0,13,0,0,11,23,90,18,13,1,0,2,50,0,1,6,8,0,0,3,0,4,0,0,15,3,0,1,557,1,22,0,0,2,0,3,0,2,0,2,3,1,7,23,6,10,2026-08-16,data//AFLW_2026-08-16.csv,NA,NA,0.5652173913043478,0.782608695652174,5,0.8666666666666667,0.625,NA,NA,1.875,0.13636363636363635,NA,0,0.8333333333333334,0,CD_M20262640107,1,2026-08-16,Fremantle,CD_R202626401
CD_I1012259,18,MIDFIELDER,"https://s.afl.com.au/staticfile/AFL Tenant/AFL/Players/ChampIDImages/AFLW/2026264/1012259.png?im=Scale,width=0.6,height=0.6",Jaide,Britton,CD_T8787,WCE,West Coast Eagles,Eagles,1,93.6,0,0,0,0,0,0,0,0,6,0,0,4,17,69,12,3,0,0,0,0,0,0,5,9,0,0,3,0,5,0,0,8,1,0,0,175,0,17,0,0,1,0,0,0,0,0,2,6,2,2,16,3,10,2026-08-16,data//AFLW_2026-08-16.csv,NA,NA,0.375,0.7058823529411765,9,0.375,1,NA,NA,0.8888888888888888,0.35294117647058826,NA,0,0,0,CD_M20262640108,1,2026-08-16,GWS GIANTS,CD_R202626401
CD_I1012560,16,MEDIUM_DEFENDER,"https://s.afl.com.au/staticfile/AFL Tenant/AFL/Players/ChampIDImages/AFLW/2026264/1012560.png?im=Scale,width=0.6,height=0.6",Chantel,Emonson,CD_T8467,GEEL,Geelong Cats,Cats,1,88.6,0,0,0,0,3,0,0,0,1,0,0,7,13,53,10,7,0,1,0,0,0,0,1,3,0,0,3,0,2,5,3,10,4,0,1,182,2,10,0,0,0,0,2,0,0,1,0,2,0,0,11,3,10,2026-08-16,data//AFLW_2026-08-16.csv,NA,NA,0.09090909090909091,0.7692307692307693,3,0.7,1,NA,NA,3.3333333333333335,0.2,0.6,0,0,0.5555555555555556,CD_M20262640109,1,2026-08-15,North Melbourne,CD_R202626401
CD_I1012575,12,MIDFIELDER_FORWARD,"https://s.afl.com.au/staticfile/AFL Tenant/AFL/Players/ChampIDImages/AFLW/2026264/1012575.png?im=Scale,width=0.6,height=0.6",Casey,Sherriff,CD_T9407,HAW,Hawthorn,Hawks,1,71.7,0,0,0,0,1,0,1,0,6,0,0,5,14,53,13,9,0,1,1,0,0,0,5,4,0,0,0,0,7,0,0,10,3,0,0,170,3,7,0,0,2,0,2,0,0,3,0,2,0,0,14,2,8,2026-08-16,data//AFLW_2026-08-16.csv,0,NA,0.42857142857142855,0.9285714285714286,4,0.9,1,NA,NA,2.5,0.2857142857142857,NA,0,0,0,CD_M20262640102,1,2026-08-13,Melbourne,CD_R202626401
CD_I1012580,24,MIDFIELDER_FORWARD,"https://s.afl.com.au/staticfile/AFL Tenant/AFL/Players/ChampIDImages/AFLW/2026264/1012580.png?im=Scale,width=0.6,height=0.6",Sophie,Alexander,CD_T9406,ESS,Essendon,Bombers,1,78.8,0,0,0,0,2,0,0,0,2,0,0,3,10,53,5,5,0,0,1,100,0,2,1,4,0,0,2,0,1,1,0,6,2,1,0,124,1,6,0,0,0,0,3,0,2,1,0,2,0,0,9,1,7,2026-08-16,data//AFLW_2026-08-16.csv,NA,NA,0.2222222222222222,0.5,0,0.8333333333333334,0,NA,NA,1.5,0.3333333333333333,0,0,0,0.07692307692307693,CD_M20262640105,1,2026-08-16,Brisbane Lions,CD_R202626401
CD_I1012595,32,MEDIUM_DEFENDER,"https://s.afl.com.au/staticfile/AFL Tenant/AFL/Players/ChampIDImages/AFLW/2026264/1012595.png?im=Scale,width=0.6,height=0.6",Vaomua,Laloifi,CD_T7387,WB,Western Bulldogs,Bulldogs,1,79.7,0,0,0,0,1,1,1,0,3,0,0,3,5,20,5,2,0,1,1,0,0,0,2,3,0,0,1,0,5,0,0,2,2,0,0,85,3,4,0,0,1,0,1,0,0,3,0,1,0,0,5,1,2,2026-08-16,data//AFLW_2026-08-16.csv,1,NA,0.6,1,3,1,1,NA,NA,0.6666666666666666,0.25,NA,0,0,0,CD_M20262640103,1,2026-08-15,Gold Coast SUNS,CD_R202626401
CD_I1012637,21,MIDFIELDER,"https://s.afl.com.au/staticfile/AFL Tenant/AFL/Players/ChampIDImages/AFLW/2026264/1012637.png?im=Scale,width=0.6,height=0.6",Mikala,Cann,CD_T7387,WB,Western Bulldogs,Bulldogs,1,61,0,0,8,1,4,0,0,0,8,0,0,6,12,47,5,2,2,2,2,0,1,0,6,8,0,0,0,0,2,0,0,4,1,0,0,50,2,12,0,0,1,0,2,0,1,1,3,5,0,4,12,4,4,2026-08-16,data//AFLW_2026-08-16.csv,NA,NA,0.6666666666666666,0.4166666666666667,3,0.5,0.375,NA,NA,0.5,0.4166666666666667,NA,0,0.7272727272727273,0,CD_M20262640103,1,2026-08-15,Gold Coast SUNS,CD_R202626401
CD_I1012640,6,MIDFIELDER,"https://s.afl.com.au/staticfile/AFL Tenant/AFL/Players/ChampIDImages/AFLW/2026264/1012640.png?im=Scale,width=0.6,height=0.6",Julia,Crockett-Grills,CD_T8467,GEEL,Geelong Cats,Cats,1,84.6,0,0,0,0,3,0,0,0,7,1,1,2,11,38,5,1,4,0,1,0,0,0,6,8,0,0,1,0,2,0,0,3,0,0,0,36,1,10,0,0,1,0,4,0,0,1,0,3,2,0,11,5,4,2026-08-16,data//AFLW_2026-08-16.csv,NA,1,0.6363636363636364,0.45454545454545453,4,0.3333333333333333,0.5,NA,NA,0.375,0.3,NA,0,0,0,CD_M20262640109,1,2026-08-15,North Melbourne,CD_R202626401
CD_I1012662,36,MIDFIELDER,"https://s.afl.com.au/staticfile/AFL Tenant/AFL/Players/ChampIDImages/AFLW/2026264/1012662.png?im=Scale,width=0.6,height=0.6",Airlie,Runnalls,CD_T8097,COLL,Collingwood,Magpies,1,75.8,0,0,12,0,3,0,0,0,7,0,0,8,23,89,17,8,0,1,3,0,0,0,3,10,0,0,0,0,3,0,0,13,6,0,0,260,1,14,0,0,6,0,3,0,0,1,3,3,0,3,24,4,17,2026-08-16,data//AFLW_2026-08-16.csv,NA,NA,0.2916666666666667,0.7391304347826086,9,0.6153846153846154,0.9,NA,NA,1.3,0.21428571428571427,NA,0,0.8571428571428571,0,CD_M20262640104,1,2026-08-15,Richmond,CD_R202626401
CD_I1012668,9,KEY_FORWARD,"https://s.afl.com.au/staticfile/AFL Tenant/AFL/Players/ChampIDImages/AFLW/2026264/1012668.png?im=Scale,width=0.6,height=0.6",Caitlin,Greiser,CD_T8788,RICH,Richmond,Richmond,1,73.2,4,0,0,0,2,0,0,2,3,1,1,1,8,32,3,1,1,2,0,0,0,0,1,2,0,0,1,0,0,0,0,6,4,3,2,115,0,2,0,0,0,1,6,0,5,0,0,0,0,0,8,2,5,2026-08-16,data//AFLW_2026-08-16.csv,NA,1,0.375,0.375,2,0.16666666666666666,1,0,0,3,0,NA,0.019230769230769232,0,0,CD_M20262640104,1,2026-08-15,Collingwood,CD_R202626401
CD_I1012694,33,RUCK,"https://s.afl.com.au/staticfile/AFL Tenant/AFL/Players/ChampIDImages/AFLW/2026264/1012694.png?im=Scale,width=0.6,height=0.6",Alice,Edmonds,CD_T7387,WB,Western Bulldogs,Bulldogs,1,92.4,0,0,9,0,4,0,3,1,5,3,0,7,9,58,7,0,0,3,0,0,0,0,4,8,22,3,0,0,3,0,0,1,2,0,0,12,1,14,0,0,0,40,0,0,0,0,0,5,3,0,12,2,7,2026-08-16,data//AFLW_2026-08-16.csv,0,0,0.4166666666666667,0.7777777777777778,7,0,0.875,0.55,0.075,0.125,0.35714285714285715,NA,0.7692307692307693,0.8181818181818182,0,CD_M20262640103,1,2026-08-15,Gold Coast SUNS,CD_R202626401
CD_I1012700,20,MEDIUM_DEFENDER,"https://s.afl.com.au/staticfile/AFL Tenant/AFL/Players/ChampIDImages/AFLW/2026264/1012700.png?im=Scale,width=0.6,height=0.6",Beth,Lynch,CD_T8788,RICH,Richmond,Richmond,1,72.4,0,0,0,0,1,1,1,0,4,0,0,5,5,33,3,2,0,0,1,0,0,0,3,2,0,0,0,0,4,0,0,3,1,0,0,23,0,5,0,0,2,0,0,0,0,0,0,4,0,0,5,2,1,2026-08-16,data//AFLW_2026-08-16.csv,1,NA,0.8,0.6,1,0.6666666666666666,0.5,NA,NA,1.5,0.8,NA,0,0,0,CD_M20262640104,1,2026-08-15,Collingwood,CD_R202626401
CD_I1012709,42,KEY_FORWARD,"https://s.afl.com.au/staticfile/AFL Tenant/AFL/Players/ChampIDImages/AFLW/2026264/1012709.png?im=Scale,width=0.6,height=0.6",Tara,Bohanna,CD_T8096,CARL,Carlton,Blues,1,64.8,0,0,0,0,1,0,0,0,2,2,0,0,4,22,2,1,1,0,1,0,1,0,1,1,4,0,2,0,0,0,0,3,2,1,1,79,1,6,0,0,0,7,2,0,1,1,0,0,0,0,4,0,2,2026-08-10,data//AFLW_2026-08-10.csv,NA,0,0.5,0.5,1,0.3333333333333333,1,0.5714285714285714,0,3,0,NA,0.11475409836065574,0,0,CD_M20262640101,1,2026-08-09,St Kilda,CD_R202626401
CD_I1012713,30,MEDIUM_DEFENDER,"https://s.afl.com.au/staticfile/AFL Tenant/AFL/Players/ChampIDImages/AFLW/2026264/1012713.png?im=Scale,width=0.6,height=0.6",Shelley,Heath,CD_T7386,MELB,Melbourne,Demons,1,76.1,0,0,11,0,3,0,0,0,5,0,0,9,8,39,7,4,2,2,0,100,0,1,4,3,0,0,0,0,2,0,0,5,2,1,0,83,1,12,0,0,0,0,4,0,1,0,3,3,0,3,8,1,3,2026-08-16,data//AFLW_2026-08-16.csv,NA,NA,0.625,0.875,3,0.8,1,NA,NA,1.6666666666666667,0.25,NA,0,0.5789473684210527,0,CD_M20262640102,1,2026-08-13,Hawthorn,CD_R202626401
CD_I1012964,17,MIDFIELDER,"https://s.afl.com.au/staticfile/AFL Tenant/AFL/Players/ChampIDImages/AFLW/2026264/1012964.png?im=Scale,width=0.6,height=0.6",Dominique,Carbone,CD_T8097,COLL,Collingwood,Magpies,1,42.8,0,0,3,0,2,0,0,0,3,0,0,8,9,43,7,4,0,1,0,0,0,0,2,3,0,0,3,0,2,0,0,6,2,0,0,134,0,11,0,0,1,0,2,0,0,0,1,4,0,1,8,1,5,2026-08-16,data//AFLW_2026-08-16.csv,NA,NA,0.375,0.7777777777777778,3,0.6666666666666666,1,NA,NA,2,0.36363636363636365,NA,0,0.21428571428571427,0,CD_M20262640104,1,2026-08-15,Richmond,CD_R202626401
CD_I1012987,12,MEDIUM_DEFENDER,"https://s.afl.com.au/staticfile/AFL Tenant/AFL/Players/ChampIDImages/AFLW/2026264/1012987.png?im=Scale,width=0.6,height=0.6",Serene,Watson,CD_T8796,STK,St Kilda,St Kilda,1,84,0,0,0,0,1,0,1,1,9,0,0,9,20,77,19,15,0,1,4,0,0,0,4,4,0,0,1,0,7,6,6,16,4,0,0,418,2,11,0,0,9,0,0,0,0,1,0,2,0,0,17,6,8,2026-08-10,data//AFLW_2026-08-10.csv,0,NA,0.5294117647058824,0.95,4,0.9375,1,NA,NA,4,0.18181818181818182,1,0,0,0.5,CD_M20262640101,1,2026-08-09,Carlton,CD_R202626401
CD_I1012989,3,KEY_FORWARD,"https://s.afl.com.au/staticfile/AFL Tenant/AFL/Players/ChampIDImages/AFLW/2026264/1012989.png?im=Scale,width=0.6,height=0.6",Taylor,Smith,CD_T9408,SYD,Sydney Swans,Swans,1,77.3,0,0,0,0,3,0,0,1,4,1,0,1,10,61,7,4,0,2,0,100,0,3,3,4,0,0,1,0,1,0,0,6,5,3,1,148,1,8,0,0,0,4,5,0,3,1,0,2,2,0,10,3,6,2026-08-16,data//AFLW_2026-08-16.csv,NA,0,0.4,0.7,3,0.6666666666666666,0.75,0,0,1.5,0.25,NA,0.07407407407407407,0,0,CD_M20262640106,1,2026-08-16,Adelaide Crows,CD_R202626401
CD_I1012994,22,KEY_FORWARD,"https://s.afl.com.au/staticfile/AFL Tenant/AFL/Players/ChampIDImages/AFLW/2026264/1012994.png?im=Scale,width=0.6,height=0.6",Bella,Smith,CD_T7886,FRE,Fremantle,Freo,1,54.7,2,0,0,0,1,0,0,0,4,1,0,3,8,34,4,3,1,0,2,0,0,0,2,1,0,0,2,0,0,0,0,7,1,0,0,160,1,10,0,0,0,0,3,0,2,1,0,1,0,0,9,2,5,2026-08-16,data//AFLW_2026-08-16.csv,NA,0,0.4444444444444444,0.5,1,0.42857142857142855,1,NA,NA,7,0.1,NA,0,0,0,CD_M20262640107,1,2026-08-16,Port Adelaide,CD_R202626401
CD_I1013015,24,MEDIUM_DEFENDER,"https://s.afl.com.au/staticfile/AFL Tenant/AFL/Players/ChampIDImages/AFLW/2026264/1013015.png?im=Scale,width=0.6,height=0.6",Tamara,Smith,CD_T9407,HAW,Hawthorn,Hawks,1,87.9,0,0,0,0,0,0,1,0,5,0,0,11,14,77,13,9,0,0,2,0,0,0,3,4,0,0,1,0,5,0,0,10,3,0,0,184,2,15,0,0,4,0,2,0,0,2,1,7,0,1,13,0,8,2026-08-16,data//AFLW_2026-08-16.csv,0,NA,0.38461538461538464,0.9285714285714286,4,0.9,1,NA,NA,2.5,0.4666666666666667,NA,0,0,0,CD_M20262640102,1,2026-08-13,Melbourne,CD_R202626401
CD_I1013027,5,MIDFIELDER,"https://s.afl.com.au/staticfile/AFL Tenant/AFL/Players/ChampIDImages/AFLW/2026264/1013027.png?im=Scale,width=0.6,height=0.6",Abbie,McKay,CD_T8096,CARL,Carlton,Blues,1,80.3,0,0,17,2,6,0,0,0,13,0,0,8,32,119,19,7,0,0,0,0,0,0,10,17,0,0,1,0,3,0,0,15,4,0,1,347,3,16,0,0,4,0,5,0,0,0,7,7,1,9,32,7,19,2026-08-10,data//AFLW_2026-08-10.csv,NA,NA,0.40625,0.59375,12,0.4666666666666667,0.7058823529411765,NA,NA,0.8823529411764706,0.4375,NA,0,0.8947368421052632,0,CD_M20262640101,1,2026-08-09,St Kilda,CD_R202626401
CD_I1013032,18,MEDIUM_DEFENDER,"https://s.afl.com.au/staticfile/AFL Tenant/AFL/Players/ChampIDImages/AFLW/2026264/1013032.png?im=Scale,width=0.6,height=0.6",Britney,Gutknecht,CD_T7387,WB,Western Bulldogs,Bulldogs,1,82.6,0,0,0,0,2,0,0,0,5,0,0,2,22,66,16,7,0,0,1,0,0,0,3,12,0,0,1,0,6,5,5,10,1,0,0,290,1,7,0,0,6,0,0,0,0,0,0,2,0,0,18,8,13,2026-08-16,data//AFLW_2026-08-16.csv,NA,NA,0.2777777777777778,0.7272727272727273,9,0.7,0.75,NA,NA,0.8333333333333334,0.2857142857142857,1,0,0,0.625,CD_M20262640103,1,2026-08-15,Gold Coast SUNS,CD_R202626401
CD_I1013442,20,MEDIUM_DEFENDER,"https://s.afl.com.au/staticfile/AFL Tenant/AFL/Players/ChampIDImages/AFLW/2026264/1013442.png?im=Scale,width=0.6,height=0.6",Jasmine,Ferguson,CD_T8466,NMFC,North Melbourne,Kangaroos,1,100,0,0,0,0,1,1,4,1,4,0,0,12,9,63,8,4,0,0,1,0,0,0,2,4,0,0,0,0,8,0,0,5,5,0,0,105,3,13,0,0,3,0,1,0,0,1,0,6,0,0,9,3,5,2026-08-16,data//AFLW_2026-08-16.csv,0.25,NA,0.4444444444444444,0.8888888888888888,4,0.8,1,NA,NA,1.25,0.46153846153846156,NA,0,0,0,CD_M20262640109,1,2026-08-15,Geelong Cats,CD_R202626401
CD_I1013522,5,MIDFIELDER,"https://s.afl.com.au/staticfile/AFL Tenant/AFL/Players/ChampIDImages/AFLW/2026264/1013522.png?im=Scale,width=0.6,height=0.6",Georgia,Nanscawen,CD_T9406,ESS,Essendon,Bombers,1,72.9,0,0,15,0,2,0,0,0,4,0,0,10,14,77,9,2,0,0,1,0,0,0,3,9,0,0,2,0,2,0,0,5,1,0,0,119,0,18,0,0,1,0,2,0,0,0,0,10,0,0,14,1,10,2026-08-16,data//AFLW_2026-08-16.csv,NA,NA,0.2857142857142857,0.6428571428571429,7,0.4,0.7777777777777778,NA,NA,0.5555555555555556,0.5555555555555556,NA,0,0.6818181818181818,0,CD_M20262640105,1,2026-08-16,Brisbane Lions,CD_R202626401
CD_I1013706,7,MIDFIELDER,"https://s.afl.com.au/staticfile/AFL Tenant/AFL/Players/ChampIDImages/AFLW/2026264/1013706.png?im=Scale,width=0.6,height=0.6",Sarah,Rowe,CD_T8097,COLL,Collingwood,Magpies,1,82.6,0,0,0,0,3,0,1,0,3,0,0,7,9,26,2,0,0,2,1,0,0,0,2,3,0,0,0,0,3,0,0,6,1,0,0,92,0,8,0,0,1,0,0,0,0,0,1,1,0,1,8,4,5,2026-08-16,data//AFLW_2026-08-16.csv,0,NA,0.375,0.2222222222222222,2,0,0.6666666666666666,NA,NA,2,0.125,NA,0,0,0,CD_M20262640104,1,2026-08-15,Richmond,CD_R202626401
CD_I1013937,4,MEDIUM_FORWARD,"https://s.afl.com.au/staticfile/AFL Tenant/AFL/Players/ChampIDImages/AFLW/2026264/1013937.png?im=Scale,width=0.6,height=0.6",Angelique,Stannett,CD_T7886,FRE,Fremantle,Freo,1,68.3,0,0,1,0,0,0,0,1,4,0,0,1,9,35,7,1,0,0,0,0,1,0,3,6,0,0,1,0,0,0,0,3,2,1,0,56,0,4,0,0,2,0,1,0,0,0,0,2,1,0,9,1,5,2026-08-16,data//AFLW_2026-08-16.csv,NA,NA,0.4444444444444444,0.7777777777777778,6,0.3333333333333333,1,NA,NA,0.5,0.5,NA,0,0.08333333333333333,0,CD_M20262640107,1,2026-08-16,Port Adelaide,CD_R202626401
CD_I1014034,7,MIDFIELDER,"https://s.afl.com.au/staticfile/AFL Tenant/AFL/Players/ChampIDImages/AFLW/2026264/1014034.png?im=Scale,width=0.6,height=0.6",Aisling,McCarthy,CD_T7886,FRE,Fremantle,Freo,1,85,2,0,11,0,3,0,0,0,8,0,0,8,28,97,15,9,2,0,0,0,0,0,8,9,0,0,2,0,2,0,0,19,4,2,1,443,1,15,0,0,1,0,6,0,3,0,1,2,0,1,28,5,20,2026-08-16,data//AFLW_2026-08-16.csv,NA,NA,0.2857142857142857,0.5357142857142857,6,0.47368421052631576,0.6666666666666666,NA,NA,2.111111111111111,0.13333333333333333,NA,0,0.9166666666666666,0,CD_M20262640107,1,2026-08-16,Port Adelaide,CD_R202626401
CD_I1014359,31,MIDFIELDER,"https://s.afl.com.au/staticfile/AFL Tenant/AFL/Players/ChampIDImages/AFLW/2026264/1014359.png?im=Scale,width=0.6,height=0.6",Laura,Gardiner,CD_T9408,SYD,Sydney Swans,Swans,1,78.8,1,0,13,1,6,0,0,0,5,0,0,11,22,90,12,6,1,1,1,0,1,0,3,10,0,0,4,0,5,0,0,12,5,0,0,281,2,15,0,0,3,0,3,0,1,1,1,5,0,2,20,8,15,2026-08-16,data//AFLW_2026-08-16.csv,NA,NA,0.25,0.5454545454545454,6,0.5,0.6,NA,NA,1.2,0.3333333333333333,NA,0,0.65,0,CD_M20262640106,1,2026-08-16,Adelaide Crows,CD_R202626401
CD_I1014367,6,KEY_FORWARD,"https://s.afl.com.au/staticfile/AFL Tenant/AFL/Players/ChampIDImages/AFLW/2026264/1014367.png?im=Scale,width=0.6,height=0.6",Alyssa,Bannan,CD_T7386,MELB,Melbourne,Demons,1,73.2,0,0,1,1,1,0,0,1,6,0,0,4,13,47,9,4,1,0,0,0,0,0,4,6,0,0,3,0,4,0,0,7,2,0,0,163,4,5,0,0,0,0,4,0,0,0,1,2,1,2,11,2,5,2026-08-16,data//AFLW_2026-08-16.csv,NA,NA,0.5454545454545454,0.6923076923076923,5,0.5714285714285714,0.8333333333333334,NA,NA,1.1666666666666667,0.4,NA,0,0.05263157894736842,0,CD_M20262640102,1,2026-08-13,Hawthorn,CD_R202626401
CD_I1014372,23,MIDFIELDER,"https://s.afl.com.au/staticfile/AFL Tenant/AFL/Players/ChampIDImages/AFLW/2026264/1014372.png?im=Scale,width=0.6,height=0.6",Jess,Fitzgerald,CD_T7387,WB,Western Bulldogs,Bulldogs,1,84.9,0,0,4,1,2,0,0,0,16,0,0,4,30,87,19,6,2,0,1,0,0,0,15,18,0,0,3,0,6,1,1,12,2,0,0,444,0,11,0,0,3,0,2,0,0,0,4,2,1,5,28,7,12,2026-08-16,data//AFLW_2026-08-16.csv,NA,NA,0.5714285714285714,0.6333333333333333,13,0.5,0.7222222222222222,NA,NA,0.6666666666666666,0.18181818181818182,1,0,0.36363636363636365,0.125,CD_M20262640103,1,2026-08-15,Gold Coast SUNS,CD_R202626401
CD_I1014373,36,MEDIUM_DEFENDER,"https://s.afl.com.au/staticfile/AFL Tenant/AFL/Players/ChampIDImages/AFLW/2026264/1014373.png?im=Scale,width=0.6,height=0.6",Ciara,Fitzgerald,CD_T8096,CARL,Carlton,Blues,1,81.2,0,0,0,0,0,0,0,0,7,0,0,11,9,50,7,7,0,0,1,0,0,0,5,0,0,0,0,0,7,0,0,9,2,0,0,169,3,15,0,0,6,0,2,0,0,1,0,4,0,0,11,1,4,2026-08-10,data//AFLW_2026-08-10.csv,NA,NA,0.6363636363636364,0.7777777777777778,0,0.7777777777777778,NA,NA,NA,Inf,0.26666666666666666,NA,0,0,0,CD_M20262640101,1,2026-08-09,St Kilda,CD_R202626401
CD_I1014556,14,MEDIUM_DEFENDER,"https://s.afl.com.au/staticfile/AFL Tenant/AFL/Players/ChampIDImages/AFLW/2026264/1014556.png?im=Scale,width=0.6,height=0.6",Hannah,Priest,CD_T8796,STK,St Kilda,St Kilda,1,90.6,0,0,0,0,2,0,0,1,3,5,0,3,8,41,7,5,0,1,1,0,2,0,1,2,0,0,1,0,2,0,0,6,3,0,0,138,1,21,0,0,2,0,2,0,0,1,0,3,2,0,8,2,5,2026-08-10,data//AFLW_2026-08-10.csv,NA,0,0.375,0.875,2,0.8333333333333334,1,NA,NA,3,0.14285714285714285,NA,0,0,0,CD_M20262640101,1,2026-08-09,Carlton,CD_R202626401
CD_I1014599,1,KEY_FORWARD,"https://s.afl.com.au/staticfile/AFL Tenant/AFL/Players/ChampIDImages/AFLW/2026264/1014599.png?im=Scale,width=0.6,height=0.6",Caitlin,Gould,CD_T8098,ADEL,Adelaide Crows,Crows,1,85.7,1,0,0,0,0,0,0,1,3,5,0,0,12,65,7,6,2,0,0,25,2,1,2,3,0,0,0,0,0,0,0,9,7,5,2,160,0,1,0,0,0,3,5,0,4,0,0,1,1,0,12,3,9,2026-08-16,data//AFLW_2026-08-16.csv,NA,0,0.25,0.5833333333333334,1,0.6666666666666666,0.3333333333333333,0,0,3,1,NA,0.05555555555555555,0,0,CD_M20262640106,1,2026-08-16,Sydney Swans,CD_R202626401
CD_I1014624,10,MEDIUM_FORWARD,"https://s.afl.com.au/staticfile/AFL Tenant/AFL/Players/ChampIDImages/AFLW/2026264/1014624.png?im=Scale,width=0.6,height=0.6",Indy,Tahau,CD_T9409,PORT,Port Adelaide,Power,1,71.2,0,0,1,0,2,0,0,1,6,2,1,1,11,46,8,6,1,1,0,50,0,1,4,3,1,0,2,0,0,0,0,8,4,1,0,173,0,2,0,0,0,6,3,0,2,0,1,0,0,1,11,3,5,2026-08-16,data//AFLW_2026-08-16.csv,NA,0.5,0.5454545454545454,0.7272727272727273,2,0.75,0.6666666666666666,0.16666666666666666,0,2.6666666666666665,0,NA,0.10714285714285714,0.08333333333333333,0,CD_M20262640107,1,2026-08-16,Fremantle,CD_R202626401
CD_I1014662,13,MEDIUM_DEFENDER,"https://s.afl.com.au/staticfile/AFL Tenant/AFL/Players/ChampIDImages/AFLW/2026264/1014662.png?im=Scale,width=0.6,height=0.6",Kiera,Mueller,CD_T8098,ADEL,Adelaide Crows,Crows,1,16.8,0,0,0,0,0,0,0,0,0,0,0,2,0,4,0,0,0,0,0,0,0,0,0,0,0,0,0,0,0,0,0,0,0,0,0,0,1,2,0,0,0,0,0,0,0,1,0,1,0,0,0,0,0,2026-08-16,data//AFLW_2026-08-16.csv,NA,NA,NA,NA,0,NA,NA,NA,NA,NA,0.5,NA,0,0,0,CD_M20262640106,1,2026-08-16,Sydney Swans,CD_R202626401
CD_I1014663,26,KEY_DEFENDER,"https://s.afl.com.au/staticfile/AFL Tenant/AFL/Players/ChampIDImages/AFLW/2026264/1014663.png?im=Scale,width=0.6,height=0.6",Zoe,Prowse,CD_T9406,ESS,Essendon,Bombers,1,78.1,0,0,0,0,1,1,1,0,6,0,0,10,7,36,6,4,0,0,2,0,0,0,4,3,0,0,0,0,4,0,0,4,0,0,0,53,0,11,0,0,3,0,1,0,0,0,1,4,0,1,7,1,1,2026-08-16,data//AFLW_2026-08-16.csv,1,NA,0.8571428571428571,0.8571428571428571,2,1,0.6666666666666666,NA,NA,1.3333333333333333,0.36363636363636365,NA,0,0,0,CD_M20262640105,1,2026-08-16,Brisbane Lions,CD_R202626401
CD_I1014781,2,MEDIUM_FORWARD,"https://s.afl.com.au/staticfile/AFL Tenant/AFL/Players/ChampIDImages/AFLW/2026264/1014781.png?im=Scale,width=0.6,height=0.6",Emelia,Yassir,CD_T8788,RICH,Richmond,Richmond,1,73.5,1,2,12,1,1,0,0,0,5,0,0,7,13,79,11,9,0,1,1,50,1,1,3,2,0,0,7,0,2,0,0,11,3,0,0,462,0,19,0,0,0,0,5,0,2,0,3,7,0,4,15,0,10,2026-08-16,data//AFLW_2026-08-16.csv,NA,NA,0.3333333333333333,0.8461538461538461,2,0.8181818181818182,1,NA,NA,5.5,0.3684210526315789,NA,0,0.8571428571428571,0,CD_M20262640104,1,2026-08-15,Collingwood,CD_R202626401
CD_I1014785,8,MIDFIELDER_FORWARD,"https://s.afl.com.au/staticfile/AFL Tenant/AFL/Players/ChampIDImages/AFLW/2026264/1014785.png?im=Scale,width=0.6,height=0.6",Zali,Friswell,CD_T8467,GEEL,Geelong Cats,Cats,1,69.6,1,0,0,0,1,0,0,0,8,0,0,4,18,50,11,0,2,0,1,0,0,0,7,13,0,0,1,0,3,0,0,5,1,0,0,121,1,11,0,0,1,0,2,0,1,1,0,1,0,0,17,2,9,2026-08-16,data//AFLW_2026-08-16.csv,NA,NA,0.47058823529411764,0.6111111111111112,11,0,0.8461538461538461,NA,NA,0.38461538461538464,0.09090909090909091,NA,0,0,0,CD_M20262640109,1,2026-08-15,North Melbourne,CD_R202626401
CD_I1014793,17,KEY_DEFENDER,"https://s.afl.com.au/staticfile/AFL Tenant/AFL/Players/ChampIDImages/AFLW/2026264/1014793.png?im=Scale,width=0.6,height=0.6",Tahlia,Gillard,CD_T7386,MELB,Melbourne,Demons,1,88.9,0,0,0,0,3,1,3,2,5,0,0,6,11,46,7,5,0,1,0,0,0,0,3,3,0,0,1,0,5,2,2,8,5,0,0,214,5,7,0,0,6,0,0,0,0,5,0,1,0,0,9,4,4,2026-08-16,data//AFLW_2026-08-16.csv,0.3333333333333333,NA,0.5555555555555556,0.6363636363636364,2,0.625,0.6666666666666666,NA,NA,2.6666666666666665,0.14285714285714285,1,0,0,0.4,CD_M20262640102,1,2026-08-13,Hawthorn,CD_R202626401
CD_I1014810,41,MIDFIELDER,"https://s.afl.com.au/staticfile/AFL Tenant/AFL/Players/ChampIDImages/AFLW/2026264/1014810.png?im=Scale,width=0.6,height=0.6",Georgie,Prespakis,CD_T8467,GEEL,Geelong Cats,Cats,1,84.6,0,1,19,4,6,0,0,0,12,0,0,6,22,73,13,7,3,2,1,0,0,0,9,7,0,0,6,0,3,0,0,15,1,0,0,519,1,12,0,0,2,0,3,0,0,1,2,4,0,6,24,7,12,2026-08-16,data//AFLW_2026-08-16.csv,NA,NA,0.5,0.5909090909090909,6,0.4666666666666667,0.8571428571428571,NA,NA,2.142857142857143,0.3333333333333333,NA,0,0.8636363636363636,0,CD_M20262640109,1,2026-08-15,North Melbourne,CD_R202626401
CD_I1014835,6,MIDFIELDER,"https://s.afl.com.au/staticfile/AFL Tenant/AFL/Players/ChampIDImages/AFLW/2026264/1014835.png?im=Scale,width=0.6,height=0.6",Tyanna,Smith,CD_T8796,STK,St Kilda,St Kilda,1,84.5,1,2,15,6,4,0,0,0,13,0,0,10,24,101,15,10,2,1,0,50,0,2,10,8,0,0,6,0,4,0,0,16,1,0,0,624,0,22,0,0,0,0,4,0,4,0,2,6,0,8,23,7,10,2026-08-10,data//AFLW_2026-08-10.csv,NA,NA,0.5652173913043478,0.625,5,0.625,0.625,NA,NA,2,0.2727272727272727,NA,0,0.7894736842105263,0,CD_M20262640101,1,2026-08-09,Carlton,CD_R202626401
CD_I1014841,22,MEDIUM_FORWARD,"https://s.afl.com.au/staticfile/AFL Tenant/AFL/Players/ChampIDImages/AFLW/2026264/1014841.png?im=Scale,width=0.6,height=0.6",Ashleigh,Richards,CD_T8796,STK,St Kilda,St Kilda,1,67.4,0,0,10,2,2,0,0,0,10,0,0,7,11,54,7,5,0,0,0,0,0,0,8,5,0,0,6,0,2,0,0,6,2,0,0,242,3,14,0,0,0,0,1,0,0,1,1,5,0,3,13,7,3,2026-08-10,data//AFLW_2026-08-10.csv,NA,NA,0.7692307692307693,0.6363636363636364,2,0.8333333333333334,0.4,NA,NA,1.2,0.35714285714285715,NA,0,0.5263157894736842,0,CD_M20262640101,1,2026-08-09,Carlton,CD_R202626401
CD_I1014869,11,MEDIUM_DEFENDER,"https://s.afl.com.au/staticfile/AFL Tenant/AFL/Players/ChampIDImages/AFLW/2026264/1014869.png?im=Scale,width=0.6,height=0.6",Jenna,Richardson,CD_T9407,HAW,Hawthorn,Hawks,1,94.3,0,0,0,0,4,0,1,1,6,0,0,5,20,94,14,8,0,0,0,0,0,0,4,7,0,0,0,0,12,2,2,13,11,0,0,304,3,6,0,0,4,0,2,0,0,1,0,2,0,0,19,5,13,2026-08-16,data//AFLW_2026-08-16.csv,0,NA,0.3157894736842105,0.7,6,0.6153846153846154,0.8571428571428571,NA,NA,1.8571428571428572,0.3333333333333333,1,0,0,0.3333333333333333,CD_M20262640102,1,2026-08-13,Melbourne,CD_R202626401
CD_I1014882,16,MEDIUM_FORWARD,"https://s.afl.com.au/staticfile/AFL Tenant/AFL/Players/ChampIDImages/AFLW/2026264/1014882.png?im=Scale,width=0.6,height=0.6",Laura,McClelland,CD_T8788,RICH,Richmond,Richmond,1,89.6,0,0,0,0,4,1,4,2,7,0,0,4,16,69,14,11,0,1,2,0,0,0,2,3,0,0,2,0,8,0,0,13,7,0,0,246,3,5,0,0,4,0,1,0,0,3,2,1,0,2,16,1,9,2026-08-16,data//AFLW_2026-08-16.csv,0.25,NA,0.4375,0.875,3,0.8461538461538461,1,NA,NA,4.333333333333333,0.2,NA,0,0,0,CD_M20262640104,1,2026-08-15,Collingwood,CD_R202626401
CD_I1014904,24,MIDFIELDER,"https://s.afl.com.au/staticfile/AFL Tenant/AFL/Players/ChampIDImages/AFLW/2026264/1014904.png?im=Scale,width=0.6,height=0.6",Megan,Fitzsimon,CD_T7386,MELB,Melbourne,Demons,1,83.1,1,0,2,0,3,0,0,0,5,1,0,10,13,48,6,3,1,1,0,0,0,0,4,4,0,0,3,0,4,0,0,9,1,0,0,292,0,21,0,0,2,0,2,0,1,0,0,3,1,0,13,6,8,2026-08-16,data//AFLW_2026-08-16.csv,NA,0,0.38461538461538464,0.46153846153846156,3,0.3333333333333333,0.75,NA,NA,2.25,0.14285714285714285,NA,0,0.10526315789473684,0,CD_M20262640102,1,2026-08-13,Hawthorn,CD_R202626401
CD_I1014917,15,MIDFIELDER,"https://s.afl.com.au/staticfile/AFL Tenant/AFL/Players/ChampIDImages/AFLW/2026264/1014917.png?im=Scale,width=0.6,height=0.6",Lily-Rose,Williamson,CD_T7887,BL,Brisbane Lions,Lions,1,61.1,0,0,13,1,3,0,0,0,9,0,0,4,16,75,8,3,1,1,0,0,0,0,5,7,0,0,3,0,1,0,0,9,3,0,1,165,0,15,0,0,0,0,3,0,0,0,3,7,2,4,16,2,7,2026-08-16,data//AFLW_2026-08-16.csv,NA,NA,0.5625,0.5,5,0.3333333333333333,0.7142857142857143,NA,NA,1.2857142857142858,0.4666666666666667,NA,0,0.5909090909090909,0,CD_M20262640105,1,2026-08-16,Essendon,CD_R202626401
CD_I1014962,16,KEY_DEFENDER,"https://s.afl.com.au/staticfile/AFL Tenant/AFL/Players/ChampIDImages/AFLW/2026264/1014962.png?im=Scale,width=0.6,height=0.6",Ella,Friend,CD_T8796,STK,St Kilda,St Kilda,1,91.5,0,0,0,0,1,0,3,0,2,0,0,3,11,44,10,7,0,1,0,0,0,0,2,3,0,0,0,0,2,2,2,8,3,0,0,233,7,5,0,0,4,0,0,0,0,6,0,2,0,0,9,4,7,2026-08-10,data//AFLW_2026-08-10.csv,0,NA,0.2222222222222222,0.9090909090909091,3,0.875,1,NA,NA,2.6666666666666665,0.4,1,0,0,0.16666666666666666,CD_M20262640101,1,2026-08-09,Carlton,CD_R202626401
CD_I1014991,17,MEDIUM_FORWARD,"https://s.afl.com.au/staticfile/AFL Tenant/AFL/Players/ChampIDImages/AFLW/2026264/1014991.png?im=Scale,width=0.6,height=0.6",Keeley,Skepper,CD_T8787,WCE,West Coast Eagles,Eagles,1,71.7,0,0,0,0,2,0,0,0,7,0,0,3,13,82,8,4,5,0,2,50,1,1,5,6,0,0,1,0,1,0,0,7,3,1,0,141,0,17,0,0,0,0,3,0,2,0,0,8,5,0,13,3,6,2026-08-16,data//AFLW_2026-08-16.csv,NA,NA,0.5384615384615384,0.6153846153846154,4,0.5714285714285714,0.6666666666666666,NA,NA,1.1666666666666667,0.47058823529411764,NA,0,0,0,CD_M20262640108,1,2026-08-16,GWS GIANTS,CD_R202626401
CD_I1015012,7,RUCK,"https://s.afl.com.au/staticfile/AFL Tenant/AFL/Players/ChampIDImages/AFLW/2026264/1015012.png?im=Scale,width=0.6,height=0.6",Ally,Morphett,CD_T9408,SYD,Sydney Swans,Swans,1,80,0,0,15,2,4,0,0,2,14,2,0,3,19,98,10,5,2,0,2,0,0,0,8,8,19,7,3,0,8,0,0,11,4,0,0,410,0,7,0,0,3,36,3,0,1,0,2,4,0,4,19,4,5,2026-08-16,data//AFLW_2026-08-16.csv,NA,0,0.7368421052631579,0.5263157894736842,5,0.45454545454545453,0.625,0.5277777777777778,0.19444444444444445,1.375,0.5714285714285714,NA,0.6666666666666666,0.75,0,CD_M20262640106,1,2026-08-16,Adelaide Crows,CD_R202626401
CD_I1015025,9,KEY_FORWARD,"https://s.afl.com.au/staticfile/AFL Tenant/AFL/Players/ChampIDImages/AFLW/2026264/1015025.png?im=Scale,width=0.6,height=0.6",Georgia,Gall,CD_T7386,MELB,Melbourne,Demons,1,77.2,0,0,0,0,0,0,0,1,5,0,0,1,10,36,7,2,1,0,2,0,0,0,2,5,0,0,1,0,1,0,0,5,3,1,2,74,1,4,0,0,0,0,5,0,0,1,0,0,0,0,10,1,5,2026-08-16,data//AFLW_2026-08-16.csv,NA,NA,0.5,0.7,5,0.4,1,NA,NA,1,0,NA,0,0,0,CD_M20262640102,1,2026-08-13,Hawthorn,CD_R202626401
CD_I1015047,10,MIDFIELDER,"https://s.afl.com.au/staticfile/AFL Tenant/AFL/Players/ChampIDImages/AFLW/2026264/1015047.png?im=Scale,width=0.6,height=0.6",Mimi,Hill,CD_T8096,CARL,Carlton,Blues,1,78.5,0,0,8,0,5,0,0,0,11,0,0,10,28,84,21,8,1,1,1,0,0,0,7,16,0,0,5,0,4,0,0,12,2,0,0,288,1,23,0,0,1,0,8,0,0,0,5,3,1,5,29,4,18,2026-08-10,data//AFLW_2026-08-10.csv,NA,NA,0.3793103448275862,0.75,13,0.6666666666666666,0.8125,NA,NA,0.75,0.13043478260869565,NA,0,0.42105263157894735,0,CD_M20262640101,1,2026-08-09,St Kilda,CD_R202626401
CD_I1015068,8,MIDFIELDER,"https://s.afl.com.au/staticfile/AFL Tenant/AFL/Players/ChampIDImages/AFLW/2026264/1015068.png?im=Scale,width=0.6,height=0.6",Charlie,Rowbottom,CD_T8786,GCFC,Gold Coast SUNS,SUNS,1,80.4,0,0,8,1,7,0,0,0,15,0,0,11,25,91,15,5,1,3,3,0,0,0,11,13,0,0,2,0,5,0,0,12,1,0,1,156,0,23,0,0,2,0,1,0,0,0,3,8,4,4,25,6,10,2026-08-16,data//AFLW_2026-08-16.csv,NA,NA,0.6,0.6,10,0.4166666666666667,0.7692307692307693,NA,NA,0.9230769230769231,0.34782608695652173,NA,0,0.7272727272727273,0,CD_M20262640103,1,2026-08-15,Western Bulldogs,CD_R202626401
CD_I1015088,22,MIDFIELDER,"https://s.afl.com.au/staticfile/AFL Tenant/AFL/Players/ChampIDImages/AFLW/2026264/1015088.png?im=Scale,width=0.6,height=0.6",Eliza,McNamara,CD_T7386,MELB,Melbourne,Demons,1,84.2,0,0,0,0,2,0,0,0,8,1,0,9,16,65,10,8,0,0,1,100,1,1,7,4,0,0,3,0,4,0,0,12,2,1,1,328,1,19,0,0,3,0,4,0,1,1,0,2,0,0,17,4,9,2026-08-16,data//AFLW_2026-08-16.csv,NA,0,0.47058823529411764,0.625,2,0.6666666666666666,0.5,NA,NA,3,0.10526315789473684,NA,0,0,0,CD_M20262640102,1,2026-08-13,Hawthorn,CD_R202626401
CD_I1015091,15,MEDIUM_FORWARD,"https://s.afl.com.au/staticfile/AFL Tenant/AFL/Players/ChampIDImages/AFLW/2026264/1015091.png?im=Scale,width=0.6,height=0.6",Sarah,Hartwig,CD_T7387,WB,Western Bulldogs,Bulldogs,1,74.2,1,0,0,0,6,0,0,2,8,0,0,1,9,53,4,3,2,3,1,75,0,3,5,2,0,0,1,0,3,0,0,7,3,3,0,184,1,4,0,0,0,0,5,0,4,0,0,2,1,0,9,4,1,2026-08-16,data//AFLW_2026-08-16.csv,NA,NA,0.8888888888888888,0.4444444444444444,1,0.42857142857142855,0.5,NA,NA,3.5,0.5,NA,0,0,0,CD_M20262640103,1,2026-08-15,Gold Coast SUNS,CD_R202626401
CD_I1015094,3,MEDIUM_DEFENDER,"https://s.afl.com.au/staticfile/AFL Tenant/AFL/Players/ChampIDImages/AFLW/2026264/1015094.png?im=Scale,width=0.6,height=0.6",Alice,Burke,CD_T8796,STK,St Kilda,St Kilda,1,94.7,0,0,0,0,1,1,1,1,5,0,0,12,8,34,8,6,0,1,2,0,0,0,2,2,0,0,0,0,5,0,0,6,3,0,0,57,0,15,0,0,1,0,0,0,0,0,0,1,0,0,8,0,3,2026-08-10,data//AFLW_2026-08-10.csv,1,NA,0.625,1,2,1,1,NA,NA,3,0.06666666666666667,NA,0,0,0,CD_M20262640101,1,2026-08-09,Carlton,CD_R202626401
CD_I1015097,3,MIDFIELDER_FORWARD,"https://s.afl.com.au/staticfile/AFL Tenant/AFL/Players/ChampIDImages/AFLW/2026264/1015097.png?im=Scale,width=0.6,height=0.6",Bella,Eddey,CD_T8466,NMFC,North Melbourne,Kangaroos,1,75.9,0,0,0,1,1,0,0,0,6,0,0,4,10,46,8,5,1,1,1,100,0,1,5,5,0,0,1,0,5,0,0,5,3,1,1,119,0,7,0,0,1,0,5,0,1,0,0,2,0,1,10,3,4,2026-08-16,data//AFLW_2026-08-16.csv,NA,NA,0.6,0.8,3,1,0.6,NA,NA,1,0.2857142857142857,NA,0,0,0,CD_M20262640109,1,2026-08-15,Geelong Cats,CD_R202626401
CD_I1015105,28,MEDIUM_DEFENDER,"https://s.afl.com.au/staticfile/AFL Tenant/AFL/Players/ChampIDImages/AFLW/2026264/1015105.png?im=Scale,width=0.6,height=0.6",Daisy,Walker,CD_T7889,GWS,GWS GIANTS,GIANTS,1,60.6,0,0,0,0,2,0,0,0,2,0,0,7,3,12,3,1,0,2,0,0,0,0,2,2,0,0,0,0,3,0,0,1,1,0,0,61,2,9,0,0,1,0,0,0,0,2,0,2,0,0,3,0,1,2026-08-16,data//AFLW_2026-08-16.csv,NA,NA,0.6666666666666666,1,2,1,1,NA,NA,0.5,0.2222222222222222,NA,0,0,0,CD_M20262640108,1,2026-08-16,West Coast Eagles,CD_R202626401
CD_I1015124,19,MIDFIELDER,"https://s.afl.com.au/staticfile/AFL Tenant/AFL/Players/ChampIDImages/AFLW/2026264/1015124.png?im=Scale,width=0.6,height=0.6",Ruby,Tripodi,CD_T8466,NMFC,North Melbourne,Kangaroos,1,72.4,0,0,0,0,0,0,0,0,3,0,0,4,7,30,7,6,1,0,0,100,2,1,3,1,0,0,2,0,1,0,0,6,0,0,0,82,1,13,0,0,0,0,5,0,1,0,0,1,1,0,4,0,1,2026-08-16,data//AFLW_2026-08-16.csv,NA,NA,0.75,1,1,1,1,NA,NA,6,0.07692307692307693,NA,0,0,0,CD_M20262640109,1,2026-08-15,Geelong Cats,CD_R202626401
CD_I1015137,4,MIDFIELDER,"https://s.afl.com.au/staticfile/AFL Tenant/AFL/Players/ChampIDImages/AFLW/2026264/1015137.png?im=Scale,width=0.6,height=0.6",Isabelle,Pritchard,CD_T7387,WB,Western Bulldogs,Bulldogs,1,75.7,0,0,7,1,2,0,0,0,13,0,0,2,15,48,12,4,4,2,1,100,0,1,10,10,0,0,2,0,2,0,0,5,0,0,0,167,1,10,0,0,1,0,4,0,1,0,3,3,2,4,17,1,4,2026-08-16,data//AFLW_2026-08-16.csv,NA,NA,0.7647058823529411,0.8,8,0.8,0.8,NA,NA,0.5,0.3,NA,0,0.6363636363636364,0,CD_M20262640103,1,2026-08-15,Gold Coast SUNS,CD_R202626401
CD_I1015147,26,MIDFIELDER,"https://s.afl.com.au/staticfile/AFL Tenant/AFL/Players/ChampIDImages/AFLW/2026264/1015147.png?im=Scale,width=0.6,height=0.6",Charlotte,Baskaran,CD_T8796,STK,St Kilda,St Kilda,1,86.2,0,0,0,0,6,0,0,0,6,0,0,9,19,63,10,4,1,2,0,0,0,0,6,7,0,0,1,0,3,0,0,12,1,0,0,202,3,22,0,0,1,0,0,0,0,1,1,4,0,1,17,3,11,2026-08-10,data//AFLW_2026-08-10.csv,NA,NA,0.35294117647058826,0.5263157894736842,6,0.3333333333333333,0.8571428571428571,NA,NA,1.7142857142857142,0.18181818181818182,NA,0,0,0,CD_M20262640101,1,2026-08-09,Carlton,CD_R202626401
CD_I1015152,18,MIDFIELDER_FORWARD,"https://s.afl.com.au/staticfile/AFL Tenant/AFL/Players/ChampIDImages/AFLW/2026264/1015152.png?im=Scale,width=0.6,height=0.6",Montana,Ham,CD_T9408,SYD,Sydney Swans,Swans,1,66.2,0,1,10,3,2,0,0,0,3,0,0,9,12,55,5,3,0,0,0,0,0,0,0,2,0,0,4,0,0,0,0,10,3,0,1,273,0,12,0,0,1,0,0,0,0,0,1,3,0,4,11,4,8,2026-08-16,data//AFLW_2026-08-16.csv,NA,NA,0.2727272727272727,0.4166666666666667,2,0.3,1,NA,NA,5,0.25,NA,0,0.5,0,CD_M20262640106,1,2026-08-16,Adelaide Crows,CD_R202626401
CD_I1015174,17,MEDIUM_DEFENDER,"https://s.afl.com.au/staticfile/AFL Tenant/AFL/Players/ChampIDImages/AFLW/2026264/1015174.png?im=Scale,width=0.6,height=0.6",Ashleigh,Van Loon,CD_T9408,SYD,Sydney Swans,Swans,1,80.6,0,0,0,0,0,0,1,0,3,0,0,11,3,36,3,1,0,0,1,0,0,0,2,2,0,0,0,0,2,0,0,1,0,0,0,0,2,13,0,0,0,0,0,0,0,2,1,7,0,1,3,0,0,2026-08-16,data//AFLW_2026-08-16.csv,0,NA,1,1,2,1,1,NA,NA,0.5,0.5384615384615384,NA,0,0,0,CD_M20262640106,1,2026-08-16,Adelaide Crows,CD_R202626401
CD_I1015175,5,MIDFIELDER,"https://s.afl.com.au/staticfile/AFL Tenant/AFL/Players/ChampIDImages/AFLW/2026264/1015175.png?im=Scale,width=0.6,height=0.6",Tess,Craven,CD_T8466,NMFC,North Melbourne,Kangaroos,1,73.5,0,0,0,0,2,0,0,0,5,0,0,6,20,95,14,8,1,0,1,100,2,2,3,6,0,0,4,0,4,2,1,14,4,2,0,387,2,12,0,0,3,0,8,0,2,0,1,4,1,1,21,1,16,2026-08-16,data//AFLW_2026-08-16.csv,NA,NA,0.23809523809523808,0.7,6,0.5714285714285714,1,NA,NA,2.3333333333333335,0.3333333333333333,0.5,0,0,0.2222222222222222,CD_M20262640109,1,2026-08-15,Geelong Cats,CD_R202626401
CD_I1015181,4,MIDFIELDER,"https://s.afl.com.au/staticfile/AFL Tenant/AFL/Players/ChampIDImages/AFLW/2026264/1015181.png?im=Scale,width=0.6,height=0.6",Darcy,Moloney,CD_T9408,SYD,Sydney Swans,Swans,1,76.2,0,0,1,0,1,0,1,0,6,0,0,3,22,71,19,7,0,0,1,0,0,0,5,13,0,0,0,0,7,1,1,9,3,0,0,98,1,5,0,0,2,0,4,0,0,1,2,2,0,2,20,2,14,2026-08-16,data//AFLW_2026-08-16.csv,0,NA,0.3,0.8636363636363636,12,0.7777777777777778,0.9230769230769231,NA,NA,0.6923076923076923,0.4,1,0,0.05,0.09090909090909091,CD_M20262640106,1,2026-08-16,Adelaide Crows,CD_R202626401
CD_I1016865,14,RUCK,"https://s.afl.com.au/staticfile/AFL Tenant/AFL/Players/ChampIDImages/AFLW/2026264/1016865.png?im=Scale,width=0.6,height=0.6",Poppy,Kelly,CD_T8788,RICH,Richmond,Richmond,1,91.1,0,0,12,1,1,0,0,1,7,2,0,3,15,90,9,5,0,0,0,100,0,1,3,7,23,9,2,0,6,0,0,8,5,0,0,119,3,10,0,0,2,34,5,0,1,3,2,2,1,3,16,2,9,2026-08-16,data//AFLW_2026-08-16.csv,NA,0,0.4375,0.6,4,0.625,0.5714285714285714,0.6764705882352942,0.2647058823529412,1.1428571428571428,0.2,NA,0.6538461538461539,0.8571428571428571,0,CD_M20262640104,1,2026-08-15,Collingwood,CD_R202626401
CD_I1016938,29,MEDIUM_FORWARD,"https://s.afl.com.au/staticfile/AFL Tenant/AFL/Players/ChampIDImages/AFLW/2026264/1016938.png?im=Scale,width=0.6,height=0.6",Ruby,Svarc,CD_T7887,BL,Brisbane Lions,Lions,1,76.1,2,1,0,0,4,1,1,0,9,1,1,0,11,48,5,3,4,3,1,33.3,0,1,6,3,0,0,3,0,1,0,0,8,2,0,1,189,2,11,0,0,0,0,6,0,3,0,1,3,3,1,14,6,5,2026-08-16,data//AFLW_2026-08-16.csv,1,1,0.6428571428571429,0.45454545454545453,2,0.375,0.6666666666666666,NA,NA,2.6666666666666665,0.2727272727272727,NA,0,0,0,CD_M20262640105,1,2026-08-16,Essendon,CD_R202626401
CD_I1017023,15,KEY_DEFENDER,"https://s.afl.com.au/staticfile/AFL Tenant/AFL/Players/ChampIDImages/AFLW/2026264/1017023.png?im=Scale,width=0.6,height=0.6",Rebecca,Miller,CD_T8788,RICH,Richmond,Richmond,1,79.3,0,0,0,0,0,0,1,0,3,0,0,5,9,35,6,3,0,0,0,0,0,0,3,4,0,0,0,0,4,0,0,5,4,0,0,69,1,7,0,0,0,0,1,0,0,0,0,0,0,0,9,3,6,2026-08-16,data//AFLW_2026-08-16.csv,0,NA,0.3333333333333333,0.6666666666666666,3,0.6,0.75,NA,NA,1.25,0,NA,0,0,0,CD_M20262640104,1,2026-08-15,Collingwood,CD_R202626401
CD_I1017025,28,KEY_DEFENDER,"https://s.afl.com.au/staticfile/AFL Tenant/AFL/Players/ChampIDImages/AFLW/2026264/1017025.png?im=Scale,width=0.6,height=0.6",Gabby,Seymour,CD_T8788,RICH,Richmond,Richmond,1,81.4,1,0,2,0,2,0,0,3,6,4,2,1,12,66,6,4,0,1,2,0,0,0,1,4,7,5,3,0,5,0,0,8,5,2,1,153,2,10,0,0,0,17,3,0,2,1,0,3,1,0,11,3,5,2026-08-16,data//AFLW_2026-08-16.csv,NA,0.5,0.5454545454545454,0.5,2,0.5,0.5,0.4117647058823529,0.29411764705882354,2,0.3,NA,0.3269230769230769,0.14285714285714285,0,CD_M20262640104,1,2026-08-15,Collingwood,CD_R202626401
CD_I1017292,18,KEY_FORWARD,"https://s.afl.com.au/staticfile/AFL Tenant/AFL/Players/ChampIDImages/AFLW/2026264/1017292.png?im=Scale,width=0.6,height=0.6",Tarni,Evans,CD_T7889,GWS,GWS GIANTS,GIANTS,1,100,0,0,0,0,4,0,0,1,7,0,0,9,13,90,10,7,1,1,3,100,0,3,3,4,0,0,1,0,3,0,0,9,3,1,0,181,2,15,0,0,2,0,6,0,3,2,0,7,3,0,13,4,6,2026-08-16,data//AFLW_2026-08-16.csv,NA,NA,0.5384615384615384,0.7692307692307693,3,0.7777777777777778,0.75,NA,NA,2.25,0.4666666666666667,NA,0,0,0,CD_M20262640108,1,2026-08-16,West Coast Eagles,CD_R202626401
CD_I1017314,20,MEDIUM_DEFENDER,"https://s.afl.com.au/staticfile/AFL Tenant/AFL/Players/ChampIDImages/AFLW/2026264/1017314.png?im=Scale,width=0.6,height=0.6",Daisy,D'Arcy,CD_T8786,GCFC,Gold Coast SUNS,SUNS,1,77.1,0,0,0,0,7,0,0,0,6,0,0,4,20,66,12,6,0,3,3,0,0,0,2,9,0,0,3,0,4,2,2,11,3,1,0,339,3,10,0,0,4,0,4,0,0,1,0,3,0,0,18,3,12,2026-08-16,data//AFLW_2026-08-16.csv,NA,NA,0.3333333333333333,0.6,6,0.5454545454545454,0.6666666666666666,NA,NA,1.2222222222222223,0.3,1,0,0,0.5,CD_M20262640103,1,2026-08-15,Western Bulldogs,CD_R202626401
CD_I1017333,6,MIDFIELDER,"https://s.afl.com.au/staticfile/AFL Tenant/AFL/Players/ChampIDImages/AFLW/2026264/1017333.png?im=Scale,width=0.6,height=0.6",Isabella,Lewis,CD_T8787,WCE,West Coast Eagles,Eagles,1,80.7,2,1,1,1,4,0,0,0,17,0,0,1,28,85,18,4,7,2,2,0,0,0,13,16,0,0,7,0,7,0,0,12,1,0,0,294,0,11,0,0,0,0,5,0,2,0,5,4,1,6,28,4,11,2026-08-16,data//AFLW_2026-08-16.csv,NA,NA,0.6071428571428571,0.6428571428571429,14,0.3333333333333333,0.875,NA,NA,0.75,0.36363636363636365,NA,0,0.058823529411764705,0,CD_M20262640108,1,2026-08-16,GWS GIANTS,CD_R202626401
CD_I1017347,21,RUCK,"https://s.afl.com.au/staticfile/AFL Tenant/AFL/Players/ChampIDImages/AFLW/2026264/1017347.png?im=Scale,width=0.6,height=0.6",Mim,Strom,CD_T7886,FRE,Fremantle,Freo,1,81.8,0,0,11,0,5,0,0,0,8,0,0,1,19,84,10,5,0,2,0,0,0,0,5,8,15,3,7,0,5,0,0,11,6,0,0,373,2,9,0,0,2,50,1,0,0,1,0,2,1,0,20,4,12,2026-08-16,data//AFLW_2026-08-16.csv,NA,NA,0.4,0.5263157894736842,5,0.45454545454545453,0.625,0.3,0.06,1.375,0.2222222222222222,NA,0.8771929824561403,0.9166666666666666,0,CD_M20262640107,1,2026-08-16,Port Adelaide,CD_R202626401
CD_I1018403,4,MIDFIELDER,"https://s.afl.com.au/staticfile/AFL Tenant/AFL/Players/ChampIDImages/AFLW/2026264/1018403.png?im=Scale,width=0.6,height=0.6",Eilish,Sheerin,CD_T8466,NMFC,North Melbourne,Kangaroos,1,65.7,0,0,15,1,2,0,0,0,9,0,0,13,19,84,14,5,1,2,1,0,0,0,6,10,0,0,0,0,4,0,0,9,2,0,0,151,1,21,0,0,2,0,6,0,0,1,3,9,1,4,19,3,10,2026-08-16,data//AFLW_2026-08-16.csv,NA,NA,0.47368421052631576,0.7368421052631579,9,0.5555555555555556,0.9,NA,NA,0.9,0.42857142857142855,NA,0,0.6818181818181818,0,CD_M20262640109,1,2026-08-15,Geelong Cats,CD_R202626401
CD_I1018405,5,KEY_FORWARD,"https://s.afl.com.au/staticfile/AFL Tenant/AFL/Players/ChampIDImages/AFLW/2026264/1018405.png?im=Scale,width=0.6,height=0.6",Jacqueline,Parry,CD_T8467,GEEL,Geelong Cats,Cats,1,79,0,0,0,0,0,0,0,1,5,3,1,0,7,28,6,1,4,0,0,100,0,1,4,5,0,0,0,0,1,0,0,2,2,1,0,26,0,1,0,0,0,0,4,0,1,0,0,0,0,0,7,0,2,2026-08-16,data//AFLW_2026-08-16.csv,NA,0.3333333333333333,0.7142857142857143,0.8571428571428571,5,0.5,1,NA,NA,0.4,0,NA,0,0,0,CD_M20262640109,1,2026-08-15,North Melbourne,CD_R202626401
CD_I1018874,23,MIDFIELDER,"https://s.afl.com.au/staticfile/AFL Tenant/AFL/Players/ChampIDImages/AFLW/2026264/1018874.png?im=Scale,width=0.6,height=0.6",Niamh,Kelly,CD_T8098,ADEL,Adelaide Crows,Crows,1,86.4,0,0,0,0,0,0,0,0,8,0,0,3,15,55,11,7,1,0,1,0,0,0,6,5,0,0,1,0,5,0,0,10,2,0,0,199,0,6,0,0,2,0,5,0,0,0,3,2,0,3,14,1,6,2026-08-16,data//AFLW_2026-08-16.csv,NA,NA,0.5714285714285714,0.7333333333333333,4,0.7,0.8,NA,NA,2,0.3333333333333333,NA,0,0,0,CD_M20262640106,1,2026-08-16,Sydney Swans,CD_R202626401
CD_I1018966,23,MIDFIELDER,"https://s.afl.com.au/staticfile/AFL Tenant/AFL/Players/ChampIDImages/AFLW/2026264/1018966.png?im=Scale,width=0.6,height=0.6",Sinead,Goldrick,CD_T7386,MELB,Melbourne,Demons,1,78.9,0,0,0,0,5,1,4,1,4,0,0,3,7,24,4,2,0,2,0,0,0,0,3,2,0,0,0,0,3,0,0,5,1,0,0,75,3,4,0,0,2,0,1,0,0,3,2,2,0,2,8,4,4,2026-08-16,data//AFLW_2026-08-16.csv,0.25,NA,0.5,0.5714285714285714,2,0.4,1,NA,NA,2.5,0.5,NA,0,0,0,CD_M20262640102,1,2026-08-13,Hawthorn,CD_R202626401
CD_I1019034,9,MIDFIELDER,"https://s.afl.com.au/staticfile/AFL Tenant/AFL/Players/ChampIDImages/AFLW/2026264/1019034.png?im=Scale,width=0.6,height=0.6",Orla,O'Dwyer,CD_T7887,BL,Brisbane Lions,Lions,1,89.7,0,0,7,2,4,0,0,0,10,0,0,5,18,57,8,4,0,2,0,0,0,0,9,8,0,0,4,0,1,0,0,10,3,0,0,253,0,14,0,0,2,0,3,0,0,0,3,2,1,5,19,2,9,2026-08-16,data//AFLW_2026-08-16.csv,NA,NA,0.5263157894736842,0.4444444444444444,4,0.4,0.5,NA,NA,1.25,0.14285714285714285,NA,0,0.3181818181818182,0,CD_M20262640105,1,2026-08-16,Essendon,CD_R202626401
CD_I1019035,3,MEDIUM_FORWARD,"https://s.afl.com.au/staticfile/AFL Tenant/AFL/Players/ChampIDImages/AFLW/2026264/1019035.png?im=Scale,width=0.6,height=0.6",Greta,Bodey,CD_T9407,HAW,Hawthorn,Hawks,1,65.7,1,0,0,0,0,0,0,0,3,1,0,2,10,55,5,3,0,0,2,0,1,0,1,2,0,0,2,0,2,0,0,8,4,2,2,118,0,9,0,0,0,0,3,0,1,0,0,3,2,0,8,1,5,2026-08-16,data//AFLW_2026-08-16.csv,NA,0,0.375,0.5,2,0.375,1,NA,NA,4,0.3333333333333333,NA,0,0,0,CD_M20262640102,1,2026-08-13,Melbourne,CD_R202626401
CD_I1019053,25,MIDFIELDER,"https://s.afl.com.au/staticfile/AFL Tenant/AFL/Players/ChampIDImages/AFLW/2026264/1019053.png?im=Scale,width=0.6,height=0.6",Catherine,Svarc,CD_T7887,BL,Brisbane Lions,Lions,1,78.5,2,0,5,0,4,0,0,0,11,1,0,3,20,85,10,5,3,1,2,40,1,2,9,8,0,0,3,0,4,0,0,12,4,1,1,323,0,8,0,0,1,0,6,0,5,0,1,2,0,1,19,2,8,2026-08-16,data//AFLW_2026-08-16.csv,NA,0,0.5789473684210527,0.5,5,0.4166666666666667,0.625,NA,NA,1.5,0.25,NA,0,0.22727272727272727,0,CD_M20262640105,1,2026-08-16,Essendon,CD_R202626401
CD_I1019057,14,KEY_FORWARD,"https://s.afl.com.au/staticfile/AFL Tenant/AFL/Players/ChampIDImages/AFLW/2026264/1019057.png?im=Scale,width=0.6,height=0.6",Dakota,Davidson,CD_T7887,BL,Brisbane Lions,Lions,1,83.5,2,0,0,0,2,0,0,1,5,1,1,1,12,77,6,6,2,2,1,66.7,0,4,3,0,1,0,4,0,0,0,0,12,5,2,3,227,3,5,0,0,0,3,6,0,6,2,0,1,1,0,10,2,5,2026-08-16,data//AFLW_2026-08-16.csv,NA,1,0.5,0.5,0,0.5,NA,0.3333333333333333,0,Inf,0.2,NA,0.05084745762711865,0,0,CD_M20262640105,1,2026-08-16,Essendon,CD_R202626401
CD_I1019059,9,MIDFIELDER,"https://s.afl.com.au/staticfile/AFL Tenant/AFL/Players/ChampIDImages/AFLW/2026264/1019059.png?im=Scale,width=0.6,height=0.6",Maria,Moloney,CD_T9409,PORT,Port Adelaide,Power,1,76.9,0,0,10,1,1,0,0,0,9,0,0,11,15,55,9,5,1,1,1,0,0,0,7,7,0,0,3,0,2,0,0,8,1,0,1,150,1,20,0,0,1,0,0,0,0,0,1,4,0,2,15,3,6,2026-08-16,data//AFLW_2026-08-16.csv,NA,NA,0.6,0.6,4,0.625,0.5714285714285714,NA,NA,1.1428571428571428,0.2,NA,0,0.8333333333333334,0,CD_M20262640107,1,2026-08-16,Fremantle,CD_R202626401
CD_I1019431,28,MEDIUM_FORWARD,"https://s.afl.com.au/staticfile/AFL Tenant/AFL/Players/ChampIDImages/AFLW/2026264/1019431.png?im=Scale,width=0.6,height=0.6",Brooke,Tonon,CD_T8098,ADEL,Adelaide Crows,Crows,1,84.6,0,0,0,0,2,0,0,0,2,0,0,14,9,34,7,3,0,2,0,0,0,0,2,5,0,0,0,0,3,1,1,4,2,0,0,81,1,18,0,0,2,0,1,0,0,1,0,3,0,0,9,2,7,2026-08-16,data//AFLW_2026-08-16.csv,NA,NA,0.2222222222222222,0.7777777777777778,4,0.75,0.8,NA,NA,0.8,0.16666666666666666,1,0,0,0.14285714285714285,CD_M20262640106,1,2026-08-16,Sydney Swans,CD_R202626401
CD_I1019435,21,MIDFIELDER,"https://s.afl.com.au/staticfile/AFL Tenant/AFL/Players/ChampIDImages/AFLW/2026264/1019435.png?im=Scale,width=0.6,height=0.6",Lauren,Clifton,CD_T7386,MELB,Melbourne,Demons,1,71.1,0,0,0,0,1,2,2,0,2,0,0,3,6,31,5,4,0,0,0,0,0,0,1,1,0,0,1,0,2,0,0,5,2,0,0,137,2,3,0,0,1,0,1,0,0,1,0,2,0,0,7,1,5,2026-08-16,data//AFLW_2026-08-16.csv,1,NA,0.2857142857142857,0.8333333333333334,1,0.8,1,NA,NA,5,0.6666666666666666,NA,0,0,0,CD_M20262640102,1,2026-08-13,Hawthorn,CD_R202626401
CD_I1019456,7,MEDIUM_FORWARD,"https://s.afl.com.au/staticfile/AFL Tenant/AFL/Players/ChampIDImages/AFLW/2026264/1019456.png?im=Scale,width=0.6,height=0.6",Keeley,Kustermann,CD_T8098,ADEL,Adelaide Crows,Crows,1,74.6,0,0,0,1,1,0,0,0,3,0,0,9,6,37,3,2,0,0,1,0,0,0,2,2,0,0,2,0,1,0,0,4,0,0,0,97,1,11,0,0,1,0,0,0,0,1,0,5,0,1,6,4,3,2026-08-16,data//AFLW_2026-08-16.csv,NA,NA,0.5,0.5,1,0.5,0.5,NA,NA,2,0.45454545454545453,NA,0,0,0,CD_M20262640106,1,2026-08-16,Sydney Swans,CD_R202626401
CD_I1019509,44,MIDFIELDER_FORWARD,"https://s.afl.com.au/staticfile/AFL Tenant/AFL/Players/ChampIDImages/AFLW/2026264/1019509.png?im=Scale,width=0.6,height=0.6",Katelyn,Pope,CD_T9409,PORT,Port Adelaide,Power,1,86.8,0,3,0,0,2,0,0,1,9,0,0,2,18,77,11,5,0,0,2,100,1,1,7,9,0,0,3,0,1,0,0,9,4,1,0,320,0,10,0,0,0,0,3,0,1,0,2,3,1,2,18,6,9,2026-08-16,data//AFLW_2026-08-16.csv,NA,NA,0.5,0.6111111111111112,6,0.5555555555555556,0.6666666666666666,NA,NA,1,0.3,NA,0,0,0,CD_M20262640107,1,2026-08-16,Fremantle,CD_R202626401
CD_I1019689,25,MEDIUM_FORWARD,"https://s.afl.com.au/staticfile/AFL Tenant/AFL/Players/ChampIDImages/AFLW/2026264/1019689.png?im=Scale,width=0.6,height=0.6",Amber,Clarke,CD_T8796,STK,St Kilda,St Kilda,1,78.4,0,0,2,0,4,0,0,0,4,0,0,4,9,40,5,4,0,2,1,100,0,2,3,1,0,0,4,0,1,0,0,8,1,0,0,283,0,10,0,0,0,0,3,0,2,0,1,1,0,1,7,5,3,2026-08-10,data//AFLW_2026-08-10.csv,NA,NA,0.5714285714285714,0.5555555555555556,1,0.5,1,NA,NA,8,0.1,NA,0,0.10526315789473684,0,CD_M20262640101,1,2026-08-09,Carlton,CD_R202626401
CD_I1019705,28,MEDIUM_DEFENDER,"https://s.afl.com.au/staticfile/AFL Tenant/AFL/Players/ChampIDImages/AFLW/2026264/1019705.png?im=Scale,width=0.6,height=0.6",Mia,Busch,CD_T9406,ESS,Essendon,Bombers,1,92,0,0,0,0,2,0,0,0,3,0,0,4,7,35,4,2,0,0,0,0,0,0,3,3,0,0,1,0,1,0,0,4,3,0,1,88,1,13,0,0,1,0,0,0,0,1,0,2,1,0,7,5,4,2026-08-16,data//AFLW_2026-08-16.csv,NA,NA,0.42857142857142855,0.5714285714285714,2,0.5,0.6666666666666666,NA,NA,1.3333333333333333,0.15384615384615385,NA,0,0,0,CD_M20262640105,1,2026-08-16,Brisbane Lions,CD_R202626401
CD_I1019713,1,RUCK,"https://s.afl.com.au/staticfile/AFL Tenant/AFL/Players/ChampIDImages/AFLW/2026264/1019713.png?im=Scale,width=0.6,height=0.6",Georgia,Campbell,CD_T7386,MELB,Melbourne,Demons,1,73.9,0,0,9,0,6,1,1,0,13,1,0,5,11,40,9,2,0,4,1,0,0,0,6,9,8,0,0,0,4,0,0,2,1,0,0,50,6,11,0,0,0,34,1,0,0,2,4,4,1,4,16,2,3,2026-08-16,data//AFLW_2026-08-16.csv,1,0,0.8125,0.8181818181818182,7,1,0.7777777777777778,0.23529411764705882,0,0.2222222222222222,0.36363636363636365,NA,0.576271186440678,0.47368421052631576,0,CD_M20262640102,1,2026-08-13,Hawthorn,CD_R202626401
CD_I1019724,30,MIDFIELDER,"https://s.afl.com.au/staticfile/AFL Tenant/AFL/Players/ChampIDImages/AFLW/2026264/1019724.png?im=Scale,width=0.6,height=0.6",Carly,Remmos,CD_T8097,COLL,Collingwood,Magpies,1,50.3,0,0,5,0,4,0,0,0,4,0,0,12,8,19,5,1,0,2,0,0,0,0,3,6,0,0,1,0,0,0,0,2,1,0,0,67,1,14,0,0,0,0,1,0,0,0,0,1,0,0,9,2,5,2026-08-16,data//AFLW_2026-08-16.csv,NA,NA,0.4444444444444444,0.625,4,0.5,0.6666666666666666,NA,NA,0.3333333333333333,0.07142857142857142,NA,0,0.35714285714285715,0,CD_M20262640104,1,2026-08-15,Richmond,CD_R202626401
CD_I1019736,11,MIDFIELDER,"https://s.afl.com.au/staticfile/AFL Tenant/AFL/Players/ChampIDImages/AFLW/2026264/1019736.png?im=Scale,width=0.6,height=0.6",Yasmin,Duursma,CD_T8096,CARL,Carlton,Blues,1,86.9,0,0,0,0,1,0,0,1,5,0,0,5,12,57,9,7,0,1,0,0,0,0,2,3,0,0,5,0,2,0,0,9,5,0,0,234,0,13,0,0,1,0,1,0,0,0,2,3,1,2,12,3,7,2026-08-10,data//AFLW_2026-08-10.csv,NA,NA,0.4166666666666667,0.75,2,0.7777777777777778,0.6666666666666666,NA,NA,3,0.23076923076923078,NA,0,0,0,CD_M20262640101,1,2026-08-09,St Kilda,CD_R202626401
CD_I1019806,43,MEDIUM_DEFENDER,"https://s.afl.com.au/staticfile/AFL Tenant/AFL/Players/ChampIDImages/AFLW/2026264/1019806.png?im=Scale,width=0.6,height=0.6",Jemma,Rigoni,CD_T8097,COLL,Collingwood,Magpies,1,93.1,0,0,0,0,0,0,0,0,2,0,0,5,13,53,12,3,0,0,0,0,0,0,2,9,0,0,1,0,2,0,0,4,5,0,0,133,1,7,0,0,2,0,2,0,0,1,0,2,0,0,13,0,11,2026-08-16,data//AFLW_2026-08-16.csv,NA,NA,0.15384615384615385,0.9230769230769231,9,0.75,1,NA,NA,0.4444444444444444,0.2857142857142857,NA,0,0,0,CD_M20262640104,1,2026-08-15,Richmond,CD_R202626401
CD_I1019811,6,MEDIUM_FORWARD,"https://s.afl.com.au/staticfile/AFL Tenant/AFL/Players/ChampIDImages/AFLW/2026264/1019811.png?im=Scale,width=0.6,height=0.6",Alice,O'Loughlin,CD_T8466,NMFC,North Melbourne,Kangaroos,1,69.1,2,0,0,0,2,0,0,1,9,3,1,5,11,72,6,5,3,0,4,50,0,2,3,1,0,0,2,0,1,0,0,10,2,0,0,274,1,13,0,0,0,0,5,0,4,0,0,4,0,0,13,5,4,2026-08-16,data//AFLW_2026-08-16.csv,NA,0.3333333333333333,0.6923076923076923,0.5454545454545454,1,0.5,1,NA,NA,10,0.3076923076923077,NA,0,0,0,CD_M20262640109,1,2026-08-15,Geelong Cats,CD_R202626401
CD_I1019819,24,MIDFIELDER,"https://s.afl.com.au/staticfile/AFL Tenant/AFL/Players/ChampIDImages/AFLW/2026264/1019819.png?im=Scale,width=0.6,height=0.6",Brooke,Vickers,CD_T8096,CARL,Carlton,Blues,1,63.9,0,0,0,0,1,0,2,0,3,0,0,5,8,32,7,4,0,1,0,0,0,0,3,3,0,0,1,0,4,0,0,5,2,0,0,127,2,5,0,0,1,0,3,0,0,2,0,2,0,0,9,1,6,2026-08-10,data//AFLW_2026-08-10.csv,0,NA,0.3333333333333333,0.875,3,0.8,1,NA,NA,1.6666666666666667,0.4,NA,0,0,0,CD_M20262640101,1,2026-08-09,St Kilda,CD_R202626401
CD_I1019821,5,MIDFIELDER,"https://s.afl.com.au/staticfile/AFL Tenant/AFL/Players/ChampIDImages/AFLW/2026264/1019821.png?im=Scale,width=0.6,height=0.6",Jasmine,Fleming,CD_T9407,HAW,Hawthorn,Hawks,1,49.6,0,0,6,0,3,0,0,0,3,0,0,3,14,49,10,6,0,2,1,0,0,0,1,4,0,0,5,0,0,0,0,10,4,0,0,361,0,9,0,0,0,0,1,0,0,0,1,1,1,1,15,5,12,2026-08-16,data//AFLW_2026-08-16.csv,NA,NA,0.2,0.7142857142857143,4,0.6,1,NA,NA,2.5,0.1111111111111111,NA,0,0.3157894736842105,0,CD_M20262640102,1,2026-08-13,Melbourne,CD_R202626401
CD_I1019828,9,MEDIUM_DEFENDER,"https://s.afl.com.au/staticfile/AFL Tenant/AFL/Players/ChampIDImages/AFLW/2026264/1019828.png?im=Scale,width=0.6,height=0.6",Keely,Coyne,CD_T9407,HAW,Hawthorn,Hawks,1,69.2,0,0,0,0,3,0,1,0,3,0,0,5,6,20,3,3,0,1,0,0,0,0,3,1,0,0,2,0,4,0,0,5,2,0,0,85,0,12,0,0,0,0,0,0,0,0,0,0,0,0,6,2,3,2026-08-16,data//AFLW_2026-08-16.csv,0,NA,0.5,0.5,0,0.6,0,NA,NA,5,0,NA,0,0,0,CD_M20262640102,1,2026-08-13,Melbourne,CD_R202626401
CD_I1019830,19,MEDIUM_FORWARD,"https://s.afl.com.au/staticfile/AFL Tenant/AFL/Players/ChampIDImages/AFLW/2026264/1019830.png?im=Scale,width=0.6,height=0.6",Bridie,Hipwell,CD_T9407,HAW,Hawthorn,Hawks,1,49.5,0,0,0,0,1,0,0,0,1,1,0,4,5,24,2,1,0,0,0,0,0,0,1,2,0,0,1,0,1,0,0,3,1,0,0,86,1,8,0,0,1,0,0,0,0,1,0,2,0,0,5,3,4,2026-08-16,data//AFLW_2026-08-16.csv,NA,0,0.2,0.4,1,0.3333333333333333,0.5,NA,NA,1.5,0.25,NA,0,0,0,CD_M20262640102,1,2026-08-13,Melbourne,CD_R202626401
CD_I1019834,25,MIDFIELDER,"https://s.afl.com.au/staticfile/AFL Tenant/AFL/Players/ChampIDImages/AFLW/2026264/1019834.png?im=Scale,width=0.6,height=0.6",Sofia,Hurley,CD_T9408,SYD,Sydney Swans,Swans,1,82.2,0,1,14,1,4,0,0,0,10,0,0,15,20,92,8,3,2,1,1,0,1,0,8,9,0,0,4,0,6,0,0,11,1,0,0,207,2,26,0,0,0,0,2,0,0,0,1,10,2,2,17,6,7,2026-08-16,data//AFLW_2026-08-16.csv,NA,NA,0.5882352941176471,0.4,5,0.2727272727272727,0.5555555555555556,NA,NA,1.2222222222222223,0.38461538461538464,NA,0,0.7,0,CD_M20262640106,1,2026-08-16,Adelaide Crows,CD_R202626401
CD_I1019883,20,MEDIUM_DEFENDER,"https://s.afl.com.au/staticfile/AFL Tenant/AFL/Players/ChampIDImages/AFLW/2026264/1019883.png?im=Scale,width=0.6,height=0.6",Laura,Elliott,CD_T9407,HAW,Hawthorn,Hawks,1,80.5,0,0,0,0,1,1,2,0,1,0,0,6,9,26,6,6,0,1,0,0,0,0,1,1,0,0,1,0,1,4,4,8,1,0,0,207,0,8,0,0,5,0,0,0,0,0,0,0,0,0,6,0,5,2026-08-16,data//AFLW_2026-08-16.csv,0.5,NA,0.16666666666666666,0.6666666666666666,0,0.75,0,NA,NA,8,0,1,0,0,0.6666666666666666,CD_M20262640102,1,2026-08-13,Melbourne,CD_R202626401
CD_I1019887,1,MEDIUM_DEFENDER,"https://s.afl.com.au/staticfile/AFL Tenant/AFL/Players/ChampIDImages/AFLW/2026264/1019887.png?im=Scale,width=0.6,height=0.6",Amelia,Velardo,CD_T8096,CARL,Carlton,Blues,1,57.6,0,0,0,0,2,0,2,0,2,0,0,6,16,61,10,8,0,0,2,0,0,0,0,3,0,0,1,0,4,2,2,13,2,0,1,227,4,7,0,0,5,0,2,0,0,3,0,2,0,0,12,1,10,2026-08-10,data//AFLW_2026-08-10.csv,0,NA,0.16666666666666666,0.625,2,0.6153846153846154,0.6666666666666666,NA,NA,4.333333333333333,0.2857142857142857,1,0,0,0.5,CD_M20262640101,1,2026-08-09,St Kilda,CD_R202626401
CD_I1021365,1,MIDFIELDER_FORWARD,"https://s.afl.com.au/staticfile/AFL Tenant/AFL/Players/ChampIDImages/AFLW/2026264/1021365.png?im=Scale,width=0.6,height=0.6",Annabel,Kievit,CD_T8786,GCFC,Gold Coast SUNS,SUNS,1,82.7,0,0,0,0,3,0,0,0,4,0,0,9,7,39,5,1,0,0,0,0,0,0,4,5,0,0,0,0,5,0,0,2,1,0,0,-17,2,10,0,0,0,0,0,0,0,2,0,5,0,0,6,3,2,2026-08-16,data//AFLW_2026-08-16.csv,NA,NA,0.6666666666666666,0.7142857142857143,4,0.5,0.8,NA,NA,0.4,0.5,NA,0,0,0,CD_M20262640103,1,2026-08-15,Western Bulldogs,CD_R202626401
CD_I1021367,7,MIDFIELDER,"https://s.afl.com.au/staticfile/AFL Tenant/AFL/Players/ChampIDImages/AFLW/2026264/1021367.png?im=Scale,width=0.6,height=0.6",J'Noemi,Anderson,CD_T8796,STK,St Kilda,St Kilda,1,52.8,0,0,0,0,1,0,0,0,0,0,0,2,4,28,3,3,0,0,0,100,0,1,0,0,0,0,3,0,0,0,0,4,2,0,1,148,0,14,0,0,0,0,1,0,1,0,0,1,1,0,3,4,3,2026-08-10,data//AFLW_2026-08-10.csv,NA,NA,0,0.75,0,0.75,NA,NA,NA,Inf,0.07142857142857142,NA,0,0,0,CD_M20262640101,1,2026-08-09,Carlton,CD_R202626401
CD_I1021399,30,MEDIUM_DEFENDER,"https://s.afl.com.au/staticfile/AFL Tenant/AFL/Players/ChampIDImages/AFLW/2026264/1021399.png?im=Scale,width=0.6,height=0.6",Jessica,Low,CD_T7886,FRE,Fremantle,Freo,1,80.1,0,0,0,0,2,0,0,0,3,0,0,7,11,52,8,4,0,1,2,0,0,0,1,5,0,0,1,0,4,0,0,6,3,0,0,201,4,8,0,0,2,0,0,0,0,4,0,4,0,0,12,4,9,2026-08-16,data//AFLW_2026-08-16.csv,NA,NA,0.25,0.7272727272727273,4,0.6666666666666666,0.8,NA,NA,1.2,0.5,NA,0,0,0,CD_M20262640107,1,2026-08-16,Port Adelaide,CD_R202626401
CD_I1021409,16,RUCK,"https://s.afl.com.au/staticfile/AFL Tenant/AFL/Players/ChampIDImages/AFLW/2026264/1021409.png?im=Scale,width=0.6,height=0.6",Matilda,Dyke,CD_T9406,ESS,Essendon,Bombers,1,100,0,0,0,0,8,0,2,0,4,0,0,8,8,19,4,2,0,5,0,0,0,0,4,4,0,0,0,0,4,0,0,4,2,0,0,130,1,9,0,0,3,0,0,0,0,1,0,2,0,0,9,3,5,2026-08-16,data//AFLW_2026-08-16.csv,0,NA,0.4444444444444444,0.5,2,0.5,0.5,NA,NA,1,0.2222222222222222,NA,0,0,0,CD_M20262640105,1,2026-08-16,Brisbane Lions,CD_R202626401
CD_I1021410,21,MIDFIELDER,"https://s.afl.com.au/staticfile/AFL Tenant/AFL/Players/ChampIDImages/AFLW/2026264/1021410.png?im=Scale,width=0.6,height=0.6",Dana,East,CD_T8788,RICH,Richmond,Richmond,1,66.8,0,0,6,1,3,0,0,0,7,0,0,3,18,62,14,3,0,1,1,0,1,0,4,13,0,0,1,0,4,0,0,5,5,0,0,-13,1,7,0,0,0,0,1,0,0,0,0,2,0,1,20,3,13,2026-08-16,data//AFLW_2026-08-16.csv,NA,NA,0.35,0.7777777777777778,11,0.6,0.8461538461538461,NA,NA,0.38461538461538464,0.2857142857142857,NA,0,0.42857142857142855,0,CD_M20262640104,1,2026-08-15,Collingwood,CD_R202626401
CD_I1021411,19,KEY_FORWARD,"https://s.afl.com.au/staticfile/AFL Tenant/AFL/Players/ChampIDImages/AFLW/2026264/1021411.png?im=Scale,width=0.6,height=0.6",Amy,Franklin,CD_T8787,WCE,West Coast Eagles,Eagles,1,86.3,0,1,0,0,2,0,0,2,8,2,0,2,11,44,7,4,2,1,0,100,1,1,6,5,1,1,3,0,0,0,0,6,4,2,1,132,0,6,0,0,0,2,2,0,1,0,0,0,0,0,11,4,3,2026-08-16,data//AFLW_2026-08-16.csv,NA,0,0.7272727272727273,0.6363636363636364,3,0.6666666666666666,0.6,0.5,0.5,1.2,0,NA,0.03773584905660377,0,0,CD_M20262640108,1,2026-08-16,GWS GIANTS,CD_R202626401
CD_I1021412,21,MIDFIELDER,"https://s.afl.com.au/staticfile/AFL Tenant/AFL/Players/ChampIDImages/AFLW/2026264/1021412.png?im=Scale,width=0.6,height=0.6",Maggie,MacLachlan,CD_T9406,ESS,Essendon,Bombers,1,63.9,0,0,0,0,1,0,0,0,1,0,0,5,6,29,5,4,1,0,0,0,0,0,1,2,0,0,0,0,1,0,0,4,3,0,0,97,2,6,0,0,1,0,0,0,0,2,0,1,0,0,6,1,5,2026-08-16,data//AFLW_2026-08-16.csv,NA,NA,0.16666666666666666,0.8333333333333334,1,1,0.5,NA,NA,2,0.16666666666666666,NA,0,0,0,CD_M20262640105,1,2026-08-16,Brisbane Lions,CD_R202626401
CD_I1021417,28,MEDIUM_FORWARD,"https://s.afl.com.au/staticfile/AFL Tenant/AFL/Players/ChampIDImages/AFLW/2026264/1021417.png?im=Scale,width=0.6,height=0.6",Poppy,Stockwell,CD_T9407,HAW,Hawthorn,Hawks,1,86.1,0,0,0,0,0,0,0,0,2,3,1,1,5,32,3,1,2,0,2,100,0,1,2,2,0,0,0,0,1,0,0,3,1,1,0,32,1,8,0,0,0,0,3,0,1,1,0,2,2,0,5,0,3,2026-08-16,data//AFLW_2026-08-16.csv,NA,0.3333333333333333,0.4,0.6,2,0.3333333333333333,1,NA,NA,1.5,0.25,NA,0,0,0,CD_M20262640102,1,2026-08-13,Melbourne,CD_R202626401
CD_I1021419,3,MEDIUM_DEFENDER,"https://s.afl.com.au/staticfile/AFL Tenant/AFL/Players/ChampIDImages/AFLW/2026264/1021419.png?im=Scale,width=0.6,height=0.6",Charlotte,Thomas,CD_T8787,WCE,West Coast Eagles,Eagles,1,95.7,0,0,0,0,4,1,4,0,5,0,0,1,25,85,17,13,1,1,0,100,0,1,5,5,0,0,4,0,4,4,4,20,4,1,2,518,3,3,0,0,1,0,1,0,1,3,1,0,0,1,21,7,16,2026-08-16,data//AFLW_2026-08-16.csv,0.25,NA,0.23809523809523808,0.68,4,0.65,0.8,NA,NA,4,0,1,0,0,0.6666666666666666,CD_M20262640108,1,2026-08-16,GWS GIANTS,CD_R202626401
CD_I1021436,13,MIDFIELDER_FORWARD,"https://s.afl.com.au/staticfile/AFL Tenant/AFL/Players/ChampIDImages/AFLW/2026264/1021436.png?im=Scale,width=0.6,height=0.6",Mikayla,Pauga,CD_T7889,GWS,GWS GIANTS,GIANTS,1,62.4,0,0,0,0,1,0,0,0,5,0,0,8,8,41,4,2,2,0,0,100,0,1,4,4,0,0,0,0,0,0,0,4,1,0,0,34,1,12,0,0,0,0,2,0,1,0,0,3,0,0,9,3,4,2026-08-16,data//AFLW_2026-08-16.csv,NA,NA,0.5555555555555556,0.5,2,0.5,0.5,NA,NA,1,0.25,NA,0,0,0,CD_M20262640108,1,2026-08-16,West Coast Eagles,CD_R202626401
CD_I1021441,28,MIDFIELDER_FORWARD,"https://s.afl.com.au/staticfile/AFL Tenant/AFL/Players/ChampIDImages/AFLW/2026264/1021441.png?im=Scale,width=0.6,height=0.6",Charlotte,Mullins,CD_T7887,BL,Brisbane Lions,Lions,1,79.7,1,0,9,0,2,0,0,0,4,0,0,4,19,74,11,5,2,0,0,50,0,1,4,8,0,0,4,0,1,0,0,11,2,0,2,285,1,10,0,0,0,0,4,0,2,0,1,3,0,1,18,2,14,2026-08-16,data//AFLW_2026-08-16.csv,NA,NA,0.2222222222222222,0.5789473684210527,6,0.45454545454545453,0.75,NA,NA,1.375,0.3,NA,0,0.4090909090909091,0,CD_M20262640105,1,2026-08-16,Essendon,CD_R202626401
CD_I1021456,13,MIDFIELDER,"https://s.afl.com.au/staticfile/AFL Tenant/AFL/Players/ChampIDImages/AFLW/2026264/1021456.png?im=Scale,width=0.6,height=0.6",Lucy,Single,CD_T8786,GCFC,Gold Coast SUNS,SUNS,1,80.6,0,0,10,1,4,0,1,1,12,0,0,7,22,90,17,7,2,1,2,0,0,0,9,13,0,0,1,0,7,0,0,9,2,0,0,229,1,17,0,0,3,0,1,0,0,1,2,8,1,3,23,3,11,2026-08-16,data//AFLW_2026-08-16.csv,0,NA,0.5217391304347826,0.7727272727272727,10,0.7777777777777778,0.7692307692307693,NA,NA,0.6923076923076923,0.47058823529411764,NA,0,0.9090909090909091,0,CD_M20262640103,1,2026-08-15,Western Bulldogs,CD_R202626401
CD_I1021524,18,KEY_DEFENDER,"https://s.afl.com.au/staticfile/AFL Tenant/AFL/Players/ChampIDImages/AFLW/2026264/1021524.png?im=Scale,width=0.6,height=0.6",Libby,Graham,CD_T8788,RICH,Richmond,Richmond,1,93.4,0,0,0,0,0,1,2,0,3,0,0,6,16,71,11,5,0,0,0,0,0,0,3,7,0,0,0,0,3,0,0,9,6,0,0,192,3,9,0,0,2,0,2,0,0,3,1,3,0,1,16,1,13,2026-08-16,data//AFLW_2026-08-16.csv,0.5,NA,0.1875,0.6875,6,0.5555555555555556,0.8571428571428571,NA,NA,1.2857142857142858,0.3333333333333333,NA,0,0,0,CD_M20262640104,1,2026-08-15,Collingwood,CD_R202626401
CD_I1021530,11,MEDIUM_FORWARD,"https://s.afl.com.au/staticfile/AFL Tenant/AFL/Players/ChampIDImages/AFLW/2026264/1021530.png?im=Scale,width=0.6,height=0.6",Shanae,Davison,CD_T7887,BL,Brisbane Lions,Lions,1,56.7,1,0,0,0,1,0,0,0,5,0,0,1,8,28,4,2,2,0,0,0,0,0,4,3,0,0,2,0,3,0,0,5,2,0,0,165,0,3,0,0,0,0,4,0,1,0,1,0,0,1,9,2,4,2026-08-16,data//AFLW_2026-08-16.csv,NA,NA,0.5555555555555556,0.5,2,0.4,0.6666666666666666,NA,NA,1.6666666666666667,0,NA,0,0,0,CD_M20262640105,1,2026-08-16,Essendon,CD_R202626401
CD_I1021793,10,KEY_DEFENDER,"https://s.afl.com.au/staticfile/AFL Tenant/AFL/Players/ChampIDImages/AFLW/2026264/1021793.png?im=Scale,width=0.6,height=0.6",Paige,Trudgeon,CD_T8796,STK,St Kilda,St Kilda,1,72.1,0,0,0,0,1,1,3,0,10,0,0,6,16,63,12,6,0,0,6,0,0,0,7,7,0,0,0,0,11,0,0,9,0,0,0,326,6,9,0,0,7,1,0,0,0,6,0,4,0,0,16,6,6,2026-08-10,data//AFLW_2026-08-10.csv,0.3333333333333333,NA,0.625,0.75,6,0.6666666666666666,0.8571428571428571,0,0,1.2857142857142858,0.4444444444444444,NA,0.01639344262295082,0,0,CD_M20262640101,1,2026-08-09,Carlton,CD_R202626401
CD_I1021819,2,MEDIUM_FORWARD,"https://s.afl.com.au/staticfile/AFL Tenant/AFL/Players/ChampIDImages/AFLW/2026264/1021819.png?im=Scale,width=0.6,height=0.6",Sophie,Butterworth,CD_T8796,STK,St Kilda,St Kilda,1,65.6,0,0,0,0,1,0,0,0,2,0,0,1,3,18,1,1,1,1,0,100,0,1,2,1,0,0,1,0,0,0,0,2,1,1,1,65,1,4,0,0,0,0,1,0,1,1,0,1,1,0,4,1,2,2026-08-10,data//AFLW_2026-08-10.csv,NA,NA,0.5,0.3333333333333333,0,0.5,0,NA,NA,2,0.25,NA,0,0,0,CD_M20262640101,1,2026-08-09,Carlton,CD_R202626401
CD_I1021822,27,MIDFIELDER,"https://s.afl.com.au/staticfile/AFL Tenant/AFL/Players/ChampIDImages/AFLW/2026264/1021822.png?im=Scale,width=0.6,height=0.6",Mikayla,Williamson,CD_T9407,HAW,Hawthorn,Hawks,1,72.1,0,0,0,0,1,0,0,0,6,0,0,6,12,59,7,3,1,0,0,0,0,0,6,4,0,0,3,0,3,0,0,8,1,1,0,117,0,19,0,0,1,0,2,0,1,0,0,6,2,0,12,3,6,2026-08-16,data//AFLW_2026-08-16.csv,NA,NA,0.5,0.5833333333333334,4,0.375,1,NA,NA,2,0.3157894736842105,NA,0,0,0,CD_M20262640102,1,2026-08-13,Melbourne,CD_R202626401
CD_I1021824,6,MEDIUM_FORWARD,"https://s.afl.com.au/staticfile/AFL Tenant/AFL/Players/ChampIDImages/AFLW/2026264/1021824.png?im=Scale,width=0.6,height=0.6",Hayley,McLaughlin,CD_T9407,HAW,Hawthorn,Hawks,1,74.6,0,1,0,0,2,0,0,0,3,0,0,5,18,75,12,7,2,0,0,0,0,0,3,6,0,0,2,0,3,0,0,12,5,0,0,255,0,13,0,0,2,0,2,0,0,0,0,3,0,0,18,4,15,2026-08-16,data//AFLW_2026-08-16.csv,NA,NA,0.16666666666666666,0.6666666666666666,5,0.5833333333333334,0.8333333333333334,NA,NA,2,0.23076923076923078,NA,0,0,0,CD_M20262640102,1,2026-08-13,Melbourne,CD_R202626401
CD_I1021837,22,MEDIUM_FORWARD,"https://s.afl.com.au/staticfile/AFL Tenant/AFL/Players/ChampIDImages/AFLW/2026264/1021837.png?im=Scale,width=0.6,height=0.6",Laura,Stone,CD_T9407,HAW,Hawthorn,Hawks,1,50.4,0,0,11,1,0,0,0,0,2,0,0,9,7,37,4,2,0,0,0,0,0,0,2,3,0,0,4,0,1,0,0,4,1,0,0,181,1,14,0,0,0,0,1,0,0,1,0,4,0,1,7,3,5,2026-08-16,data//AFLW_2026-08-16.csv,NA,NA,0.2857142857142857,0.5714285714285714,2,0.5,0.6666666666666666,NA,NA,1.3333333333333333,0.2857142857142857,NA,0,0.5789473684210527,0,CD_M20262640102,1,2026-08-13,Melbourne,CD_R202626401
CD_I1021845,25,RUCK,"https://s.afl.com.au/staticfile/AFL Tenant/AFL/Players/ChampIDImages/AFLW/2026264/1021845.png?im=Scale,width=0.6,height=0.6",Jacinta,Hose,CD_T7386,MELB,Melbourne,Demons,1,22.3,0,0,6,0,0,0,1,0,0,0,0,0,0,8,0,0,0,0,0,0,0,0,0,0,0,0,0,0,0,0,0,0,0,0,0,0,0,2,0,0,0,10,0,0,0,0,0,2,0,0,0,0,0,2026-08-16,data//AFLW_2026-08-16.csv,0,NA,NA,NA,0,NA,NA,0,0,NA,1,NA,0.1694915254237288,0.3157894736842105,0,CD_M20262640102,1,2026-08-13,Hawthorn,CD_R202626401
CD_I1021853,37,MEDIUM_DEFENDER,"https://s.afl.com.au/staticfile/AFL Tenant/AFL/Players/ChampIDImages/AFLW/2026264/1021853.png?im=Scale,width=0.6,height=0.6",Rylie,Wilcox,CD_T7387,WB,Western Bulldogs,Bulldogs,1,84.9,0,0,0,0,2,0,1,0,4,0,0,3,20,69,9,3,0,0,1,0,0,0,2,7,0,0,4,0,7,0,0,13,5,1,0,195,1,4,0,0,2,0,3,0,0,0,1,0,0,1,17,3,13,2026-08-16,data//AFLW_2026-08-16.csv,0,NA,0.23529411764705882,0.45,6,0.23076923076923078,0.8571428571428571,NA,NA,1.8571428571428572,0,NA,0,0,0,CD_M20262640103,1,2026-08-15,Gold Coast SUNS,CD_R202626401
CD_I1021884,16,MEDIUM_FORWARD,"https://s.afl.com.au/staticfile/AFL Tenant/AFL/Players/ChampIDImages/AFLW/2026264/1021884.png?im=Scale,width=0.6,height=0.6",Sarah,Grunden,CD_T9408,SYD,Sydney Swans,Swans,1,51.2,0,0,0,0,1,0,0,0,1,0,0,5,4,19,1,1,0,0,0,0,0,0,1,0,0,0,0,0,1,2,1,4,1,0,0,79,2,9,0,0,2,0,0,0,0,2,0,1,0,0,4,2,3,2026-08-16,data//AFLW_2026-08-16.csv,NA,NA,0.25,0.25,0,0.25,NA,NA,NA,Inf,0.1111111111111111,0.5,0,0,0.18181818181818182,CD_M20262640106,1,2026-08-16,Adelaide Crows,CD_R202626401
CD_I1021894,23,MIDFIELDER,"https://s.afl.com.au/staticfile/AFL Tenant/AFL/Players/ChampIDImages/AFLW/2026264/1021894.png?im=Scale,width=0.6,height=0.6",Madison,Brazendale,CD_T7889,GWS,GWS GIANTS,GIANTS,1,84,0,0,0,0,4,0,0,0,6,0,0,12,12,52,9,6,0,1,1,0,0,0,5,4,0,0,1,0,3,0,0,8,2,0,0,197,1,16,0,0,0,0,1,0,0,1,1,4,0,1,12,5,6,2026-08-16,data//AFLW_2026-08-16.csv,NA,NA,0.5,0.75,3,0.75,0.75,NA,NA,2,0.25,NA,0,0,0,CD_M20262640108,1,2026-08-16,West Coast Eagles,CD_R202626401
CD_I1021898,37,KEY_FORWARD,"https://s.afl.com.au/staticfile/AFL Tenant/AFL/Players/ChampIDImages/AFLW/2026264/1021898.png?im=Scale,width=0.6,height=0.6",Tunisha,Kikoak,CD_T7886,FRE,Fremantle,Freo,1,63.5,0,0,1,0,1,0,0,0,2,0,0,1,3,15,2,1,0,1,0,0,0,0,1,1,3,1,1,0,0,0,0,2,1,0,0,70,0,4,0,0,0,7,1,0,0,0,1,1,0,1,4,2,2,2026-08-16,data//AFLW_2026-08-16.csv,NA,NA,0.5,0.6666666666666666,1,0.5,1,0.42857142857142855,0.14285714285714285,2,0.25,NA,0.12280701754385964,0.08333333333333333,0,CD_M20262640107,1,2026-08-16,Port Adelaide,CD_R202626401
CD_I1021923,6,MIDFIELDER_FORWARD,"https://s.afl.com.au/staticfile/AFL Tenant/AFL/Players/ChampIDImages/AFLW/2026264/1021923.png?im=Scale,width=0.6,height=0.6",Sierra,Grieves,CD_T8788,RICH,Richmond,Richmond,1,81.2,0,2,12,2,3,0,0,0,14,0,0,2,24,67,20,8,1,1,1,0,0,0,9,13,0,0,3,0,3,0,0,11,2,0,0,224,1,10,0,0,0,0,6,0,0,0,2,1,1,4,23,2,9,2026-08-16,data//AFLW_2026-08-16.csv,NA,NA,0.6086956521739131,0.8333333333333334,12,0.7272727272727273,0.9230769230769231,NA,NA,0.8461538461538461,0.1,NA,0,0.8571428571428571,0,CD_M20262640104,1,2026-08-15,Collingwood,CD_R202626401
CD_I1021924,23,MIDFIELDER,"https://s.afl.com.au/staticfile/AFL Tenant/AFL/Players/ChampIDImages/AFLW/2026264/1021924.png?im=Scale,width=0.6,height=0.6",Lila,Keck,CD_T8096,CARL,Carlton,Blues,1,86.5,2,1,0,0,2,0,0,0,8,0,0,4,21,86,12,4,7,2,0,50,1,2,7,9,0,0,2,0,1,0,0,12,4,1,2,284,1,19,0,0,1,0,9,0,4,0,2,3,2,2,22,3,14,2026-08-10,data//AFLW_2026-08-10.csv,NA,NA,0.36363636363636365,0.5714285714285714,8,0.3333333333333333,0.8888888888888888,NA,NA,1.3333333333333333,0.15789473684210525,NA,0,0,0,CD_M20262640101,1,2026-08-09,St Kilda,CD_R202626401
CD_I1021927,23,MEDIUM_FORWARD,"https://s.afl.com.au/staticfile/AFL Tenant/AFL/Players/ChampIDImages/AFLW/2026264/1021927.png?im=Scale,width=0.6,height=0.6",Bryde,O'Rourke,CD_T8467,GEEL,Geelong Cats,Cats,1,69.9,0,0,0,0,3,0,1,0,4,0,0,3,11,43,9,5,1,1,1,100,1,1,3,6,0,0,5,0,3,0,0,5,0,0,0,243,0,5,0,0,1,0,4,0,1,0,0,3,0,0,11,4,7,2026-08-16,data//AFLW_2026-08-16.csv,0,NA,0.36363636363636365,0.8181818181818182,4,1,0.6666666666666666,NA,NA,0.8333333333333334,0.6,NA,0,0,0,CD_M20262640109,1,2026-08-15,North Melbourne,CD_R202626401
CD_I1021933,30,KEY_FORWARD,"https://s.afl.com.au/staticfile/AFL Tenant/AFL/Players/ChampIDImages/AFLW/2026264/1021933.png?im=Scale,width=0.6,height=0.6",Alexis,Gregor,CD_T8467,GEEL,Geelong Cats,Cats,1,73.3,0,0,0,0,1,1,4,1,4,0,0,7,7,34,5,1,0,0,0,0,0,0,3,4,0,0,1,0,4,0,0,3,3,0,0,80,4,8,0,0,0,5,0,0,0,4,1,2,0,1,6,1,2,2026-08-16,data//AFLW_2026-08-16.csv,0.25,NA,0.6666666666666666,0.7142857142857143,4,0.3333333333333333,1,0,0,0.75,0.25,NA,0.10638297872340426,0,0,CD_M20262640109,1,2026-08-15,North Melbourne,CD_R202626401
CD_I1022111,2,MIDFIELDER,"https://s.afl.com.au/staticfile/AFL Tenant/AFL/Players/ChampIDImages/AFLW/2026264/1022111.png?im=Scale,width=0.6,height=0.6",Eliza,West,CD_T9407,HAW,Hawthorn,Hawks,1,80.5,0,0,17,3,6,0,0,0,14,0,0,7,28,94,13,5,0,2,0,0,0,0,9,14,0,0,3,0,2,0,0,14,2,0,0,195,0,20,0,0,2,0,2,0,0,0,2,6,3,5,26,4,12,2026-08-16,data//AFLW_2026-08-16.csv,NA,NA,0.5384615384615384,0.4642857142857143,8,0.35714285714285715,0.5714285714285714,NA,NA,1,0.3,NA,0,0.8947368421052632,0,CD_M20262640102,1,2026-08-13,Melbourne,CD_R202626401
CD_I1022127,26,KEY_DEFENDER,"https://s.afl.com.au/staticfile/AFL Tenant/AFL/Players/ChampIDImages/AFLW/2026264/1022127.png?im=Scale,width=0.6,height=0.6",Claudia,Gunjaca,CD_T8467,GEEL,Geelong Cats,Cats,1,96.7,0,0,0,0,6,2,3,0,4,0,0,9,9,37,6,4,0,2,1,0,0,0,3,3,0,0,0,0,8,0,0,6,2,0,0,146,4,10,0,0,3,1,0,0,0,4,0,3,0,0,8,4,4,2026-08-16,data//AFLW_2026-08-16.csv,0.6666666666666666,NA,0.5,0.6666666666666666,2,0.6666666666666666,0.6666666666666666,0,0,2,0.3,NA,0.02127659574468085,0,0,CD_M20262640109,1,2026-08-15,North Melbourne,CD_R202626401
CD_I1022181,16,MIDFIELDER,"https://s.afl.com.au/staticfile/AFL Tenant/AFL/Players/ChampIDImages/AFLW/2026264/1022181.png?im=Scale,width=0.6,height=0.6",Shineah,Goody,CD_T9409,PORT,Port Adelaide,Power,1,69.4,0,0,6,1,1,0,0,0,5,0,0,8,10,66,8,6,0,1,1,0,0,0,3,2,0,0,4,0,1,0,0,8,4,0,3,144,1,17,0,0,1,0,0,0,0,0,1,7,2,2,11,2,6,2026-08-16,data//AFLW_2026-08-16.csv,NA,NA,0.45454545454545453,0.8,2,0.75,1,NA,NA,4,0.4117647058823529,NA,0,0.5,0,CD_M20262640107,1,2026-08-16,Fremantle,CD_R202626401
CD_I1022193,11,MEDIUM_DEFENDER,"https://s.afl.com.au/staticfile/AFL Tenant/AFL/Players/ChampIDImages/AFLW/2026264/1022193.png?im=Scale,width=0.6,height=0.6",Sarah,Goodwin,CD_T8098,ADEL,Adelaide Crows,Crows,1,83.8,1,0,17,1,3,0,0,0,14,0,0,9,25,87,15,6,3,0,0,0,0,0,12,15,0,0,3,0,11,0,0,10,6,0,1,322,0,12,0,0,1,0,5,0,1,0,0,2,0,1,26,5,12,2026-08-16,data//AFLW_2026-08-16.csv,NA,NA,0.5384615384615384,0.6,9,0.6,0.6,NA,NA,0.6666666666666666,0.16666666666666666,NA,0,0.85,0,CD_M20262640106,1,2026-08-16,Sydney Swans,CD_R202626401
CD_I1022203,5,MEDIUM_FORWARD,"https://s.afl.com.au/staticfile/AFL Tenant/AFL/Players/ChampIDImages/AFLW/2026264/1022203.png?im=Scale,width=0.6,height=0.6",Elaine,Grigg,CD_T7387,WB,Western Bulldogs,Bulldogs,1,68,0,0,0,0,2,0,0,0,7,0,0,12,8,30,6,1,0,2,2,0,0,0,5,6,0,0,1,0,0,0,0,2,0,0,0,0,0,17,0,0,1,0,1,0,0,0,4,4,0,4,11,1,4,2026-08-16,data//AFLW_2026-08-16.csv,NA,NA,0.6363636363636364,0.75,5,0.5,0.8333333333333334,NA,NA,0.3333333333333333,0.23529411764705882,NA,0,0,0,CD_M20262640103,1,2026-08-15,Gold Coast SUNS,CD_R202626401
CD_I1022220,6,MEDIUM_DEFENDER,"https://s.afl.com.au/staticfile/AFL Tenant/AFL/Players/ChampIDImages/AFLW/2026264/1022220.png?im=Scale,width=0.6,height=0.6",Molly,Brooksby,CD_T9409,PORT,Port Adelaide,Power,1,79.1,0,0,0,0,0,0,0,0,1,0,0,5,13,54,7,5,0,0,0,0,0,0,1,3,0,0,0,0,0,0,0,10,2,0,0,254,0,9,0,0,4,0,0,0,0,0,0,3,1,0,12,4,11,2026-08-16,data//AFLW_2026-08-16.csv,NA,NA,0.08333333333333333,0.5384615384615384,2,0.5,0.6666666666666666,NA,NA,3.3333333333333335,0.3333333333333333,NA,0,0,0,CD_M20262640107,1,2026-08-16,Fremantle,CD_R202626401
CD_I1022224,22,MEDIUM_FORWARD,"https://s.afl.com.au/staticfile/AFL Tenant/AFL/Players/ChampIDImages/AFLW/2026264/1022224.png?im=Scale,width=0.6,height=0.6",Brooke,Boileau,CD_T8096,CARL,Carlton,Blues,1,43,0,0,0,0,0,0,0,0,3,1,0,2,9,36,6,2,0,0,2,0,0,0,1,5,0,0,0,0,1,0,0,4,0,0,0,104,0,11,0,0,0,0,1,0,2,0,1,3,0,1,9,1,6,2026-08-10,data//AFLW_2026-08-10.csv,NA,0,0.3333333333333333,0.6666666666666666,4,0.5,0.8,NA,NA,0.8,0.2727272727272727,NA,0,0,0,CD_M20262640101,1,2026-08-09,St Kilda,CD_R202626401
CD_I1022236,12,RUCK,"https://s.afl.com.au/staticfile/AFL Tenant/AFL/Players/ChampIDImages/AFLW/2026264/1022236.png?im=Scale,width=0.6,height=0.6",Jessica,Good,CD_T8096,CARL,Carlton,Blues,1,85.3,0,0,14,0,1,1,2,0,10,1,1,6,12,71,9,2,0,0,1,0,0,0,5,9,29,9,2,0,4,0,0,3,2,0,0,103,4,16,0,0,0,46,1,0,1,3,4,2,0,4,13,2,3,2026-08-10,data//AFLW_2026-08-10.csv,0.5,1,0.7692307692307693,0.75,7,0.6666666666666666,0.7777777777777778,0.6304347826086957,0.1956521739130435,0.3333333333333333,0.125,NA,0.7540983606557377,0.7368421052631579,0,CD_M20262640101,1,2026-08-09,St Kilda,CD_R202626401
CD_I1022248,22,MEDIUM_FORWARD,"https://s.afl.com.au/staticfile/AFL Tenant/AFL/Players/ChampIDImages/AFLW/2026264/1022248.png?im=Scale,width=0.6,height=0.6",Lauren,Young,CD_T9409,PORT,Port Adelaide,Power,1,79.9,0,0,0,0,3,0,0,1,3,1,0,3,9,60,4,4,0,2,0,50,0,1,2,1,0,0,2,0,1,0,0,8,6,2,3,172,1,13,0,0,0,0,3,0,2,0,0,4,2,0,9,4,6,2026-08-16,data//AFLW_2026-08-16.csv,NA,0,0.3333333333333333,0.4444444444444444,0,0.5,0,NA,NA,8,0.3076923076923077,NA,0,0,0,CD_M20262640107,1,2026-08-16,Fremantle,CD_R202626401
CD_I1022299,21,KEY_DEFENDER,"https://s.afl.com.au/staticfile/AFL Tenant/AFL/Players/ChampIDImages/AFLW/2026264/1022299.png?im=Scale,width=0.6,height=0.6",Amelie,Borg,CD_T9409,PORT,Port Adelaide,Power,1,94.6,0,0,0,0,2,0,0,1,2,0,0,3,6,30,5,3,0,1,0,0,0,0,1,2,0,0,0,0,4,0,0,4,3,0,0,120,2,4,0,0,3,0,0,0,0,2,0,2,0,0,6,2,4,2026-08-16,data//AFLW_2026-08-16.csv,NA,NA,0.3333333333333333,0.8333333333333334,2,0.75,1,NA,NA,2,0.5,NA,0,0,0,CD_M20262640107,1,2026-08-16,Fremantle,CD_R202626401
CD_I1022350,10,MIDFIELDER_FORWARD,"https://s.afl.com.au/staticfile/AFL Tenant/AFL/Players/ChampIDImages/AFLW/2026264/1022350.png?im=Scale,width=0.6,height=0.6",Cynthia,Hamilton,CD_T9408,SYD,Sydney Swans,Swans,1,78.7,0,1,0,0,2,0,0,0,7,1,0,4,17,78,10,6,2,1,1,100,1,2,5,4,0,0,4,0,4,0,0,13,3,1,1,256,1,8,0,0,0,0,8,0,2,1,2,3,0,2,15,1,8,2026-08-16,data//AFLW_2026-08-16.csv,NA,0,0.4666666666666667,0.5882352941176471,4,0.46153846153846156,1,NA,NA,3.25,0.375,NA,0,0,0,CD_M20262640106,1,2026-08-16,Adelaide Crows,CD_R202626401
CD_I1022695,10,MIDFIELDER,"https://s.afl.com.au/staticfile/AFL Tenant/AFL/Players/ChampIDImages/AFLW/2026264/1022695.png?im=Scale,width=0.6,height=0.6",Jasmyn,Smith,CD_T7387,WB,Western Bulldogs,Bulldogs,1,76.8,0,0,0,0,1,0,0,0,1,0,0,2,5,19,4,2,0,1,0,100,0,1,1,3,0,0,1,0,1,0,0,2,0,0,0,49,0,4,0,0,0,0,1,0,1,0,0,1,0,0,5,1,4,2026-08-16,data//AFLW_2026-08-16.csv,NA,NA,0.2,0.8,2,1,0.6666666666666666,NA,NA,0.6666666666666666,0.25,NA,0,0,0,CD_M20262640103,1,2026-08-15,Gold Coast SUNS,CD_R202626401
CD_I1022701,24,MIDFIELDER,"https://s.afl.com.au/staticfile/AFL Tenant/AFL/Players/ChampIDImages/AFLW/2026264/1022701.png?im=Scale,width=0.6,height=0.6",Alana,Gee,CD_T8796,STK,St Kilda,St Kilda,1,69.9,0,0,0,1,5,0,0,0,4,0,0,4,17,41,12,4,0,2,0,0,0,0,4,10,0,0,2,0,4,1,1,7,2,1,0,230,0,9,0,0,2,0,1,0,1,0,1,0,0,2,16,4,12,2026-08-10,data//AFLW_2026-08-10.csv,NA,NA,0.25,0.7058823529411765,8,0.5714285714285714,0.8,NA,NA,0.7,0,1,0,0,0.08333333333333333,CD_M20262640101,1,2026-08-09,Carlton,CD_R202626401
CD_I1022723,31,MEDIUM_FORWARD,"https://s.afl.com.au/staticfile/AFL Tenant/AFL/Players/ChampIDImages/AFLW/2026264/1022723.png?im=Scale,width=0.6,height=0.6",Brodee,Mowbray,CD_T7889,GWS,GWS GIANTS,GIANTS,1,79.1,0,0,0,0,0,0,1,0,3,0,0,5,9,53,7,2,0,0,0,0,0,0,3,5,0,0,2,0,2,0,0,4,1,0,0,127,1,13,0,0,2,0,3,0,0,1,0,7,0,0,9,0,6,2026-08-16,data//AFLW_2026-08-16.csv,0,NA,0.3333333333333333,0.7777777777777778,5,0.5,1,NA,NA,0.8,0.5384615384615384,NA,0,0,0,CD_M20262640108,1,2026-08-16,West Coast Eagles,CD_R202626401
CD_I1022726,30,KEY_DEFENDER,"https://s.afl.com.au/staticfile/AFL Tenant/AFL/Players/ChampIDImages/AFLW/2026264/1022726.png?im=Scale,width=0.6,height=0.6",Teagan,Germech,CD_T9409,PORT,Port Adelaide,Power,1,92.4,0,0,0,0,1,0,3,2,11,0,0,4,19,74,16,10,0,0,1,0,0,0,8,7,0,0,0,0,16,2,2,12,5,0,0,389,2,8,0,0,7,0,2,0,0,2,0,2,0,0,15,2,4,2026-08-16,data//AFLW_2026-08-16.csv,0,NA,0.7333333333333333,0.8421052631578947,6,0.8333333333333334,0.8571428571428571,NA,NA,1.7142857142857142,0.25,1,0,0,0.25,CD_M20262640107,1,2026-08-16,Fremantle,CD_R202626401
CD_I1022736,5,MEDIUM_FORWARD,"https://s.afl.com.au/staticfile/AFL Tenant/AFL/Players/ChampIDImages/AFLW/2026264/1022736.png?im=Scale,width=0.6,height=0.6",Jessica,Doyle,CD_T7889,GWS,GWS GIANTS,GIANTS,1,80.6,0,0,2,0,2,0,0,2,6,2,0,6,10,51,7,3,0,0,2,0,0,0,2,6,3,1,0,0,3,0,0,4,2,0,0,2,3,15,0,0,2,13,0,0,1,1,0,4,1,0,10,2,4,2026-08-16,data//AFLW_2026-08-16.csv,NA,0,0.6,0.7,4,0.75,0.6666666666666666,0.23076923076923078,0.07692307692307693,0.6666666666666666,0.26666666666666666,NA,0.25,0.11764705882352941,0,CD_M20262640108,1,2026-08-16,West Coast Eagles,CD_R202626401
CD_I1022744,49,RUCK,"https://s.afl.com.au/staticfile/AFL Tenant/AFL/Players/ChampIDImages/AFLW/2026264/1022744.png?im=Scale,width=0.6,height=0.6",Madeline,Hendrie,CD_T8096,CARL,Carlton,Blues,1,80.6,0,0,0,0,1,0,0,0,5,0,0,6,8,38,8,5,0,1,1,0,0,0,4,3,0,0,0,0,6,0,0,5,1,0,0,48,1,7,0,0,0,0,1,0,0,1,0,4,0,0,8,1,3,2026-08-10,data//AFLW_2026-08-10.csv,NA,NA,0.625,1,3,1,1,NA,NA,1.6666666666666667,0.5714285714285714,NA,0,0,0,CD_M20262640101,1,2026-08-09,St Kilda,CD_R202626401
CD_I1022745,12,MEDIUM_DEFENDER,"https://s.afl.com.au/staticfile/AFL Tenant/AFL/Players/ChampIDImages/AFLW/2026264/1022745.png?im=Scale,width=0.6,height=0.6",Ella,Heads,CD_T9409,PORT,Port Adelaide,Power,1,80.7,0,0,0,0,4,0,1,0,3,0,0,7,14,69,8,6,0,1,0,0,0,0,3,3,0,0,1,0,6,6,6,11,3,0,0,370,1,12,0,0,7,0,2,0,0,0,0,6,0,0,8,5,5,2026-08-16,data//AFLW_2026-08-16.csv,0,NA,0.375,0.5714285714285714,2,0.5454545454545454,0.6666666666666666,NA,NA,3.6666666666666665,0.5,1,0,0,0.75,CD_M20262640107,1,2026-08-16,Fremantle,CD_R202626401
CD_I1022775,8,MIDFIELDER,"https://s.afl.com.au/staticfile/AFL Tenant/AFL/Players/ChampIDImages/AFLW/2026264/1022775.png?im=Scale,width=0.6,height=0.6",Lucia,Painter,CD_T8787,WCE,West Coast Eagles,Eagles,1,84.8,0,0,12,1,6,0,0,1,11,0,0,8,15,51,9,7,1,3,3,0,0,0,6,3,0,0,5,0,5,0,0,12,1,0,0,357,1,19,0,0,0,0,0,0,0,1,1,3,0,2,16,5,5,2026-08-16,data//AFLW_2026-08-16.csv,NA,NA,0.6875,0.6,2,0.5833333333333334,0.6666666666666666,NA,NA,4,0.15789473684210525,NA,0,0.7058823529411765,0,CD_M20262640108,1,2026-08-16,GWS GIANTS,CD_R202626401
CD_I1022823,4,MIDFIELDER,"https://s.afl.com.au/staticfile/AFL Tenant/AFL/Players/ChampIDImages/AFLW/2026264/1022823.png?im=Scale,width=0.6,height=0.6",Ella,Roberts,CD_T8787,WCE,West Coast Eagles,Eagles,1,94.4,0,0,16,3,4,0,0,1,10,1,0,9,15,53,12,5,1,2,1,100,0,1,5,8,0,0,2,0,1,0,0,7,1,0,0,165,0,14,0,0,0,0,1,0,1,0,0,3,0,3,15,3,5,2026-08-16,data//AFLW_2026-08-16.csv,NA,0,0.6666666666666666,0.8,7,0.7142857142857143,0.875,NA,NA,0.875,0.21428571428571427,NA,0,0.9411764705882353,0,CD_M20262640108,1,2026-08-16,GWS GIANTS,CD_R202626401
CD_I1022825,1,RUCK,"https://s.afl.com.au/staticfile/AFL Tenant/AFL/Players/ChampIDImages/AFLW/2026264/1022825.png?im=Scale,width=0.6,height=0.6",Lauren,Wakfer,CD_T8787,WCE,West Coast Eagles,Eagles,1,84.4,0,0,8,1,2,0,0,0,6,1,0,4,11,79,5,4,2,1,1,0,1,0,5,3,23,9,3,0,5,0,0,8,4,1,0,181,2,13,0,0,0,36,4,0,1,1,0,4,2,1,11,4,5,2026-08-16,data//AFLW_2026-08-16.csv,NA,0,0.5454545454545454,0.45454545454545453,1,0.5,0.3333333333333333,0.6388888888888888,0.25,2.6666666666666665,0.3076923076923077,NA,0.6792452830188679,0.47058823529411764,0,CD_M20262640108,1,2026-08-16,GWS GIANTS,CD_R202626401
CD_I1023389,15,MIDFIELDER,"https://s.afl.com.au/staticfile/AFL Tenant/AFL/Players/ChampIDImages/AFLW/2026264/1023389.png?im=Scale,width=0.6,height=0.6",Chloe,Adams,CD_T9406,ESS,Essendon,Bombers,1,74.3,0,0,0,0,1,1,1,0,9,1,1,3,12,34,10,3,0,0,1,0,0,0,9,9,0,0,0,0,7,0,0,3,2,0,0,73,3,5,0,0,1,0,1,0,0,2,1,0,0,1,12,1,3,2026-08-16,data//AFLW_2026-08-16.csv,1,1,0.75,0.8333333333333334,7,1,0.7777777777777778,NA,NA,0.3333333333333333,0,NA,0,0,0,CD_M20262640105,1,2026-08-16,Brisbane Lions,CD_R202626401
CD_I1023433,9,MIDFIELDER,"https://s.afl.com.au/staticfile/AFL Tenant/AFL/Players/ChampIDImages/AFLW/2026264/1023433.png?im=Scale,width=0.6,height=0.6",Sara,Howley,CD_T7889,GWS,GWS GIANTS,GIANTS,1,44.3,1,0,10,3,3,0,0,0,6,0,0,6,9,41,7,4,0,1,0,0,0,0,5,3,0,0,2,0,1,0,0,6,1,0,0,127,0,10,0,0,0,0,2,0,1,0,1,4,0,4,10,2,4,2026-08-16,data//AFLW_2026-08-16.csv,NA,NA,0.6,0.7777777777777778,3,0.6666666666666666,1,NA,NA,2,0.4,NA,0,0.5882352941176471,0,CD_M20262640108,1,2026-08-16,West Coast Eagles,CD_R202626401
CD_I1023815,15,MIDFIELDER_FORWARD,"https://s.afl.com.au/staticfile/AFL Tenant/AFL/Players/ChampIDImages/AFLW/2026264/1023815.png?im=Scale,width=0.6,height=0.6",Abbygail,Bushby,CD_T8787,WCE,West Coast Eagles,Eagles,1,66.4,0,0,9,0,0,0,0,0,4,0,0,2,14,64,9,5,1,0,1,0,0,0,3,6,0,0,2,0,4,0,0,8,5,0,1,162,1,6,0,0,1,0,0,0,0,1,0,3,0,0,14,2,10,2026-08-16,data//AFLW_2026-08-16.csv,NA,NA,0.2857142857142857,0.6428571428571429,4,0.625,0.6666666666666666,NA,NA,1.3333333333333333,0.5,NA,0,0.5294117647058824,0,CD_M20262640108,1,2026-08-16,GWS GIANTS,CD_R202626401
CD_I1023842,23,MIDFIELDER,"https://s.afl.com.au/staticfile/AFL Tenant/AFL/Players/ChampIDImages/AFLW/2026264/1023842.png?im=Scale,width=0.6,height=0.6",Zipporah,Fish,CD_T9408,SYD,Sydney Swans,Swans,1,100,0,3,7,0,2,0,1,0,6,0,0,13,23,98,18,14,0,1,1,0,0,0,5,6,0,0,2,0,6,6,6,17,3,0,0,428,1,19,0,0,10,0,5,0,0,1,0,7,0,0,17,4,11,2026-08-16,data//AFLW_2026-08-16.csv,0,NA,0.35294117647058826,0.782608695652174,4,0.8235294117647058,0.6666666666666666,NA,NA,2.8333333333333335,0.3684210526315789,1,0,0.35,0.5454545454545454,CD_M20262640106,1,2026-08-16,Adelaide Crows,CD_R202626401
CD_I1023857,22,KEY_DEFENDER,"https://s.afl.com.au/staticfile/AFL Tenant/AFL/Players/ChampIDImages/AFLW/2026264/1023857.png?im=Scale,width=0.6,height=0.6",Georgie,Cleaver,CD_T8787,WCE,West Coast Eagles,Eagles,1,87.2,0,0,0,0,2,0,0,1,6,0,0,2,12,39,10,6,0,2,0,0,0,0,5,6,0,0,2,0,7,0,0,6,5,0,0,271,1,2,0,0,4,0,0,0,0,1,0,0,0,0,13,2,7,2026-08-16,data//AFLW_2026-08-16.csv,NA,NA,0.46153846153846156,0.8333333333333334,4,1,0.6666666666666666,NA,NA,1,0,NA,0,0,0,CD_M20262640108,1,2026-08-16,GWS GIANTS,CD_R202626401
CD_I1023943,29,RUCK,"https://s.afl.com.au/staticfile/AFL Tenant/AFL/Players/ChampIDImages/AFLW/2026264/1023943.png?im=Scale,width=0.6,height=0.6",Matilda,Scholz,CD_T9409,PORT,Port Adelaide,Power,1,78.3,0,0,11,0,2,0,0,1,8,0,0,6,16,97,10,6,0,0,2,0,0,0,5,6,25,10,1,0,5,0,0,10,4,0,0,221,1,11,0,0,1,47,1,0,0,1,1,4,0,1,16,3,8,2026-08-16,data//AFLW_2026-08-16.csv,NA,NA,0.5,0.625,4,0.6,0.6666666666666666,0.5319148936170213,0.2127659574468085,1.6666666666666667,0.36363636363636365,NA,0.8392857142857143,0.9166666666666666,0,CD_M20262640107,1,2026-08-16,Fremantle,CD_R202626401
CD_I1023948,7,KEY_DEFENDER,"https://s.afl.com.au/staticfile/AFL Tenant/AFL/Players/ChampIDImages/AFLW/2026264/1023948.png?im=Scale,width=0.6,height=0.6",Poppy,Scholz,CD_T8096,CARL,Carlton,Blues,1,88.9,4,0,5,1,4,0,0,0,6,2,1,3,13,54,8,3,2,4,0,20,1,1,6,6,5,2,3,0,1,0,0,7,2,2,1,303,3,11,0,0,0,8,8,0,5,3,0,3,0,1,13,2,7,2026-08-10,data//AFLW_2026-08-10.csv,NA,0.5,0.46153846153846156,0.6153846153846154,5,0.42857142857142855,0.8333333333333334,0.625,0.25,1.1666666666666667,0.2727272727272727,NA,0.13114754098360656,0.2631578947368421,0,CD_M20262640101,1,2026-08-09,St Kilda,CD_R202626401
CD_I1024294,12,MEDIUM_DEFENDER,"https://s.afl.com.au/staticfile/AFL Tenant/AFL/Players/ChampIDImages/AFLW/2026264/1024294.png?im=Scale,width=0.6,height=0.6",Lucinda,Pullar,CD_T9408,SYD,Sydney Swans,Swans,1,64.9,0,0,0,0,2,0,0,0,3,0,0,4,10,32,9,6,0,0,0,0,1,0,3,4,0,0,3,0,1,0,0,6,2,0,0,181,0,4,0,0,0,0,5,0,0,0,0,0,0,0,10,1,7,2026-08-16,data//AFLW_2026-08-16.csv,NA,NA,0.3,0.9,3,1,0.75,NA,NA,1.5,0,NA,0,0,0,CD_M20262640106,1,2026-08-16,Adelaide Crows,CD_R202626401
CD_I1024296,22,MEDIUM_DEFENDER,"https://s.afl.com.au/staticfile/AFL Tenant/AFL/Players/ChampIDImages/AFLW/2026264/1024296.png?im=Scale,width=0.6,height=0.6",Rachel,Kearns,CD_T8467,GEEL,Geelong Cats,Cats,1,77.1,1,0,0,0,6,0,0,2,7,0,0,1,16,50,7,4,3,3,1,0,0,0,4,6,0,0,3,0,4,0,0,10,5,0,1,221,1,4,0,0,1,0,4,0,2,0,0,0,0,0,16,10,9,2026-08-16,data//AFLW_2026-08-16.csv,NA,NA,0.4375,0.4375,3,0.4,0.5,NA,NA,1.6666666666666667,0,NA,0,0,0,CD_M20262640109,1,2026-08-15,North Melbourne,CD_R202626401
CD_I1024299,26,RUCK,"https://s.afl.com.au/staticfile/AFL Tenant/AFL/Players/ChampIDImages/AFLW/2026264/1024299.png?im=Scale,width=0.6,height=0.6",Paige,Price,CD_T8786,GCFC,Gold Coast SUNS,SUNS,1,71.2,0,0,8,0,3,0,3,0,4,2,1,4,5,29,3,1,0,1,0,0,0,0,3,2,11,1,0,0,3,0,0,3,0,0,0,43,6,8,0,0,2,31,1,0,0,5,1,2,0,1,5,1,1,2026-08-16,data//AFLW_2026-08-16.csv,0,0.5,0.8,0.6,2,0.3333333333333333,1,0.3548387096774194,0.03225806451612903,1.5,0.25,NA,0.5849056603773585,0.7272727272727273,0,CD_M20262640103,1,2026-08-15,Western Bulldogs,CD_R202626401
CD_I1024535,3,RUCK,"https://s.afl.com.au/staticfile/AFL Tenant/AFL/Players/ChampIDImages/AFLW/2026264/1024535.png?im=Scale,width=0.6,height=0.6",Darcie,Davies,CD_T8786,GCFC,Gold Coast SUNS,SUNS,1,58.8,1,0,3,1,2,0,0,1,6,3,1,4,7,34,4,0,0,0,0,0,0,0,5,6,4,0,0,0,1,0,0,1,2,1,0,32,1,6,0,0,0,13,2,0,1,1,0,2,0,1,8,0,2,2026-08-16,data//AFLW_2026-08-16.csv,NA,0.3333333333333333,0.75,0.5714285714285714,4,0,0.6666666666666666,0.3076923076923077,0,0.16666666666666666,0.3333333333333333,NA,0.24528301886792453,0.2727272727272727,0,CD_M20262640103,1,2026-08-15,Western Bulldogs,CD_R202626401
CD_I1024552,12,RUCK,"https://s.afl.com.au/staticfile/AFL Tenant/AFL/Players/ChampIDImages/AFLW/2026264/1024552.png?im=Scale,width=0.6,height=0.6",Havana,Harris,CD_T8786,GCFC,Gold Coast SUNS,SUNS,1,94.1,1,0,0,0,2,0,1,4,10,5,2,5,14,86,8,7,4,1,2,20,0,1,4,1,2,0,2,0,3,0,0,13,7,4,1,207,0,10,0,0,0,9,5,0,5,0,0,4,0,0,14,3,4,2026-08-16,data//AFLW_2026-08-16.csv,0,0.4,0.7142857142857143,0.5714285714285714,1,0.5384615384615384,1,0.2222222222222222,0,13,0.4,NA,0.16981132075471697,0,0,CD_M20262640103,1,2026-08-15,Western Bulldogs,CD_R202626401
CD_I1024553,28,KEY_DEFENDER,"https://s.afl.com.au/staticfile/AFL Tenant/AFL/Players/ChampIDImages/AFLW/2026264/1024553.png?im=Scale,width=0.6,height=0.6",Kaylee,Kimber,CD_T7387,WB,Western Bulldogs,Bulldogs,1,90.8,0,0,0,0,5,2,4,0,1,0,0,3,2,0,2,1,0,4,0,0,0,0,1,1,0,0,1,0,1,0,0,1,1,0,0,76,3,3,0,0,1,0,0,0,0,2,0,1,0,0,3,2,2,2026-08-16,data//AFLW_2026-08-16.csv,0.5,NA,0.3333333333333333,1,1,1,1,NA,NA,1,0.3333333333333333,NA,0,0,0,CD_M20262640103,1,2026-08-15,Gold Coast SUNS,CD_R202626401
CD_I1024636,18,MEDIUM_DEFENDER,"https://s.afl.com.au/staticfile/AFL Tenant/AFL/Players/ChampIDImages/AFLW/2026264/1024636.png?im=Scale,width=0.6,height=0.6",Lily,Johnson,CD_T7886,FRE,Fremantle,Freo,1,67.9,0,0,0,0,3,0,0,0,3,0,0,4,14,63,7,2,0,1,0,0,0,0,3,7,0,0,2,0,3,0,0,7,5,0,0,178,0,15,0,0,1,0,0,0,0,0,0,4,0,0,14,5,11,2026-08-16,data//AFLW_2026-08-16.csv,NA,NA,0.21428571428571427,0.5,5,0.2857142857142857,0.7142857142857143,NA,NA,1,0.26666666666666666,NA,0,0,0,CD_M20262640107,1,2026-08-16,Port Adelaide,CD_R202626401
CD_I1024642,15,MIDFIELDER,"https://s.afl.com.au/staticfile/AFL Tenant/AFL/Players/ChampIDImages/AFLW/2026264/1024642.png?im=Scale,width=0.6,height=0.6",Priya,Bowering,CD_T8467,GEEL,Geelong Cats,Cats,1,66.6,1,0,1,0,4,0,0,0,5,2,0,0,6,17,0,0,4,1,0,0,0,0,5,3,0,0,1,0,1,0,0,3,0,0,0,59,1,6,0,0,0,0,2,0,1,1,0,1,1,0,7,3,2,2026-08-16,data//AFLW_2026-08-16.csv,NA,0,0.7142857142857143,0,0,0,0,NA,NA,1,0.16666666666666666,NA,0,0.045454545454545456,0,CD_M20262640109,1,2026-08-15,North Melbourne,CD_R202626401
CD_I1024984,30,MIDFIELDER,"https://s.afl.com.au/staticfile/AFL Tenant/AFL/Players/ChampIDImages/AFLW/2026264/1024984.png?im=Scale,width=0.6,height=0.6",Ally,Dallaway,CD_T8788,RICH,Richmond,Richmond,1,71.7,0,0,0,0,2,0,0,0,4,0,0,2,19,65,16,9,0,1,2,0,0,0,2,7,0,0,1,0,5,0,0,12,4,1,0,259,1,6,0,0,2,0,1,0,0,0,1,1,0,1,19,2,15,2026-08-16,data//AFLW_2026-08-16.csv,NA,NA,0.21052631578947367,0.8421052631578947,7,0.75,1,NA,NA,1.7142857142857142,0.16666666666666666,NA,0,0,0,CD_M20262640104,1,2026-08-15,Collingwood,CD_R202626401
CD_I1025163,38,KEY_FORWARD,"https://s.afl.com.au/staticfile/AFL Tenant/AFL/Players/ChampIDImages/AFLW/2026264/1025163.png?im=Scale,width=0.6,height=0.6",Jacqueline,Dupuy,CD_T9407,HAW,Hawthorn,Hawks,1,91.9,3,0,2,1,5,0,0,3,9,4,3,1,16,75,9,6,4,4,0,25,1,1,5,5,4,1,1,0,3,0,0,11,9,6,0,224,0,10,0,0,0,11,5,0,4,0,1,1,0,2,16,4,7,2026-08-16,data//AFLW_2026-08-16.csv,NA,0.75,0.5625,0.5625,3,0.5454545454545454,0.6,0.36363636363636365,0.09090909090909091,2.2,0.1,NA,0.1896551724137931,0.10526315789473684,0,CD_M20262640102,1,2026-08-13,Melbourne,CD_R202626401
CD_I1025419,16,MIDFIELDER,"https://s.afl.com.au/staticfile/AFL Tenant/AFL/Players/ChampIDImages/AFLW/2026264/1025419.png?im=Scale,width=0.6,height=0.6",Ashley,Centra,CD_T8097,COLL,Collingwood,Magpies,1,76.4,0,0,0,0,2,0,0,3,7,3,1,4,13,65,9,3,0,1,1,100,0,1,2,6,0,0,1,0,3,0,0,7,4,0,0,180,2,8,0,0,1,0,3,0,1,0,0,4,1,0,14,3,7,2026-08-16,data//AFLW_2026-08-16.csv,NA,0.3333333333333333,0.5,0.6923076923076923,6,0.42857142857142855,1,NA,NA,1.1666666666666667,0.5,NA,0,0,0,CD_M20262640104,1,2026-08-15,Richmond,CD_R202626401
CD_I1025421,21,MEDIUM_DEFENDER,"https://s.afl.com.au/staticfile/AFL Tenant/AFL/Players/ChampIDImages/AFLW/2026264/1025421.png?im=Scale,width=0.6,height=0.6",Amber,Schutte,CD_T8097,COLL,Collingwood,Magpies,1,91.6,0,0,0,0,4,1,2,0,3,0,0,8,10,57,7,7,0,2,2,0,0,0,1,0,0,0,1,0,4,1,0,10,5,0,0,197,3,10,0,0,4,0,1,0,0,3,1,4,0,1,10,3,7,2026-08-16,data//AFLW_2026-08-16.csv,0.5,NA,0.3,0.7,0,0.7,NA,NA,NA,Inf,0.4,0,0,0,0.1111111111111111,CD_M20262640104,1,2026-08-15,Richmond,CD_R202626401
CD_I1025517,19,MEDIUM_FORWARD,"https://s.afl.com.au/staticfile/AFL Tenant/AFL/Players/ChampIDImages/AFLW/2026264/1025517.png?im=Scale,width=0.6,height=0.6",Heidi,Woodley,CD_T7387,WB,Western Bulldogs,Bulldogs,1,70,0,0,0,0,2,0,0,0,5,0,0,5,11,58,5,3,1,2,0,100,0,1,5,3,0,0,3,0,4,0,0,8,0,0,0,234,0,18,0,0,0,0,2,0,1,0,0,7,2,0,8,4,3,2026-08-16,data//AFLW_2026-08-16.csv,NA,NA,0.625,0.45454545454545453,2,0.375,0.6666666666666666,NA,NA,2.6666666666666665,0.3888888888888889,NA,0,0,0,CD_M20262640103,1,2026-08-15,Gold Coast SUNS,CD_R202626401
CD_I1025525,23,MIDFIELDER,"https://s.afl.com.au/staticfile/AFL Tenant/AFL/Players/ChampIDImages/AFLW/2026264/1025525.png?im=Scale,width=0.6,height=0.6",Amy,Gaylor,CD_T9406,ESS,Essendon,Bombers,1,75.7,0,0,11,1,2,0,0,0,11,0,0,9,21,87,9,4,0,1,4,0,1,0,6,11,0,0,6,0,2,0,0,10,2,0,1,360,3,17,0,0,3,0,3,0,0,2,4,7,0,5,21,6,10,2026-08-16,data//AFLW_2026-08-16.csv,NA,NA,0.5238095238095238,0.42857142857142855,5,0.4,0.45454545454545453,NA,NA,0.9090909090909091,0.4117647058823529,NA,0,0.5,0,CD_M20262640105,1,2026-08-16,Brisbane Lions,CD_R202626401
CD_I1025564,26,MEDIUM_FORWARD,"https://s.afl.com.au/staticfile/AFL Tenant/AFL/Players/ChampIDImages/AFLW/2026264/1025564.png?im=Scale,width=0.6,height=0.6",Mia,Austin,CD_T7386,MELB,Melbourne,Demons,1,82.3,0,0,0,0,1,0,0,1,2,2,1,3,7,54,5,4,1,0,0,100,0,4,1,1,0,0,2,0,0,0,0,6,2,2,1,88,2,9,0,0,0,1,5,0,4,1,0,1,0,0,6,1,4,2026-08-16,data//AFLW_2026-08-16.csv,NA,0.5,0.3333333333333333,0.7142857142857143,1,0.6666666666666666,1,0,0,6,0.1111111111111111,NA,0.01694915254237288,0,0,CD_M20262640102,1,2026-08-13,Hawthorn,CD_R202626401
CD_I1025565,7,MIDFIELDER,"https://s.afl.com.au/staticfile/AFL Tenant/AFL/Players/ChampIDImages/AFLW/2026264/1025565.png?im=Scale,width=0.6,height=0.6",Grace,Belloni,CD_T9406,ESS,Essendon,Bombers,1,56.9,0,0,0,0,1,0,0,1,5,0,0,0,7,24,5,1,2,0,0,100,0,1,4,6,0,0,0,0,1,0,0,1,1,1,0,25,0,4,0,0,0,0,1,0,1,0,0,0,0,0,7,1,2,2026-08-16,data//AFLW_2026-08-16.csv,NA,NA,0.7142857142857143,0.7142857142857143,4,1,0.6666666666666666,NA,NA,0.16666666666666666,0,NA,0,0,0,CD_M20262640105,1,2026-08-16,Brisbane Lions,CD_R202626401
CD_I1025609,27,KEY_DEFENDER,"https://s.afl.com.au/staticfile/AFL Tenant/AFL/Players/ChampIDImages/AFLW/2026264/1025609.png?im=Scale,width=0.6,height=0.6",Lucille,Cronin,CD_T8097,COLL,Collingwood,Magpies,1,69.5,1,1,10,0,4,0,0,0,4,0,0,11,12,63,5,3,0,1,2,0,0,0,2,3,0,0,2,0,4,0,0,9,2,0,0,297,0,17,0,0,2,0,2,0,2,0,0,6,0,0,12,5,8,2026-08-16,data//AFLW_2026-08-16.csv,NA,NA,0.3333333333333333,0.4166666666666667,2,0.3333333333333333,0.6666666666666666,NA,NA,3,0.35294117647058826,NA,0,0.7142857142857143,0,CD_M20262640104,1,2026-08-15,Richmond,CD_R202626401
CD_I1025611,1,MIDFIELDER,"https://s.afl.com.au/staticfile/AFL Tenant/AFL/Players/ChampIDImages/AFLW/2026264/1025611.png?im=Scale,width=0.6,height=0.6",Sarah,Poustie,CD_T7387,WB,Western Bulldogs,Bulldogs,1,46.6,0,0,3,0,3,0,0,0,4,0,0,6,7,30,6,1,0,2,0,0,0,0,4,5,0,0,1,0,2,0,0,2,0,0,0,85,3,12,0,0,0,0,1,0,0,2,2,5,2,2,7,2,3,2026-08-16,data//AFLW_2026-08-16.csv,NA,NA,0.5714285714285714,0.8571428571428571,5,0.5,1,NA,NA,0.4,0.4166666666666667,NA,0,0.2727272727272727,0,CD_M20262640103,1,2026-08-15,Gold Coast SUNS,CD_R202626401
CD_I1025615,20,MEDIUM_DEFENDER,"https://s.afl.com.au/staticfile/AFL Tenant/AFL/Players/ChampIDImages/AFLW/2026264/1025615.png?im=Scale,width=0.6,height=0.6",Charlotte,Brewer,CD_T8097,COLL,Collingwood,Magpies,1,80,0,0,0,0,3,0,0,0,3,0,0,5,9,36,4,0,0,0,1,0,0,0,2,6,0,0,1,0,3,0,0,3,2,0,0,87,1,12,0,0,2,0,0,0,0,1,0,2,0,0,9,3,6,2026-08-16,data//AFLW_2026-08-16.csv,NA,NA,0.3333333333333333,0.4444444444444444,4,0,0.6666666666666666,NA,NA,0.5,0.16666666666666666,NA,0,0,0,CD_M20262640104,1,2026-08-15,Richmond,CD_R202626401
CD_I1025616,26,MEDIUM_DEFENDER,"https://s.afl.com.au/staticfile/AFL Tenant/AFL/Players/ChampIDImages/AFLW/2026264/1025616.png?im=Scale,width=0.6,height=0.6",Lara,Hausegger,CD_T9408,SYD,Sydney Swans,Swans,1,76.1,0,0,0,0,1,0,0,0,5,0,0,5,13,60,10,5,0,0,1,0,0,0,5,8,0,0,0,0,6,1,1,5,4,0,0,74,0,8,0,0,2,0,1,0,0,0,0,4,0,0,13,3,8,2026-08-16,data//AFLW_2026-08-16.csv,NA,NA,0.38461538461538464,0.7692307692307693,5,1,0.625,NA,NA,0.625,0.5,1,0,0,0.09090909090909091,CD_M20262640106,1,2026-08-16,Adelaide Crows,CD_R202626401
CD_I1025617,20,MIDFIELDER_FORWARD,"https://s.afl.com.au/staticfile/AFL Tenant/AFL/Players/ChampIDImages/AFLW/2026264/1025617.png?im=Scale,width=0.6,height=0.6",Maggie,Mahony,CD_T7386,MELB,Melbourne,Demons,1,84.9,0,0,0,0,3,0,0,1,3,1,0,5,12,80,8,6,0,2,1,100,0,2,1,3,0,0,2,0,0,0,0,9,4,1,0,144,0,13,0,0,1,0,3,0,2,0,0,7,2,0,10,5,7,2026-08-16,data//AFLW_2026-08-16.csv,NA,0,0.3,0.6666666666666666,2,0.6666666666666666,0.6666666666666666,NA,NA,3,0.5384615384615384,NA,0,0,0,CD_M20262640102,1,2026-08-13,Hawthorn,CD_R202626401
CD_I1025669,32,KEY_DEFENDER,"https://s.afl.com.au/staticfile/AFL Tenant/AFL/Players/ChampIDImages/AFLW/2026264/1025669.png?im=Scale,width=0.6,height=0.6",Annabelle,Embelton,CD_T9407,HAW,Hawthorn,Hawks,1,100,0,0,0,0,1,1,2,0,1,0,0,5,3,10,3,1,0,0,0,0,0,0,1,2,0,0,0,0,0,0,0,1,1,0,0,16,3,7,0,0,0,0,1,0,0,3,0,0,0,0,3,1,2,2026-08-16,data//AFLW_2026-08-16.csv,0.5,NA,0.3333333333333333,1,2,1,1,NA,NA,0.5,0,NA,0,0,0,CD_M20262640102,1,2026-08-13,Melbourne,CD_R202626401
CD_I1025671,14,MIDFIELDER,"https://s.afl.com.au/staticfile/AFL Tenant/AFL/Players/ChampIDImages/AFLW/2026264/1025671.png?im=Scale,width=0.6,height=0.6",Daisy,Flockart,CD_T9407,HAW,Hawthorn,Hawks,1,56.7,0,0,10,4,2,0,0,0,7,0,0,10,10,45,6,2,1,0,3,0,0,0,2,6,0,0,2,0,0,0,0,4,2,0,1,116,0,12,0,0,0,0,2,0,0,0,1,3,0,5,12,4,5,2026-08-16,data//AFLW_2026-08-16.csv,NA,NA,0.5833333333333334,0.6,4,0.5,0.6666666666666666,NA,NA,0.6666666666666666,0.25,NA,0,0.5263157894736842,0,CD_M20262640102,1,2026-08-13,Melbourne,CD_R202626401
CD_I1025674,1,MEDIUM_FORWARD,"https://s.afl.com.au/staticfile/AFL Tenant/AFL/Players/ChampIDImages/AFLW/2026264/1025674.png?im=Scale,width=0.6,height=0.6",Emily,Gough,CD_T9406,ESS,Essendon,Bombers,1,78,0,0,0,0,2,0,0,2,4,2,1,0,7,38,4,3,1,0,0,33.3,0,1,2,1,0,0,0,0,1,0,0,6,4,1,2,163,0,1,0,0,0,0,2,0,3,0,0,0,0,0,7,2,3,2026-08-16,data//AFLW_2026-08-16.csv,NA,0.5,0.5714285714285714,0.5714285714285714,1,0.5,1,NA,NA,6,0,NA,0,0,0,CD_M20262640105,1,2026-08-16,Brisbane Lions,CD_R202626401
CD_I1025893,17,MIDFIELDER,"https://s.afl.com.au/staticfile/AFL Tenant/AFL/Players/ChampIDImages/AFLW/2026264/1025893.png?im=Scale,width=0.6,height=0.6",Ella,Boag,CD_T9409,PORT,Port Adelaide,Power,1,80.4,1,0,0,0,3,0,0,0,3,0,0,2,15,73,8,6,1,0,0,0,0,0,3,2,0,0,2,0,1,0,0,13,7,1,1,270,0,4,0,0,2,0,2,0,2,0,2,2,0,2,15,4,12,2026-08-16,data//AFLW_2026-08-16.csv,NA,NA,0.2,0.5333333333333333,2,0.46153846153846156,1,NA,NA,6.5,0.5,NA,0,0,0,CD_M20262640107,1,2026-08-16,Fremantle,CD_R202626401
CD_I1025895,26,MIDFIELDER,"https://s.afl.com.au/staticfile/AFL Tenant/AFL/Players/ChampIDImages/AFLW/2026264/1025895.png?im=Scale,width=0.6,height=0.6",Violet,Patterson,CD_T8097,COLL,Collingwood,Magpies,1,91.4,0,1,0,0,4,2,3,0,3,0,0,8,23,100,11,7,0,0,0,0,0,0,2,6,0,0,1,0,5,0,0,17,7,0,0,388,0,10,0,0,6,0,0,0,0,0,1,4,0,1,22,6,19,2026-08-16,data//AFLW_2026-08-16.csv,0.6666666666666666,NA,0.13636363636363635,0.4782608695652174,4,0.4117647058823529,0.6666666666666666,NA,NA,2.8333333333333335,0.4,NA,0,0,0,CD_M20262640104,1,2026-08-15,Richmond,CD_R202626401
CD_I1025924,1,MIDFIELDER,"https://s.afl.com.au/staticfile/AFL Tenant/AFL/Players/ChampIDImages/AFLW/2026264/1025924.png?im=Scale,width=0.6,height=0.6",Grace,Martin,CD_T7889,GWS,GWS GIANTS,GIANTS,1,65,0,0,0,0,1,0,0,0,4,0,0,7,9,34,6,4,0,1,0,0,0,0,4,4,0,0,1,0,6,1,1,5,2,0,0,91,0,8,0,0,1,0,2,0,0,0,0,2,0,0,8,0,4,2026-08-16,data//AFLW_2026-08-16.csv,NA,NA,0.5,0.6666666666666666,2,0.8,0.5,NA,NA,1.25,0.25,1,0,0,0.16666666666666666,CD_M20262640108,1,2026-08-16,West Coast Eagles,CD_R202626401
CD_I1025962,12,RUCK,"https://s.afl.com.au/staticfile/AFL Tenant/AFL/Players/ChampIDImages/AFLW/2026264/1025962.png?im=Scale,width=0.6,height=0.6",Charlotte,Riggs,CD_T8787,WCE,West Coast Eagles,Eagles,1,68.9,0,0,9,0,2,0,0,1,10,1,0,3,14,55,10,5,1,0,2,0,0,0,7,8,6,3,1,0,7,0,0,6,3,0,0,166,5,6,0,0,0,15,0,0,0,5,0,1,0,0,15,2,5,2026-08-16,data//AFLW_2026-08-16.csv,NA,0,0.6666666666666666,0.7142857142857143,5,0.8333333333333334,0.625,0.4,0.2,0.75,0.16666666666666666,NA,0.2830188679245283,0.5294117647058824,0,CD_M20262640108,1,2026-08-16,GWS GIANTS,CD_R202626401
CD_I1025995,20,MIDFIELDER,"https://s.afl.com.au/staticfile/AFL Tenant/AFL/Players/ChampIDImages/AFLW/2026264/1025995.png?im=Scale,width=0.6,height=0.6",Lily,Goss,CD_T8096,CARL,Carlton,Blues,1,86.5,0,0,16,0,3,0,0,0,5,0,0,3,19,84,10,7,2,1,2,100,0,2,3,3,0,0,6,0,4,0,0,16,1,0,0,474,1,9,0,0,1,0,5,0,2,0,1,4,1,1,19,7,14,2026-08-10,data//AFLW_2026-08-10.csv,NA,NA,0.2631578947368421,0.5263157894736842,3,0.4375,1,NA,NA,5.333333333333333,0.4444444444444444,NA,0,0.8421052631578947,0,CD_M20262640101,1,2026-08-09,St Kilda,CD_R202626401
CD_I1026016,8,MIDFIELDER_FORWARD,"https://s.afl.com.au/staticfile/AFL Tenant/AFL/Players/ChampIDImages/AFLW/2026264/1026016.png?im=Scale,width=0.6,height=0.6",Montana,Beruldsen,CD_T8788,RICH,Richmond,Richmond,1,65.7,0,0,0,0,4,0,1,0,4,0,0,5,18,68,15,11,0,1,1,0,0,0,3,5,0,0,0,0,6,4,4,13,3,0,1,247,2,8,0,0,5,0,1,0,0,1,0,3,0,0,15,5,11,2026-08-16,data//AFLW_2026-08-16.csv,0,NA,0.26666666666666666,0.8333333333333334,4,0.8461538461538461,0.8,NA,NA,2.6,0.375,1,0,0,1,CD_M20262640104,1,2026-08-15,Collingwood,CD_R202626401
CD_I1026053,27,MIDFIELDER,"https://s.afl.com.au/staticfile/AFL Tenant/AFL/Players/ChampIDImages/AFLW/2026264/1026053.png?im=Scale,width=0.6,height=0.6",Emma,Kilpatrick,CD_T8467,GEEL,Geelong Cats,Cats,1,69,0,0,0,0,1,1,1,0,5,0,0,8,12,47,8,4,0,0,0,0,0,0,5,6,0,0,0,0,5,0,0,6,3,0,0,160,0,8,0,0,3,0,0,0,0,0,0,2,0,0,12,5,7,2026-08-16,data//AFLW_2026-08-16.csv,1,NA,0.4166666666666667,0.6666666666666666,4,0.6666666666666666,0.6666666666666666,NA,NA,1,0.25,NA,0,0,0,CD_M20262640109,1,2026-08-15,North Melbourne,CD_R202626401
CD_I1026104,19,MIDFIELDER,"https://s.afl.com.au/staticfile/AFL Tenant/AFL/Players/ChampIDImages/AFLW/2026264/1026104.png?im=Scale,width=0.6,height=0.6",Mia,Salisbury,CD_T8786,GCFC,Gold Coast SUNS,SUNS,1,66.2,0,0,0,0,3,0,1,0,2,0,0,3,8,19,5,0,0,0,0,0,0,0,2,5,0,0,0,0,1,0,0,3,0,0,0,42,2,4,0,0,0,0,0,0,0,2,0,0,0,0,8,2,6,2026-08-16,data//AFLW_2026-08-16.csv,0,NA,0.25,0.625,5,0,1,NA,NA,0.6,0,NA,0,0,0,CD_M20262640103,1,2026-08-15,Western Bulldogs,CD_R202626401
CD_I1026111,22,MEDIUM_DEFENDER,"https://s.afl.com.au/staticfile/AFL Tenant/AFL/Players/ChampIDImages/AFLW/2026264/1026111.png?im=Scale,width=0.6,height=0.6",Sophie,Peters,CD_T7887,BL,Brisbane Lions,Lions,1,63.9,0,0,0,0,0,0,0,0,1,0,0,0,7,29,6,5,1,0,0,100,1,1,1,1,0,0,0,0,1,0,0,6,1,0,0,150,1,3,0,0,0,0,2,0,1,0,0,0,0,0,7,0,6,2026-08-16,data//AFLW_2026-08-16.csv,NA,NA,0.14285714285714285,0.8571428571428571,1,0.8333333333333334,1,NA,NA,6,0,NA,0,0,0,CD_M20262640105,1,2026-08-16,Essendon,CD_R202626401
CD_I1026137,24,MEDIUM_DEFENDER,"https://s.afl.com.au/staticfile/AFL Tenant/AFL/Players/ChampIDImages/AFLW/2026264/1026137.png?im=Scale,width=0.6,height=0.6",Claudia,Wright,CD_T7887,BL,Brisbane Lions,Lions,1,57.7,0,0,0,0,1,0,0,0,1,0,0,8,7,26,5,1,0,0,1,0,0,0,0,4,0,0,0,0,2,0,0,3,0,0,0,71,1,12,0,0,2,0,1,0,0,1,0,2,0,0,7,1,6,2026-08-16,data//AFLW_2026-08-16.csv,NA,NA,0.14285714285714285,0.7142857142857143,4,0.3333333333333333,1,NA,NA,0.75,0.16666666666666666,NA,0,0,0,CD_M20262640105,1,2026-08-16,Essendon,CD_R202626401
CD_I1026141,24,MIDFIELDER,"https://s.afl.com.au/staticfile/AFL Tenant/AFL/Players/ChampIDImages/AFLW/2026264/1026141.png?im=Scale,width=0.6,height=0.6",Ella,Slocombe,CD_T8787,WCE,West Coast Eagles,Eagles,1,74.7,1,0,0,0,4,0,0,0,4,1,0,2,13,43,6,2,2,0,0,0,1,0,4,6,0,0,1,0,2,0,0,7,3,0,0,127,0,9,0,0,0,0,3,0,2,0,0,0,0,0,14,4,10,2026-08-16,data//AFLW_2026-08-16.csv,NA,0,0.2857142857142857,0.46153846153846156,4,0.2857142857142857,0.6666666666666666,NA,NA,1.1666666666666667,0,NA,0,0,0,CD_M20262640108,1,2026-08-16,GWS GIANTS,CD_R202626401
CD_I1026143,26,MIDFIELDER,"https://s.afl.com.au/staticfile/AFL Tenant/AFL/Players/ChampIDImages/AFLW/2026264/1026143.png?im=Scale,width=0.6,height=0.6",Emily,Elkington,CD_T9409,PORT,Port Adelaide,Power,1,60.8,0,0,0,0,1,0,0,0,2,4,0,3,5,32,4,1,0,1,1,100,0,1,2,3,0,0,1,0,1,0,0,2,0,0,0,51,0,12,0,0,0,0,1,0,1,0,1,4,2,1,5,2,3,2026-08-16,data//AFLW_2026-08-16.csv,NA,0,0.4,0.8,3,0.5,1,NA,NA,0.6666666666666666,0.3333333333333333,NA,0,0,0,CD_M20262640107,1,2026-08-16,Fremantle,CD_R202626401
CD_I1026159,30,MIDFIELDER,"https://s.afl.com.au/staticfile/AFL Tenant/AFL/Players/ChampIDImages/AFLW/2026264/1026159.png?im=Scale,width=0.6,height=0.6",Juliet,Kelly,CD_T8098,ADEL,Adelaide Crows,Crows,1,66.7,0,0,11,0,4,0,0,0,5,0,0,6,10,41,6,0,2,1,0,0,0,0,3,9,0,0,1,0,2,0,0,1,1,0,1,42,2,16,0,0,1,0,1,0,0,1,0,5,2,0,10,2,5,2026-08-16,data//AFLW_2026-08-16.csv,NA,NA,0.5,0.6,6,0,0.6666666666666666,NA,NA,0.1111111111111111,0.3125,NA,0,0.55,0,CD_M20262640106,1,2026-08-16,Sydney Swans,CD_R202626401
CD_I1026281,11,MEDIUM_DEFENDER,"https://s.afl.com.au/staticfile/AFL Tenant/AFL/Players/ChampIDImages/AFLW/2026264/1026281.png?im=Scale,width=0.6,height=0.6",Evie,Cowcher,CD_T8467,GEEL,Geelong Cats,Cats,1,74.8,0,0,0,0,1,1,2,0,4,0,0,6,14,53,10,4,0,1,2,0,0,0,2,9,0,0,0,0,6,0,0,5,3,0,0,137,4,7,0,0,3,0,0,0,0,3,0,3,0,0,15,2,11,2026-08-16,data//AFLW_2026-08-16.csv,0.5,NA,0.26666666666666666,0.7142857142857143,6,0.8,0.6666666666666666,NA,NA,0.5555555555555556,0.42857142857142855,NA,0,0,0,CD_M20262640109,1,2026-08-15,North Melbourne,CD_R202626401
CD_I1026294,11,KEY_FORWARD,"https://s.afl.com.au/staticfile/AFL Tenant/AFL/Players/ChampIDImages/AFLW/2026264/1026294.png?im=Scale,width=0.6,height=0.6",Ariana,Hetherington,CD_T8097,COLL,Collingwood,Magpies,1,90.5,0,0,7,1,3,0,3,2,7,1,1,6,12,61,11,6,1,2,1,100,0,1,4,5,5,2,1,0,2,0,0,7,4,0,0,202,2,9,0,0,1,24,1,0,1,2,0,3,0,1,13,2,6,2026-08-16,data//AFLW_2026-08-16.csv,0,1,0.5384615384615384,0.9166666666666666,5,0.8571428571428571,1,0.20833333333333334,0.08333333333333333,1.4,0.3333333333333333,NA,0.46153846153846156,0.5,0,CD_M20262640104,1,2026-08-15,Richmond,CD_R202626401
CD_I1026372,11,MIDFIELDER,"https://s.afl.com.au/staticfile/AFL Tenant/AFL/Players/ChampIDImages/AFLW/2026264/1026372.png?im=Scale,width=0.6,height=0.6",Molly,O'Hehir,CD_T7386,MELB,Melbourne,Demons,1,79,0,0,0,0,3,0,0,0,4,0,0,8,15,61,8,7,0,1,0,0,0,0,4,3,0,0,1,0,8,0,0,12,6,0,0,253,0,8,0,0,3,0,0,0,0,0,0,1,0,0,15,6,11,2026-08-16,data//AFLW_2026-08-16.csv,NA,NA,0.26666666666666666,0.5333333333333333,1,0.5833333333333334,0.3333333333333333,NA,NA,4,0.125,NA,0,0,0,CD_M20262640102,1,2026-08-13,Hawthorn,CD_R202626401
CD_I1026384,26,KEY_DEFENDER,"https://s.afl.com.au/staticfile/AFL Tenant/AFL/Players/ChampIDImages/AFLW/2026264/1026384.png?im=Scale,width=0.6,height=0.6",Indi,Strom,CD_T7886,FRE,Fremantle,Freo,1,83.3,0,0,0,0,2,3,4,0,3,0,0,5,7,25,5,4,0,1,0,0,0,0,3,2,0,0,0,0,5,0,0,5,3,0,0,108,2,5,0,0,3,0,0,0,0,1,0,0,0,0,6,3,3,2026-08-16,data//AFLW_2026-08-16.csv,0.75,NA,0.5,0.7142857142857143,1,0.8,0.5,NA,NA,2.5,0,NA,0,0,0,CD_M20262640107,1,2026-08-16,Port Adelaide,CD_R202626401
CD_I1026412,19,KEY_DEFENDER,"https://s.afl.com.au/staticfile/AFL Tenant/AFL/Players/ChampIDImages/AFLW/2026264/1026412.png?im=Scale,width=0.6,height=0.6",Olivia,Crane,CD_T9409,PORT,Port Adelaide,Power,1,77.7,0,0,0,0,1,0,1,0,2,0,0,6,5,22,5,3,0,1,1,0,0,0,1,2,0,0,0,0,2,0,0,3,1,0,0,67,1,6,0,0,0,0,0,0,0,0,0,2,0,0,5,1,3,2026-08-16,data//AFLW_2026-08-16.csv,0,NA,0.4,1,2,1,1,NA,NA,1.5,0.3333333333333333,NA,0,0,0,CD_M20262640107,1,2026-08-16,Fremantle,CD_R202626401
CD_I1026479,12,KEY_FORWARD,"https://s.afl.com.au/staticfile/AFL Tenant/AFL/Players/ChampIDImages/AFLW/2026264/1026479.png?im=Scale,width=0.6,height=0.6",Olivia,Wolmarans,CD_T8788,RICH,Richmond,Richmond,1,90.1,1,0,0,0,8,0,0,0,5,1,0,1,12,60,4,3,2,1,1,25,0,1,3,3,0,0,3,0,0,0,0,9,6,2,3,154,1,2,0,0,0,0,3,0,4,0,0,1,0,0,12,7,7,2026-08-16,data//AFLW_2026-08-16.csv,NA,0,0.4166666666666667,0.3333333333333333,1,0.3333333333333333,0.3333333333333333,NA,NA,3,0.5,NA,0,0,0,CD_M20262640104,1,2026-08-15,Collingwood,CD_R202626401
CD_I1026531,24,MIDFIELDER_FORWARD,"https://s.afl.com.au/staticfile/AFL Tenant/AFL/Players/ChampIDImages/AFLW/2026264/1026531.png?im=Scale,width=0.6,height=0.6",Charli,Wicksteed,CD_T8788,RICH,Richmond,Richmond,1,74.5,0,0,0,1,2,0,0,0,3,0,0,2,7,38,5,4,2,1,1,33.3,0,1,3,1,0,0,1,0,0,0,0,6,2,0,1,129,0,9,0,0,0,0,2,0,3,0,0,2,0,1,8,3,5,2026-08-16,data//AFLW_2026-08-16.csv,NA,NA,0.375,0.7142857142857143,1,0.6666666666666666,1,NA,NA,6,0.2222222222222222,NA,0,0,0,CD_M20262640104,1,2026-08-15,Collingwood,CD_R202626401
CD_I1026929,31,RUCK,"https://s.afl.com.au/staticfile/AFL Tenant/AFL/Players/ChampIDImages/AFLW/2026264/1026929.png?im=Scale,width=0.6,height=0.6",Lucy,Wales,CD_T9407,HAW,Hawthorn,Hawks,1,94.7,0,0,17,1,2,0,2,1,15,2,1,6,18,119,13,9,1,1,5,0,0,0,8,7,29,8,4,0,6,0,0,11,3,1,0,218,7,19,0,0,0,47,2,0,1,5,5,8,1,6,18,3,3,2026-08-16,data//AFLW_2026-08-16.csv,0,0.5,0.8333333333333334,0.7222222222222222,4,0.8181818181818182,0.5714285714285714,0.6170212765957447,0.1702127659574468,1.5714285714285714,0.42105263157894735,NA,0.8103448275862069,0.8947368421052632,0,CD_M20262640102,1,2026-08-13,Melbourne,CD_R202626401
CD_I1026947,24,MEDIUM_FORWARD,"https://s.afl.com.au/staticfile/AFL Tenant/AFL/Players/ChampIDImages/AFLW/2026264/1026947.png?im=Scale,width=0.6,height=0.6",Chantal,Mason,CD_T8467,GEEL,Geelong Cats,Cats,1,75,0,0,6,0,2,0,0,1,5,0,0,3,5,28,2,0,0,0,0,0,0,0,4,3,1,0,0,0,2,0,0,2,1,0,0,25,0,10,0,0,1,11,0,0,0,0,0,3,2,0,6,3,1,2026-08-16,data//AFLW_2026-08-16.csv,NA,NA,0.8333333333333334,0.4,2,0,0.6666666666666666,0.09090909090909091,0,0.6666666666666666,0.3,NA,0.23404255319148937,0.2727272727272727,0,CD_M20262640109,1,2026-08-15,North Melbourne,CD_R202626401
CD_I1027057,11,MIDFIELDER,"https://s.afl.com.au/staticfile/AFL Tenant/AFL/Players/ChampIDImages/AFLW/2026264/1027057.png?im=Scale,width=0.6,height=0.6",Mia,Russo,CD_T8787,WCE,West Coast Eagles,Eagles,1,46.1,0,0,0,0,1,0,0,0,3,0,0,1,5,20,2,1,0,0,0,0,0,0,2,3,0,0,0,0,1,0,0,2,0,0,0,1,1,6,0,0,0,0,2,0,0,0,0,2,1,0,6,2,3,2026-08-16,data//AFLW_2026-08-16.csv,NA,NA,0.5,0.4,1,0.5,0.3333333333333333,NA,NA,0.6666666666666666,0.3333333333333333,NA,0,0,0,CD_M20262640108,1,2026-08-16,GWS GIANTS,CD_R202626401
CD_I1027544,11,RUCK,"https://s.afl.com.au/staticfile/AFL Tenant/AFL/Players/ChampIDImages/AFLW/2026264/1027544.png?im=Scale,width=0.6,height=0.6",Zoe,Besanko,CD_T8796,STK,St Kilda,St Kilda,1,63,0,0,4,0,1,0,0,0,1,1,0,3,5,31,5,1,1,1,0,0,1,0,1,4,5,0,0,0,1,0,0,1,2,0,1,8,0,10,0,0,0,16,2,0,0,0,0,3,1,0,5,0,4,2026-08-10,data//AFLW_2026-08-10.csv,NA,0,0.2,1,4,1,1,0.3125,0,0.25,0.3,NA,0.26229508196721313,0.21052631578947367,0,CD_M20262640101,1,2026-08-09,Carlton,CD_R202626401
CD_I1027611,16,KEY_DEFENDER,"https://s.afl.com.au/staticfile/AFL Tenant/AFL/Players/ChampIDImages/AFLW/2026264/1027611.png?im=Scale,width=0.6,height=0.6",Zoe,Wakfer,CD_T8787,WCE,West Coast Eagles,Eagles,1,80.9,0,0,0,0,4,0,0,0,3,0,0,4,10,35,7,4,1,4,0,0,0,0,3,3,0,0,2,0,5,1,1,7,4,0,0,185,3,6,0,0,0,0,1,0,0,3,0,2,0,0,10,3,7,2026-08-16,data//AFLW_2026-08-16.csv,NA,NA,0.3,0.7,3,0.5714285714285714,1,NA,NA,2.3333333333333335,0.3333333333333333,1,0,0,0.16666666666666666,CD_M20262640108,1,2026-08-16,GWS GIANTS,CD_R202626401
CD_I1027783,30,RUCK,"https://s.afl.com.au/staticfile/AFL Tenant/AFL/Players/ChampIDImages/AFLW/2026264/1027783.png?im=Scale,width=0.6,height=0.6",Stephanie,Wales,CD_T9406,ESS,Essendon,Bombers,1,73.1,0,0,17,2,3,0,0,0,10,0,0,5,10,57,5,2,0,2,0,0,0,0,7,6,23,5,1,0,2,0,0,4,0,0,0,90,3,8,0,0,3,45,0,0,0,2,2,4,0,4,11,3,1,2026-08-16,data//AFLW_2026-08-16.csv,NA,NA,0.9090909090909091,0.5,3,0.5,0.5,0.5111111111111111,0.1111111111111111,0.6666666666666666,0.5,NA,0.7627118644067796,0.7727272727272727,0,CD_M20262640105,1,2026-08-16,Brisbane Lions,CD_R202626401
CD_I1028464,8,MIDFIELDER_FORWARD,"https://s.afl.com.au/staticfile/AFL Tenant/AFL/Players/ChampIDImages/AFLW/2026264/1028464.png?im=Scale,width=0.6,height=0.6",Dominique,Carruthers,CD_T7387,WB,Western Bulldogs,Bulldogs,1,50.4,0,0,3,0,5,0,0,0,6,0,0,2,12,37,7,1,0,2,1,0,1,0,5,8,0,0,1,0,3,0,0,4,2,0,0,79,0,8,0,0,1,0,2,0,0,0,2,2,1,2,11,4,5,2026-08-16,data//AFLW_2026-08-16.csv,NA,NA,0.5454545454545454,0.5833333333333334,6,0.25,0.75,NA,NA,0.5,0.25,NA,0,0.2727272727272727,0,CD_M20262640103,1,2026-08-15,Gold Coast SUNS,CD_R202626401
CD_I1028846,21,MIDFIELDER,"https://s.afl.com.au/staticfile/AFL Tenant/AFL/Players/ChampIDImages/AFLW/2026264/1028846.png?im=Scale,width=0.6,height=0.6",Heidi,Talbot,CD_T8786,GCFC,Gold Coast SUNS,SUNS,1,72,0,0,0,0,1,0,0,0,4,0,0,6,8,28,4,2,0,0,2,0,0,0,3,5,0,0,2,0,1,0,0,3,1,1,0,37,1,18,0,0,0,0,2,0,1,1,1,1,0,1,8,3,4,2026-08-16,data//AFLW_2026-08-16.csv,NA,NA,0.5,0.5,2,0.6666666666666666,0.4,NA,NA,0.6,0.05555555555555555,NA,0,0,0,CD_M20262640103,1,2026-08-15,Western Bulldogs,CD_R202626401
CD_I1029279,2,MIDFIELDER_FORWARD,"https://s.afl.com.au/staticfile/AFL Tenant/AFL/Players/ChampIDImages/AFLW/2026264/1029279.png?im=Scale,width=0.6,height=0.6",Holly,Cooper,CD_T9408,SYD,Sydney Swans,Swans,1,92.1,2,0,0,0,3,0,0,0,2,0,0,6,9,60,5,3,0,1,1,50,0,2,1,3,0,0,2,0,0,0,0,6,4,3,1,131,1,14,0,0,0,0,6,0,4,0,0,3,0,0,10,5,8,2026-08-16,data//AFLW_2026-08-16.csv,NA,NA,0.2,0.5555555555555556,2,0.5,0.6666666666666666,NA,NA,2,0.21428571428571427,NA,0,0,0,CD_M20262640106,1,2026-08-16,Adelaide Crows,CD_R202626401
CD_I1029614,1,RUCK,"https://s.afl.com.au/staticfile/AFL Tenant/AFL/Players/ChampIDImages/AFLW/2026264/1029614.png?im=Scale,width=0.6,height=0.6",Eleanor,Hartill,CD_T7887,BL,Brisbane Lions,Lions,1,79.2,1,0,7,0,4,0,0,1,8,2,0,1,10,51,6,3,2,3,4,0,0,0,4,3,6,2,3,0,3,0,0,7,2,0,0,122,0,9,0,0,0,18,4,0,2,0,0,4,2,0,11,4,3,2026-08-16,data//AFLW_2026-08-16.csv,NA,0,0.7272727272727273,0.6,3,0.42857142857142855,1,0.3333333333333333,0.1111111111111111,2.3333333333333335,0.4444444444444444,NA,0.3050847457627119,0.3181818181818182,0,CD_M20262640105,1,2026-08-16,Essendon,CD_R202626401
CD_I1029615,14,MEDIUM_DEFENDER,"https://s.afl.com.au/staticfile/AFL Tenant/AFL/Players/ChampIDImages/AFLW/2026264/1029615.png?im=Scale,width=0.6,height=0.6",Erika,O'Shea,CD_T8466,NMFC,North Melbourne,Kangaroos,1,89,1,0,0,0,4,0,0,0,5,0,0,11,19,86,13,7,0,1,0,0,1,0,5,7,0,0,6,0,4,0,0,12,6,0,0,444,1,19,0,0,4,0,4,0,1,1,0,5,0,0,18,2,13,2026-08-16,data//AFLW_2026-08-16.csv,NA,NA,0.2777777777777778,0.6842105263157895,6,0.5833333333333334,0.8571428571428571,NA,NA,1.7142857142857142,0.2631578947368421,NA,0,0,0,CD_M20262640109,1,2026-08-15,Geelong Cats,CD_R202626401
CD_I1029617,25,KEY_DEFENDER,"https://s.afl.com.au/staticfile/AFL Tenant/AFL/Players/ChampIDImages/AFLW/2026264/1029617.png?im=Scale,width=0.6,height=0.6",Cambridge,McCormick,CD_T7889,GWS,GWS GIANTS,GIANTS,1,85,0,0,0,0,2,0,0,1,8,0,0,4,21,81,16,9,0,0,1,0,1,0,6,8,0,0,4,0,9,3,3,13,7,0,1,505,1,6,0,0,4,0,3,0,0,0,0,1,0,0,18,6,10,2026-08-16,data//AFLW_2026-08-16.csv,NA,NA,0.4444444444444444,0.7619047619047619,7,0.6923076923076923,0.875,NA,NA,1.625,0.16666666666666666,1,0,0,0.5,CD_M20262640108,1,2026-08-16,West Coast Eagles,CD_R202626401
CD_I1029618,13,MEDIUM_FORWARD,"https://s.afl.com.au/staticfile/AFL Tenant/AFL/Players/ChampIDImages/AFLW/2026264/1029618.png?im=Scale,width=0.6,height=0.6",Vikki,Wall,CD_T8466,NMFC,North Melbourne,Kangaroos,1,75.8,2,0,0,0,5,0,0,2,6,3,2,4,14,72,10,8,2,3,1,33.3,1,1,3,3,0,0,4,0,1,0,0,11,7,2,0,352,0,12,0,0,2,0,6,0,3,0,0,3,2,0,13,9,7,2026-08-16,data//AFLW_2026-08-16.csv,NA,0.6666666666666666,0.46153846153846156,0.7142857142857143,2,0.7272727272727273,0.6666666666666666,NA,NA,3.6666666666666665,0.25,NA,0,0,0,CD_M20262640109,1,2026-08-15,Geelong Cats,CD_R202626401
CD_I1029621,25,MIDFIELDER_FORWARD,"https://s.afl.com.au/staticfile/AFL Tenant/AFL/Players/ChampIDImages/AFLW/2026264/1029621.png?im=Scale,width=0.6,height=0.6",Megan,Kauffman,CD_T7886,FRE,Fremantle,Freo,1,87.7,0,0,2,0,1,0,0,0,4,0,0,3,16,68,15,3,1,0,2,0,0,0,1,12,0,0,1,0,1,0,0,4,6,0,2,103,2,13,0,0,0,0,5,0,0,1,1,3,1,1,18,2,14,2026-08-16,data//AFLW_2026-08-16.csv,NA,NA,0.2222222222222222,0.9375,12,0.75,1,NA,NA,0.3333333333333333,0.23076923076923078,NA,0,0.16666666666666666,0,CD_M20262640107,1,2026-08-16,Port Adelaide,CD_R202626401
CD_I1029623,14,MIDFIELDER,"https://s.afl.com.au/staticfile/AFL Tenant/AFL/Players/ChampIDImages/AFLW/2026264/1029623.png?im=Scale,width=0.6,height=0.6",Orlagh,Lally,CD_T7886,FRE,Fremantle,Freo,1,67.8,0,0,0,0,5,0,0,0,5,0,0,1,15,53,8,4,0,0,0,0,0,0,5,6,0,0,2,0,2,1,0,9,2,0,0,242,0,5,0,0,2,0,2,0,0,0,3,2,1,3,15,4,10,2026-08-16,data//AFLW_2026-08-16.csv,NA,NA,0.3333333333333333,0.5333333333333333,4,0.4444444444444444,0.6666666666666666,NA,NA,1.5,0.4,0,0,0,0.2,CD_M20262640107,1,2026-08-16,Port Adelaide,CD_R202626401
CD_I1029626,13,KEY_FORWARD,"https://s.afl.com.au/staticfile/AFL Tenant/AFL/Players/ChampIDImages/AFLW/2026264/1029626.png?im=Scale,width=0.6,height=0.6",Aine,McDonagh,CD_T9407,HAW,Hawthorn,Hawks,1,100,0,1,0,0,3,0,0,0,6,1,0,2,16,91,12,9,3,0,3,100,1,3,5,4,0,0,2,0,3,0,0,12,6,2,1,245,1,10,0,0,0,0,5,0,3,1,0,2,1,0,16,4,10,2026-08-16,data//AFLW_2026-08-16.csv,NA,0,0.375,0.75,3,0.75,0.75,NA,NA,3,0.2,NA,0,0,0,CD_M20262640102,1,2026-08-13,Melbourne,CD_R202626401
CD_I1029938,30,MIDFIELDER,"https://s.afl.com.au/staticfile/AFL Tenant/AFL/Players/ChampIDImages/AFLW/2026264/1029938.png?im=Scale,width=0.6,height=0.6",Marlo,Graham,CD_T7887,BL,Brisbane Lions,Lions,1,68.4,1,0,0,2,6,0,0,0,13,0,0,1,20,68,11,5,7,2,2,50,1,1,10,10,0,0,2,0,7,0,0,10,1,0,0,176,0,7,0,0,1,0,5,0,2,0,1,3,2,3,18,3,5,2026-08-16,data//AFLW_2026-08-16.csv,NA,NA,0.7222222222222222,0.55,6,0.5,0.6,NA,NA,1,0.42857142857142855,NA,0,0,0,CD_M20262640105,1,2026-08-16,Essendon,CD_R202626401
CD_I1030188,2,MIDFIELDER,"https://s.afl.com.au/staticfile/AFL Tenant/AFL/Players/ChampIDImages/AFLW/2026264/1030188.png?im=Scale,width=0.6,height=0.6",Sunny,Lappin,CD_T8786,GCFC,Gold Coast SUNS,SUNS,1,70.2,0,0,5,0,2,0,0,0,6,0,0,6,14,47,9,3,1,0,3,0,0,0,4,8,0,0,1,0,3,0,0,6,2,1,0,146,2,14,0,0,0,0,0,0,1,0,1,1,0,1,15,2,9,2026-08-16,data//AFLW_2026-08-16.csv,NA,NA,0.4,0.6428571428571429,6,0.5,0.75,NA,NA,0.75,0.07142857142857142,NA,0,0.45454545454545453,0,CD_M20262640103,1,2026-08-15,Western Bulldogs,CD_R202626401
CD_I1030189,10,MIDFIELDER,"https://s.afl.com.au/staticfile/AFL Tenant/AFL/Players/ChampIDImages/AFLW/2026264/1030189.png?im=Scale,width=0.6,height=0.6",Ava,Usher,CD_T8786,GCFC,Gold Coast SUNS,SUNS,1,80.8,3,0,1,0,3,0,0,0,11,0,0,5,16,78,8,6,2,0,7,0,1,0,6,2,0,0,5,0,6,0,0,14,2,2,0,244,1,14,0,0,0,0,4,0,3,0,1,4,2,1,17,5,6,2026-08-16,data//AFLW_2026-08-16.csv,NA,NA,0.6470588235294118,0.5,2,0.42857142857142855,1,NA,NA,7,0.2857142857142857,NA,0,0.09090909090909091,0,CD_M20262640103,1,2026-08-15,Western Bulldogs,CD_R202626401
CD_I1030195,16,MIDFIELDER,"https://s.afl.com.au/staticfile/AFL Tenant/AFL/Players/ChampIDImages/AFLW/2026264/1030195.png?im=Scale,width=0.6,height=0.6",Mikayla,Nurse,CD_T8786,GCFC,Gold Coast SUNS,SUNS,1,77.1,0,0,0,0,3,0,0,0,2,0,0,2,5,13,3,2,0,1,0,0,0,0,2,2,0,0,2,0,0,0,0,3,1,0,0,127,0,4,0,0,1,0,0,0,0,0,0,0,0,0,6,3,4,2026-08-16,data//AFLW_2026-08-16.csv,NA,NA,0.3333333333333333,0.6,1,0.6666666666666666,0.5,NA,NA,1.5,0,NA,0,0,0,CD_M20262640103,1,2026-08-15,Western Bulldogs,CD_R202626401
CD_I1030199,15,MEDIUM_FORWARD,"https://s.afl.com.au/staticfile/AFL Tenant/AFL/Players/ChampIDImages/AFLW/2026264/1030199.png?im=Scale,width=0.6,height=0.6",Alannah,Welsh,CD_T8786,GCFC,Gold Coast SUNS,SUNS,1,61,1,0,0,0,2,0,0,0,3,0,0,3,5,28,2,0,0,1,2,0,0,0,1,2,0,0,1,0,2,0,0,3,1,0,0,75,0,13,0,0,0,0,1,0,1,0,1,3,2,1,5,1,2,2026-08-16,data//AFLW_2026-08-16.csv,NA,NA,0.6,0.4,2,0,1,NA,NA,1.5,0.23076923076923078,NA,0,0,0,CD_M20262640103,1,2026-08-15,Western Bulldogs,CD_R202626401
CD_I1030201,4,KEY_DEFENDER,"https://s.afl.com.au/staticfile/AFL Tenant/AFL/Players/ChampIDImages/AFLW/2026264/1030201.png?im=Scale,width=0.6,height=0.6",Georja,Davies,CD_T8786,GCFC,Gold Coast SUNS,SUNS,1,78.3,0,0,0,0,5,0,0,1,2,0,0,9,6,26,4,4,0,4,0,0,0,0,1,1,0,0,1,0,2,0,0,5,3,0,0,137,0,9,0,0,2,0,1,0,0,0,0,3,0,0,6,1,4,2026-08-16,data//AFLW_2026-08-16.csv,NA,NA,0.3333333333333333,0.6666666666666666,0,0.8,0,NA,NA,5,0.3333333333333333,NA,0,0,0,CD_M20262640103,1,2026-08-15,Western Bulldogs,CD_R202626401
CD_I1030203,24,KEY_FORWARD,"https://s.afl.com.au/staticfile/AFL Tenant/AFL/Players/ChampIDImages/AFLW/2026264/1030203.png?im=Scale,width=0.6,height=0.6",Dekota,Baron,CD_T8786,GCFC,Gold Coast SUNS,SUNS,1,75.9,0,0,0,0,3,0,0,0,3,0,0,0,6,31,3,3,0,0,1,0,0,0,1,1,0,0,4,0,0,0,0,5,3,0,1,137,1,2,0,0,0,0,2,0,0,0,0,1,1,0,7,3,4,2026-08-16,data//AFLW_2026-08-16.csv,NA,NA,0.42857142857142855,0.5,0,0.6,0,NA,NA,5,0.5,NA,0,0,0,CD_M20262640103,1,2026-08-15,Western Bulldogs,CD_R202626401
CD_I1030373,9,MIDFIELDER_FORWARD,"https://s.afl.com.au/staticfile/AFL Tenant/AFL/Players/ChampIDImages/AFLW/2026264/1030373.png?im=Scale,width=0.6,height=0.6",Mischa,Barwin,CD_T8097,COLL,Collingwood,Magpies,1,87.2,0,0,0,0,1,0,0,1,2,1,0,6,6,46,4,2,0,0,1,0,0,0,0,2,0,0,1,0,2,0,0,4,3,1,0,99,0,16,0,0,0,0,0,0,0,0,0,5,2,0,7,5,5,2026-08-16,data//AFLW_2026-08-16.csv,NA,0,0.2857142857142857,0.6666666666666666,2,0.5,1,NA,NA,2,0.3125,NA,0,0,0,CD_M20262640104,1,2026-08-15,Richmond,CD_R202626401
CD_I1030962,23,MIDFIELDER,"https://s.afl.com.au/staticfile/AFL Tenant/AFL/Players/ChampIDImages/AFLW/2026264/1030962.png?im=Scale,width=0.6,height=0.6",Sophie,Eaton,CD_T9409,PORT,Port Adelaide,Power,1,60.1,0,0,0,0,2,0,0,0,2,0,0,5,9,36,4,2,0,0,0,0,0,0,2,2,0,0,1,0,1,0,0,7,1,0,0,155,0,7,0,0,0,0,0,0,0,0,0,2,0,0,9,3,7,2026-08-16,data//AFLW_2026-08-16.csv,NA,NA,0.2222222222222222,0.4444444444444444,2,0.2857142857142857,1,NA,NA,3.5,0.2857142857142857,NA,0,0,0,CD_M20262640107,1,2026-08-16,Fremantle,CD_R202626401
CD_I1031080,19,MIDFIELDER,"https://s.afl.com.au/staticfile/AFL Tenant/AFL/Players/ChampIDImages/AFLW/2026264/1031080.png?im=Scale,width=0.6,height=0.6",Christina,Leuzzi,CD_T8098,ADEL,Adelaide Crows,Crows,1,75.5,1,0,0,0,0,0,0,0,3,1,0,1,9,44,6,4,1,0,0,66.7,0,2,3,4,0,0,2,0,2,0,0,5,0,0,0,156,1,11,0,0,0,0,5,0,3,0,0,2,1,0,9,2,6,2026-08-16,data//AFLW_2026-08-16.csv,NA,0,0.3333333333333333,0.6666666666666666,2,0.8,0.5,NA,NA,1.25,0.18181818181818182,NA,0,0,0,CD_M20262640106,1,2026-08-16,Sydney Swans,CD_R202626401
CD_I1031272,29,MIDFIELDER,"https://s.afl.com.au/staticfile/AFL Tenant/AFL/Players/ChampIDImages/AFLW/2026264/1031272.png?im=Scale,width=0.6,height=0.6",Indiana,West,CD_T7886,FRE,Fremantle,Freo,1,77.8,0,0,0,0,5,1,3,0,7,0,0,3,12,40,8,4,0,1,1,0,0,0,6,4,0,0,1,0,5,0,0,8,2,0,0,184,0,5,0,0,0,0,0,0,0,0,0,1,0,0,11,3,4,2026-08-16,data//AFLW_2026-08-16.csv,0.3333333333333333,NA,0.6363636363636364,0.6666666666666666,4,0.5,1,NA,NA,2,0.2,NA,0,0,0,CD_M20262640107,1,2026-08-16,Port Adelaide,CD_R202626401
CD_I1031354,22,KEY_FORWARD,"https://s.afl.com.au/staticfile/AFL Tenant/AFL/Players/ChampIDImages/AFLW/2026264/1031354.png?im=Scale,width=0.6,height=0.6",Claire,Mahony,CD_T8466,NMFC,North Melbourne,Kangaroos,1,79.3,0,0,0,0,0,0,0,3,8,0,0,4,15,66,12,9,0,0,0,0,0,0,5,4,0,0,2,0,9,0,0,11,7,0,0,209,0,5,0,0,2,0,2,0,0,0,0,1,0,0,15,3,7,2026-08-16,data//AFLW_2026-08-16.csv,NA,NA,0.5333333333333333,0.8,3,0.8181818181818182,0.75,NA,NA,2.75,0.2,NA,0,0,0,CD_M20262640109,1,2026-08-15,Geelong Cats,CD_R202626401
CD_I1031378,10,MIDFIELDER,"https://s.afl.com.au/staticfile/AFL Tenant/AFL/Players/ChampIDImages/AFLW/2026264/1031378.png?im=Scale,width=0.6,height=0.6",Holly,Ridewood,CD_T9406,ESS,Essendon,Bombers,1,73.8,0,0,0,0,1,0,0,0,3,0,0,12,7,50,6,3,0,1,1,0,0,0,2,3,0,0,0,0,2,0,0,4,2,0,0,114,2,16,0,0,2,0,2,0,0,1,1,7,1,1,7,0,4,2026-08-16,data//AFLW_2026-08-16.csv,NA,NA,0.42857142857142855,0.8571428571428571,3,0.75,1,NA,NA,1.3333333333333333,0.4375,NA,0,0,0,CD_M20262640105,1,2026-08-16,Brisbane Lions,CD_R202626401
CD_I1031390,9,KEY_FORWARD,"https://s.afl.com.au/staticfile/AFL Tenant/AFL/Players/ChampIDImages/AFLW/2026264/1031390.png?im=Scale,width=0.6,height=0.6",Emma,McDonald,CD_T7387,WB,Western Bulldogs,Bulldogs,1,78,0,0,0,0,2,0,0,1,7,0,0,6,9,50,6,4,2,1,3,0,0,0,3,3,0,0,3,0,0,0,0,6,2,0,1,191,1,12,0,0,1,0,2,0,0,1,0,5,2,0,9,2,2,2026-08-16,data//AFLW_2026-08-16.csv,NA,NA,0.7777777777777778,0.6666666666666666,2,0.6666666666666666,0.6666666666666666,NA,NA,2,0.4166666666666667,NA,0,0,0,CD_M20262640103,1,2026-08-15,Gold Coast SUNS,CD_R202626401
CD_I1031398,11,MIDFIELDER,"https://s.afl.com.au/staticfile/AFL Tenant/AFL/Players/ChampIDImages/AFLW/2026264/1031398.png?im=Scale,width=0.6,height=0.6",Isabel,Bacon,CD_T8788,RICH,Richmond,Richmond,1,67.2,0,1,0,0,0,0,2,1,5,0,0,3,5,27,4,1,0,0,0,0,0,0,4,3,0,0,0,0,5,0,0,2,1,0,0,81,0,7,0,0,2,0,0,0,0,0,0,3,0,0,5,1,0,2026-08-16,data//AFLW_2026-08-16.csv,0,NA,1,0.8,3,0.5,1,NA,NA,0.6666666666666666,0.42857142857142855,NA,0,0,0,CD_M20262640104,1,2026-08-15,Collingwood,CD_R202626401
CD_I1031412,33,MEDIUM_FORWARD,"https://s.afl.com.au/staticfile/AFL Tenant/AFL/Players/ChampIDImages/AFLW/2026264/1031412.png?im=Scale,width=0.6,height=0.6",Mackenzie,Ford,CD_T8788,RICH,Richmond,Richmond,1,67.3,0,0,0,0,0,0,0,0,3,0,0,3,8,35,7,3,1,0,1,0,1,0,2,4,0,0,1,0,1,0,0,4,2,0,1,55,0,14,0,0,0,0,1,0,0,0,0,2,0,0,8,0,5,2026-08-16,data//AFLW_2026-08-16.csv,NA,NA,0.375,0.875,4,0.75,1,NA,NA,1,0.14285714285714285,NA,0,0,0,CD_M20262640104,1,2026-08-15,Collingwood,CD_R202626401
CD_I1031784,20,MEDIUM_DEFENDER,"https://s.afl.com.au/staticfile/AFL Tenant/AFL/Players/ChampIDImages/AFLW/2026264/1031784.png?im=Scale,width=0.6,height=0.6",Cleo,Buttifant,CD_T7387,WB,Western Bulldogs,Bulldogs,1,72.2,0,0,0,0,3,0,0,0,8,0,0,4,17,65,9,6,0,1,0,0,0,0,7,6,0,0,1,0,7,0,0,11,5,0,0,268,0,6,0,0,3,0,0,0,0,0,2,2,0,2,17,6,9,2026-08-16,data//AFLW_2026-08-16.csv,NA,NA,0.47058823529411764,0.5294117647058824,3,0.5454545454545454,0.5,NA,NA,1.8333333333333333,0.3333333333333333,NA,0,0,0,CD_M20262640103,1,2026-08-15,Gold Coast SUNS,CD_R202626401
CD_I1032499,32,MIDFIELDER,"https://s.afl.com.au/staticfile/AFL Tenant/AFL/Players/ChampIDImages/AFLW/2026264/1032499.png?im=Scale,width=0.6,height=0.6",Bronte,Parker,CD_T8786,GCFC,Gold Coast SUNS,SUNS,1,57.8,0,0,0,0,5,0,0,0,4,0,0,3,10,40,6,5,0,2,1,0,0,0,3,2,0,0,3,0,4,0,0,8,3,0,0,244,1,4,0,0,0,0,1,0,0,1,1,2,0,1,9,6,5,2026-08-16,data//AFLW_2026-08-16.csv,NA,NA,0.4444444444444444,0.6,1,0.625,0.5,NA,NA,4,0.5,NA,0,0,0,CD_M20262640103,1,2026-08-15,Western Bulldogs,CD_R202626401
CD_I1032556,19,RUCK,"https://s.afl.com.au/staticfile/AFL Tenant/AFL/Players/ChampIDImages/AFLW/2026264/1032556.png?im=Scale,width=0.6,height=0.6",Maddie,Quinn,CD_T9408,SYD,Sydney Swans,Swans,1,81.5,0,0,5,1,3,0,0,0,6,2,1,4,10,51,4,2,2,1,3,0,0,0,3,3,3,1,1,0,0,0,0,7,3,1,2,105,2,11,0,0,0,14,1,0,1,1,1,3,0,2,10,5,4,2026-08-16,data//AFLW_2026-08-16.csv,NA,0.5,0.6,0.4,2,0.2857142857142857,0.6666666666666666,0.21428571428571427,0.07142857142857142,2.3333333333333335,0.2727272727272727,NA,0.25925925925925924,0.25,0,CD_M20262640106,1,2026-08-16,Adelaide Crows,CD_R202626401
CD_I1032565,16,RUCK,"https://s.afl.com.au/staticfile/AFL Tenant/AFL/Players/ChampIDImages/AFLW/2026264/1032565.png?im=Scale,width=0.6,height=0.6",Amaia,Wain,CD_T7387,WB,Western Bulldogs,Bulldogs,1,77.7,0,0,2,0,3,1,1,0,3,0,0,2,4,29,4,3,1,2,2,0,0,0,1,1,3,0,1,0,0,0,0,3,1,0,1,97,0,10,0,0,1,12,0,0,0,0,1,4,2,1,5,4,2,2026-08-16,data//AFLW_2026-08-16.csv,1,NA,0.6,1,1,1,1,0.25,0,3,0.4,NA,0.23076923076923078,0.18181818181818182,0,CD_M20262640103,1,2026-08-15,Gold Coast SUNS,CD_R202626401
CD_I1032569,4,MIDFIELDER,"https://s.afl.com.au/staticfile/AFL Tenant/AFL/Players/ChampIDImages/AFLW/2026264/1032569.png?im=Scale,width=0.6,height=0.6",Kiera,Yerbury,CD_T7889,GWS,GWS GIANTS,GIANTS,1,36.9,0,0,0,0,2,0,0,0,5,0,0,10,8,26,5,1,0,0,0,0,0,0,5,6,0,0,1,0,2,0,0,2,0,0,0,92,2,15,0,0,0,0,1,0,0,1,0,2,0,0,8,2,3,2026-08-16,data//AFLW_2026-08-16.csv,NA,NA,0.625,0.625,4,0.5,0.6666666666666666,NA,NA,0.3333333333333333,0.13333333333333333,NA,0,0,0,CD_M20262640108,1,2026-08-16,West Coast Eagles,CD_R202626401
CD_I1032590,5,MIDFIELDER,"https://s.afl.com.au/staticfile/AFL Tenant/AFL/Players/ChampIDImages/AFLW/2026264/1032590.png?im=Scale,width=0.6,height=0.6",Chloe,Bown,CD_T8098,ADEL,Adelaide Crows,Crows,1,74.1,1,0,0,0,0,0,0,0,5,0,0,1,18,70,10,4,0,0,0,0,2,0,4,8,0,0,2,0,4,0,0,10,5,2,1,193,1,5,0,0,0,0,8,0,3,0,0,2,1,0,18,1,13,2026-08-16,data//AFLW_2026-08-16.csv,NA,NA,0.2777777777777778,0.5555555555555556,6,0.4,0.75,NA,NA,1.25,0.4,NA,0,0,0,CD_M20262640106,1,2026-08-16,Sydney Swans,CD_R202626401
CD_I1032594,37,RUCK,"https://s.afl.com.au/staticfile/AFL Tenant/AFL/Players/ChampIDImages/AFLW/2026264/1032594.png?im=Scale,width=0.6,height=0.6",Josephine,Bamford,CD_T8097,COLL,Collingwood,Magpies,1,79.9,0,0,7,0,2,0,0,0,4,0,0,7,7,37,7,2,1,1,1,0,0,0,3,5,7,2,1,0,1,0,0,2,0,0,0,41,3,14,0,0,1,26,2,0,0,1,2,4,0,2,7,2,3,2026-08-16,data//AFLW_2026-08-16.csv,NA,NA,0.5714285714285714,1,5,1,1,0.2692307692307692,0.07692307692307693,0.4,0.2857142857142857,NA,0.5,0.5,0,CD_M20262640104,1,2026-08-15,Richmond,CD_R202626401
CD_I1032967,32,MIDFIELDER,"https://s.afl.com.au/staticfile/AFL Tenant/AFL/Players/ChampIDImages/AFLW/2026264/1032967.png?im=Scale,width=0.6,height=0.6",Jordyn,Allen,CD_T7386,MELB,Melbourne,Demons,1,82.1,0,0,0,0,4,0,1,0,4,0,0,7,19,69,10,6,0,1,0,0,0,0,4,6,0,0,1,0,4,2,2,13,3,0,0,312,1,9,0,0,4,0,1,0,0,1,0,3,1,0,17,7,13,2026-08-16,data//AFLW_2026-08-16.csv,0,NA,0.23529411764705882,0.5263157894736842,4,0.46153846153846156,0.6666666666666666,NA,NA,2.1666666666666665,0.3333333333333333,1,0,0,0.4,CD_M20262640102,1,2026-08-13,Hawthorn,CD_R202626401
CD_I1032974,14,MIDFIELDER,"https://s.afl.com.au/staticfile/AFL Tenant/AFL/Players/ChampIDImages/AFLW/2026264/1032974.png?im=Scale,width=0.6,height=0.6",Maggie,Johnstone,CD_T9406,ESS,Essendon,Bombers,1,81.6,0,0,5,2,6,0,0,0,5,1,0,1,10,28,6,4,0,3,0,0,0,0,5,3,0,0,3,0,0,0,0,7,2,0,1,233,0,4,0,0,0,0,2,0,0,0,0,1,0,2,10,5,5,2026-08-16,data//AFLW_2026-08-16.csv,NA,0,0.5,0.6,2,0.5714285714285714,0.6666666666666666,NA,NA,2.3333333333333335,0.25,NA,0,0.22727272727272727,0,CD_M20262640105,1,2026-08-16,Brisbane Lions,CD_R202626401
CD_I1032980,33,MEDIUM_FORWARD,"https://s.afl.com.au/staticfile/AFL Tenant/AFL/Players/ChampIDImages/AFLW/2026264/1032980.png?im=Scale,width=0.6,height=0.6",Jovie,Skewes-Clinton,CD_T8787,WCE,West Coast Eagles,Eagles,1,38.2,1,0,0,0,2,0,0,0,2,0,0,1,1,-2,0,0,2,2,0,0,0,0,2,0,0,0,0,0,1,0,0,1,0,0,0,8,0,6,0,0,0,0,1,0,1,0,0,0,0,0,2,2,0,2026-08-16,data//AFLW_2026-08-16.csv,NA,NA,1,0,0,0,NA,NA,NA,Inf,0,NA,0,0,0,CD_M20262640108,1,2026-08-16,GWS GIANTS,CD_R202626401
CD_I1032982,32,KEY_FORWARD,"https://s.afl.com.au/staticfile/AFL Tenant/AFL/Players/ChampIDImages/AFLW/2026264/1032982.png?im=Scale,width=0.6,height=0.6",Abby,Hobson,CD_T8796,STK,St Kilda,St Kilda,1,60.3,0,0,0,0,2,0,0,0,4,1,0,1,10,39,7,2,0,1,1,0,1,0,3,6,0,0,1,0,1,0,0,4,3,1,0,52,1,14,0,0,0,0,2,0,2,1,0,2,1,0,11,1,7,2026-08-10,data//AFLW_2026-08-10.csv,NA,0,0.36363636363636365,0.7,5,0.5,0.8333333333333334,NA,NA,0.6666666666666666,0.14285714285714285,NA,0,0,0,CD_M20262640101,1,2026-08-09,Carlton,CD_R202626401
CD_I1033016,33,MIDFIELDER,"https://s.afl.com.au/staticfile/AFL Tenant/AFL/Players/ChampIDImages/AFLW/2026264/1033016.png?im=Scale,width=0.6,height=0.6",Olivia,Gorman,CD_T8098,ADEL,Adelaide Crows,Crows,1,66.3,0,0,0,0,1,1,1,0,5,0,0,6,9,38,6,0,0,0,1,0,0,0,4,6,0,0,1,0,4,0,0,3,0,0,0,95,0,9,0,0,2,0,1,0,0,0,2,4,0,2,9,3,4,2026-08-16,data//AFLW_2026-08-16.csv,1,NA,0.5555555555555556,0.6666666666666666,6,0,1,NA,NA,0.5,0.4444444444444444,NA,0,0,0,CD_M20262640106,1,2026-08-16,Sydney Swans,CD_R202626401
CD_I1033157,8,KEY_DEFENDER,"https://s.afl.com.au/staticfile/AFL Tenant/AFL/Players/ChampIDImages/AFLW/2026264/1033157.png?im=Scale,width=0.6,height=0.6",Jennifer,Dunne,CD_T7887,BL,Brisbane Lions,Lions,1,87.4,0,0,0,0,1,0,0,0,3,0,0,4,5,25,4,2,0,0,1,0,0,0,1,2,0,0,0,0,2,0,0,3,1,0,0,42,3,6,0,0,1,0,1,0,0,2,0,2,0,0,6,1,3,2026-08-16,data//AFLW_2026-08-16.csv,NA,NA,0.5,0.8,2,0.6666666666666666,1,NA,NA,1.5,0.3333333333333333,NA,0,0,0,CD_M20262640105,1,2026-08-16,Essendon,CD_R202626401
CD_I1033158,17,MIDFIELDER,"https://s.afl.com.au/staticfile/AFL Tenant/AFL/Players/ChampIDImages/AFLW/2026264/1033158.png?im=Scale,width=0.6,height=0.6",Dayna,Finn,CD_T8096,CARL,Carlton,Blues,1,95.6,0,0,0,0,3,0,0,0,8,0,0,2,22,100,15,8,0,1,2,100,0,1,7,8,0,0,3,0,5,0,0,14,7,0,0,307,1,15,0,0,0,0,6,0,1,1,1,4,0,1,23,5,15,2026-08-10,data//AFLW_2026-08-10.csv,NA,NA,0.34782608695652173,0.6818181818181818,7,0.5714285714285714,0.875,NA,NA,1.75,0.26666666666666666,NA,0,0,0,CD_M20262640101,1,2026-08-09,St Kilda,CD_R202626401
CD_I1033159,19,MIDFIELDER,"https://s.afl.com.au/staticfile/AFL Tenant/AFL/Players/ChampIDImages/AFLW/2026264/1033159.png?im=Scale,width=0.6,height=0.6",Erone,Fitzpatrick,CD_T8096,CARL,Carlton,Blues,1,83.4,1,0,4,1,4,0,0,0,9,0,0,4,15,48,10,7,3,2,0,0,1,0,7,5,0,0,4,0,4,0,0,10,3,0,0,306,3,4,0,0,2,0,7,0,1,1,0,1,0,1,17,5,8,2026-08-10,data//AFLW_2026-08-10.csv,NA,NA,0.5294117647058824,0.6666666666666666,3,0.7,0.6,NA,NA,2,0.25,NA,0,0.21052631578947367,0,CD_M20262640101,1,2026-08-09,St Kilda,CD_R202626401
CD_I1033163,7,MEDIUM_FORWARD,"https://s.afl.com.au/staticfile/AFL Tenant/AFL/Players/ChampIDImages/AFLW/2026264/1033163.png?im=Scale,width=0.6,height=0.6",Niamh,Martin,CD_T9407,HAW,Hawthorn,Hawks,1,76,0,0,0,0,1,0,0,0,0,1,0,1,4,12,2,1,0,0,0,0,1,0,0,3,0,0,0,0,0,0,0,1,1,0,0,60,0,10,0,0,0,0,1,0,0,0,0,0,0,0,3,1,3,2026-08-16,data//AFLW_2026-08-16.csv,NA,0,0,0.5,1,1,0.3333333333333333,NA,NA,0.3333333333333333,0,NA,0,0,0,CD_M20262640102,1,2026-08-13,Melbourne,CD_R202626401
CD_I1033164,15,MEDIUM_FORWARD,"https://s.afl.com.au/staticfile/AFL Tenant/AFL/Players/ChampIDImages/AFLW/2026264/1033164.png?im=Scale,width=0.6,height=0.6",Paris,McCarthy,CD_T9408,SYD,Sydney Swans,Swans,1,60.7,0,0,0,0,0,0,0,0,3,0,0,2,3,14,3,0,1,0,0,0,1,0,3,3,0,0,0,0,0,0,0,0,0,0,0,-5,1,9,0,0,0,0,2,0,0,1,1,2,0,1,3,0,0,2026-08-16,data//AFLW_2026-08-16.csv,NA,NA,1,1,3,NA,1,NA,NA,0,0.2222222222222222,NA,0,0,0,CD_M20262640106,1,2026-08-16,Adelaide Crows,CD_R202626401
CD_I1033165,11,MEDIUM_DEFENDER,"https://s.afl.com.au/staticfile/AFL Tenant/AFL/Players/ChampIDImages/AFLW/2026264/1033165.png?im=Scale,width=0.6,height=0.6",Niamh,McLaughlin,CD_T8786,GCFC,Gold Coast SUNS,SUNS,1,95.7,0,0,0,0,3,0,0,1,11,0,0,5,25,77,19,9,0,0,2,0,0,0,9,11,0,0,0,0,10,2,1,14,1,0,0,167,0,8,0,0,5,0,1,0,0,0,1,2,0,1,23,6,12,2026-08-16,data//AFLW_2026-08-16.csv,NA,NA,0.4782608695652174,0.76,10,0.6428571428571429,0.9090909090909091,NA,NA,1.2727272727272727,0.25,0.5,0,0,0.5,CD_M20262640103,1,2026-08-15,Western Bulldogs,CD_R202626401
CD_I1033166,45,KEY_FORWARD,"https://s.afl.com.au/staticfile/AFL Tenant/AFL/Players/ChampIDImages/AFLW/2026264/1033166.png?im=Scale,width=0.6,height=0.6",Aishling,Moloney,CD_T8467,GEEL,Geelong Cats,Cats,1,89,2,0,0,0,1,0,0,0,3,2,1,1,11,34,5,4,2,0,0,0,1,0,2,2,1,0,2,0,1,0,0,9,0,0,0,267,5,9,0,0,0,2,4,0,2,3,0,0,0,0,12,2,9,2026-08-16,data//AFLW_2026-08-16.csv,NA,0.5,0.25,0.45454545454545453,1,0.4444444444444444,0.5,0.5,0,4.5,0,NA,0.0425531914893617,0,0,CD_M20262640109,1,2026-08-15,North Melbourne,CD_R202626401
CD_I1033167,33,RUCK,"https://s.afl.com.au/staticfile/AFL Tenant/AFL/Players/ChampIDImages/AFLW/2026264/1033167.png?im=Scale,width=0.6,height=0.6",Courtney,Murphy,CD_T9406,ESS,Essendon,Bombers,1,26.9,0,0,5,0,1,0,0,0,1,0,0,0,5,15,4,1,0,0,0,0,0,0,0,3,0,0,0,0,1,0,0,2,1,0,0,77,1,0,0,0,0,13,0,0,0,0,0,0,0,0,6,1,5,2026-08-16,data//AFLW_2026-08-16.csv,NA,NA,0.16666666666666666,0.8,3,0.5,1,0,0,0.6666666666666666,NA,NA,0.22033898305084745,0.22727272727272727,0,CD_M20262640105,1,2026-08-16,Brisbane Lions,CD_R202626401
CD_I1033168,24,MEDIUM_DEFENDER,"https://s.afl.com.au/staticfile/AFL Tenant/AFL/Players/ChampIDImages/AFLW/2026264/1033168.png?im=Scale,width=0.6,height=0.6",Julie,O'Sullivan,CD_T9408,SYD,Sydney Swans,Swans,1,67.6,0,0,0,2,4,0,0,0,4,0,0,6,11,49,4,4,0,1,1,0,0,0,3,1,0,0,6,0,1,0,0,10,1,0,0,237,1,10,0,0,0,0,2,0,0,0,0,4,1,2,9,4,5,2026-08-16,data//AFLW_2026-08-16.csv,NA,NA,0.4444444444444444,0.36363636363636365,0,0.4,0,NA,NA,10,0.4,NA,0,0,0,CD_M20262640106,1,2026-08-16,Adelaide Crows,CD_R202626401
CD_I1033348,1,MIDFIELDER,"https://s.afl.com.au/staticfile/AFL Tenant/AFL/Players/ChampIDImages/AFLW/2026264/1033348.png?im=Scale,width=0.6,height=0.6",Imogen,Brown,CD_T9408,SYD,Sydney Swans,Swans,1,67,1,0,0,0,1,0,0,1,5,0,0,12,10,70,5,2,0,0,0,50,1,1,4,6,0,0,1,0,3,0,0,4,5,3,0,113,1,16,0,0,0,0,4,0,2,1,0,6,0,0,10,2,5,2026-08-16,data//AFLW_2026-08-16.csv,NA,NA,0.5,0.5,3,0.5,0.5,NA,NA,0.6666666666666666,0.375,NA,0,0,0,CD_M20262640106,1,2026-08-16,Adelaide Crows,CD_R202626401
CD_I1033496,28,MIDFIELDER,"https://s.afl.com.au/staticfile/AFL Tenant/AFL/Players/ChampIDImages/AFLW/2026264/1033496.png?im=Scale,width=0.6,height=0.6",Amy,Smith,CD_T8097,COLL,Collingwood,Magpies,1,23,0,1,0,0,1,0,0,0,2,0,0,4,5,26,5,4,0,1,1,0,0,0,1,1,0,0,0,0,2,1,0,4,2,0,0,37,1,5,0,0,0,0,1,0,0,0,0,2,0,0,6,1,4,2026-08-16,data//AFLW_2026-08-16.csv,NA,NA,0.3333333333333333,1,1,1,1,NA,NA,4,0.4,0,0,0,0.1111111111111111,CD_M20262640104,1,2026-08-15,Richmond,CD_R202626401
CD_I1033877,11,MEDIUM_FORWARD,"https://s.afl.com.au/staticfile/AFL Tenant/AFL/Players/ChampIDImages/AFLW/2026264/1033877.png?im=Scale,width=0.6,height=0.6",Nalu,Brothwell,CD_T9406,ESS,Essendon,Bombers,1,73.7,0,0,0,0,1,0,0,0,3,1,0,1,9,41,7,3,0,1,0,0,1,0,3,5,0,0,1,0,0,0,0,4,2,0,0,54,0,9,0,0,0,0,2,0,1,0,0,4,2,0,8,1,5,2026-08-16,data//AFLW_2026-08-16.csv,NA,0,0.375,0.7777777777777778,4,0.75,0.8,NA,NA,0.8,0.4444444444444444,NA,0,0,0,CD_M20262640105,1,2026-08-16,Brisbane Lions,CD_R202626401
CD_I1034054,25,KEY_DEFENDER,"https://s.afl.com.au/staticfile/AFL Tenant/AFL/Players/ChampIDImages/AFLW/2026264/1034054.png?im=Scale,width=0.6,height=0.6",Zara,Neuwirth,CD_T8097,COLL,Collingwood,Magpies,1,79.8,0,0,0,0,0,0,1,0,1,0,0,7,3,16,2,2,0,0,0,0,0,0,1,1,0,0,0,0,2,1,1,2,0,0,0,61,2,7,0,0,1,0,0,0,0,2,0,2,0,0,1,0,0,2026-08-16,data//AFLW_2026-08-16.csv,0,NA,1,0.6666666666666666,0,1,0,NA,NA,2,0.2857142857142857,1,0,0,0.1111111111111111,CD_M20262640104,1,2026-08-15,Richmond,CD_R202626401
CD_I1035371,12,MIDFIELDER,"https://s.afl.com.au/staticfile/AFL Tenant/AFL/Players/ChampIDImages/AFLW/2026264/1035371.png?im=Scale,width=0.6,height=0.6",Ryleigh,Wotherspoon,CD_T7386,MELB,Melbourne,Demons,1,66.4,1,0,0,0,2,0,0,0,4,2,0,3,4,32,3,2,0,2,2,0,1,0,1,1,0,0,1,0,0,0,0,3,0,0,0,70,1,18,0,0,0,0,4,0,1,0,0,6,3,0,6,2,2,2026-08-16,data//AFLW_2026-08-16.csv,NA,0,0.6666666666666666,0.75,1,0.6666666666666666,1,NA,NA,3,0.3333333333333333,NA,0,0,0,CD_M20262640102,1,2026-08-13,Hawthorn,CD_R202626401
CD_I1035375,24,MEDIUM_FORWARD,"https://s.afl.com.au/staticfile/AFL Tenant/AFL/Players/ChampIDImages/AFLW/2026264/1035375.png?im=Scale,width=0.6,height=0.6",Amy,Boyle-Carr,CD_T8098,ADEL,Adelaide Crows,Crows,1,55.4,2,0,0,0,2,0,0,0,5,0,0,2,11,56,6,1,4,0,0,25,0,1,5,5,0,0,1,0,0,0,0,6,4,3,2,89,0,5,0,0,0,0,4,0,4,0,0,2,1,0,11,2,6,2026-08-16,data//AFLW_2026-08-16.csv,NA,NA,0.45454545454545453,0.5454545454545454,5,0.16666666666666666,1,NA,NA,1.2,0.4,NA,0,0,0,CD_M20262640106,1,2026-08-16,Sydney Swans,CD_R202626401
CD_I1035558,22,MIDFIELDER_FORWARD,"https://s.afl.com.au/staticfile/AFL Tenant/AFL/Players/ChampIDImages/AFLW/2026264/1035558.png?im=Scale,width=0.6,height=0.6",Imogen,Trengove,CD_T8097,COLL,Collingwood,Magpies,1,92.3,1,0,0,0,6,0,0,0,6,1,0,5,12,38,6,2,1,0,0,0,0,0,5,7,0,0,3,0,3,0,0,5,0,0,0,176,1,12,0,0,0,0,2,0,1,0,2,2,0,2,12,6,6,2026-08-16,data//AFLW_2026-08-16.csv,NA,0,0.5,0.5,4,0.4,0.5714285714285714,NA,NA,0.7142857142857143,0.16666666666666666,NA,0,0,0,CD_M20262640104,1,2026-08-15,Richmond,CD_R202626401
CD_I1036083,15,RUCK,"https://s.afl.com.au/staticfile/AFL Tenant/AFL/Players/ChampIDImages/AFLW/2026264/1036083.png?im=Scale,width=0.6,height=0.6",Eilish,O'Dowd,CD_T7889,GWS,GWS GIANTS,GIANTS,1,100,1,0,0,0,1,0,0,0,12,1,1,11,19,85,9,3,3,0,4,0,0,0,8,10,0,0,1,0,4,0,0,9,3,2,1,261,0,16,0,0,1,0,4,0,2,0,1,6,0,1,19,6,7,2026-08-16,data//AFLW_2026-08-16.csv,NA,1,0.631578947368421,0.47368421052631576,6,0.3333333333333333,0.6,NA,NA,0.9,0.375,NA,0,0,0,CD_M20262640108,1,2026-08-16,West Coast Eagles,CD_R202626401
CD_I1036297,18,RUCK,"https://s.afl.com.au/staticfile/AFL Tenant/AFL/Players/ChampIDImages/AFLW/2026264/1036297.png?im=Scale,width=0.6,height=0.6",Piper,Dunlop,CD_T8467,GEEL,Geelong Cats,Cats,1,64.2,0,0,16,0,3,0,2,1,4,0,0,4,5,32,3,0,0,2,0,0,0,0,3,4,20,7,1,0,3,0,0,1,1,0,0,30,1,9,0,0,0,28,3,0,0,0,0,1,0,0,6,1,2,2026-08-16,data//AFLW_2026-08-16.csv,0,NA,0.6666666666666666,0.6,3,0,0.75,0.7142857142857143,0.25,0.25,0.1111111111111111,NA,0.5957446808510638,0.7272727272727273,0,CD_M20262640109,1,2026-08-15,North Melbourne,CD_R202626401
CD_I1036298,11,MIDFIELDER,"https://s.afl.com.au/staticfile/AFL Tenant/AFL/Players/ChampIDImages/AFLW/2026264/1036298.png?im=Scale,width=0.6,height=0.6",Caitlin,Fletcher,CD_T7889,GWS,GWS GIANTS,GIANTS,1,79.9,0,0,0,0,0,0,2,1,2,0,0,4,5,15,4,2,0,0,0,0,0,0,1,3,0,0,0,0,2,0,0,2,1,0,0,100,3,4,0,0,2,0,1,0,0,3,0,0,0,0,5,1,3,2026-08-16,data//AFLW_2026-08-16.csv,0,NA,0.4,0.8,2,1,0.6666666666666666,NA,NA,0.6666666666666666,0,NA,0,0,0,CD_M20262640108,1,2026-08-16,West Coast Eagles,CD_R202626401
CD_I1036302,10,MEDIUM_FORWARD,"https://s.afl.com.au/staticfile/AFL Tenant/AFL/Players/ChampIDImages/AFLW/2026264/1036302.png?im=Scale,width=0.6,height=0.6",Blaithin,Bogue,CD_T8466,NMFC,North Melbourne,Kangaroos,1,80.5,0,0,0,0,3,0,0,0,3,1,0,1,14,71,9,8,3,0,0,100,1,3,3,2,0,0,2,0,0,0,0,12,3,2,0,244,0,6,0,0,0,0,7,0,3,0,0,1,0,0,12,3,9,2026-08-16,data//AFLW_2026-08-16.csv,NA,0,0.25,0.6428571428571429,1,0.6666666666666666,0.5,NA,NA,6,0.16666666666666666,NA,0,0,0,CD_M20262640109,1,2026-08-15,Geelong Cats,CD_R202626401
CD_I1037133,20,MIDFIELDER_FORWARD,"https://s.afl.com.au/staticfile/AFL Tenant/AFL/Players/ChampIDImages/AFLW/2026264/1037133.png?im=Scale,width=0.6,height=0.6",Sanne,Bakker,CD_T8787,WCE,West Coast Eagles,Eagles,1,68.9,0,0,0,0,4,0,0,0,4,0,0,3,6,19,3,1,2,2,0,0,0,0,3,4,0,0,2,0,2,0,0,2,1,0,0,65,2,9,0,0,1,0,0,0,0,2,1,2,2,1,6,5,2,2026-08-16,data//AFLW_2026-08-16.csv,NA,NA,0.6666666666666666,0.5,2,0.5,0.5,NA,NA,0.5,0.2222222222222222,NA,0,0,0,CD_M20262640108,1,2026-08-16,GWS GIANTS,CD_R202626401
CD_I1037629,29,RUCK,"https://s.afl.com.au/staticfile/AFL Tenant/AFL/Players/ChampIDImages/AFLW/2026264/1037629.png?im=Scale,width=0.6,height=0.6",Yasmeen,Janschek,CD_T7889,GWS,GWS GIANTS,GIANTS,1,79.3,0,0,15,0,5,0,1,1,6,0,0,10,8,58,3,2,0,2,1,0,0,0,4,2,18,8,2,0,2,0,0,6,1,0,0,117,0,14,0,0,1,39,4,0,0,0,1,5,0,1,8,3,2,2026-08-16,data//AFLW_2026-08-16.csv,0,NA,0.75,0.375,1,0.3333333333333333,0.5,0.46153846153846156,0.20512820512820512,3,0.35714285714285715,NA,0.75,0.8823529411764706,0,CD_M20262640108,1,2026-08-16,West Coast Eagles,CD_R202626401
CD_I1037639,35,MIDFIELDER,"https://s.afl.com.au/staticfile/AFL Tenant/AFL/Players/ChampIDImages/AFLW/2026264/1037639.png?im=Scale,width=0.6,height=0.6",Lily,Quigley,CD_T8786,GCFC,Gold Coast SUNS,SUNS,1,66.1,0,0,0,0,1,0,0,0,0,1,0,2,2,10,2,2,0,1,0,0,0,0,0,0,0,0,1,0,0,0,0,2,1,0,0,56,0,4,0,0,0,0,1,0,0,0,0,1,0,0,2,1,2,2026-08-16,data//AFLW_2026-08-16.csv,NA,0,0,1,0,1,NA,NA,NA,Inf,0.25,NA,0,0,0,CD_M20262640103,1,2026-08-15,Western Bulldogs,CD_R202626401
CD_I1042084,34,MIDFIELDER,"https://s.afl.com.au/staticfile/AFL Tenant/AFL/Players/ChampIDImages/AFLW/2026264/1042084.png?im=Scale,width=0.6,height=0.6",Baia,Pugh,CD_T8788,RICH,Richmond,Richmond,1,76.5,0,0,0,0,1,0,0,0,6,0,0,2,14,45,11,6,2,1,1,0,0,0,4,5,0,0,0,0,3,0,0,9,2,0,0,157,1,4,0,0,0,0,4,0,0,0,1,1,0,1,16,2,10,2026-08-16,data//AFLW_2026-08-16.csv,NA,NA,0.375,0.7857142857142857,5,0.6666666666666666,1,NA,NA,1.8,0.25,NA,0,0,0,CD_M20262640104,1,2026-08-15,Collingwood,CD_R202626401
CD_I1042237,14,KEY_DEFENDER,"https://s.afl.com.au/staticfile/AFL Tenant/AFL/Players/ChampIDImages/AFLW/2026264/1042237.png?im=Scale,width=0.6,height=0.6",Siofra,O'Connell,CD_T8096,CARL,Carlton,Blues,1,74.4,0,0,0,0,1,0,0,0,6,0,0,8,12,44,8,1,0,0,0,0,0,0,5,8,0,0,0,0,7,0,0,4,0,0,0,65,5,9,0,0,1,0,1,0,0,3,0,4,0,0,12,3,6,2026-08-10,data//AFLW_2026-08-10.csv,NA,NA,0.5,0.6666666666666666,7,0.25,0.875,NA,NA,0.5,0.4444444444444444,NA,0,0,0,CD_M20262640101,1,2026-08-09,St Kilda,CD_R202626401
CD_I1042264,21,MEDIUM_FORWARD,"https://s.afl.com.au/staticfile/AFL Tenant/AFL/Players/ChampIDImages/AFLW/2026264/1042264.png?im=Scale,width=0.6,height=0.6",Amy,Gavin Mangan,CD_T8466,NMFC,North Melbourne,Kangaroos,1,67.9,1,0,0,0,1,0,0,0,4,0,0,7,12,49,9,6,1,1,0,0,0,0,1,3,0,0,4,0,2,0,0,9,2,0,0,295,1,11,0,0,1,0,4,0,1,0,1,3,0,1,13,2,9,2026-08-16,data//AFLW_2026-08-16.csv,NA,NA,0.3076923076923077,0.75,3,0.6666666666666666,1,NA,NA,3,0.2727272727272727,NA,0,0,0,CD_M20262640109,1,2026-08-15,Geelong Cats,CD_R202626401
CD_I1042277,16,MEDIUM_FORWARD,"https://s.afl.com.au/staticfile/AFL Tenant/AFL/Players/ChampIDImages/AFLW/2026264/1042277.png?im=Scale,width=0.6,height=0.6",Matilda,Banfield,CD_T7886,FRE,Fremantle,Freo,1,87.2,0,0,0,0,2,0,0,1,2,1,0,3,13,67,7,4,1,0,0,100,0,1,1,4,0,0,1,0,1,0,0,9,6,1,1,214,0,7,0,0,2,0,2,0,1,0,0,2,0,0,13,5,11,2026-08-16,data//AFLW_2026-08-16.csv,NA,0,0.15384615384615385,0.5384615384615384,3,0.4444444444444444,0.75,NA,NA,2.25,0.2857142857142857,NA,0,0,0,CD_M20262640107,1,2026-08-16,Port Adelaide,CD_R202626401
CD_I1042707,22,MEDIUM_DEFENDER,"https://s.afl.com.au/staticfile/AFL Tenant/AFL/Players/ChampIDImages/AFLW/2026264/1042707.png?im=Scale,width=0.6,height=0.6",Kayleigh,Cronin,CD_T8098,ADEL,Adelaide Crows,Crows,1,71.2,0,0,2,0,2,0,1,0,3,1,0,0,10,52,6,2,0,1,0,0,0,0,3,5,5,2,3,0,3,0,0,5,3,0,0,179,1,7,0,0,2,10,3,0,0,0,0,4,1,0,10,4,7,2026-08-16,data//AFLW_2026-08-16.csv,0,0,0.3,0.6,4,0.4,0.8,0.5,0.2,1,0.5714285714285714,NA,0.18518518518518517,0.1,0,CD_M20262640106,1,2026-08-16,Sydney Swans,CD_R202626401
CD_I1042794,13,MEDIUM_DEFENDER,"https://s.afl.com.au/staticfile/AFL Tenant/AFL/Players/ChampIDImages/AFLW/2026264/1042794.png?im=Scale,width=0.6,height=0.6",Aoibhin,Cleary,CD_T8788,RICH,Richmond,Richmond,1,63.5,0,0,0,0,7,0,0,0,2,1,0,1,8,50,4,3,1,1,0,0,0,0,2,2,0,0,4,0,0,0,0,6,5,0,0,112,0,11,0,0,0,0,3,0,0,0,0,4,1,0,8,3,6,2026-08-16,data//AFLW_2026-08-16.csv,NA,0,0.25,0.5,1,0.5,0.5,NA,NA,3,0.36363636363636365,NA,0,0,0,CD_M20262640104,1,2026-08-15,Collingwood,CD_R202626401
CD_I1042795,13,MEDIUM_FORWARD,"https://s.afl.com.au/staticfile/AFL Tenant/AFL/Players/ChampIDImages/AFLW/2026264/1042795.png?im=Scale,width=0.6,height=0.6",Neasa,Dooley,CD_T7887,BL,Brisbane Lions,Lions,1,74.6,0,0,0,0,0,0,0,1,3,0,0,2,8,54,5,2,2,0,0,66.7,1,2,2,3,0,0,0,0,1,0,0,5,3,3,1,100,1,6,0,0,0,0,4,0,3,1,0,3,1,0,7,0,4,2026-08-16,data//AFLW_2026-08-16.csv,NA,NA,0.42857142857142855,0.625,3,0.4,1,NA,NA,1.6666666666666667,0.5,NA,0,0,0,CD_M20262640105,1,2026-08-16,Essendon,CD_R202626401
CD_I1042797,27,MEDIUM_FORWARD,"https://s.afl.com.au/staticfile/AFL Tenant/AFL/Players/ChampIDImages/AFLW/2026264/1042797.png?im=Scale,width=0.6,height=0.6",Grace,Kos,CD_T7889,GWS,GWS GIANTS,GIANTS,1,96.7,0,0,17,1,5,0,1,0,4,0,0,6,7,31,7,2,0,4,1,0,1,0,2,5,0,0,1,0,1,0,0,2,2,0,0,55,1,11,0,0,0,0,2,0,0,1,2,5,0,3,6,2,2,2026-08-16,data//AFLW_2026-08-16.csv,0,NA,0.6666666666666666,1,5,1,1,NA,NA,0.4,0.45454545454545453,NA,0,1,0,CD_M20262640108,1,2026-08-16,West Coast Eagles,CD_R202626401
CD_I1048156,28,MEDIUM_DEFENDER,"https://s.afl.com.au/staticfile/AFL Tenant/AFL/Players/ChampIDImages/AFLW/2026264/1048156.png?im=Scale,width=0.6,height=0.6",Emma,Murray,CD_T8467,GEEL,Geelong Cats,Cats,1,59.4,0,0,0,0,4,1,1,0,6,0,0,11,9,34,6,3,1,2,2,0,0,0,4,3,0,0,0,0,4,0,0,6,2,0,0,40,0,12,0,0,0,0,1,0,0,0,1,2,0,1,10,4,4,2026-08-16,data//AFLW_2026-08-16.csv,1,NA,0.6,0.6666666666666666,3,0.5,1,NA,NA,2,0.16666666666666666,NA,0,0,0,CD_M20262640109,1,2026-08-15,North Melbourne,CD_R202626401
CD_I1048494,33,MEDIUM_DEFENDER,"https://s.afl.com.au/staticfile/AFL Tenant/AFL/Players/ChampIDImages/AFLW/2026264/1048494.png?im=Scale,width=0.6,height=0.6",Aoife,Healy,CD_T7886,FRE,Fremantle,Freo,1,82.5,0,0,0,0,1,0,1,0,8,0,0,10,13,52,11,6,0,1,1,0,0,0,6,5,0,0,1,0,12,0,0,8,4,0,0,120,2,13,0,0,3,0,1,0,0,1,0,2,0,0,12,0,4,2026-08-16,data//AFLW_2026-08-16.csv,0,NA,0.6666666666666666,0.8461538461538461,5,0.75,1,NA,NA,1.6,0.15384615384615385,NA,0,0,0,CD_M20262640107,1,2026-08-16,Port Adelaide,CD_R202626401
CD_I296125,2,MIDFIELDER,"https://s.afl.com.au/staticfile/AFL Tenant/AFL/Players/ChampIDImages/AFLW/2026264/296125.png?im=Scale,width=0.6,height=0.6",Ellie,Blackburn,CD_T7387,WB,Western Bulldogs,Bulldogs,1,78.3,0,0,7,1,4,0,0,0,1,1,0,5,21,70,12,6,0,1,1,0,1,0,1,6,0,0,3,0,1,0,0,15,1,0,0,232,0,11,0,0,1,0,3,0,1,0,0,3,1,1,16,3,15,2026-08-16,data//AFLW_2026-08-16.csv,NA,0,0.0625,0.5714285714285714,6,0.4,1,NA,NA,2.5,0.2727272727272727,NA,0,0.6363636363636364,0,CD_M20262640103,1,2026-08-15,Gold Coast SUNS,CD_R202626401
CD_I296154,25,MIDFIELDER,"https://s.afl.com.au/staticfile/AFL Tenant/AFL/Players/ChampIDImages/AFLW/2026264/296154.png?im=Scale,width=0.6,height=0.6",Jasmine,Garner,CD_T8466,NMFC,North Melbourne,Kangaroos,1,82.7,0,0,18,1,6,0,0,0,13,0,0,8,35,130,24,9,1,0,3,100,1,1,8,17,0,0,4,0,6,0,0,18,3,1,1,355,1,16,0,0,2,0,11,0,1,0,3,6,1,4,35,8,22,2026-08-16,data//AFLW_2026-08-16.csv,NA,NA,0.37142857142857144,0.6857142857142857,15,0.5,0.8823529411764706,NA,NA,1.0588235294117647,0.375,NA,0,0.8181818181818182,0,CD_M20262640109,1,2026-08-15,Geelong Cats,CD_R202626401
CD_I296158,35,MEDIUM_DEFENDER,"https://s.afl.com.au/staticfile/AFL Tenant/AFL/Players/ChampIDImages/AFLW/2026264/296158.png?im=Scale,width=0.6,height=0.6",Bianca,Jakobsson,CD_T8796,STK,St Kilda,St Kilda,1,89,0,0,0,0,4,1,2,0,5,0,0,14,13,61,11,5,0,2,0,0,0,0,4,6,0,0,0,0,6,1,1,7,6,0,0,67,2,17,0,0,4,0,0,0,0,1,0,4,0,0,13,2,8,2026-08-10,data//AFLW_2026-08-10.csv,0.5,NA,0.38461538461538464,0.8461538461538461,6,0.7142857142857143,1,NA,NA,1.1666666666666667,0.23529411764705882,1,0,0,0.08333333333333333,CD_M20262640101,1,2026-08-09,Carlton,CD_R202626401
CD_I997649,10,MIDFIELDER_FORWARD,"https://s.afl.com.au/staticfile/AFL Tenant/AFL/Players/ChampIDImages/AFLW/2026264/997649.png?im=Scale,width=0.6,height=0.6",Kaitlyn,Ashmore,CD_T9407,HAW,Hawthorn,Hawks,1,65.6,0,0,0,0,1,0,0,0,3,0,0,3,11,54,9,4,0,0,0,100,0,1,3,5,0,0,2,0,4,0,0,6,4,0,0,187,2,4,0,0,1,0,2,0,1,2,0,2,1,0,11,2,8,2026-08-16,data//AFLW_2026-08-16.csv,NA,NA,0.2727272727272727,0.8181818181818182,5,0.6666666666666666,1,NA,NA,1.2,0.5,NA,0,0,0,CD_M20262640102,1,2026-08-13,Melbourne,CD_R202626401
CD_I997663,3,MEDIUM_DEFENDER,"https://s.afl.com.au/staticfile/AFL Tenant/AFL/Players/ChampIDImages/AFLW/2026264/997663.png?im=Scale,width=0.6,height=0.6",Darcy,Vescio,CD_T8096,CARL,Carlton,Blues,1,76.8,1,0,0,0,0,0,0,1,4,2,1,2,11,63,9,7,1,0,0,50,0,2,3,2,0,0,3,0,0,0,0,9,5,3,1,245,2,7,0,0,0,0,7,0,4,1,0,1,1,0,10,2,6,2026-08-10,data//AFLW_2026-08-10.csv,NA,0.5,0.4,0.8181818181818182,2,0.7777777777777778,1,NA,NA,4.5,0.14285714285714285,NA,0,0,0,CD_M20262640101,1,2026-08-09,St Kilda,CD_R202626401
CD_I997686,35,MIDFIELDER_FORWARD,"https://s.afl.com.au/staticfile/AFL Tenant/AFL/Players/ChampIDImages/AFLW/2026264/997686.png?im=Scale,width=0.6,height=0.6",Kirsty,Lamb,CD_T9409,PORT,Port Adelaide,Power,1,64.2,0,0,0,0,1,0,0,0,3,0,0,2,5,29,2,1,0,0,1,0,0,0,1,2,0,0,2,0,1,0,0,3,1,1,0,70,2,10,0,0,0,0,1,0,0,1,0,3,0,0,6,2,3,2026-08-16,data//AFLW_2026-08-16.csv,NA,NA,0.5,0.4,1,0.3333333333333333,0.5,NA,NA,1.5,0.3,NA,0,0,0,CD_M20262640107,1,2026-08-16,Fremantle,CD_R202626401
CD_I997700,11,MEDIUM_DEFENDER,"https://s.afl.com.au/staticfile/AFL Tenant/AFL/Players/ChampIDImages/AFLW/2026264/997700.png?im=Scale,width=0.6,height=0.6",Eliza,Shannon,CD_T8466,NMFC,North Melbourne,Kangaroos,1,76.4,0,0,0,0,5,0,1,1,4,0,0,7,12,49,6,4,0,1,0,0,0,0,3,6,0,0,0,0,5,0,0,6,6,0,1,133,1,10,0,0,1,0,1,0,0,1,0,1,0,0,13,5,9,2026-08-16,data//AFLW_2026-08-16.csv,0,NA,0.3076923076923077,0.5,2,0.6666666666666666,0.3333333333333333,NA,NA,1,0.1,NA,0,0,0,CD_M20262640109,1,2026-08-15,Geelong Cats,CD_R202626401
CD_I997708,14,MIDFIELDER,"https://s.afl.com.au/staticfile/AFL Tenant/AFL/Players/ChampIDImages/AFLW/2026264/997708.png?im=Scale,width=0.6,height=0.6",Lily,Mithen,CD_T8786,GCFC,Gold Coast SUNS,SUNS,1,65.1,0,0,0,0,2,0,0,0,2,0,0,6,8,36,5,5,0,0,2,0,0,0,0,0,0,0,2,0,0,0,0,8,2,0,0,208,0,11,0,0,2,0,1,0,0,0,0,1,0,0,8,2,6,2026-08-16,data//AFLW_2026-08-16.csv,NA,NA,0.25,0.625,0,0.625,NA,NA,NA,Inf,0.09090909090909091,NA,0,0,0,CD_M20262640103,1,2026-08-15,Western Bulldogs,CD_R202626401
CD_I997709,3,MIDFIELDER,"https://s.afl.com.au/staticfile/AFL Tenant/AFL/Players/ChampIDImages/AFLW/2026264/997709.png?im=Scale,width=0.6,height=0.6",Amy,McDonald,CD_T8467,GEEL,Geelong Cats,Cats,1,75.7,0,0,17,5,1,0,0,0,17,0,0,9,26,78,18,7,3,0,1,100,0,1,11,15,0,0,6,0,6,0,0,11,0,0,0,380,0,12,0,0,1,0,6,0,1,0,2,2,0,7,26,3,9,2026-08-16,data//AFLW_2026-08-16.csv,NA,NA,0.6538461538461539,0.6923076923076923,11,0.6363636363636364,0.7333333333333333,NA,NA,0.7333333333333333,0.16666666666666666,NA,0,0.7727272727272727,0,CD_M20262640109,1,2026-08-15,North Melbourne,CD_R202626401
CD_I997725,12,KEY_DEFENDER,"https://s.afl.com.au/staticfile/AFL Tenant/AFL/Players/ChampIDImages/AFLW/2026264/997725.png?im=Scale,width=0.6,height=0.6",Isabel,Huntington,CD_T7889,GWS,GWS GIANTS,GIANTS,1,53.6,0,0,0,0,1,0,0,1,4,0,0,3,7,24,4,3,0,0,0,0,0,0,2,3,0,0,0,0,4,0,0,4,2,0,0,154,4,3,0,0,4,0,2,0,0,3,0,0,0,0,8,3,4,2026-08-16,data//AFLW_2026-08-16.csv,NA,NA,0.5,0.5714285714285714,1,0.75,0.3333333333333333,NA,NA,1.3333333333333333,0,NA,0,0,0,CD_M20262640108,1,2026-08-16,West Coast Eagles,CD_R202626401
CD_I997728,7,MIDFIELDER,"https://s.afl.com.au/staticfile/AFL Tenant/AFL/Players/ChampIDImages/AFLW/2026264/997728.png?im=Scale,width=0.6,height=0.6",Deanna,Berry,CD_T7387,WB,Western Bulldogs,Bulldogs,1,70.9,1,0,1,1,0,0,0,0,6,2,0,4,11,32,5,3,1,0,0,0,0,0,6,5,0,0,1,0,3,0,0,6,1,0,0,88,2,10,0,0,0,0,2,0,1,1,0,0,0,1,11,1,5,2026-08-16,data//AFLW_2026-08-16.csv,NA,0,0.5454545454545454,0.45454545454545453,2,0.5,0.4,NA,NA,1.2,0,NA,0,0.09090909090909091,0,CD_M20262640103,1,2026-08-15,Gold Coast SUNS,CD_R202626401
CD_I997729,8,MIDFIELDER,"https://s.afl.com.au/staticfile/AFL Tenant/AFL/Players/ChampIDImages/AFLW/2026264/997729.png?im=Scale,width=0.6,height=0.6",Brittany,Bonnici,CD_T8097,COLL,Collingwood,Magpies,1,79.8,0,0,12,1,4,0,0,0,12,0,0,11,23,85,17,5,0,2,1,0,0,0,10,14,0,0,1,0,4,0,0,9,1,0,0,223,1,18,0,0,0,0,2,0,0,1,2,8,1,3,23,3,11,2026-08-16,data//AFLW_2026-08-16.csv,NA,NA,0.5217391304347826,0.7391304347826086,12,0.5555555555555556,0.8571428571428571,NA,NA,0.6428571428571429,0.4444444444444444,NA,0,0.8571428571428571,0,CD_M20262640104,1,2026-08-15,Richmond,CD_R202626401
CD_I997745,2,MIDFIELDER_FORWARD,"https://s.afl.com.au/staticfile/AFL Tenant/AFL/Players/ChampIDImages/AFLW/2026264/997745.png?im=Scale,width=0.6,height=0.6",Georgia,Gee,CD_T9406,ESS,Essendon,Bombers,1,69.4,0,0,0,0,1,0,0,0,4,0,0,5,14,63,9,5,1,0,1,0,1,0,2,6,0,0,2,0,3,0,0,8,6,0,0,192,1,12,0,0,0,0,2,0,0,0,0,2,0,0,15,2,11,2026-08-16,data//AFLW_2026-08-16.csv,NA,NA,0.26666666666666666,0.6428571428571429,4,0.625,0.6666666666666666,NA,NA,1.3333333333333333,0.16666666666666666,NA,0,0,0,CD_M20262640105,1,2026-08-16,Brisbane Lions,CD_R202626401
CD_I998029,2,MEDIUM_FORWARD,"https://s.afl.com.au/staticfile/AFL Tenant/AFL/Players/ChampIDImages/AFLW/2026264/998029.png?im=Scale,width=0.6,height=0.6",Alicia,Eva,CD_T7889,GWS,GWS GIANTS,GIANTS,1,95.6,1,0,0,0,3,0,0,0,7,2,1,6,14,59,5,4,1,0,2,0,1,0,4,1,0,0,1,0,1,0,0,13,1,0,0,286,1,12,0,0,1,0,2,0,1,1,1,3,0,1,13,3,6,2026-08-16,data//AFLW_2026-08-16.csv,NA,0.5,0.5384615384615384,0.35714285714285715,1,0.3076923076923077,1,NA,NA,13,0.25,NA,0,0,0,CD_M20262640108,1,2026-08-16,West Coast Eagles,CD_R202626401
CD_I998030,2,MIDFIELDER,"https://s.afl.com.au/staticfile/AFL Tenant/AFL/Players/ChampIDImages/AFLW/2026264/998030.png?im=Scale,width=0.6,height=0.6",Kiara,Bowers,CD_T7886,FRE,Fremantle,Freo,1,73.2,0,0,11,3,3,0,0,0,12,0,0,8,24,109,18,13,0,2,1,0,0,0,7,9,0,0,1,0,3,0,0,15,5,0,0,322,2,14,0,0,2,0,2,0,0,0,2,9,0,5,25,1,13,2026-08-16,data//AFLW_2026-08-16.csv,NA,NA,0.48,0.75,5,0.8666666666666667,0.5555555555555556,NA,NA,1.6666666666666667,0.6428571428571429,NA,0,0.9166666666666666,0,CD_M20262640107,1,2026-08-16,Port Adelaide,CD_R202626401
CD_I998032,13,MEDIUM_DEFENDER,"https://s.afl.com.au/staticfile/AFL Tenant/AFL/Players/ChampIDImages/AFLW/2026264/998032.png?im=Scale,width=0.6,height=0.6",Emma,Swanson,CD_T8787,WCE,West Coast Eagles,Eagles,1,90,0,0,4,1,4,1,1,0,1,0,0,6,10,47,8,5,0,1,1,0,0,0,0,3,0,0,2,0,0,1,1,7,2,0,1,212,1,13,0,0,2,0,1,0,0,1,0,4,1,1,9,2,8,2026-08-16,data//AFLW_2026-08-16.csv,1,NA,0.1111111111111111,0.8,3,0.7142857142857143,1,NA,NA,2.3333333333333335,0.3076923076923077,1,0,0.23529411764705882,0.16666666666666666,CD_M20262640108,1,2026-08-16,GWS GIANTS,CD_R202626401
CD_I998039,7,KEY_FORWARD,"https://s.afl.com.au/staticfile/AFL Tenant/AFL/Players/ChampIDImages/AFLW/2026264/998039.png?im=Scale,width=0.6,height=0.6",Tayla,Harris,CD_T7386,MELB,Melbourne,Demons,1,77.8,0,0,4,0,2,0,0,2,8,2,1,4,17,74,9,4,1,0,3,0,2,0,3,7,4,2,4,0,3,0,0,10,5,0,2,372,3,7,0,0,1,14,5,0,0,3,1,2,0,1,18,4,10,2026-08-16,data//AFLW_2026-08-16.csv,NA,0.5,0.4444444444444444,0.5294117647058824,5,0.4,0.7142857142857143,0.2857142857142857,0.14285714285714285,1.4285714285714286,0.2857142857142857,NA,0.23728813559322035,0.21052631578947367,0,CD_M20262640102,1,2026-08-13,Hawthorn,CD_R202626401
CD_I998040,19,MIDFIELDER,"https://s.afl.com.au/staticfile/AFL Tenant/AFL/Players/ChampIDImages/AFLW/2026264/998040.png?im=Scale,width=0.6,height=0.6",Hayley,Miller,CD_T7886,FRE,Fremantle,Freo,1,69.3,0,0,0,0,4,0,0,0,2,0,0,3,11,31,7,2,0,1,0,100,0,1,2,8,0,0,1,0,0,0,0,3,1,1,1,92,0,4,0,0,0,0,1,0,1,0,0,0,0,0,12,5,10,2026-08-16,data//AFLW_2026-08-16.csv,NA,NA,0.16666666666666666,0.6363636363636364,5,0.6666666666666666,0.625,NA,NA,0.375,0,NA,0,0,0,CD_M20262640107,1,2026-08-16,Port Adelaide,CD_R202626401
CD_I998041,2,MEDIUM_FORWARD,"https://s.afl.com.au/staticfile/AFL Tenant/AFL/Players/ChampIDImages/AFLW/2026264/998041.png?im=Scale,width=0.6,height=0.6",Kellie-Maree,Gibson,CD_T8787,WCE,West Coast Eagles,Eagles,1,79.2,0,0,1,0,2,0,0,0,4,0,0,3,8,44,5,5,0,0,1,33.3,0,1,1,1,0,0,0,0,1,0,0,7,2,0,0,146,0,11,0,0,2,0,3,0,3,0,2,2,2,2,8,1,4,2026-08-16,data//AFLW_2026-08-16.csv,NA,NA,0.5,0.625,0,0.7142857142857143,0,NA,NA,7,0.18181818181818182,NA,0,0.058823529411764705,0,CD_M20262640108,1,2026-08-16,GWS GIANTS,CD_R202626401
CD_I998149,4,MEDIUM_DEFENDER,"https://s.afl.com.au/staticfile/AFL Tenant/AFL/Players/ChampIDImages/AFLW/2026264/998149.png?im=Scale,width=0.6,height=0.6",Paxy,Paxman,CD_T7386,MELB,Melbourne,Demons,1,53.7,0,0,0,0,1,0,0,0,2,0,0,3,12,43,10,5,1,1,0,0,0,0,2,5,0,0,3,0,3,0,0,7,1,0,0,192,3,6,0,0,0,0,3,0,0,2,0,3,0,0,12,2,10,2026-08-16,data//AFLW_2026-08-16.csv,NA,NA,0.16666666666666666,0.8333333333333334,5,0.7142857142857143,1,NA,NA,1.4,0.5,NA,0,0,0,CD_M20262640102,1,2026-08-13,Hawthorn,CD_R202626401
CD_I998155,1,MIDFIELDER,"https://s.afl.com.au/staticfile/AFL Tenant/AFL/Players/ChampIDImages/AFLW/2026264/998155.png?im=Scale,width=0.6,height=0.6",Emily,Bates,CD_T9407,HAW,Hawthorn,Hawks,1,83,0,0,13,0,3,0,0,0,8,0,0,6,21,76,13,1,2,1,0,0,0,0,8,13,0,0,1,0,6,0,0,8,3,0,0,160,1,18,0,0,0,0,0,0,0,0,1,5,0,1,21,8,13,2026-08-16,data//AFLW_2026-08-16.csv,NA,NA,0.38095238095238093,0.6190476190476191,12,0.125,0.9230769230769231,NA,NA,0.6153846153846154,0.2777777777777778,NA,0,0.6842105263157895,0,CD_M20262640102,1,2026-08-13,Melbourne,CD_R202626401
CD_I998157,3,MEDIUM_FORWARD,"https://s.afl.com.au/staticfile/AFL Tenant/AFL/Players/ChampIDImages/AFLW/2026264/998157.png?im=Scale,width=0.6,height=0.6",Katie,Brennan,CD_T8788,RICH,Richmond,Richmond,1,84.7,0,0,0,0,2,0,0,1,3,1,0,4,14,65,11,10,0,2,0,50,0,1,2,2,0,0,3,0,1,0,0,12,7,1,0,223,0,9,0,0,0,0,4,0,2,0,0,1,0,0,14,2,11,2026-08-16,data//AFLW_2026-08-16.csv,NA,0,0.21428571428571427,0.7857142857142857,1,0.8333333333333334,0.5,NA,NA,6,0.1111111111111111,NA,0,0,0,CD_M20262640104,1,2026-08-15,Collingwood,CD_R202626401
