playerId,jumperNumber,playerPosition,photoURL,playerName.givenName,playerName.surname,team.teamId,team.teamAbbr,team.teamName,team.teamNickname,matchesPlayed,timeOnGroundPercentage,behinds,bounces,centreBounceAttendances,centreClearances,clangers,contestDefLosses,contestDefOneOnOnes,contestedMarks,contestedPossessions,contestOffOneOnOnes,contestOffWins,defHalfPressureActs,disposals,dreamTeamPoints,effectiveDisposals,effectiveKicks,f50GroundBallGets,freesAgainst,freesFor,goalAccuracy,goalAssists,goals,groundBallGets,handballs,hitouts,hitoutsToAdvantage,inside50s,interceptMarks,intercepts,kickins,kickinsPlayon,kicks,marks,marksInside50,marksOnLead,metresGained,onePercenters,pressureActs,ranking,ratingPoints,rebound50s,ruckContests,scoreInvolvements,scoreLaunches,shotsAtGoal,spoils,stoppageClearances,tackles,tacklesInside50,totalClearances,totalPossessions,turnovers,uncontestedPossessions,datePulled,filename,contestDefLossPercentage,contestOffWinsPercentage,contestedPossessionRate,disposalEfficiency,effectiveHandballs,kickEfficiency,handballEfficiency,hitoutWinPercentage,contestsToHTARate,kickToHandballRatio,effectiveTacklePerPressureAct,kickinPlayonRate,ruckContestShare,cbaAttendanceRate,kickInShare,matchId,round,date,opponent,roundId
CD_I1001686,60,RUCK,"https://s.afl.com.au/staticfile/AFL Tenant/AFL/Players/ChampIDImages/AFLW/2026264/1001686.png?im=Scale,width=0.6,height=0.6",Emma,King,CD_T8466,NMFC,North Melbourne,Kangaroos,4,58.30000000000001,0,0,3,0,3,0,0,0,1,0,0,1,3,10,3,1,1,2,0,50,0,0,1,2,5,1,1,0,0,0,0,1,0,0,0,45,2,6,0,0,0,12,2,0,0,2,0,1,1,0,3,1,2,2026-09-13,data//AFLW_2026-09-13.csv,NA,NA,0.3333333333333333,1,2,1,1,0.4166666666666667,0.08333333333333333,0.5,0.16666666666666666,NA,0.24,0.2727272727272727,0,CD_M20262640508,5,2026-09-13,Carlton,CD_R202626405
CD_I1003019,1,KEY_FORWARD,"https://s.afl.com.au/staticfile/AFL Tenant/AFL/Players/ChampIDImages/AFLW/2026264/1003019.png?im=Scale,width=0.6,height=0.6",Sabrina,Frederick,CD_T8097,COLL,Collingwood,Magpies,4,32.60000000000001,0,0,6,1,1,0,1,0,4,1,0,6,6,29,4,2,0,1,0,0,0,0,4,4,10,0,0,0,1,0,0,2,0,0,0,44,2,7,0,0,0,15,2,0,0,2,0,2,0,1,6,1,2,2026-09-13,data//AFLW_2026-09-13.csv,0,0,0.6666666666666666,0.6666666666666666,2,1,0.5,0.6666666666666666,0,0.5,0.2857142857142857,NA,0.3,0.35294117647058826,0,CD_M20262640502,5,2026-09-12,Gold Coast SUNS,CD_R202626405
CD_I1003020,3,MIDFIELDER,"https://s.afl.com.au/staticfile/AFL Tenant/AFL/Players/ChampIDImages/AFLW/2026264/1003020.png?im=Scale,width=0.6,height=0.6",Brianna,Davey,CD_T8097,COLL,Collingwood,Magpies,4,71.19999999999999,1,0,12,1,7,0,0,2,7,0,0,8,18,77,9,5,0,2,1,0,1,0,5,7,0,0,2,0,1,0,0,11,6,3,0,201,0,12,0,0,0,0,4,0,1,0,0,4,1,1,17,5,10,2026-09-13,data//AFLW_2026-09-13.csv,NA,NA,0.4117647058823529,0.5,4,0.45454545454545453,0.5714285714285714,NA,NA,1.5714285714285714,0.3333333333333333,NA,0,0.7058823529411765,0,CD_M20262640502,5,2026-09-12,Gold Coast SUNS,CD_R202626405
CD_I1003023,16,MEDIUM_FORWARD,"https://s.afl.com.au/staticfile/AFL Tenant/AFL/Players/ChampIDImages/AFLW/2026264/1003023.png?im=Scale,width=0.6,height=0.6",Tahlia,Randall,CD_T8466,NMFC,North Melbourne,Kangaroos,5,77.5,3,0,0,0,2,0,0,1,4,2,1,1,6,45,2,2,2,1,0,42.9,0,1,2,1,2,1,0,0,2,0,0,5,4,2,2,114,6,6,0,0,0,3,5,0,4,4,0,2,1,0,8,2,4,2026-09-13,data//AFLW_2026-09-13.csv,NA,0.5,0.5,0.3333333333333333,0,0.4,0,0.6666666666666666,0.3333333333333333,5,0.3333333333333333,NA,0.06,0,0,CD_M20262640508,5,2026-09-13,Carlton,CD_R202626405
CD_I1004415,9,MEDIUM_DEFENDER,"https://s.afl.com.au/staticfile/AFL Tenant/AFL/Players/ChampIDImages/AFLW/2026264/1004415.png?im=Scale,width=0.6,height=0.6",Jaimee,Lambert,CD_T8796,STK,St Kilda,St Kilda,5,73.39999999999998,1,0,12,3,2,0,0,0,10,0,0,8,21,89,17,7,1,1,2,0,0,0,8,12,0,0,1,0,2,0,0,9,2,0,1,203,0,15,0,0,0,0,4,0,1,0,1,8,1,4,22,1,12,2026-09-13,data//AFLW_2026-09-13.csv,NA,NA,0.45454545454545453,0.8095238095238095,10,0.7777777777777778,0.8333333333333334,NA,NA,0.75,0.5333333333333333,NA,0,0.631578947368421,0,CD_M20262640506,5,2026-09-13,Richmond,CD_R202626405
CD_I1005258,2,MEDIUM_DEFENDER,"https://s.afl.com.au/staticfile/AFL Tenant/AFL/Players/ChampIDImages/AFLW/2026264/1005258.png?im=Scale,width=0.6,height=0.6",Eloise,Jones,CD_T8098,ADEL,Adelaide Crows,Crows,5,75.5,0,0,0,0,2,1,2,2,7,0,0,3,11,45,10,7,0,1,2,0,0,0,3,3,0,0,1,0,6,0,0,8,4,0,0,145,2,4,0,0,2,0,2,0,0,1,1,1,0,1,13,0,6,2026-09-13,data//AFLW_2026-09-13.csv,0.5,NA,0.5384615384615384,0.9090909090909091,3,0.875,1,NA,NA,2.6666666666666665,0.25,NA,0,0,0,CD_M20262640503,5,2026-09-12,Geelong Cats,CD_R202626405
CD_I1005264,8,MIDFIELDER,"https://s.afl.com.au/staticfile/AFL Tenant/AFL/Players/ChampIDImages/AFLW/2026264/1005264.png?im=Scale,width=0.6,height=0.6",Ashleigh,Woodland,CD_T9409,PORT,Port Adelaide,Power,5,82.39999999999998,1,0,13,1,5,0,0,1,10,0,0,11,16,85,9,2,2,1,1,40,0,0,7,9,0,0,2,0,6,0,0,7,5,0,1,71,0,20,0,0,0,0,3,0,1,0,3,8,0,4,17,3,7,2026-09-13,data//AFLW_2026-09-13.csv,NA,NA,0.5882352941176471,0.5625,7,0.2857142857142857,0.7777777777777778,NA,NA,0.7777777777777778,0.4,NA,0,0.8666666666666667,0,CD_M20262640505,5,2026-09-13,Melbourne,CD_R202626405
CD_I1005269,34,MIDFIELDER,"https://s.afl.com.au/staticfile/AFL Tenant/AFL/Players/ChampIDImages/AFLW/2026264/1005269.png?im=Scale,width=0.6,height=0.6",Anne,Hatchard,CD_T8786,GCFC,Gold Coast SUNS,SUNS,5,83.89999999999998,1,0,7,2,7,0,0,0,7,1,0,5,17,66,8,1,1,1,1,12.5,0,1,3,10,0,0,1,0,1,0,0,7,4,1,2,198,0,8,0,0,2,0,4,0,3,0,1,2,0,3,16,5,9,2026-09-13,data//AFLW_2026-09-13.csv,NA,0,0.4375,0.47058823529411764,7,0.14285714285714285,0.7,NA,NA,0.7,0.25,NA,0,0.4117647058823529,0,CD_M20262640502,5,2026-09-12,Collingwood,CD_R202626405
CD_I1005279,10,MIDFIELDER,"https://s.afl.com.au/staticfile/AFL Tenant/AFL/Players/ChampIDImages/AFLW/2026264/1005279.png?im=Scale,width=0.6,height=0.6",Ebony,Marinoff,CD_T8098,ADEL,Adelaide Crows,Crows,5,86.69999999999999,0,0,14,2,4,0,0,0,15,0,0,10,28,122,18,12,2,1,3,66.7,1,0,12,12,0,0,5,0,6,0,0,16,2,0,1,438,1,22,0,0,1,0,7,0,1,1,4,11,2,6,26,6,11,2026-09-13,data//AFLW_2026-09-13.csv,NA,NA,0.5769230769230769,0.6428571428571429,6,0.75,0.5,NA,NA,1.3333333333333333,0.5,NA,0,0.7777777777777778,0,CD_M20262640503,5,2026-09-12,Geelong Cats,CD_R202626405
CD_I1005285,39,KEY_DEFENDER,"https://s.afl.com.au/staticfile/AFL Tenant/AFL/Players/ChampIDImages/AFLW/2026264/1005285.png?im=Scale,width=0.6,height=0.6",Sarah,Allan,CD_T8098,ADEL,Adelaide Crows,Crows,5,93.5,0,0,0,0,2,0,3,0,3,0,0,9,9,41,8,5,0,0,1,0,0,0,2,4,0,0,0,0,3,1,1,5,3,0,0,127,3,12,0,0,4,0,0,0,0,3,0,2,0,0,8,3,5,2026-09-13,data//AFLW_2026-09-13.csv,0,NA,0.375,0.8888888888888888,3,1,0.75,NA,NA,1.25,0.16666666666666666,1,0,0,0.1111111111111111,CD_M20262640503,5,2026-09-12,Geelong Cats,CD_R202626405
CD_I1005361,3,MEDIUM_FORWARD,"https://s.afl.com.au/staticfile/AFL Tenant/AFL/Players/ChampIDImages/AFLW/2026264/1005361.png?im=Scale,width=0.6,height=0.6",Daria,Bannister,CD_T9406,ESS,Essendon,Bombers,1,26.4,0,0,0,0,1,0,0,1,3,0,0,1,4,23,2,1,0,0,1,0,0,0,1,1,0,0,0,0,2,0,0,3,1,1,0,40,0,6,0,0,0,0,1,0,2,0,1,2,1,1,3,1,0,2026-09-13,data//AFLW_2026-09-13.csv,NA,NA,1,0.5,1,0.3333333333333333,1,NA,NA,3,0.3333333333333333,NA,0,0,0,CD_M20262640509,5,2026-09-13,Fremantle,CD_R202626405
CD_I1005452,17,MIDFIELDER,"https://s.afl.com.au/staticfile/AFL Tenant/AFL/Players/ChampIDImages/AFLW/2026264/1005452.png?im=Scale,width=0.6,height=0.6",Nicola,Barr,CD_T8796,STK,St Kilda,St Kilda,4,77.80000000000001,1,1,0,0,4,0,0,0,7,0,0,1,13,33,8,2,0,2,0,0,0,0,6,8,0,0,2,0,6,0,0,5,1,1,0,188,2,3,0,0,1,0,2,0,1,1,0,1,0,0,14,3,7,2026-09-13,data//AFLW_2026-09-13.csv,NA,NA,0.5,0.6153846153846154,6,0.4,0.75,NA,NA,0.625,0.3333333333333333,NA,0,0,0,CD_M20262640506,5,2026-09-13,Richmond,CD_R202626405
CD_I1005453,6,MIDFIELDER,"https://s.afl.com.au/staticfile/AFL Tenant/AFL/Players/ChampIDImages/AFLW/2026264/1005453.png?im=Scale,width=0.6,height=0.6",Rebecca,Beeson,CD_T7889,GWS,GWS GIANTS,GIANTS,5,82.10000000000002,0,0,21,6,5,0,0,0,15,0,0,9,25,79,11,4,1,2,0,60,0,0,13,12,0,0,5,0,6,0,0,13,2,0,0,315,1,15,0,0,1,0,3,0,0,0,2,4,0,8,25,9,10,2026-09-13,data//AFLW_2026-09-13.csv,NA,NA,0.6,0.44,7,0.3076923076923077,0.5833333333333334,NA,NA,1.0833333333333333,0.26666666666666666,NA,0,0.84,0,CD_M20262640507,5,2026-09-13,Sydney Swans,CD_R202626405
CD_I1005630,18,MIDFIELDER,"https://s.afl.com.au/staticfile/AFL Tenant/AFL/Players/ChampIDImages/AFLW/2026264/1005630.png?im=Scale,width=0.6,height=0.6",Alexandra,Anderson,CD_T7887,BL,Brisbane Lions,Lions,1,70.2,0,3,8,1,5,0,0,0,9,0,0,2,20,65,12,5,1,2,1,0,0,0,8,10,0,0,2,0,5,0,0,10,4,0,2,186,0,7,0,0,1,0,1,0,0,0,2,2,2,3,21,7,12,2026-09-13,data//AFLW_2026-09-13.csv,NA,NA,0.42857142857142855,0.6,7,0.5,0.7,NA,NA,1,0.2857142857142857,NA,0,0.5,0,CD_M20262640504,5,2026-09-12,West Coast Eagles,CD_R202626405
CD_I1005661,3,MEDIUM_DEFENDER,"https://s.afl.com.au/staticfile/AFL Tenant/AFL/Players/ChampIDImages/AFLW/2026264/1005661.png?im=Scale,width=0.6,height=0.6",Breanna,Koenen,CD_T7887,BL,Brisbane Lions,Lions,5,90.69999999999999,0,0,0,0,3,1,7,1,4,0,0,5,17,50,14,11,0,2,0,0,0,0,3,4,0,0,0,0,6,6,6,13,3,0,0,220,6,5,0,0,1,0,1,0,0,6,0,0,0,0,11,4,7,2026-09-13,data//AFLW_2026-09-13.csv,0.14285714285714285,NA,0.36363636363636365,0.8235294117647058,3,0.8461538461538461,0.75,NA,NA,3.25,0,1,0,0,0.6666666666666666,CD_M20262640504,5,2026-09-12,West Coast Eagles,CD_R202626405
CD_I1005955,1,MEDIUM_FORWARD,"https://s.afl.com.au/staticfile/AFL Tenant/AFL/Players/ChampIDImages/AFLW/2026264/1005955.png?im=Scale,width=0.6,height=0.6",Justine,Mules-Robinson,CD_T9409,PORT,Port Adelaide,Power,5,74.89999999999998,0,0,0,0,3,0,0,0,2,0,0,7,12,37,5,1,1,1,0,0,1,0,2,6,0,0,3,0,2,0,0,6,2,0,1,138,1,17,0,0,0,0,2,0,0,0,0,1,1,0,11,3,9,2026-09-13,data//AFLW_2026-09-13.csv,NA,NA,0.18181818181818182,0.4166666666666667,4,0.16666666666666666,0.6666666666666666,NA,NA,1,0.058823529411764705,NA,0,0,0,CD_M20262640505,5,2026-09-13,Melbourne,CD_R202626405
CD_I1006997,20,MIDFIELDER,"https://s.afl.com.au/staticfile/AFL Tenant/AFL/Players/ChampIDImages/AFLW/2026264/1006997.png?im=Scale,width=0.6,height=0.6",Stephanie,Cain,CD_T9406,ESS,Essendon,Bombers,5,76.39999999999998,1,3,8,0,4,0,0,0,7,0,0,4,14,60,6,3,1,1,0,0,0,0,3,6,0,0,2,0,3,0,0,8,2,0,0,299,2,12,0,0,3,0,3,0,1,1,2,5,0,2,14,3,7,2026-09-13,data//AFLW_2026-09-13.csv,NA,NA,0.5,0.42857142857142855,3,0.375,0.5,NA,NA,1.3333333333333333,0.4166666666666667,NA,0,0.7272727272727273,0,CD_M20262640509,5,2026-09-13,Fremantle,CD_R202626405
CD_I1007006,11,MEDIUM_DEFENDER,"https://s.afl.com.au/staticfile/AFL Tenant/AFL/Players/ChampIDImages/AFLW/2026264/1007006.png?im=Scale,width=0.6,height=0.6",Jas,Grierson,CD_T9408,SYD,Sydney Swans,Swans,1,66.5,0,0,0,0,1,2,2,0,4,0,0,4,8,26,2,0,0,0,1,0,0,0,3,3,0,0,1,0,4,1,1,5,0,0,0,100,0,7,0,0,0,0,1,0,0,0,0,1,0,0,6,2,2,2026-09-13,data//AFLW_2026-09-13.csv,1,NA,0.6666666666666666,0.25,2,0,0.6666666666666666,NA,NA,1.6666666666666667,0.14285714285714285,1,0,0,0.125,CD_M20262640507,5,2026-09-13,GWS GIANTS,CD_R202626405
CD_I1007011,8,MEDIUM_DEFENDER,"https://s.afl.com.au/staticfile/AFL Tenant/AFL/Players/ChampIDImages/AFLW/2026264/1007011.png?im=Scale,width=0.6,height=0.6",Sarah,Lampard,CD_T7386,MELB,Melbourne,Demons,5,95.30000000000001,0,0,0,0,2,0,2,0,8,0,0,7,13,51,9,5,0,1,0,0,0,0,6,6,0,0,0,0,9,1,0,7,3,0,0,171,2,7,0,0,3,0,3,0,0,0,0,3,0,0,16,2,8,2026-09-13,data//AFLW_2026-09-13.csv,0,NA,0.5,0.6923076923076923,4,0.7142857142857143,0.6666666666666666,NA,NA,1.1666666666666667,0.42857142857142855,0,0,0,0.09090909090909091,CD_M20262640505,5,2026-09-13,Port Adelaide,CD_R202626405
CD_I1007017,22,MIDFIELDER,"https://s.afl.com.au/staticfile/AFL Tenant/AFL/Players/ChampIDImages/AFLW/2026264/1007017.png?im=Scale,width=0.6,height=0.6",Tilly,Lucas-Rodd,CD_T7889,GWS,GWS GIANTS,GIANTS,5,81.80000000000001,0,0,0,0,0,0,0,0,5,0,0,8,21,64,15,7,0,0,0,0,1,0,5,10,0,0,3,0,4,3,3,11,1,0,0,318,1,12,0,0,4,0,1,0,0,0,0,2,0,0,17,2,12,2026-09-13,data//AFLW_2026-09-13.csv,NA,NA,0.29411764705882354,0.7142857142857143,8,0.6363636363636364,0.8,NA,NA,1.1,0.16666666666666666,1,0,0,0.375,CD_M20262640507,5,2026-09-13,Sydney Swans,CD_R202626405
CD_I1007026,6,MEDIUM_DEFENDER,"https://s.afl.com.au/staticfile/AFL Tenant/AFL/Players/ChampIDImages/AFLW/2026264/1007026.png?im=Scale,width=0.6,height=0.6",Gabriella,Pound,CD_T8096,CARL,Carlton,Blues,4,39.69999999999999,0,0,0,0,0,0,0,0,0,0,0,1,3,11,3,2,0,0,0,0,0,0,0,1,0,0,0,0,0,1,1,2,1,0,0,47,1,1,0,0,0,0,0,0,0,1,0,0,0,0,2,0,2,2026-09-13,data//AFLW_2026-09-13.csv,NA,NA,0,1,1,1,1,NA,NA,2,0,1,0,0,0.1111111111111111,CD_M20262640508,5,2026-09-13,North Melbourne,CD_R202626405
CD_I1007029,14,MEDIUM_DEFENDER,"https://s.afl.com.au/staticfile/AFL Tenant/AFL/Players/ChampIDImages/AFLW/2026264/1007029.png?im=Scale,width=0.6,height=0.6",Belinda,Smith,CD_T8787,WCE,West Coast Eagles,Eagles,5,71.19999999999999,0,0,0,0,1,0,0,0,1,0,0,4,5,21,5,3,0,1,0,0,0,0,1,2,0,0,0,0,3,0,0,3,1,0,0,51,0,6,0,0,1,0,0,0,0,0,0,2,0,0,4,0,3,2026-09-13,data//AFLW_2026-09-13.csv,NA,NA,0.25,1,2,1,1,NA,NA,1.5,0.3333333333333333,NA,0,0,0,CD_M20262640504,5,2026-09-12,Brisbane Lions,CD_R202626405
CD_I1007130,20,MEDIUM_DEFENDER,"https://s.afl.com.au/staticfile/AFL Tenant/AFL/Players/ChampIDImages/AFLW/2026264/1007130.png?im=Scale,width=0.6,height=0.6",Shannon,Campbell,CD_T7887,BL,Brisbane Lions,Lions,5,82.39999999999998,0,0,0,0,2,0,0,2,6,3,2,1,8,49,3,3,1,1,2,20,0,1,2,0,0,0,1,0,1,0,0,8,4,3,2,176,0,10,0,0,0,0,2,0,3,0,0,2,0,0,8,2,2,2026-09-13,data//AFLW_2026-09-13.csv,NA,0.6666666666666666,0.75,0.375,0,0.375,NA,NA,NA,Inf,0.2,NA,0,0,0,CD_M20262640504,5,2026-09-12,West Coast Eagles,CD_R202626405
CD_I1007138,33,MEDIUM_DEFENDER,"https://s.afl.com.au/staticfile/AFL Tenant/AFL/Players/ChampIDImages/AFLW/2026264/1007138.png?im=Scale,width=0.6,height=0.6",Kate,Shierlaw,CD_T8466,NMFC,North Melbourne,Kangaroos,5,76.30000000000001,1,0,0,0,2,0,0,1,4,2,0,0,5,22,2,1,1,0,1,53.8,0,0,1,2,0,0,1,0,1,0,0,3,1,0,0,111,2,7,0,0,0,4,1,0,1,1,1,1,1,1,8,4,4,2026-09-13,data//AFLW_2026-09-13.csv,NA,0,0.5,0.4,1,0.3333333333333333,0.5,0,0,1.5,0.14285714285714285,NA,0.08,0,0,CD_M20262640508,5,2026-09-13,Carlton,CD_R202626405
CD_I1007141,27,KEY_FORWARD,"https://s.afl.com.au/staticfile/AFL Tenant/AFL/Players/ChampIDImages/AFLW/2026264/1007141.png?im=Scale,width=0.6,height=0.6",Gemma,Houghton,CD_T9409,PORT,Port Adelaide,Power,5,82.69999999999999,2,1,0,0,2,0,0,0,5,3,1,3,7,36,1,0,3,0,1,13.3,0,0,4,2,0,0,0,0,0,0,0,5,2,2,1,91,1,11,0,0,0,0,3,0,3,0,0,2,2,0,7,2,2,2026-09-13,data//AFLW_2026-09-13.csv,NA,0.3333333333333333,0.7142857142857143,0.14285714285714285,1,0,0.5,NA,NA,2.5,0.18181818181818182,NA,0,0,0,CD_M20262640505,5,2026-09-13,Melbourne,CD_R202626405
CD_I1007144,9,MEDIUM_FORWARD,"https://s.afl.com.au/staticfile/AFL Tenant/AFL/Players/ChampIDImages/AFLW/2026264/1007144.png?im=Scale,width=0.6,height=0.6",Gabby,O'Sullivan,CD_T7886,FRE,Fremantle,Freo,5,73.80000000000001,0,0,0,0,2,0,0,1,6,0,0,2,9,42,4,2,3,1,3,58.3,1,1,3,2,0,0,2,0,2,0,0,7,1,0,0,148,0,8,0,0,0,0,4,0,3,0,1,2,0,1,9,4,3,2026-09-13,data//AFLW_2026-09-13.csv,NA,NA,0.6666666666666666,0.4444444444444444,2,0.2857142857142857,1,NA,NA,3.5,0.25,NA,0,0,0,CD_M20262640509,5,2026-09-13,Essendon,CD_R202626405
CD_I1007152,21,KEY_DEFENDER,"https://s.afl.com.au/staticfile/AFL Tenant/AFL/Players/ChampIDImages/AFLW/2026264/1007152.png?im=Scale,width=0.6,height=0.6",Harriet,Cordner,CD_T8096,CARL,Carlton,Blues,5,100.19999999999999,0,0,0,0,3,0,2,1,8,0,0,4,29,122,19,14,0,1,0,0,0,0,7,8,0,0,0,0,17,2,2,21,14,0,0,360,5,6,0,0,12,0,1,0,0,5,0,1,0,0,26,9,18,2026-09-13,data//AFLW_2026-09-13.csv,0,NA,0.3076923076923077,0.6551724137931034,5,0.6666666666666666,0.625,NA,NA,2.625,0.16666666666666666,1,0,0,0.2222222222222222,CD_M20262640508,5,2026-09-13,North Melbourne,CD_R202626405
CD_I1007157,2,KEY_DEFENDER,"https://s.afl.com.au/staticfile/AFL Tenant/AFL/Players/ChampIDImages/AFLW/2026264/1007157.png?im=Scale,width=0.6,height=0.6",Libby,Birch,CD_T8466,NMFC,North Melbourne,Kangaroos,5,84.5,0,0,0,0,2,0,1,0,3,0,0,2,10,25,8,2,0,1,1,0,0,0,2,7,0,0,2,0,2,1,1,3,0,0,0,96,7,3,0,0,0,0,0,0,0,7,0,1,0,0,9,0,6,2026-09-13,data//AFLW_2026-09-13.csv,0,NA,0.3333333333333333,0.8,6,0.6666666666666666,0.8571428571428571,NA,NA,0.42857142857142855,0.3333333333333333,1,0,0,0.2,CD_M20262640508,5,2026-09-13,Carlton,CD_R202626405
CD_I1007313,32,RUCK,"https://s.afl.com.au/staticfile/AFL Tenant/AFL/Players/ChampIDImages/AFLW/2026264/1007313.png?im=Scale,width=0.6,height=0.6",Jess,Allan,CD_T8098,ADEL,Adelaide Crows,Crows,5,69.60000000000002,0,0,13,1,1,0,0,1,4,0,0,6,7,39,4,2,1,1,0,50,0,0,2,4,14,3,2,0,0,0,0,3,1,0,0,127,2,11,0,0,0,35,0,0,0,2,1,2,0,2,7,3,3,2026-09-13,data//AFLW_2026-09-13.csv,NA,NA,0.5714285714285714,0.5714285714285714,2,0.6666666666666666,0.5,0.4,0.08571428571428572,0.75,0.18181818181818182,NA,0.7142857142857143,0.7222222222222222,0,CD_M20262640503,5,2026-09-12,Geelong Cats,CD_R202626405
CD_I1007327,10,RUCK,"https://s.afl.com.au/staticfile/AFL Tenant/AFL/Players/ChampIDImages/AFLW/2026264/1007327.png?im=Scale,width=0.6,height=0.6",Montana,McKinnon,CD_T8788,RICH,Richmond,Richmond,1,65.7,0,0,0,0,1,1,1,0,3,0,0,4,9,45,7,5,0,0,2,0,0,0,1,3,2,0,1,0,7,0,0,6,3,0,0,119,2,5,0,0,1,2,0,0,0,2,0,2,0,0,8,3,5,2026-09-13,data//AFLW_2026-09-13.csv,1,NA,0.375,0.7777777777777778,2,0.8333333333333334,0.6666666666666666,1,0,2,0.4,NA,0.029850746268656716,0,0,CD_M20262640506,5,2026-09-13,St Kilda,CD_R202626405
CD_I1007342,14,MEDIUM_FORWARD,"https://s.afl.com.au/staticfile/AFL Tenant/AFL/Players/ChampIDImages/AFLW/2026264/1007342.png?im=Scale,width=0.6,height=0.6",Chloe,Scheer,CD_T8467,GEEL,Geelong Cats,Cats,5,62.19999999999999,2,0,0,0,0,0,0,0,2,3,1,1,5,29,3,2,1,0,1,50,0,2,1,1,0,0,0,0,1,0,0,4,0,0,0,60,0,5,0,0,0,0,4,0,4,0,0,0,0,0,4,0,2,2026-09-13,data//AFLW_2026-09-13.csv,NA,0.3333333333333333,0.5,0.6,1,0.5,1,NA,NA,4,0,NA,0,0,0,CD_M20262640503,5,2026-09-12,Adelaide Crows,CD_R202626405
CD_I1007360,2,MEDIUM_DEFENDER,"https://s.afl.com.au/staticfile/AFL Tenant/AFL/Players/ChampIDImages/AFLW/2026264/1007360.png?im=Scale,width=0.6,height=0.6",Ebony,O'Dea,CD_T9409,PORT,Port Adelaide,Power,5,76.60000000000002,0,0,0,0,0,0,0,0,3,0,0,6,5,22,1,1,0,0,1,0,0,0,3,1,0,0,0,0,3,0,0,4,1,0,0,86,2,7,0,0,2,0,0,0,0,1,0,1,0,0,5,0,2,2026-09-13,data//AFLW_2026-09-13.csv,NA,NA,0.6,0.2,0,0.25,0,NA,NA,4,0.14285714285714285,NA,0,0,0,CD_M20262640505,5,2026-09-13,Melbourne,CD_R202626405
CD_I1009764,35,KEY_FORWARD,"https://s.afl.com.au/staticfile/AFL Tenant/AFL/Players/ChampIDImages/AFLW/2026264/1009764.png?im=Scale,width=0.6,height=0.6",Eden,Zanker,CD_T7886,FRE,Fremantle,Freo,5,74.19999999999999,0,2,1,0,4,0,0,1,4,1,1,3,11,70,6,4,0,2,1,42.9,0,1,2,2,8,4,2,0,3,0,0,9,6,2,1,170,1,7,0,0,2,16,2,0,2,1,0,3,1,0,11,2,7,2026-09-13,data//AFLW_2026-09-13.csv,NA,1,0.36363636363636365,0.5454545454545454,2,0.4444444444444444,1,0.5,0.25,4.5,0.42857142857142855,NA,0.25396825396825395,0.09090909090909091,0,CD_M20262640509,5,2026-09-13,Essendon,CD_R202626405
CD_I1009765,27,MEDIUM_DEFENDER,"https://s.afl.com.au/staticfile/AFL Tenant/AFL/Players/ChampIDImages/AFLW/2026264/1009765.png?im=Scale,width=0.6,height=0.6",Sophie,Van De Heuvel,CD_T9406,ESS,Essendon,Bombers,3,85.80000000000001,0,0,0,0,2,0,0,0,4,0,0,6,14,60,7,5,1,0,0,0,0,0,4,5,0,0,1,0,6,0,0,9,5,0,0,216,0,8,0,0,3,0,0,0,0,0,0,2,0,0,15,4,11,2026-09-13,data//AFLW_2026-09-13.csv,NA,NA,0.26666666666666666,0.5,2,0.5555555555555556,0.4,NA,NA,1.8,0.25,NA,0,0,0,CD_M20262640509,5,2026-09-13,Fremantle,CD_R202626405
CD_I1009798,14,MEDIUM_FORWARD,"https://s.afl.com.au/staticfile/AFL Tenant/AFL/Players/ChampIDImages/AFLW/2026264/1009798.png?im=Scale,width=0.6,height=0.6",Mattea,Breed,CD_T8097,COLL,Collingwood,Magpies,3,49.099999999999966,0,0,1,0,1,0,0,0,4,0,0,2,7,38,4,3,0,0,1,33.3,0,1,3,2,0,0,2,0,4,0,0,5,0,0,0,131,0,8,0,0,0,0,3,0,1,0,1,3,3,1,5,3,1,2026-09-13,data//AFLW_2026-09-13.csv,NA,NA,0.8,0.5714285714285714,1,0.6,0.5,NA,NA,2.5,0.375,NA,0,0.058823529411764705,0,CD_M20262640502,5,2026-09-12,Gold Coast SUNS,CD_R202626405
CD_I1009799,3,MIDFIELDER,"https://s.afl.com.au/staticfile/AFL Tenant/AFL/Players/ChampIDImages/AFLW/2026264/1009799.png?im=Scale,width=0.6,height=0.6",Alyce,Parker,CD_T7889,GWS,GWS GIANTS,GIANTS,5,85.19999999999999,0,0,21,2,2,0,0,0,17,0,0,8,26,111,14,7,2,1,2,50,0,2,9,11,0,0,6,0,6,0,0,15,3,0,0,365,0,18,0,0,3,0,4,0,2,0,7,6,0,9,27,2,10,2026-09-13,data//AFLW_2026-09-13.csv,NA,NA,0.6296296296296297,0.5384615384615384,7,0.4666666666666667,0.6363636363636364,NA,NA,1.3636363636363635,0.3333333333333333,NA,0,0.84,0,CD_M20262640507,5,2026-09-13,Sydney Swans,CD_R202626405
CD_I1009822,17,MEDIUM_FORWARD,"https://s.afl.com.au/staticfile/AFL Tenant/AFL/Players/ChampIDImages/AFLW/2026264/1009822.png?im=Scale,width=0.6,height=0.6",Georgia,Garnett,CD_T7889,GWS,GWS GIANTS,GIANTS,5,76,0,0,0,0,0,0,0,2,4,2,0,3,6,41,3,2,0,0,0,100,1,0,2,2,0,0,2,0,1,0,0,4,3,0,0,137,1,9,0,0,0,0,2,0,0,1,0,4,0,0,6,1,2,2026-09-13,data//AFLW_2026-09-13.csv,NA,0,0.6666666666666666,0.5,1,0.5,0.5,NA,NA,2,0.4444444444444444,NA,0,0,0,CD_M20262640507,5,2026-09-13,Sydney Swans,CD_R202626405
CD_I1009828,5,MEDIUM_DEFENDER,"https://s.afl.com.au/staticfile/AFL Tenant/AFL/Players/ChampIDImages/AFLW/2026264/1009828.png?im=Scale,width=0.6,height=0.6",Jade,Ellenger,CD_T7887,BL,Brisbane Lions,Lions,5,95.80000000000001,0,0,2,1,5,1,1,0,6,0,0,4,18,55,14,6,0,2,0,0,3,0,5,9,0,0,4,0,4,0,0,9,4,0,0,388,3,6,0,0,3,0,3,0,0,3,0,1,0,1,19,6,13,2026-09-13,data//AFLW_2026-09-13.csv,1,NA,0.3157894736842105,0.7777777777777778,8,0.6666666666666666,0.8888888888888888,NA,NA,1,0.16666666666666666,NA,0,0.125,0,CD_M20262640504,5,2026-09-12,West Coast Eagles,CD_R202626405
CD_I1009831,29,MEDIUM_DEFENDER,"https://s.afl.com.au/staticfile/AFL Tenant/AFL/Players/ChampIDImages/AFLW/2026264/1009831.png?im=Scale,width=0.6,height=0.6",Tarni,White,CD_T8097,COLL,Collingwood,Magpies,5,100,0,0,0,0,5,0,1,2,8,0,0,4,28,102,24,16,0,1,1,100,0,0,4,9,0,0,3,0,14,4,4,19,7,0,0,643,4,7,0,0,8,0,1,0,0,2,0,2,0,0,23,9,15,2026-09-13,data//AFLW_2026-09-13.csv,0,NA,0.34782608695652173,0.8571428571428571,8,0.8421052631578947,0.8888888888888888,NA,NA,2.111111111111111,0.2857142857142857,1,0,0,0.5,CD_M20262640502,5,2026-09-12,Gold Coast SUNS,CD_R202626405
CD_I1009833,17,MIDFIELDER,"https://s.afl.com.au/staticfile/AFL Tenant/AFL/Players/ChampIDImages/AFLW/2026264/1009833.png?im=Scale,width=0.6,height=0.6",Isabel,Dawes,CD_T7887,BL,Brisbane Lions,Lions,5,84.19999999999999,0,3,14,2,3,0,0,0,4,0,0,7,12,72,5,1,0,1,1,16.7,0,0,2,5,0,0,3,0,1,0,0,7,5,0,1,275,4,13,0,0,2,0,0,0,0,1,1,7,0,3,14,4,10,2026-09-13,data//AFLW_2026-09-13.csv,NA,NA,0.2857142857142857,0.4166666666666667,4,0.14285714285714285,0.8,NA,NA,1.4,0.5384615384615384,NA,0,0.875,0,CD_M20262640504,5,2026-09-12,West Coast Eagles,CD_R202626405
CD_I1009836,10,MEDIUM_DEFENDER,"https://s.afl.com.au/staticfile/AFL Tenant/AFL/Players/ChampIDImages/AFLW/2026264/1009836.png?im=Scale,width=0.6,height=0.6",Natalie,Grider,CD_T7887,BL,Brisbane Lions,Lions,5,86.39999999999998,0,0,0,0,2,1,1,0,3,0,0,12,12,46,11,5,0,1,1,0,0,0,2,7,0,0,0,0,5,0,0,5,5,0,0,73,2,15,0,0,2,0,1,0,0,1,0,1,0,0,13,1,10,2026-09-13,data//AFLW_2026-09-13.csv,1,NA,0.23076923076923078,0.9166666666666666,6,1,0.8571428571428571,NA,NA,0.7142857142857143,0.06666666666666667,NA,0,0,0,CD_M20262640504,5,2026-09-12,West Coast Eagles,CD_R202626405
CD_I1009838,30,KEY_FORWARD,"https://s.afl.com.au/staticfile/AFL Tenant/AFL/Players/ChampIDImages/AFLW/2026264/1009838.png?im=Scale,width=0.6,height=0.6",Jesse,Tawhiao-Wardlaw,CD_T8796,STK,St Kilda,St Kilda,5,83,1,0,6,1,1,0,0,2,5,2,2,6,7,54,4,3,0,1,0,18.2,0,1,2,2,8,1,1,0,0,0,0,5,5,2,1,86,2,10,0,0,1,26,2,0,2,0,0,2,1,1,8,1,3,2026-09-13,data//AFLW_2026-09-13.csv,NA,1,0.625,0.5714285714285714,1,0.6,0.5,0.3076923076923077,0.038461538461538464,2.5,0.2,NA,0.3880597014925373,0.3157894736842105,0,CD_M20262640506,5,2026-09-13,Richmond,CD_R202626405
CD_I1009844,2,RUCK,"https://s.afl.com.au/staticfile/AFL Tenant/AFL/Players/ChampIDImages/AFLW/2026264/1009844.png?im=Scale,width=0.6,height=0.6",Tahlia,Hickie,CD_T7887,BL,Brisbane Lions,Lions,5,74.39999999999998,0,0,14,1,5,0,0,1,11,1,1,7,18,87,7,2,0,0,0,0,0,0,9,11,21,3,2,0,6,0,0,7,5,0,0,235,1,11,0,0,4,36,1,0,0,0,2,2,0,3,18,5,7,2026-09-13,data//AFLW_2026-09-13.csv,NA,1,0.6111111111111112,0.3888888888888889,5,0.2857142857142857,0.45454545454545453,0.5833333333333334,0.08333333333333333,0.6363636363636364,0.18181818181818182,NA,0.631578947368421,0.875,0,CD_M20262640504,5,2026-09-12,West Coast Eagles,CD_R202626405
CD_I1009845,35,MEDIUM_DEFENDER,"https://s.afl.com.au/staticfile/AFL Tenant/AFL/Players/ChampIDImages/AFLW/2026264/1009845.png?im=Scale,width=0.6,height=0.6",Kalinda,Howarth,CD_T8097,COLL,Collingwood,Magpies,4,84.69999999999999,1,0,0,0,5,0,0,1,3,3,0,3,7,31,3,2,0,2,2,33.3,0,1,1,2,0,0,0,0,2,0,0,5,3,1,0,78,0,6,0,0,0,0,3,0,2,0,0,0,0,0,8,4,5,2026-09-13,data//AFLW_2026-09-13.csv,NA,0,0.375,0.42857142857142855,1,0.4,0.5,NA,NA,2.5,0,NA,0,0,0,CD_M20262640502,5,2026-09-12,Gold Coast SUNS,CD_R202626405
CD_I1009847,12,MIDFIELDER,"https://s.afl.com.au/staticfile/AFL Tenant/AFL/Players/ChampIDImages/AFLW/2026264/1009847.png?im=Scale,width=0.6,height=0.6",Sophie,Conway,CD_T7887,BL,Brisbane Lions,Lions,5,91.5,1,0,4,0,1,0,0,0,5,0,0,1,15,66,10,9,1,0,2,37.5,0,1,2,2,0,0,9,0,1,0,0,13,2,0,0,522,1,9,0,0,1,0,5,0,2,0,3,2,1,3,15,4,10,2026-09-13,data//AFLW_2026-09-13.csv,NA,NA,0.3333333333333333,0.6666666666666666,1,0.6923076923076923,0.5,NA,NA,6.5,0.2222222222222222,NA,0,0.25,0,CD_M20262640504,5,2026-09-12,West Coast Eagles,CD_R202626405
CD_I1009853,5,MIDFIELDER,"https://s.afl.com.au/staticfile/AFL Tenant/AFL/Players/ChampIDImages/AFLW/2026264/1009853.png?im=Scale,width=0.6,height=0.6",Tyla,Hanks,CD_T7386,MELB,Melbourne,Demons,5,81.60000000000002,0,1,11,1,4,0,0,0,7,1,0,5,16,76,11,8,0,1,2,75,0,1,4,4,0,0,4,0,1,0,0,12,1,0,0,328,1,13,0,0,1,0,5,0,1,1,1,6,2,2,15,5,8,2026-09-13,data//AFLW_2026-09-13.csv,NA,0,0.4666666666666667,0.6875,3,0.6666666666666666,0.75,NA,NA,3,0.46153846153846156,NA,0,0.7333333333333333,0,CD_M20262640505,5,2026-09-13,Port Adelaide,CD_R202626405
CD_I1009855,5,MEDIUM_FORWARD,"https://s.afl.com.au/staticfile/AFL Tenant/AFL/Players/ChampIDImages/AFLW/2026264/1009855.png?im=Scale,width=0.6,height=0.6",Darcy,Guttridge,CD_T8796,STK,St Kilda,St Kilda,4,62.30000000000004,1,0,0,0,1,0,0,0,2,2,1,0,5,19,3,1,1,0,1,25,0,0,1,2,0,0,0,0,1,0,0,3,0,0,0,68,0,3,0,0,0,0,3,0,2,0,0,1,1,0,5,0,3,2026-09-13,data//AFLW_2026-09-13.csv,NA,0.5,0.4,0.6,2,0.3333333333333333,1,NA,NA,1.5,0.3333333333333333,NA,0,0,0,CD_M20262640506,5,2026-09-13,Richmond,CD_R202626405
CD_I1009856,3,MEDIUM_FORWARD,"https://s.afl.com.au/staticfile/AFL Tenant/AFL/Players/ChampIDImages/AFLW/2026264/1009856.png?im=Scale,width=0.6,height=0.6",Grace,Egan,CD_T8098,ADEL,Adelaide Crows,Crows,5,82.30000000000001,2,0,4,0,4,0,0,0,6,1,1,7,21,88,13,9,3,1,0,40,0,0,4,5,0,0,6,0,2,0,0,16,9,2,3,311,0,17,0,0,0,0,6,0,2,0,0,1,1,0,22,4,16,2026-09-13,data//AFLW_2026-09-13.csv,NA,1,0.2727272727272727,0.6190476190476191,4,0.5625,0.8,NA,NA,3.2,0.058823529411764705,NA,0,0.2222222222222222,0,CD_M20262640503,5,2026-09-12,Geelong Cats,CD_R202626405
CD_I1009857,17,MEDIUM_DEFENDER,"https://s.afl.com.au/staticfile/AFL Tenant/AFL/Players/ChampIDImages/AFLW/2026264/1009857.png?im=Scale,width=0.6,height=0.6",Georgia,Clarke,CD_T9406,ESS,Essendon,Bombers,4,83.60000000000002,0,4,0,0,2,0,1,0,6,0,0,5,15,56,12,5,0,0,2,0,0,0,4,7,0,0,3,0,7,2,1,8,4,0,0,320,2,8,0,0,2,0,2,0,0,2,1,1,0,1,15,3,9,2026-09-13,data//AFLW_2026-09-13.csv,0,NA,0.4,0.8,7,0.625,1,NA,NA,1.1428571428571428,0.125,0.5,0,0,0.2857142857142857,CD_M20262640509,5,2026-09-13,Fremantle,CD_R202626405
CD_I1009860,21,MEDIUM_DEFENDER,"https://s.afl.com.au/staticfile/AFL Tenant/AFL/Players/ChampIDImages/AFLW/2026264/1009860.png?im=Scale,width=0.6,height=0.6",Rebecca,Webster,CD_T8467,GEEL,Geelong Cats,Cats,5,86.30000000000001,0,0,0,0,2,0,0,1,7,0,0,2,20,60,15,9,0,2,0,0,0,0,5,10,0,0,1,0,5,2,2,10,4,0,0,230,0,4,0,0,5,0,2,0,0,0,1,1,0,1,19,4,12,2026-09-13,data//AFLW_2026-09-13.csv,NA,NA,0.3684210526315789,0.75,6,0.9,0.6,NA,NA,1,0.25,1,0,0,0.2,CD_M20262640503,5,2026-09-12,Adelaide Crows,CD_R202626405
CD_I1009861,2,MIDFIELDER,"https://s.afl.com.au/staticfile/AFL Tenant/AFL/Players/ChampIDImages/AFLW/2026264/1009861.png?im=Scale,width=0.6,height=0.6",Olivia,Purcell,CD_T7386,MELB,Melbourne,Demons,5,80.80000000000001,0,0,13,1,5,0,0,0,8,0,0,9,30,126,17,4,0,1,4,0,2,0,3,18,0,0,8,0,2,0,0,12,3,0,0,363,2,19,0,0,0,0,7,0,0,2,3,11,3,4,30,4,22,2026-09-13,data//AFLW_2026-09-13.csv,NA,NA,0.26666666666666666,0.5666666666666667,13,0.3333333333333333,0.7222222222222222,NA,NA,0.6666666666666666,0.5789473684210527,NA,0,0.8666666666666667,0,CD_M20262640505,5,2026-09-13,Port Adelaide,CD_R202626405
CD_I1009863,9,MIDFIELDER,"https://s.afl.com.au/staticfile/AFL Tenant/AFL/Players/ChampIDImages/AFLW/2026264/1009863.png?im=Scale,width=0.6,height=0.6",Nina,Morrison,CD_T8467,GEEL,Geelong Cats,Cats,5,80.5,1,0,13,2,3,0,0,0,11,0,0,10,22,73,14,3,3,2,1,80,2,0,9,12,0,0,2,0,3,0,0,10,1,1,0,289,0,13,0,0,0,0,7,0,1,0,3,5,0,5,25,4,14,2026-09-13,data//AFLW_2026-09-13.csv,NA,NA,0.44,0.6363636363636364,11,0.3,0.9166666666666666,NA,NA,0.8333333333333334,0.38461538461538464,NA,0,0.7222222222222222,0,CD_M20262640503,5,2026-09-12,Adelaide Crows,CD_R202626405
CD_I1009865,9,MIDFIELDER,"https://s.afl.com.au/staticfile/AFL Tenant/AFL/Players/ChampIDImages/AFLW/2026264/1009865.png?im=Scale,width=0.6,height=0.6",Lucy,McEvoy,CD_T9408,SYD,Sydney Swans,Swans,5,87.69999999999999,0,0,0,0,1,0,1,0,7,0,0,8,17,70,13,7,0,0,1,0,0,0,6,8,0,0,0,0,8,3,2,9,2,0,0,199,1,9,0,0,4,0,2,0,0,1,0,5,0,0,14,4,7,2026-09-13,data//AFLW_2026-09-13.csv,0,NA,0.5,0.7647058823529411,6,0.7777777777777778,0.75,NA,NA,1.125,0.5555555555555556,0.6666666666666666,0,0,0.375,CD_M20262640507,5,2026-09-13,GWS GIANTS,CD_R202626405
CD_I1009867,21,MIDFIELDER,"https://s.afl.com.au/staticfile/AFL Tenant/AFL/Players/ChampIDImages/AFLW/2026264/1009867.png?im=Scale,width=0.6,height=0.6",Georgia,Patrikios,CD_T8796,STK,St Kilda,St Kilda,5,68.5,0,0,10,1,0,0,0,0,3,0,0,8,9,28,6,0,0,0,0,0,0,0,2,7,0,0,0,0,1,0,0,2,0,0,0,76,1,14,0,0,0,0,2,0,0,0,1,2,0,2,11,1,8,2026-09-13,data//AFLW_2026-09-13.csv,NA,NA,0.2727272727272727,0.6666666666666666,6,0,0.8571428571428571,NA,NA,0.2857142857142857,0.14285714285714285,NA,0,0.5263157894736842,0,CD_M20262640506,5,2026-09-13,Richmond,CD_R202626405
CD_I1009868,5,MIDFIELDER,"https://s.afl.com.au/staticfile/AFL Tenant/AFL/Players/ChampIDImages/AFLW/2026264/1009868.png?im=Scale,width=0.6,height=0.6",Maddy,Brancatisano,CD_T8786,GCFC,Gold Coast SUNS,SUNS,4,75.29999999999995,0,0,10,0,5,0,0,0,8,0,0,6,15,78,10,5,2,2,2,50,1,2,6,6,0,0,4,0,4,0,0,9,1,0,0,275,0,17,0,0,0,0,6,0,2,0,2,7,1,2,16,6,8,2026-09-13,data//AFLW_2026-09-13.csv,NA,NA,0.5,0.6666666666666666,5,0.5555555555555556,0.8333333333333334,NA,NA,1.5,0.4117647058823529,NA,0,0.5882352941176471,0,CD_M20262640502,5,2026-09-12,Collingwood,CD_R202626405
CD_I1009873,23,MIDFIELDER_FORWARD,"https://s.afl.com.au/staticfile/AFL Tenant/AFL/Players/ChampIDImages/AFLW/2026264/1009873.png?im=Scale,width=0.6,height=0.6",Olivia,Vesely,CD_T8796,STK,St Kilda,St Kilda,5,28.5,0,0,3,0,2,0,0,0,3,0,0,3,7,14,5,2,0,1,0,0,0,0,2,4,0,0,1,0,0,0,0,3,0,0,0,72,0,6,0,0,0,0,1,0,0,0,2,0,0,2,7,1,4,2026-09-13,data//AFLW_2026-09-13.csv,NA,NA,0.42857142857142855,0.7142857142857143,3,0.6666666666666666,0.75,NA,NA,0.75,0,NA,0,0.15789473684210525,0,CD_M20262640506,5,2026-09-13,Richmond,CD_R202626405
CD_I1009882,1,MIDFIELDER,"https://s.afl.com.au/staticfile/AFL Tenant/AFL/Players/ChampIDImages/AFLW/2026264/1009882.png?im=Scale,width=0.6,height=0.6",Gabrielle,Newton,CD_T7886,FRE,Fremantle,Freo,5,88.10000000000002,0,0,10,1,3,0,0,0,11,0,0,10,22,96,15,10,1,2,2,25,1,0,8,6,1,1,3,0,2,0,0,16,5,0,1,235,1,20,0,0,1,3,7,0,0,0,5,6,1,6,22,7,11,2026-09-13,data//AFLW_2026-09-13.csv,NA,NA,0.5,0.6818181818181818,5,0.625,0.8333333333333334,0.3333333333333333,0.3333333333333333,2.6666666666666665,0.3,NA,0.047619047619047616,0.9090909090909091,0,CD_M20262640509,5,2026-09-13,Essendon,CD_R202626405
CD_I1009885,4,MIDFIELDER,"https://s.afl.com.au/staticfile/AFL Tenant/AFL/Players/ChampIDImages/AFLW/2026264/1009885.png?im=Scale,width=0.6,height=0.6",Madison,Prespakis,CD_T9406,ESS,Essendon,Bombers,5,83.60000000000002,0,3,9,0,5,0,0,0,10,0,0,1,34,107,24,14,4,2,0,66.7,0,0,10,12,0,0,1,0,4,5,5,22,1,0,0,501,1,9,0,0,5,0,3,0,0,1,4,5,2,4,27,9,17,2026-09-13,data//AFLW_2026-09-13.csv,NA,NA,0.37037037037037035,0.7058823529411765,10,0.6363636363636364,0.8333333333333334,NA,NA,1.8333333333333333,0.5555555555555556,1,0,0.8181818181818182,0.7142857142857143,CD_M20262640509,5,2026-09-13,Fremantle,CD_R202626405
CD_I1009906,1,MIDFIELDER,"https://s.afl.com.au/staticfile/AFL Tenant/AFL/Players/ChampIDImages/AFLW/2026264/1009906.png?im=Scale,width=0.6,height=0.6",Mikayla,Bowen,CD_T8467,GEEL,Geelong Cats,Cats,5,80.19999999999999,0,1,14,0,4,0,0,0,4,1,0,6,21,87,14,5,0,1,1,50,0,0,2,9,0,0,4,0,3,0,0,12,5,1,0,366,4,15,0,0,2,0,4,0,1,0,0,5,1,0,23,4,19,2026-09-13,data//AFLW_2026-09-13.csv,NA,0,0.17391304347826086,0.6666666666666666,9,0.4166666666666667,1,NA,NA,1.3333333333333333,0.3333333333333333,NA,0,0.7777777777777778,0,CD_M20262640503,5,2026-09-12,Adelaide Crows,CD_R202626405
CD_I1009962,21,MEDIUM_DEFENDER,"https://s.afl.com.au/staticfile/AFL Tenant/AFL/Players/ChampIDImages/AFLW/2026264/1009962.png?im=Scale,width=0.6,height=0.6",Poppy,Boltz,CD_T7889,GWS,GWS GIANTS,GIANTS,5,105.19999999999999,0,0,0,0,5,2,3,0,5,0,0,3,10,40,6,3,0,1,0,0,0,0,5,4,0,0,1,0,5,0,0,6,3,0,0,181,1,3,0,0,1,0,0,0,0,1,0,2,0,0,11,3,6,2026-09-13,data//AFLW_2026-09-13.csv,0.6666666666666666,NA,0.45454545454545453,0.6,3,0.5,0.75,NA,NA,1.5,0.6666666666666666,NA,0,0,0,CD_M20262640507,5,2026-09-13,Sydney Swans,CD_R202626405
CD_I1009980,10,MEDIUM_FORWARD,"https://s.afl.com.au/staticfile/AFL Tenant/AFL/Players/ChampIDImages/AFLW/2026264/1009980.png?im=Scale,width=0.6,height=0.6",Kate,Hore,CD_T7386,MELB,Melbourne,Demons,5,90.89999999999998,1,0,13,2,3,0,0,0,8,1,0,6,19,91,11,6,1,0,1,28.6,0,1,4,5,0,0,3,0,1,0,0,14,5,2,0,271,2,17,0,0,2,0,6,0,3,1,2,4,0,4,20,4,12,2026-09-13,data//AFLW_2026-09-13.csv,NA,0,0.4,0.5789473684210527,5,0.42857142857142855,1,NA,NA,2.8,0.23529411764705882,NA,0,0.8666666666666667,0,CD_M20262640505,5,2026-09-13,Port Adelaide,CD_R202626405
CD_I1010097,31,MIDFIELDER,"https://s.afl.com.au/staticfile/AFL Tenant/AFL/Players/ChampIDImages/AFLW/2026264/1010097.png?im=Scale,width=0.6,height=0.6",Isabella,Shannon,CD_T8787,WCE,West Coast Eagles,Eagles,4,87.4,0,0,0,0,2,0,0,0,6,1,1,2,13,43,10,5,1,1,0,33.3,0,0,6,7,0,0,0,0,3,0,0,6,2,0,0,176,1,7,0,0,3,0,1,0,0,0,1,2,0,1,13,2,7,2026-09-13,data//AFLW_2026-09-13.csv,NA,1,0.46153846153846156,0.7692307692307693,5,0.8333333333333334,0.7142857142857143,NA,NA,0.8571428571428571,0.2857142857142857,NA,0,0,0,CD_M20262640504,5,2026-09-12,Brisbane Lions,CD_R202626405
CD_I1010102,35,MEDIUM_FORWARD,"https://s.afl.com.au/staticfile/AFL Tenant/AFL/Players/ChampIDImages/AFLW/2026264/1010102.png?im=Scale,width=0.6,height=0.6",Nell,Morris-Dalton,CD_T8096,CARL,Carlton,Blues,5,73.10000000000002,1,0,0,0,1,0,0,1,7,2,1,3,13,53,7,5,3,0,0,75,0,1,6,5,0,0,2,0,1,0,0,8,4,0,1,168,1,6,0,0,0,0,3,0,2,1,0,0,0,0,13,4,6,2026-09-13,data//AFLW_2026-09-13.csv,NA,0.5,0.5384615384615384,0.5384615384615384,2,0.625,0.4,NA,NA,1.6,0,NA,0,0,0,CD_M20262640508,5,2026-09-13,North Melbourne,CD_R202626405
CD_I1010103,3,MEDIUM_DEFENDER,"https://s.afl.com.au/staticfile/AFL Tenant/AFL/Players/ChampIDImages/AFLW/2026264/1010103.png?im=Scale,width=0.6,height=0.6",Isabella,Grant,CD_T7387,WB,Western Bulldogs,Bulldogs,5,73.60000000000002,0,0,0,0,2,1,3,0,4,0,0,7,11,48,9,6,0,0,1,0,0,0,3,4,0,0,1,0,5,0,0,7,2,0,0,241,5,9,0,0,4,0,0,0,0,4,0,3,0,0,11,2,7,2026-09-13,data//AFLW_2026-09-13.csv,0.3333333333333333,NA,0.36363636363636365,0.8181818181818182,3,0.8571428571428571,0.75,NA,NA,1.75,0.3333333333333333,NA,0,0,0,CD_M20262640501,5,2026-09-12,Hawthorn,CD_R202626405
CD_I1010257,9,KEY_DEFENDER,"https://s.afl.com.au/staticfile/AFL Tenant/AFL/Players/ChampIDImages/AFLW/2026264/1010257.png?im=Scale,width=0.6,height=0.6",Clara,Fitzpatrick,CD_T8786,GCFC,Gold Coast SUNS,SUNS,5,81.30000000000001,0,0,0,0,3,1,3,0,1,0,0,3,3,7,3,1,0,1,0,0,0,0,1,2,0,0,0,0,1,0,0,1,1,0,0,55,2,4,0,0,2,0,0,0,0,1,0,0,0,0,4,2,3,2026-09-13,data//AFLW_2026-09-13.csv,0.3333333333333333,NA,0.25,1,2,1,1,NA,NA,0.5,0,NA,0,0,0,CD_M20262640502,5,2026-09-12,Collingwood,CD_R202626405
CD_I1010263,5,MEDIUM_FORWARD,"https://s.afl.com.au/staticfile/AFL Tenant/AFL/Players/ChampIDImages/AFLW/2026264/1010263.png?im=Scale,width=0.6,height=0.6",Chloe,Molloy,CD_T9408,SYD,Sydney Swans,Swans,5,83.89999999999998,4,1,3,0,5,0,0,1,10,3,2,1,16,100,10,8,5,0,3,43.5,1,4,6,2,0,0,3,0,2,0,0,14,5,2,2,361,1,9,0,0,0,0,12,0,8,0,0,2,2,0,15,4,5,2026-09-13,data//AFLW_2026-09-13.csv,NA,0.6666666666666666,0.6666666666666666,0.625,2,0.5714285714285714,1,NA,NA,7,0.2222222222222222,NA,0,0.12,0,CD_M20262640507,5,2026-09-13,GWS GIANTS,CD_R202626405
CD_I1010264,25,MEDIUM_DEFENDER,"https://s.afl.com.au/staticfile/AFL Tenant/AFL/Players/ChampIDImages/AFLW/2026264/1010264.png?im=Scale,width=0.6,height=0.6",Alexandra,Morcom,CD_T9406,ESS,Essendon,Bombers,5,90.80000000000001,0,0,0,0,3,0,0,1,8,0,0,4,12,45,9,3,0,2,0,0,1,0,6,6,0,0,2,0,7,0,0,6,3,0,0,146,3,6,0,0,0,0,1,0,0,1,0,3,0,0,13,3,5,2026-09-13,data//AFLW_2026-09-13.csv,NA,NA,0.6153846153846154,0.75,6,0.5,1,NA,NA,1,0.5,NA,0,0,0,CD_M20262640509,5,2026-09-13,Fremantle,CD_R202626405
CD_I1010265,7,MIDFIELDER,"https://s.afl.com.au/staticfile/AFL Tenant/AFL/Players/ChampIDImages/AFLW/2026264/1010265.png?im=Scale,width=0.6,height=0.6",Ash,Riddell,CD_T8466,NMFC,North Melbourne,Kangaroos,5,77.39999999999998,0,0,9,2,5,0,0,0,12,0,0,6,39,122,27,13,3,0,3,33.3,1,0,9,17,0,0,8,0,9,0,0,22,1,0,0,524,0,21,0,0,3,0,5,0,0,0,1,4,2,3,37,12,25,2026-09-13,data//AFLW_2026-09-13.csv,NA,NA,0.32432432432432434,0.6923076923076923,14,0.5909090909090909,0.8235294117647058,NA,NA,1.2941176470588236,0.19047619047619047,NA,0,0.8181818181818182,0,CD_M20262640508,5,2026-09-13,Carlton,CD_R202626405
CD_I1010279,12,MIDFIELDER,"https://s.afl.com.au/staticfile/AFL Tenant/AFL/Players/ChampIDImages/AFLW/2026264/1010279.png?im=Scale,width=0.6,height=0.6",Bess,Keaney,CD_T9406,ESS,Essendon,Bombers,1,46.5,0,0,0,0,0,0,0,0,2,0,0,2,7,40,7,5,0,0,0,0,0,0,2,2,0,0,1,0,2,0,0,5,3,0,0,177,0,5,0,0,0,0,1,0,0,0,1,3,0,1,7,0,5,2026-09-13,data//AFLW_2026-09-13.csv,NA,NA,0.2857142857142857,1,2,1,1,NA,NA,2.5,0.6,NA,0,0,0,CD_M20262640509,5,2026-09-13,Fremantle,CD_R202626405
CD_I1010662,4,MIDFIELDER,"https://s.afl.com.au/staticfile/AFL Tenant/AFL/Players/ChampIDImages/AFLW/2026264/1010662.png?im=Scale,width=0.6,height=0.6",Claudia,Whitfort,CD_T8096,CARL,Carlton,Blues,5,71.39999999999998,0,0,9,2,6,0,0,0,9,0,0,11,17,64,9,4,0,2,0,50,0,0,6,8,0,0,3,0,2,0,0,9,1,0,1,274,0,18,0,0,0,0,1,0,0,0,1,6,1,3,17,6,8,2026-09-13,data//AFLW_2026-09-13.csv,NA,NA,0.5294117647058824,0.5294117647058824,5,0.4444444444444444,0.625,NA,NA,1.125,0.3333333333333333,NA,0,0.8181818181818182,0,CD_M20262640508,5,2026-09-13,North Melbourne,CD_R202626405
CD_I1010663,24,MEDIUM_DEFENDER,"https://s.afl.com.au/staticfile/AFL Tenant/AFL/Players/ChampIDImages/AFLW/2026264/1010663.png?im=Scale,width=0.6,height=0.6",Ashleigh,Brazill,CD_T7886,FRE,Fremantle,Freo,4,87.89999999999998,1,0,0,0,5,0,0,0,7,0,0,3,12,38,5,2,0,1,0,0,0,0,7,5,0,0,0,0,6,0,0,7,3,0,0,190,5,3,0,0,3,0,1,0,1,4,2,0,0,2,13,4,6,2026-09-13,data//AFLW_2026-09-13.csv,NA,NA,0.5384615384615384,0.4166666666666667,3,0.2857142857142857,0.6,NA,NA,1.4,0,NA,0,0,0,CD_M20262640509,5,2026-09-13,Essendon,CD_R202626405
CD_I1010677,26,RUCK,"https://s.afl.com.au/staticfile/AFL Tenant/AFL/Players/ChampIDImages/AFLW/2026264/1010677.png?im=Scale,width=0.6,height=0.6",Kim,Rennie,CD_T8466,NMFC,North Melbourne,Kangaroos,5,71,0,0,8,1,1,0,0,0,9,1,0,13,16,71,15,2,0,1,0,0,0,0,7,13,13,3,0,0,5,0,0,3,2,0,0,19,4,17,0,0,1,31,1,0,0,1,1,5,0,2,17,1,8,2026-09-13,data//AFLW_2026-09-13.csv,NA,0,0.5294117647058824,0.9375,13,0.6666666666666666,1,0.41935483870967744,0.0967741935483871,0.23076923076923078,0.29411764705882354,NA,0.62,0.7272727272727273,0,CD_M20262640508,5,2026-09-13,Carlton,CD_R202626405
CD_I1010686,11,MEDIUM_DEFENDER,"https://s.afl.com.au/staticfile/AFL Tenant/AFL/Players/ChampIDImages/AFLW/2026264/1010686.png?im=Scale,width=0.6,height=0.6",Elle,Bennetts,CD_T7387,WB,Western Bulldogs,Bulldogs,5,82.10000000000002,0,0,0,0,4,0,1,0,2,0,0,4,11,33,6,4,0,1,0,0,0,0,1,3,0,0,0,0,2,2,2,8,2,0,0,197,2,7,0,0,2,0,2,0,0,1,0,0,0,0,11,5,9,2026-09-13,data//AFLW_2026-09-13.csv,0,NA,0.18181818181818182,0.5454545454545454,2,0.5,0.6666666666666666,NA,NA,2.6666666666666665,0,1,0,0,0.5,CD_M20262640501,5,2026-09-12,Hawthorn,CD_R202626405
CD_I1010688,35,MEDIUM_FORWARD,"https://s.afl.com.au/staticfile/AFL Tenant/AFL/Players/ChampIDImages/AFLW/2026264/1010688.png?im=Scale,width=0.6,height=0.6",Maddie,Shevlin,CD_T8788,RICH,Richmond,Richmond,3,63.000000000000014,0,0,0,0,0,0,0,0,0,0,0,1,4,10,2,0,0,0,0,0,1,0,0,2,0,0,1,0,0,0,0,2,0,0,0,23,0,6,0,0,0,0,1,0,0,0,0,0,0,0,3,0,3,2026-09-13,data//AFLW_2026-09-13.csv,NA,NA,0,0.5,2,0,1,NA,NA,1,0,NA,0,0,0,CD_M20262640506,5,2026-09-13,St Kilda,CD_R202626405
CD_I1010690,8,KEY_FORWARD,"https://s.afl.com.au/staticfile/AFL Tenant/AFL/Players/ChampIDImages/AFLW/2026264/1010690.png?im=Scale,width=0.6,height=0.6",Bonnie,Toogood,CD_T9406,ESS,Essendon,Bombers,5,99.80000000000001,0,0,1,1,2,0,0,2,8,3,2,3,11,61,8,4,2,0,2,50,0,1,4,4,0,0,2,0,1,0,0,7,4,1,1,129,2,9,0,0,0,1,2,0,1,2,1,3,1,2,11,3,3,2026-09-13,data//AFLW_2026-09-13.csv,NA,0.6666666666666666,0.7272727272727273,0.7272727272727273,4,0.5714285714285714,1,0,0,1.75,0.3333333333333333,NA,0.015873015873015872,0.09090909090909091,0,CD_M20262640509,5,2026-09-13,Fremantle,CD_R202626405
CD_I1011057,25,MIDFIELDER,"https://s.afl.com.au/staticfile/AFL Tenant/AFL/Players/ChampIDImages/AFLW/2026264/1011057.png?im=Scale,width=0.6,height=0.6",Teah,Charlton,CD_T8098,ADEL,Adelaide Crows,Crows,5,66.89999999999998,0,0,15,3,3,0,0,0,7,0,0,11,12,35,7,2,3,2,0,33.3,0,0,5,6,0,0,1,0,0,0,0,6,1,0,0,105,1,15,0,0,2,0,2,0,0,0,0,2,0,3,12,5,5,2026-09-13,data//AFLW_2026-09-13.csv,NA,NA,0.5833333333333334,0.5833333333333334,5,0.3333333333333333,0.8333333333333334,NA,NA,1,0.13333333333333333,NA,0,0.8333333333333334,0,CD_M20262640503,5,2026-09-12,Geelong Cats,CD_R202626405
CD_I1011062,28,MEDIUM_DEFENDER,"https://s.afl.com.au/staticfile/AFL Tenant/AFL/Players/ChampIDImages/AFLW/2026264/1011062.png?im=Scale,width=0.6,height=0.6",Cheyenne,Hammond,CD_T9409,PORT,Port Adelaide,Power,5,73.5,0,0,0,0,4,0,0,0,5,0,0,3,8,15,4,3,0,3,1,0,0,0,3,1,0,0,2,0,2,0,0,7,0,0,0,153,2,10,0,0,0,0,0,0,0,1,1,0,0,1,10,3,5,2026-09-13,data//AFLW_2026-09-13.csv,NA,NA,0.5,0.5,1,0.42857142857142855,1,NA,NA,7,0,NA,0,0,0,CD_M20262640505,5,2026-09-13,Melbourne,CD_R202626405
CD_I1011069,6,MEDIUM_FORWARD,"https://s.afl.com.au/staticfile/AFL Tenant/AFL/Players/ChampIDImages/AFLW/2026264/1011069.png?im=Scale,width=0.6,height=0.6",Hannah,Munyard,CD_T8098,ADEL,Adelaide Crows,Crows,5,66.80000000000001,0,0,0,0,3,0,0,1,6,0,0,2,10,43,4,2,2,0,2,33.3,0,0,3,4,0,0,3,0,1,0,0,6,1,0,0,111,2,10,0,0,0,0,3,0,0,2,1,3,1,1,10,3,4,2026-09-13,data//AFLW_2026-09-13.csv,NA,NA,0.6,0.4,2,0.3333333333333333,0.5,NA,NA,1.5,0.3,NA,0,0,0,CD_M20262640503,5,2026-09-12,Geelong Cats,CD_R202626405
CD_I1011080,12,KEY_DEFENDER,"https://s.afl.com.au/staticfile/AFL Tenant/AFL/Players/ChampIDImages/AFLW/2026264/1011080.png?im=Scale,width=0.6,height=0.6",Chelsea,Biddell,CD_T8098,ADEL,Adelaide Crows,Crows,5,91.60000000000002,0,0,0,0,3,1,8,3,7,0,0,11,15,72,11,9,0,0,1,0,0,0,3,2,0,0,1,0,8,6,6,13,4,1,0,351,4,13,0,0,7,0,0,0,0,3,0,4,0,0,10,5,3,2026-09-13,data//AFLW_2026-09-13.csv,0.125,NA,0.7,0.7333333333333333,2,0.6923076923076923,1,NA,NA,6.5,0.3076923076923077,1,0,0,0.6666666666666666,CD_M20262640503,5,2026-09-12,Geelong Cats,CD_R202626405
CD_I1011095,17,MIDFIELDER,"https://s.afl.com.au/staticfile/AFL Tenant/AFL/Players/ChampIDImages/AFLW/2026264/1011095.png?im=Scale,width=0.6,height=0.6",Madison,Newman,CD_T8098,ADEL,Adelaide Crows,Crows,5,85.60000000000002,1,2,0,0,1,0,0,0,4,0,0,5,21,95,13,9,1,0,1,66.7,0,0,3,4,0,0,4,0,3,0,0,17,6,0,0,419,0,8,0,0,2,0,3,0,1,0,2,4,0,2,19,2,15,2026-09-13,data//AFLW_2026-09-13.csv,NA,NA,0.21052631578947367,0.6190476190476191,4,0.5294117647058824,1,NA,NA,4.25,0.5,NA,0,0,0,CD_M20262640503,5,2026-09-12,Geelong Cats,CD_R202626405
CD_I1012236,5,MIDFIELDER,"https://s.afl.com.au/staticfile/AFL Tenant/AFL/Players/ChampIDImages/AFLW/2026264/1012236.png?im=Scale,width=0.6,height=0.6",Sarah,Verrier,CD_T7886,FRE,Fremantle,Freo,5,90.39999999999998,0,2,0,0,0,0,1,0,2,0,0,5,17,59,16,13,0,0,0,100,0,0,2,4,0,0,1,0,2,3,2,13,4,0,0,359,1,7,0,0,6,0,2,0,0,1,0,0,0,0,15,1,13,2026-09-13,data//AFLW_2026-09-13.csv,0,NA,0.13333333333333333,0.9411764705882353,3,1,0.75,NA,NA,3.25,0,0.6666666666666666,0,0,0.75,CD_M20262640509,5,2026-09-13,Essendon,CD_R202626405
CD_I1012241,5,MIDFIELDER,"https://s.afl.com.au/staticfile/AFL Tenant/AFL/Players/ChampIDImages/AFLW/2026264/1012241.png?im=Scale,width=0.6,height=0.6",Abbey,Dowrick,CD_T9409,PORT,Port Adelaide,Power,5,72.19999999999999,1,0,11,3,7,0,0,0,12,0,0,9,23,79,10,5,5,4,2,37.5,0,0,6,10,0,0,2,0,2,0,0,13,3,1,1,299,3,18,0,0,2,0,4,0,3,1,5,5,0,8,24,7,12,2026-09-13,data//AFLW_2026-09-13.csv,NA,NA,0.5,0.43478260869565216,5,0.38461538461538464,0.5,NA,NA,1.3,0.2777777777777778,NA,0,0.7333333333333333,0,CD_M20262640505,5,2026-09-13,Melbourne,CD_R202626405
CD_I1012242,3,MEDIUM_DEFENDER,"https://s.afl.com.au/staticfile/AFL Tenant/AFL/Players/ChampIDImages/AFLW/2026264/1012242.png?im=Scale,width=0.6,height=0.6",Emma,O'Driscoll,CD_T7886,FRE,Fremantle,Freo,4,6.300000000000011,0,0,0,0,0,0,0,0,0,0,0,1,2,9,1,1,0,0,0,0,0,0,0,0,0,0,0,0,1,0,0,2,1,0,0,32,0,1,0,0,0,0,1,0,0,0,0,0,0,0,2,1,2,2026-09-13,data//AFLW_2026-09-13.csv,NA,NA,0,0.5,0,0.5,NA,NA,NA,Inf,0,NA,0,0,0,CD_M20262640509,5,2026-09-13,Essendon,CD_R202626405
CD_I1012259,18,MIDFIELDER,"https://s.afl.com.au/staticfile/AFL Tenant/AFL/Players/ChampIDImages/AFLW/2026264/1012259.png?im=Scale,width=0.6,height=0.6",Jaide,Britton,CD_T8787,WCE,West Coast Eagles,Eagles,5,85.89999999999998,0,0,0,0,4,0,0,0,5,0,0,2,15,55,8,1,1,0,1,0,0,0,3,8,0,0,1,0,2,0,0,7,3,1,1,163,1,11,0,0,2,0,1,0,1,0,1,2,0,1,16,4,11,2026-09-13,data//AFLW_2026-09-13.csv,NA,NA,0.3125,0.5333333333333333,7,0.14285714285714285,0.875,NA,NA,0.875,0.18181818181818182,NA,0,0,0,CD_M20262640504,5,2026-09-12,Brisbane Lions,CD_R202626405
CD_I1012560,16,MEDIUM_DEFENDER,"https://s.afl.com.au/staticfile/AFL Tenant/AFL/Players/ChampIDImages/AFLW/2026264/1012560.png?im=Scale,width=0.6,height=0.6",Chantel,Emonson,CD_T8467,GEEL,Geelong Cats,Cats,5,93.89999999999998,0,0,0,0,2,0,0,0,5,0,0,5,20,63,16,10,0,1,0,0,0,0,5,6,0,0,3,0,5,8,8,14,0,0,0,462,1,9,0,0,8,0,3,0,0,1,0,3,0,0,12,5,7,2026-09-13,data//AFLW_2026-09-13.csv,NA,NA,0.4166666666666667,0.8,6,0.7142857142857143,1,NA,NA,2.3333333333333335,0.3333333333333333,1,0,0,0.8,CD_M20262640503,5,2026-09-12,Adelaide Crows,CD_R202626405
CD_I1012575,12,MEDIUM_DEFENDER,"https://s.afl.com.au/staticfile/AFL Tenant/AFL/Players/ChampIDImages/AFLW/2026264/1012575.png?im=Scale,width=0.6,height=0.6",Casey,Sherriff,CD_T9407,HAW,Hawthorn,Hawks,5,87.69999999999999,0,0,0,0,6,0,0,0,3,0,0,4,16,75,8,5,1,1,0,0,0,0,3,3,0,0,4,0,2,0,0,13,7,1,0,265,0,9,0,0,1,0,2,0,0,0,0,3,0,0,16,3,13,2026-09-13,data//AFLW_2026-09-13.csv,NA,NA,0.1875,0.5,3,0.38461538461538464,1,NA,NA,4.333333333333333,0.3333333333333333,NA,0,0,0,CD_M20262640501,5,2026-09-12,Western Bulldogs,CD_R202626405
CD_I1012595,32,MEDIUM_DEFENDER,"https://s.afl.com.au/staticfile/AFL Tenant/AFL/Players/ChampIDImages/AFLW/2026264/1012595.png?im=Scale,width=0.6,height=0.6",Vaomua,Laloifi,CD_T7387,WB,Western Bulldogs,Bulldogs,5,89.5,0,0,0,0,0,2,3,0,4,0,0,3,8,36,7,4,0,0,2,0,0,0,1,3,0,0,0,0,5,0,0,5,3,0,0,116,0,4,0,0,3,0,1,0,0,0,1,1,0,1,8,0,4,2026-09-13,data//AFLW_2026-09-13.csv,0.6666666666666666,NA,0.5,0.875,3,0.8,1,NA,NA,1.6666666666666667,0.25,NA,0,0,0,CD_M20262640501,5,2026-09-12,Hawthorn,CD_R202626405
CD_I1012637,21,MIDFIELDER,"https://s.afl.com.au/staticfile/AFL Tenant/AFL/Players/ChampIDImages/AFLW/2026264/1012637.png?im=Scale,width=0.6,height=0.6",Mikala,Cann,CD_T7387,WB,Western Bulldogs,Bulldogs,5,68.19999999999999,1,0,10,1,2,0,0,0,10,0,0,7,14,46,7,3,3,0,3,25,0,0,7,8,0,0,1,0,1,0,0,6,0,0,0,119,0,10,0,0,1,0,3,0,1,0,1,2,1,2,15,3,5,2026-09-13,data//AFLW_2026-09-13.csv,NA,NA,0.6666666666666666,0.5,4,0.5,0.5,NA,NA,0.75,0.2,NA,0,0.7692307692307693,0,CD_M20262640501,5,2026-09-12,Hawthorn,CD_R202626405
CD_I1012640,6,MEDIUM_FORWARD,"https://s.afl.com.au/staticfile/AFL Tenant/AFL/Players/ChampIDImages/AFLW/2026264/1012640.png?im=Scale,width=0.6,height=0.6",Julia,Crockett-Grills,CD_T8467,GEEL,Geelong Cats,Cats,5,67.10000000000002,0,1,0,0,3,0,0,0,1,0,0,1,14,60,7,4,0,1,0,71.4,0,2,1,4,0,0,4,0,0,0,0,10,3,0,2,254,0,3,0,0,1,0,3,0,2,0,0,1,0,0,15,5,14,2026-09-13,data//AFLW_2026-09-13.csv,NA,NA,0.06666666666666667,0.5,3,0.4,0.75,NA,NA,2.5,0.3333333333333333,NA,0,0,0,CD_M20262640503,5,2026-09-12,Adelaide Crows,CD_R202626405
CD_I1012662,36,MIDFIELDER,"https://s.afl.com.au/staticfile/AFL Tenant/AFL/Players/ChampIDImages/AFLW/2026264/1012662.png?im=Scale,width=0.6,height=0.6",Airlie,Runnalls,CD_T8097,COLL,Collingwood,Magpies,5,70,0,0,1,0,4,0,0,0,2,0,0,4,14,57,11,7,0,2,1,100,0,1,1,4,0,0,1,0,0,0,0,10,6,1,1,239,0,7,0,0,1,0,3,0,1,0,2,0,0,2,14,2,12,2026-09-13,data//AFLW_2026-09-13.csv,NA,NA,0.14285714285714285,0.7857142857142857,4,0.7,1,NA,NA,2.5,0,NA,0,0.058823529411764705,0,CD_M20262640502,5,2026-09-12,Gold Coast SUNS,CD_R202626405
CD_I1012694,33,RUCK,"https://s.afl.com.au/staticfile/AFL Tenant/AFL/Players/ChampIDImages/AFLW/2026264/1012694.png?im=Scale,width=0.6,height=0.6",Alice,Edmonds,CD_T7387,WB,Western Bulldogs,Bulldogs,5,100.30000000000001,0,0,12,1,5,0,1,1,5,3,0,4,7,46,3,1,0,2,1,0,0,0,3,5,24,8,2,0,1,0,0,2,1,0,0,80,2,12,0,0,0,39,1,0,0,1,0,2,0,1,8,2,3,2026-09-13,data//AFLW_2026-09-13.csv,0,0,0.625,0.42857142857142855,2,0.5,0.4,0.6153846153846154,0.20512820512820512,0.4,0.16666666666666666,NA,0.9285714285714286,0.9230769230769231,0,CD_M20262640501,5,2026-09-12,Hawthorn,CD_R202626405
CD_I1012700,20,MEDIUM_DEFENDER,"https://s.afl.com.au/staticfile/AFL Tenant/AFL/Players/ChampIDImages/AFLW/2026264/1012700.png?im=Scale,width=0.6,height=0.6",Beth,Lynch,CD_T8788,RICH,Richmond,Richmond,5,74.30000000000001,0,0,0,0,1,0,1,0,4,0,0,6,7,26,3,0,0,0,0,0,0,0,3,5,0,0,0,0,4,0,0,2,2,0,0,83,2,7,0,0,2,0,0,0,0,1,1,1,0,1,8,2,4,2026-09-13,data//AFLW_2026-09-13.csv,0,NA,0.5,0.42857142857142855,3,0,0.6,NA,NA,0.4,0.14285714285714285,NA,0,0,0,CD_M20262640506,5,2026-09-13,St Kilda,CD_R202626405
CD_I1012709,42,KEY_FORWARD,"https://s.afl.com.au/staticfile/AFL Tenant/AFL/Players/ChampIDImages/AFLW/2026264/1012709.png?im=Scale,width=0.6,height=0.6",Tara,Bohanna,CD_T8096,CARL,Carlton,Blues,4,80.1,2,0,0,0,2,0,0,0,2,0,0,3,10,42,3,2,0,0,1,20,0,0,1,1,1,1,3,0,1,0,0,9,3,0,2,258,0,10,0,0,0,4,3,0,2,0,0,0,0,0,10,4,8,2026-09-13,data//AFLW_2026-09-13.csv,NA,NA,0.2,0.3,1,0.2222222222222222,1,0.25,0.25,9,0,NA,0.08,0,0,CD_M20262640508,5,2026-09-13,North Melbourne,CD_R202626405
CD_I1012713,30,MIDFIELDER,"https://s.afl.com.au/staticfile/AFL Tenant/AFL/Players/ChampIDImages/AFLW/2026264/1012713.png?im=Scale,width=0.6,height=0.6",Shelley,Heath-Barker,CD_T7386,MELB,Melbourne,Demons,5,65.19999999999999,0,0,5,1,0,0,0,0,9,0,0,2,13,52,10,1,0,0,1,100,0,0,8,11,0,0,0,0,4,0,0,2,1,0,0,69,0,7,0,0,1,0,4,0,0,0,3,5,0,4,14,1,5,2026-09-13,data//AFLW_2026-09-13.csv,NA,NA,0.6428571428571429,0.7692307692307693,9,0.5,0.8181818181818182,NA,NA,0.18181818181818182,0.7142857142857143,NA,0,0.3333333333333333,0,CD_M20262640505,5,2026-09-13,Port Adelaide,CD_R202626405
CD_I1012964,17,MIDFIELDER,"https://s.afl.com.au/staticfile/AFL Tenant/AFL/Players/ChampIDImages/AFLW/2026264/1012964.png?im=Scale,width=0.6,height=0.6",Dominique,Carbone,CD_T8097,COLL,Collingwood,Magpies,4,72.9,0,0,10,0,2,0,0,0,9,0,0,9,19,79,14,5,2,0,2,100,1,0,7,10,0,0,5,0,8,0,0,9,2,0,0,272,0,17,0,0,1,0,2,0,0,0,1,6,1,1,19,4,10,2026-09-13,data//AFLW_2026-09-13.csv,NA,NA,0.47368421052631576,0.7368421052631579,9,0.5555555555555556,0.9,NA,NA,0.9,0.35294117647058826,NA,0,0.5882352941176471,0,CD_M20262640502,5,2026-09-12,Gold Coast SUNS,CD_R202626405
CD_I1012987,12,MEDIUM_DEFENDER,"https://s.afl.com.au/staticfile/AFL Tenant/AFL/Players/ChampIDImages/AFLW/2026264/1012987.png?im=Scale,width=0.6,height=0.6",Serene,Watson,CD_T8796,STK,St Kilda,St Kilda,5,85.19999999999999,0,0,0,0,1,0,0,0,2,0,0,7,11,45,8,7,0,0,0,0,0,0,1,2,0,0,0,0,2,2,2,9,2,0,0,270,2,7,0,0,4,0,0,0,0,1,0,2,0,0,10,5,8,2026-09-13,data//AFLW_2026-09-13.csv,NA,NA,0.2,0.7272727272727273,1,0.7777777777777778,0.5,NA,NA,4.5,0.2857142857142857,1,0,0,0.5,CD_M20262640506,5,2026-09-13,Richmond,CD_R202626405
CD_I1012989,3,KEY_FORWARD,"https://s.afl.com.au/staticfile/AFL Tenant/AFL/Players/ChampIDImages/AFLW/2026264/1012989.png?im=Scale,width=0.6,height=0.6",Taylor,Smith,CD_T9408,SYD,Sydney Swans,Swans,3,83.50000000000003,1,0,7,0,1,0,0,1,7,2,0,8,11,91,6,3,3,1,2,66.7,1,1,4,4,12,3,1,0,4,0,0,7,4,2,1,161,3,13,0,0,1,23,7,0,3,3,0,8,2,0,11,2,4,2026-09-13,data//AFLW_2026-09-13.csv,NA,0,0.6363636363636364,0.5454545454545454,3,0.42857142857142855,0.75,0.5217391304347826,0.13043478260869565,1.75,0.6153846153846154,NA,0.42592592592592593,0.28,0,CD_M20262640507,5,2026-09-13,GWS GIANTS,CD_R202626405
CD_I1012994,22,KEY_FORWARD,"https://s.afl.com.au/staticfile/AFL Tenant/AFL/Players/ChampIDImages/AFLW/2026264/1012994.png?im=Scale,width=0.6,height=0.6",Bella,Smith,CD_T7886,FRE,Fremantle,Freo,5,73.30000000000001,1,0,0,0,2,1,1,0,4,1,1,0,7,30,3,2,1,0,1,57.1,0,0,3,2,2,0,2,0,1,0,0,5,1,0,0,171,0,4,0,0,0,8,3,0,1,0,0,1,0,0,7,2,3,2026-09-13,data//AFLW_2026-09-13.csv,1,1,0.5714285714285714,0.42857142857142855,1,0.4,0.5,0.25,0,2.5,0.25,NA,0.12698412698412698,0,0,CD_M20262640509,5,2026-09-13,Essendon,CD_R202626405
CD_I1013015,24,MEDIUM_DEFENDER,"https://s.afl.com.au/staticfile/AFL Tenant/AFL/Players/ChampIDImages/AFLW/2026264/1013015.png?im=Scale,width=0.6,height=0.6",Tamara,Smith,CD_T9407,HAW,Hawthorn,Hawks,5,86.39999999999998,0,0,0,0,3,0,0,0,9,0,0,11,20,87,13,9,0,1,3,0,0,0,5,6,0,0,1,0,9,0,0,14,7,0,0,233,2,13,0,0,2,0,3,0,1,1,1,3,1,1,21,6,12,2026-09-13,data//AFLW_2026-09-13.csv,NA,NA,0.42857142857142855,0.65,4,0.6428571428571429,0.6666666666666666,NA,NA,2.3333333333333335,0.23076923076923078,NA,0,0,0,CD_M20262640501,5,2026-09-12,Western Bulldogs,CD_R202626405
CD_I1013017,1,MIDFIELDER,"https://s.afl.com.au/staticfile/AFL Tenant/AFL/Players/ChampIDImages/AFLW/2026264/1013017.png?im=Scale,width=0.6,height=0.6",Molly,McDonald,CD_T8796,STK,St Kilda,St Kilda,2,71.3,1,0,0,0,5,0,0,0,7,0,0,6,16,68,10,5,2,2,0,0,0,0,6,7,0,0,2,0,6,0,0,9,4,0,0,236,2,12,0,0,3,0,2,0,1,2,2,5,1,2,15,7,8,2026-09-13,data//AFLW_2026-09-13.csv,NA,NA,0.4666666666666667,0.625,5,0.5555555555555556,0.7142857142857143,NA,NA,1.2857142857142858,0.4166666666666667,NA,0,0,0,CD_M20262640506,5,2026-09-13,Richmond,CD_R202626405
CD_I1013026,17,MEDIUM_DEFENDER,"https://s.afl.com.au/staticfile/AFL Tenant/AFL/Players/ChampIDImages/AFLW/2026264/1013026.png?im=Scale,width=0.6,height=0.6",Elisabeth,Georgostathis,CD_T7387,WB,Western Bulldogs,Bulldogs,3,72,0,0,8,1,10,0,0,0,9,0,0,7,19,68,11,3,1,4,0,100,0,0,8,10,0,0,2,0,6,0,0,9,3,0,0,88,1,12,0,0,1,0,0,0,0,0,0,6,2,1,19,8,10,2026-09-13,data//AFLW_2026-09-13.csv,NA,NA,0.47368421052631576,0.5789473684210527,8,0.3333333333333333,0.8,NA,NA,0.9,0.5,NA,0,0.6153846153846154,0,CD_M20262640501,5,2026-09-12,Hawthorn,CD_R202626405
CD_I1013027,5,MIDFIELDER,"https://s.afl.com.au/staticfile/AFL Tenant/AFL/Players/ChampIDImages/AFLW/2026264/1013027.png?im=Scale,width=0.6,height=0.6",Abbie,McKay,CD_T8096,CARL,Carlton,Blues,5,84.30000000000001,0,0,8,0,4,0,0,0,14,0,0,12,27,69,17,0,1,1,1,0,0,0,11,21,0,0,1,0,2,0,0,6,1,0,0,109,0,18,0,0,1,0,3,0,0,0,5,2,0,5,28,6,14,2026-09-13,data//AFLW_2026-09-13.csv,NA,NA,0.5,0.6296296296296297,17,0,0.8095238095238095,NA,NA,0.2857142857142857,0.1111111111111111,NA,0,0.7272727272727273,0,CD_M20262640508,5,2026-09-13,North Melbourne,CD_R202626405
CD_I1013032,18,MEDIUM_DEFENDER,"https://s.afl.com.au/staticfile/AFL Tenant/AFL/Players/ChampIDImages/AFLW/2026264/1013032.png?im=Scale,width=0.6,height=0.6",Britney,Gutknecht,CD_T7387,WB,Western Bulldogs,Bulldogs,5,65.60000000000002,0,0,0,0,4,0,0,0,3,0,0,4,13,58,9,7,0,1,2,0,0,0,0,2,0,0,2,0,2,2,2,11,2,0,0,296,1,10,0,0,6,0,1,0,0,0,1,4,0,1,12,6,9,2026-09-13,data//AFLW_2026-09-13.csv,NA,NA,0.25,0.6923076923076923,2,0.6363636363636364,1,NA,NA,5.5,0.4,1,0,0,0.5,CD_M20262640501,5,2026-09-12,Hawthorn,CD_R202626405
CD_I1013442,20,MEDIUM_DEFENDER,"https://s.afl.com.au/staticfile/AFL Tenant/AFL/Players/ChampIDImages/AFLW/2026264/1013442.png?im=Scale,width=0.6,height=0.6",Jasmine,Ferguson,CD_T8466,NMFC,North Melbourne,Kangaroos,5,100,0,0,0,0,0,0,0,0,1,0,0,7,12,45,11,4,0,0,0,0,0,0,0,7,0,0,0,0,4,0,0,5,4,0,0,95,2,9,0,0,1,0,0,0,0,0,0,1,0,0,13,1,12,2026-09-13,data//AFLW_2026-09-13.csv,NA,NA,0.07692307692307693,0.9166666666666666,7,0.8,1,NA,NA,0.7142857142857143,0.1111111111111111,NA,0,0,0,CD_M20262640508,5,2026-09-13,Carlton,CD_R202626405
CD_I1013522,5,MIDFIELDER,"https://s.afl.com.au/staticfile/AFL Tenant/AFL/Players/ChampIDImages/AFLW/2026264/1013522.png?im=Scale,width=0.6,height=0.6",Georgia,Nanscawen,CD_T9406,ESS,Essendon,Bombers,5,79.89999999999998,0,0,5,0,4,0,0,0,7,0,0,4,12,50,8,3,1,1,1,0,0,0,4,7,0,0,1,0,1,0,0,5,1,0,0,116,1,9,0,0,0,0,3,0,0,0,1,5,0,1,12,2,5,2026-09-13,data//AFLW_2026-09-13.csv,NA,NA,0.5833333333333334,0.6666666666666666,5,0.6,0.7142857142857143,NA,NA,0.7142857142857143,0.5555555555555556,NA,0,0.45454545454545453,0,CD_M20262640509,5,2026-09-13,Fremantle,CD_R202626405
CD_I1013937,4,MEDIUM_FORWARD,"https://s.afl.com.au/staticfile/AFL Tenant/AFL/Players/ChampIDImages/AFLW/2026264/1013937.png?im=Scale,width=0.6,height=0.6",Angelique,Stannett,CD_T7886,FRE,Fremantle,Freo,5,77.89999999999998,0,0,9,0,0,0,0,0,6,0,0,14,12,60,8,5,1,0,1,0,0,0,5,7,0,0,1,0,5,0,0,5,2,0,0,128,2,16,0,0,1,0,2,0,0,0,1,6,0,1,13,2,7,2026-09-13,data//AFLW_2026-09-13.csv,NA,NA,0.46153846153846156,0.6666666666666666,3,1,0.42857142857142855,NA,NA,0.7142857142857143,0.375,NA,0,0.8181818181818182,0,CD_M20262640509,5,2026-09-13,Essendon,CD_R202626405
CD_I1014359,31,MIDFIELDER,"https://s.afl.com.au/staticfile/AFL Tenant/AFL/Players/ChampIDImages/AFLW/2026264/1014359.png?im=Scale,width=0.6,height=0.6",Laura,Gardiner,CD_T9408,SYD,Sydney Swans,Swans,5,85.60000000000002,0,0,14,2,4,0,0,0,9,0,0,6,29,99,16,5,2,1,0,50,0,1,9,14,0,0,6,0,3,0,0,15,1,0,0,296,0,19,0,0,2,0,4,0,1,0,1,5,3,3,27,7,18,2026-09-13,data//AFLW_2026-09-13.csv,NA,NA,0.3333333333333333,0.5517241379310345,11,0.3333333333333333,0.7857142857142857,NA,NA,1.0714285714285714,0.2631578947368421,NA,0,0.56,0,CD_M20262640507,5,2026-09-13,GWS GIANTS,CD_R202626405
CD_I1014367,6,MIDFIELDER,"https://s.afl.com.au/staticfile/AFL Tenant/AFL/Players/ChampIDImages/AFLW/2026264/1014367.png?im=Scale,width=0.6,height=0.6",Alyssa,Bannan,CD_T7386,MELB,Melbourne,Demons,5,74.5,2,0,0,0,2,0,0,0,2,0,0,2,11,44,7,3,0,1,1,33.3,0,1,1,4,0,0,1,0,3,0,0,7,3,2,0,154,1,4,0,0,0,0,3,0,3,0,0,0,0,0,10,2,8,2026-09-13,data//AFLW_2026-09-13.csv,NA,NA,0.2,0.6363636363636364,4,0.42857142857142855,1,NA,NA,1.75,0,NA,0,0,0,CD_M20262640505,5,2026-09-13,Port Adelaide,CD_R202626405
CD_I1014372,23,MIDFIELDER,"https://s.afl.com.au/staticfile/AFL Tenant/AFL/Players/ChampIDImages/AFLW/2026264/1014372.png?im=Scale,width=0.6,height=0.6",Jess,Fitzgerald,CD_T7387,WB,Western Bulldogs,Bulldogs,5,84,0,0,4,0,7,0,0,0,6,0,0,8,18,72,14,8,0,3,1,100,0,1,5,6,0,0,1,0,6,0,0,12,6,0,0,367,0,10,0,0,5,0,4,0,1,0,0,2,1,0,19,3,13,2026-09-13,data//AFLW_2026-09-13.csv,NA,NA,0.3157894736842105,0.7777777777777778,6,0.6666666666666666,1,NA,NA,2,0.2,NA,0,0.3076923076923077,0,CD_M20262640501,5,2026-09-12,Hawthorn,CD_R202626405
CD_I1014373,36,MEDIUM_DEFENDER,"https://s.afl.com.au/staticfile/AFL Tenant/AFL/Players/ChampIDImages/AFLW/2026264/1014373.png?im=Scale,width=0.6,height=0.6",Ciara,Fitzgerald,CD_T8096,CARL,Carlton,Blues,5,75.60000000000002,0,0,0,0,1,1,2,1,7,0,0,10,13,58,10,3,0,0,1,0,0,0,3,7,0,0,1,0,4,1,0,6,3,1,0,115,5,13,0,0,3,0,1,0,0,3,0,4,0,0,15,3,8,2026-09-13,data//AFLW_2026-09-13.csv,0.5,NA,0.4666666666666667,0.7692307692307693,7,0.5,1,NA,NA,0.8571428571428571,0.3076923076923077,0,0,0,0.1111111111111111,CD_M20262640508,5,2026-09-13,North Melbourne,CD_R202626405
CD_I1014375,22,MIDFIELDER,"https://s.afl.com.au/staticfile/AFL Tenant/AFL/Players/ChampIDImages/AFLW/2026264/1014375.png?im=Scale,width=0.6,height=0.6",Ellie,McKenzie,CD_T8788,RICH,Richmond,Richmond,1,80.6,1,1,13,1,6,0,0,1,10,0,0,6,20,59,13,6,0,3,0,0,1,0,5,8,0,0,6,0,2,0,0,12,1,1,0,405,0,12,0,0,0,0,6,0,2,0,4,3,0,5,19,5,9,2026-09-13,data//AFLW_2026-09-13.csv,NA,NA,0.5263157894736842,0.65,7,0.5,0.875,NA,NA,1.5,0.25,NA,0,0.6842105263157895,0,CD_M20262640506,5,2026-09-13,St Kilda,CD_R202626405
CD_I1014556,14,MEDIUM_FORWARD,"https://s.afl.com.au/staticfile/AFL Tenant/AFL/Players/ChampIDImages/AFLW/2026264/1014556.png?im=Scale,width=0.6,height=0.6",Hannah,Priest,CD_T8796,STK,St Kilda,St Kilda,5,83.5,0,0,0,0,3,0,0,0,4,0,0,2,8,29,6,2,2,2,1,0,2,0,2,5,0,0,1,0,2,0,0,3,1,0,0,44,2,7,0,0,1,0,4,0,0,1,0,3,2,0,9,2,5,2026-09-13,data//AFLW_2026-09-13.csv,NA,NA,0.4444444444444444,0.75,4,0.6666666666666666,0.8,NA,NA,0.6,0.42857142857142855,NA,0,0,0,CD_M20262640506,5,2026-09-13,Richmond,CD_R202626405
CD_I1014599,1,KEY_FORWARD,"https://s.afl.com.au/staticfile/AFL Tenant/AFL/Players/ChampIDImages/AFLW/2026264/1014599.png?im=Scale,width=0.6,height=0.6",Caitlin,Gould,CD_T8098,ADEL,Adelaide Crows,Crows,5,89.69999999999999,1,0,5,0,1,0,0,2,5,1,0,1,9,60,6,4,0,0,2,42.9,1,1,0,2,7,5,1,0,0,0,0,7,5,2,0,49,2,6,0,0,0,14,4,0,2,2,1,1,0,1,9,1,4,2026-09-13,data//AFLW_2026-09-13.csv,NA,0,0.5555555555555556,0.6666666666666666,2,0.5714285714285714,1,0.5,0.35714285714285715,3.5,0.16666666666666666,NA,0.2857142857142857,0.2777777777777778,0,CD_M20262640503,5,2026-09-12,Geelong Cats,CD_R202626405
CD_I1014663,26,KEY_DEFENDER,"https://s.afl.com.au/staticfile/AFL Tenant/AFL/Players/ChampIDImages/AFLW/2026264/1014663.png?im=Scale,width=0.6,height=0.6",Zoe,Prowse,CD_T9406,ESS,Essendon,Bombers,5,90.89999999999998,0,0,0,0,2,1,1,0,6,0,0,2,10,21,8,3,0,2,1,0,0,0,5,7,0,0,0,0,8,0,0,3,1,0,0,98,2,3,0,0,0,0,0,0,0,1,0,0,0,0,11,3,5,2026-09-13,data//AFLW_2026-09-13.csv,1,NA,0.5454545454545454,0.8,5,1,0.7142857142857143,NA,NA,0.42857142857142855,0,NA,0,0,0,CD_M20262640509,5,2026-09-13,Fremantle,CD_R202626405
CD_I1014781,2,MIDFIELDER,"https://s.afl.com.au/staticfile/AFL Tenant/AFL/Players/ChampIDImages/AFLW/2026264/1014781.png?im=Scale,width=0.6,height=0.6",Emelia,Yassir,CD_T8788,RICH,Richmond,Richmond,5,76.30000000000001,1,0,0,0,3,0,0,0,2,1,0,0,8,48,5,4,2,2,0,50,0,2,2,1,0,0,0,0,0,0,0,7,2,1,0,166,0,6,0,0,0,0,3,0,4,0,0,3,2,0,8,2,6,2026-09-13,data//AFLW_2026-09-13.csv,NA,0,0.25,0.625,1,0.5714285714285714,1,NA,NA,7,0.5,NA,0,0,0,CD_M20262640506,5,2026-09-13,St Kilda,CD_R202626405
CD_I1014785,8,MIDFIELDER_FORWARD,"https://s.afl.com.au/staticfile/AFL Tenant/AFL/Players/ChampIDImages/AFLW/2026264/1014785.png?im=Scale,width=0.6,height=0.6",Zali,Friswell,CD_T8467,GEEL,Geelong Cats,Cats,4,57.400000000000034,0,0,0,0,0,0,0,0,1,0,0,7,5,26,5,1,0,0,0,0,0,0,1,4,0,0,0,0,2,0,0,1,1,0,0,23,0,10,0,0,1,0,0,0,0,0,0,3,0,0,5,0,4,2026-09-13,data//AFLW_2026-09-13.csv,NA,NA,0.2,1,4,1,1,NA,NA,0.25,0.3,NA,0,0,0,CD_M20262640503,5,2026-09-12,Adelaide Crows,CD_R202626405
CD_I1014793,17,KEY_DEFENDER,"https://s.afl.com.au/staticfile/AFL Tenant/AFL/Players/ChampIDImages/AFLW/2026264/1014793.png?im=Scale,width=0.6,height=0.6",Tahlia,Gillard,CD_T7386,MELB,Melbourne,Demons,5,99.80000000000001,0,1,0,0,1,1,1,0,1,0,0,5,12,53,7,5,0,1,0,0,0,0,1,4,0,0,1,0,4,5,4,8,4,0,0,272,5,5,0,0,5,0,2,0,0,4,0,3,0,0,8,4,7,2026-09-13,data//AFLW_2026-09-13.csv,1,NA,0.125,0.5833333333333334,2,0.625,0.5,NA,NA,2,0.6,0.8,0,0,0.45454545454545453,CD_M20262640505,5,2026-09-13,Port Adelaide,CD_R202626405
CD_I1014810,41,MIDFIELDER,"https://s.afl.com.au/staticfile/AFL Tenant/AFL/Players/ChampIDImages/AFLW/2026264/1014810.png?im=Scale,width=0.6,height=0.6",Georgie,Prespakis,CD_T8467,GEEL,Geelong Cats,Cats,5,86.69999999999999,0,0,16,5,5,0,0,0,19,0,0,5,32,85,19,5,2,2,3,0,1,0,13,19,0,0,4,0,4,0,0,13,1,0,0,453,2,8,0,0,3,0,9,0,0,1,4,2,0,9,33,9,14,2026-09-13,data//AFLW_2026-09-13.csv,NA,NA,0.5757575757575758,0.59375,14,0.38461538461538464,0.7368421052631579,NA,NA,0.6842105263157895,0.25,NA,0,0.8888888888888888,0,CD_M20262640503,5,2026-09-12,Adelaide Crows,CD_R202626405
CD_I1014835,6,MIDFIELDER,"https://s.afl.com.au/staticfile/AFL Tenant/AFL/Players/ChampIDImages/AFLW/2026264/1014835.png?im=Scale,width=0.6,height=0.6",Tyanna,Smith,CD_T8796,STK,St Kilda,St Kilda,5,85.60000000000002,0,1,17,3,2,0,0,0,8,0,0,13,17,80,14,9,0,0,4,50,1,0,3,5,0,0,9,0,6,0,0,12,2,0,0,489,2,22,0,0,1,0,7,0,0,1,0,6,1,3,17,4,9,2026-09-13,data//AFLW_2026-09-13.csv,NA,NA,0.47058823529411764,0.8235294117647058,5,0.75,1,NA,NA,2.4,0.2727272727272727,NA,0,0.8947368421052632,0,CD_M20262640506,5,2026-09-13,Richmond,CD_R202626405
CD_I1014841,22,MIDFIELDER,"https://s.afl.com.au/staticfile/AFL Tenant/AFL/Players/ChampIDImages/AFLW/2026264/1014841.png?im=Scale,width=0.6,height=0.6",Ashleigh,Richards,CD_T8796,STK,St Kilda,St Kilda,5,69.5,0,0,14,1,1,0,0,0,11,1,0,10,22,122,13,8,1,0,1,66.7,0,1,9,9,0,0,2,0,1,0,0,13,6,0,0,372,2,20,0,0,3,0,4,0,1,1,3,10,2,4,21,7,10,2026-09-13,data//AFLW_2026-09-13.csv,NA,0,0.5238095238095238,0.5909090909090909,5,0.6153846153846154,0.5555555555555556,NA,NA,1.4444444444444444,0.5,NA,0,0.7368421052631579,0,CD_M20262640506,5,2026-09-13,Richmond,CD_R202626405
CD_I1014869,11,MEDIUM_DEFENDER,"https://s.afl.com.au/staticfile/AFL Tenant/AFL/Players/ChampIDImages/AFLW/2026264/1014869.png?im=Scale,width=0.6,height=0.6",Jenna,Richardson,CD_T9407,HAW,Hawthorn,Hawks,5,96,0,0,0,0,1,0,2,0,5,0,0,5,15,76,14,12,0,0,1,100,0,0,3,2,0,0,1,0,4,0,0,13,8,0,0,255,4,6,0,0,7,0,3,0,0,2,1,2,0,1,16,1,11,2026-09-13,data//AFLW_2026-09-13.csv,0,NA,0.3125,0.9333333333333333,2,0.9230769230769231,1,NA,NA,6.5,0.3333333333333333,NA,0,0,0,CD_M20262640501,5,2026-09-12,Western Bulldogs,CD_R202626405
CD_I1014882,16,KEY_DEFENDER,"https://s.afl.com.au/staticfile/AFL Tenant/AFL/Players/ChampIDImages/AFLW/2026264/1014882.png?im=Scale,width=0.6,height=0.6",Laura,McClelland,CD_T8788,RICH,Richmond,Richmond,5,82.10000000000002,0,0,0,0,2,0,0,0,6,0,0,5,17,74,11,7,0,0,2,0,0,0,4,6,0,0,0,0,6,0,0,11,5,0,0,277,2,8,0,0,3,0,2,0,0,2,2,3,0,2,16,5,10,2026-09-13,data//AFLW_2026-09-13.csv,NA,NA,0.375,0.6470588235294118,4,0.6363636363636364,0.6666666666666666,NA,NA,1.8333333333333333,0.375,NA,0,0,0,CD_M20262640506,5,2026-09-13,St Kilda,CD_R202626405
CD_I1014904,24,MIDFIELDER,"https://s.afl.com.au/staticfile/AFL Tenant/AFL/Players/ChampIDImages/AFLW/2026264/1014904.png?im=Scale,width=0.6,height=0.6",Megan,Fitzsimon,CD_T7386,MELB,Melbourne,Demons,5,75,0,0,2,1,2,0,0,1,6,0,0,8,13,81,9,6,0,0,2,50,0,1,2,3,0,0,1,0,0,0,0,10,3,0,0,268,0,17,0,0,1,0,2,0,2,0,2,7,2,3,12,2,6,2026-09-13,data//AFLW_2026-09-13.csv,NA,NA,0.5,0.6923076923076923,3,0.6,1,NA,NA,3.3333333333333335,0.4117647058823529,NA,0,0.13333333333333333,0,CD_M20262640505,5,2026-09-13,Port Adelaide,CD_R202626405
CD_I1014962,16,KEY_DEFENDER,"https://s.afl.com.au/staticfile/AFL Tenant/AFL/Players/ChampIDImages/AFLW/2026264/1014962.png?im=Scale,width=0.6,height=0.6",Ella,Friend,CD_T8796,STK,St Kilda,St Kilda,5,77.80000000000001,0,0,0,0,1,0,1,1,3,0,0,3,5,20,4,3,0,0,0,0,0,0,2,1,0,0,0,0,3,0,0,4,2,0,0,53,1,6,0,0,1,0,1,0,0,0,1,0,0,1,5,0,2,2026-09-13,data//AFLW_2026-09-13.csv,0,NA,0.6,0.8,1,0.75,1,NA,NA,4,0,NA,0,0,0,CD_M20262640506,5,2026-09-13,Richmond,CD_R202626405
CD_I1014991,17,MEDIUM_FORWARD,"https://s.afl.com.au/staticfile/AFL Tenant/AFL/Players/ChampIDImages/AFLW/2026264/1014991.png?im=Scale,width=0.6,height=0.6",Keeley,Skepper,CD_T8787,WCE,West Coast Eagles,Eagles,5,71.10000000000002,0,1,0,0,1,0,0,0,5,0,0,3,13,63,5,2,3,0,1,66.7,0,1,4,4,0,0,2,0,3,0,0,9,3,0,0,224,0,9,0,0,1,0,3,0,1,0,0,3,1,0,12,4,7,2026-09-13,data//AFLW_2026-09-13.csv,NA,NA,0.4166666666666667,0.38461538461538464,3,0.2222222222222222,0.75,NA,NA,2.25,0.3333333333333333,NA,0,0,0,CD_M20262640504,5,2026-09-12,Brisbane Lions,CD_R202626405
CD_I1015025,9,KEY_FORWARD,"https://s.afl.com.au/staticfile/AFL Tenant/AFL/Players/ChampIDImages/AFLW/2026264/1015025.png?im=Scale,width=0.6,height=0.6",Georgia,Gall,CD_T7386,MELB,Melbourne,Demons,5,50.19999999999999,1,0,0,0,1,0,0,1,6,0,0,0,8,38,3,1,3,0,0,71.4,1,0,5,4,4,1,2,0,1,0,0,4,3,2,0,80,0,2,0,0,0,10,3,0,1,0,0,1,1,0,8,2,2,2026-09-13,data//AFLW_2026-09-13.csv,NA,NA,0.75,0.375,2,0.25,0.5,0.4,0.1,1,0.5,NA,0.1724137931034483,0,0,CD_M20262640505,5,2026-09-13,Port Adelaide,CD_R202626405
CD_I1015029,13,MEDIUM_DEFENDER,"https://s.afl.com.au/staticfile/AFL Tenant/AFL/Players/ChampIDImages/AFLW/2026264/1015029.png?im=Scale,width=0.6,height=0.6",Maeve,Chaplin,CD_T7386,MELB,Melbourne,Demons,3,81,0,0,0,0,7,0,0,0,7,0,0,6,27,69,19,13,0,4,1,0,0,0,6,10,0,0,3,0,6,4,4,17,3,0,1,466,0,9,0,0,2,0,5,0,0,0,0,0,0,0,23,6,16,2026-09-13,data//AFLW_2026-09-13.csv,NA,NA,0.30434782608695654,0.7037037037037037,6,0.7647058823529411,0.6,NA,NA,1.7,0,1,0,0,0.36363636363636365,CD_M20262640505,5,2026-09-13,Port Adelaide,CD_R202626405
CD_I1015047,10,MIDFIELDER,"https://s.afl.com.au/staticfile/AFL Tenant/AFL/Players/ChampIDImages/AFLW/2026264/1015047.png?im=Scale,width=0.6,height=0.6",Mimi,Hill,CD_T8096,CARL,Carlton,Blues,5,71.69999999999999,1,0,6,0,0,0,0,0,5,0,0,7,12,32,6,1,1,0,0,25,0,0,4,9,0,0,1,0,3,0,0,3,0,0,0,69,0,18,0,0,0,0,2,0,1,0,0,1,1,0,14,3,9,2026-09-13,data//AFLW_2026-09-13.csv,NA,NA,0.35714285714285715,0.5,5,0.3333333333333333,0.5555555555555556,NA,NA,0.3333333333333333,0.05555555555555555,NA,0,0.5454545454545454,0,CD_M20262640508,5,2026-09-13,North Melbourne,CD_R202626405
CD_I1015068,8,MIDFIELDER,"https://s.afl.com.au/staticfile/AFL Tenant/AFL/Players/ChampIDImages/AFLW/2026264/1015068.png?im=Scale,width=0.6,height=0.6",Charlie,Rowbottom,CD_T8786,GCFC,Gold Coast SUNS,SUNS,5,88.19999999999999,0,1,14,2,4,0,0,0,17,0,0,11,29,110,21,9,2,4,4,0,1,0,8,14,0,0,5,0,3,0,0,15,3,0,1,236,2,22,0,0,2,0,4,0,0,0,9,9,0,11,29,5,12,2026-09-13,data//AFLW_2026-09-13.csv,NA,NA,0.5862068965517241,0.7241379310344828,12,0.6,0.8571428571428571,NA,NA,1.0714285714285714,0.4090909090909091,NA,0,0.8235294117647058,0,CD_M20262640502,5,2026-09-12,Collingwood,CD_R202626405
CD_I1015070,2,MEDIUM_FORWARD,"https://s.afl.com.au/staticfile/AFL Tenant/AFL/Players/ChampIDImages/AFLW/2026264/1015070.png?im=Scale,width=0.6,height=0.6",Eliza,James,CD_T8097,COLL,Collingwood,Magpies,2,67.7,0,0,0,0,0,0,0,2,6,3,1,3,7,33,6,3,1,0,0,50,0,1,2,3,0,0,0,0,2,0,0,4,3,2,0,84,2,6,0,0,1,0,2,0,1,0,0,0,0,0,8,2,2,2026-09-13,data//AFLW_2026-09-13.csv,NA,0.3333333333333333,0.75,0.8571428571428571,3,0.75,1,NA,NA,1.3333333333333333,0,NA,0,0,0,CD_M20262640502,5,2026-09-12,Gold Coast SUNS,CD_R202626405
CD_I1015088,22,MIDFIELDER,"https://s.afl.com.au/staticfile/AFL Tenant/AFL/Players/ChampIDImages/AFLW/2026264/1015088.png?im=Scale,width=0.6,height=0.6",Eliza,McNamara,CD_T7386,MELB,Melbourne,Demons,5,71.19999999999999,0,0,1,0,1,0,1,1,4,0,0,5,11,71,7,5,1,0,3,85.7,0,1,1,3,0,0,2,0,1,0,0,8,4,1,0,149,0,9,0,0,1,0,4,0,1,0,1,5,1,1,12,2,8,2026-09-13,data//AFLW_2026-09-13.csv,0,NA,0.3333333333333333,0.6363636363636364,2,0.625,0.6666666666666666,NA,NA,2.6666666666666665,0.5555555555555556,NA,0,0.06666666666666667,0,CD_M20262640505,5,2026-09-13,Port Adelaide,CD_R202626405
CD_I1015091,15,MEDIUM_FORWARD,"https://s.afl.com.au/staticfile/AFL Tenant/AFL/Players/ChampIDImages/AFLW/2026264/1015091.png?im=Scale,width=0.6,height=0.6",Sarah,Hartwig,CD_T7387,WB,Western Bulldogs,Bulldogs,5,89.80000000000001,1,1,0,0,2,0,0,1,3,2,1,1,9,50,7,4,1,0,1,45.5,0,1,1,3,0,0,0,0,0,0,0,6,2,1,0,145,0,7,0,0,0,0,3,0,2,0,0,3,2,0,8,1,5,2026-09-13,data//AFLW_2026-09-13.csv,NA,0.5,0.375,0.7777777777777778,3,0.6666666666666666,1,NA,NA,2,0.42857142857142855,NA,0,0,0,CD_M20262640501,5,2026-09-12,Hawthorn,CD_R202626405
CD_I1015097,3,MIDFIELDER_FORWARD,"https://s.afl.com.au/staticfile/AFL Tenant/AFL/Players/ChampIDImages/AFLW/2026264/1015097.png?im=Scale,width=0.6,height=0.6",Bella,Eddey,CD_T8466,NMFC,North Melbourne,Kangaroos,5,75.69999999999999,0,0,0,1,2,0,0,0,5,0,0,5,10,30,7,2,1,0,0,100,0,0,5,7,0,0,0,0,2,0,0,3,1,0,0,28,0,7,0,0,0,0,0,0,0,0,1,1,0,2,9,1,4,2026-09-13,data//AFLW_2026-09-13.csv,NA,NA,0.5555555555555556,0.7,5,0.6666666666666666,0.7142857142857143,NA,NA,0.42857142857142855,0.14285714285714285,NA,0,0,0,CD_M20262640508,5,2026-09-13,Carlton,CD_R202626405
CD_I1015105,28,MEDIUM_DEFENDER,"https://s.afl.com.au/staticfile/AFL Tenant/AFL/Players/ChampIDImages/AFLW/2026264/1015105.png?im=Scale,width=0.6,height=0.6",Daisy,Walker,CD_T7889,GWS,GWS GIANTS,GIANTS,3,91.99999999999999,0,0,0,0,5,0,0,0,4,0,0,13,8,42,6,3,0,2,1,0,0,0,3,4,0,0,0,0,4,0,0,4,1,0,0,63,2,16,0,0,2,0,0,0,0,1,0,6,0,0,9,3,5,2026-09-13,data//AFLW_2026-09-13.csv,NA,NA,0.4444444444444444,0.75,3,0.75,0.75,NA,NA,1,0.375,NA,0,0,0,CD_M20262640507,5,2026-09-13,Sydney Swans,CD_R202626405
CD_I1015124,19,MIDFIELDER_FORWARD,"https://s.afl.com.au/staticfile/AFL Tenant/AFL/Players/ChampIDImages/AFLW/2026264/1015124.png?im=Scale,width=0.6,height=0.6",Ruby,Tripodi,CD_T8466,NMFC,North Melbourne,Kangaroos,5,65.69999999999999,0,0,9,1,4,0,0,0,4,0,0,6,13,48,5,4,2,1,0,100,0,0,3,3,0,0,3,0,0,0,0,10,1,0,0,188,1,15,0,0,0,0,2,0,0,0,2,3,0,3,14,2,10,2026-09-13,data//AFLW_2026-09-13.csv,NA,NA,0.2857142857142857,0.38461538461538464,1,0.4,0.3333333333333333,NA,NA,3.3333333333333335,0.2,NA,0,0.8181818181818182,0,CD_M20262640508,5,2026-09-13,Carlton,CD_R202626405
CD_I1015137,4,MIDFIELDER,"https://s.afl.com.au/staticfile/AFL Tenant/AFL/Players/ChampIDImages/AFLW/2026264/1015137.png?im=Scale,width=0.6,height=0.6",Isabelle,Pritchard,CD_T7387,WB,Western Bulldogs,Bulldogs,5,75.30000000000001,0,0,12,2,6,0,0,0,20,0,0,6,31,83,24,7,1,3,0,42.9,0,0,14,19,0,0,2,0,10,0,0,12,2,1,0,272,0,12,0,0,2,0,2,0,1,0,6,3,0,8,30,6,10,2026-09-13,data//AFLW_2026-09-13.csv,NA,NA,0.6666666666666666,0.7741935483870968,17,0.5833333333333334,0.8947368421052632,NA,NA,0.631578947368421,0.25,NA,0,0.9230769230769231,0,CD_M20262640501,5,2026-09-12,Hawthorn,CD_R202626405
CD_I1015147,26,MIDFIELDER,"https://s.afl.com.au/staticfile/AFL Tenant/AFL/Players/ChampIDImages/AFLW/2026264/1015147.png?im=Scale,width=0.6,height=0.6",Charlotte,Baskaran,CD_T8796,STK,St Kilda,St Kilda,5,90.30000000000001,0,0,0,0,5,0,0,0,6,0,0,7,13,47,6,4,2,3,1,0,0,0,4,3,0,0,3,0,1,0,0,10,1,0,0,244,2,11,0,0,1,0,5,0,0,1,2,4,0,2,15,5,9,2026-09-13,data//AFLW_2026-09-13.csv,NA,NA,0.4,0.46153846153846156,2,0.4,0.6666666666666666,NA,NA,3.3333333333333335,0.36363636363636365,NA,0,0,0,CD_M20262640506,5,2026-09-13,Richmond,CD_R202626405
CD_I1015152,18,MIDFIELDER,"https://s.afl.com.au/staticfile/AFL Tenant/AFL/Players/ChampIDImages/AFLW/2026264/1015152.png?im=Scale,width=0.6,height=0.6",Montana,Ham,CD_T9408,SYD,Sydney Swans,Swans,5,69,0,0,15,1,3,0,0,0,9,0,0,7,22,77,15,4,0,1,0,40,1,0,7,12,0,0,5,0,2,0,0,10,2,0,0,337,0,18,0,0,2,0,5,0,0,0,3,5,1,4,23,3,14,2026-09-13,data//AFLW_2026-09-13.csv,NA,NA,0.391304347826087,0.6818181818181818,11,0.4,0.9166666666666666,NA,NA,0.8333333333333334,0.2777777777777778,NA,0,0.6,0,CD_M20262640507,5,2026-09-13,GWS GIANTS,CD_R202626405
CD_I1015174,17,MEDIUM_DEFENDER,"https://s.afl.com.au/staticfile/AFL Tenant/AFL/Players/ChampIDImages/AFLW/2026264/1015174.png?im=Scale,width=0.6,height=0.6",Ash,Van Loon,CD_T9408,SYD,Sydney Swans,Swans,5,92.80000000000001,0,0,0,0,0,0,2,0,3,0,0,7,6,47,5,5,0,0,1,0,0,0,1,1,0,0,0,0,5,0,0,5,3,0,0,99,6,8,0,0,2,0,0,0,0,4,0,5,0,0,6,1,3,2026-09-13,data//AFLW_2026-09-13.csv,0,NA,0.5,0.8333333333333334,0,1,0,NA,NA,5,0.625,NA,0,0,0,CD_M20262640507,5,2026-09-13,GWS GIANTS,CD_R202626405
CD_I1015175,5,MIDFIELDER,"https://s.afl.com.au/staticfile/AFL Tenant/AFL/Players/ChampIDImages/AFLW/2026264/1015175.png?im=Scale,width=0.6,height=0.6",Tess,Craven,CD_T8466,NMFC,North Melbourne,Kangaroos,5,71,1,0,0,0,3,0,0,0,6,1,0,6,18,63,10,4,1,0,0,60,0,0,6,9,0,0,1,0,4,0,0,9,3,0,0,218,1,16,0,0,2,0,2,0,1,1,1,2,1,1,18,6,12,2026-09-13,data//AFLW_2026-09-13.csv,NA,0,0.3333333333333333,0.5555555555555556,6,0.4444444444444444,0.6666666666666666,NA,NA,1,0.125,NA,0,0,0,CD_M20262640508,5,2026-09-13,Carlton,CD_R202626405
CD_I1015181,4,MEDIUM_DEFENDER,"https://s.afl.com.au/staticfile/AFL Tenant/AFL/Players/ChampIDImages/AFLW/2026264/1015181.png?im=Scale,width=0.6,height=0.6",Darcy,Moloney,CD_T9408,SYD,Sydney Swans,Swans,5,41.69999999999999,0,0,6,0,0,0,0,0,3,0,0,2,9,29,9,3,1,0,1,0,0,0,2,6,0,0,2,0,2,0,0,3,1,0,0,71,0,6,0,0,0,0,1,0,0,0,0,1,0,0,9,0,6,2026-09-13,data//AFLW_2026-09-13.csv,NA,NA,0.3333333333333333,1,6,1,1,NA,NA,0.5,0.16666666666666666,NA,0,0.24,0,CD_M20262640507,5,2026-09-13,GWS GIANTS,CD_R202626405
CD_I1015195,19,MEDIUM_DEFENDER,"https://s.afl.com.au/staticfile/AFL Tenant/AFL/Players/ChampIDImages/AFLW/2026264/1015195.png?im=Scale,width=0.6,height=0.6",Annie,Lee,CD_T8467,GEEL,Geelong Cats,Cats,2,66.2,0,0,0,0,2,2,2,0,1,0,0,6,8,31,4,2,0,1,0,0,0,0,1,3,0,0,0,0,2,0,0,5,3,0,0,60,3,6,0,0,2,0,0,0,0,3,0,1,0,0,8,3,7,2026-09-13,data//AFLW_2026-09-13.csv,1,NA,0.125,0.5,2,0.4,0.6666666666666666,NA,NA,1.6666666666666667,0.16666666666666666,NA,0,0,0,CD_M20262640503,5,2026-09-12,Adelaide Crows,CD_R202626405
CD_I1015201,26,RUCK,"https://s.afl.com.au/staticfile/AFL Tenant/AFL/Players/ChampIDImages/AFLW/2026264/1015201.png?im=Scale,width=0.6,height=0.6",Analea,McKee,CD_T7387,WB,Western Bulldogs,Bulldogs,1,55.6,0,0,1,0,1,0,0,0,3,1,0,0,8,37,6,2,0,0,1,100,0,1,2,5,1,0,0,0,1,0,0,3,2,0,1,70,0,3,0,0,1,3,1,0,1,0,0,1,1,0,8,0,5,2026-09-13,data//AFLW_2026-09-13.csv,NA,0,0.375,0.75,4,0.6666666666666666,0.8,0.3333333333333333,0,0.6,0.3333333333333333,NA,0.07142857142857142,0.07692307692307693,0,CD_M20262640501,5,2026-09-12,Hawthorn,CD_R202626405
CD_I1016865,14,RUCK,"https://s.afl.com.au/staticfile/AFL Tenant/AFL/Players/ChampIDImages/AFLW/2026264/1016865.png?im=Scale,width=0.6,height=0.6",Poppy,Kelly,CD_T8788,RICH,Richmond,Richmond,5,83.5,0,0,13,0,2,0,0,0,9,0,0,11,10,68,7,3,1,0,1,100,0,0,6,6,20,7,1,0,2,0,0,4,1,0,0,189,3,14,0,0,1,39,0,0,0,1,2,5,0,2,12,2,3,2026-09-13,data//AFLW_2026-09-13.csv,NA,NA,0.75,0.7,4,0.75,0.6666666666666666,0.5128205128205128,0.1794871794871795,0.6666666666666666,0.35714285714285715,NA,0.582089552238806,0.6842105263157895,0,CD_M20262640506,5,2026-09-13,St Kilda,CD_R202626405
CD_I1016938,29,MEDIUM_FORWARD,"https://s.afl.com.au/staticfile/AFL Tenant/AFL/Players/ChampIDImages/AFLW/2026264/1016938.png?im=Scale,width=0.6,height=0.6",Ruby,Svarc,CD_T7887,BL,Brisbane Lions,Lions,4,77.79999999999998,0,0,0,0,2,0,0,0,4,0,0,3,8,28,6,2,1,1,1,50,0,0,3,4,0,0,1,0,0,0,0,4,2,1,0,71,1,10,0,0,0,0,3,0,0,1,0,1,1,0,9,3,5,2026-09-13,data//AFLW_2026-09-13.csv,NA,NA,0.4444444444444444,0.75,4,0.5,1,NA,NA,1,0.1,NA,0,0,0,CD_M20262640504,5,2026-09-12,West Coast Eagles,CD_R202626405
CD_I1016971,25,MIDFIELDER,"https://s.afl.com.au/staticfile/AFL Tenant/AFL/Players/ChampIDImages/AFLW/2026264/1016971.png?im=Scale,width=0.6,height=0.6",Ellie,Gavalas,CD_T7387,WB,Western Bulldogs,Bulldogs,2,72.60000000000001,0,0,0,0,2,0,0,0,4,2,0,1,15,64,11,5,1,0,0,0,0,0,4,6,0,0,2,0,1,0,0,9,3,0,1,149,0,6,0,0,1,0,1,0,0,0,0,4,2,0,13,3,9,2026-09-13,data//AFLW_2026-09-13.csv,NA,0,0.3076923076923077,0.7333333333333333,6,0.5555555555555556,1,NA,NA,1.5,0.6666666666666666,NA,0,0,0,CD_M20262640501,5,2026-09-12,Hawthorn,CD_R202626405
CD_I1017025,28,KEY_FORWARD,"https://s.afl.com.au/staticfile/AFL Tenant/AFL/Players/ChampIDImages/AFLW/2026264/1017025.png?im=Scale,width=0.6,height=0.6",Gabby,Seymour,CD_T8788,RICH,Richmond,Richmond,5,87.60000000000002,0,0,6,0,1,0,0,2,4,0,0,2,7,62,6,5,1,1,1,33.3,1,2,1,1,18,5,2,0,1,0,0,6,2,1,0,112,3,6,0,0,0,25,6,0,2,2,1,2,1,1,6,2,2,2026-09-13,data//AFLW_2026-09-13.csv,NA,NA,0.6666666666666666,0.8571428571428571,1,0.8333333333333334,1,0.72,0.2,6,0.3333333333333333,NA,0.373134328358209,0.3157894736842105,0,CD_M20262640506,5,2026-09-13,St Kilda,CD_R202626405
CD_I1017286,33,MEDIUM_DEFENDER,"https://s.afl.com.au/staticfile/AFL Tenant/AFL/Players/ChampIDImages/AFLW/2026264/1017286.png?im=Scale,width=0.6,height=0.6",Emily,Pease,CD_T7889,GWS,GWS GIANTS,GIANTS,3,70.69999999999999,0,0,0,0,1,0,0,0,4,0,0,8,7,41,5,3,0,0,1,0,0,0,3,3,0,0,0,0,4,1,1,4,2,0,0,62,1,8,0,0,3,0,1,0,0,1,0,4,0,0,6,2,2,2026-09-13,data//AFLW_2026-09-13.csv,NA,NA,0.6666666666666666,0.7142857142857143,2,0.75,0.6666666666666666,NA,NA,1.3333333333333333,0.5,1,0,0,0.125,CD_M20262640507,5,2026-09-13,Sydney Swans,CD_R202626405
CD_I1017292,18,MEDIUM_FORWARD,"https://s.afl.com.au/staticfile/AFL Tenant/AFL/Players/ChampIDImages/AFLW/2026264/1017292.png?im=Scale,width=0.6,height=0.6",Tarni,Evans,CD_T7889,GWS,GWS GIANTS,GIANTS,5,101.60000000000002,2,0,0,0,4,0,0,0,5,1,0,3,13,73,8,5,3,1,1,44.4,0,1,4,3,0,0,0,0,2,0,0,10,5,2,2,349,0,11,0,0,1,0,6,0,4,0,0,4,2,0,13,5,8,2026-09-13,data//AFLW_2026-09-13.csv,NA,0,0.38461538461538464,0.6153846153846154,3,0.5,1,NA,NA,3.3333333333333335,0.36363636363636365,NA,0,0,0,CD_M20262640507,5,2026-09-13,Sydney Swans,CD_R202626405
CD_I1017314,20,MEDIUM_DEFENDER,"https://s.afl.com.au/staticfile/AFL Tenant/AFL/Players/ChampIDImages/AFLW/2026264/1017314.png?im=Scale,width=0.6,height=0.6",Daisy,D'Arcy,CD_T8786,GCFC,Gold Coast SUNS,SUNS,5,85.60000000000002,0,0,0,0,2,0,2,0,8,0,0,9,19,72,14,10,0,0,2,0,0,0,4,5,0,0,2,0,8,4,2,14,2,0,1,309,7,14,0,0,5,0,1,0,1,5,1,3,0,1,18,4,10,2026-09-13,data//AFLW_2026-09-13.csv,0,NA,0.4444444444444444,0.7368421052631579,4,0.7142857142857143,0.8,NA,NA,2.8,0.21428571428571427,0.5,0,0,0.5714285714285714,CD_M20262640502,5,2026-09-12,Collingwood,CD_R202626405
CD_I1017333,6,MIDFIELDER,"https://s.afl.com.au/staticfile/AFL Tenant/AFL/Players/ChampIDImages/AFLW/2026264/1017333.png?im=Scale,width=0.6,height=0.6",Isabella,Lewis,CD_T8787,WCE,West Coast Eagles,Eagles,5,86.89999999999998,1,0,15,0,5,0,0,0,4,0,0,4,19,83,9,6,1,2,1,25,0,2,3,5,0,0,2,0,2,0,0,14,5,0,1,409,0,10,0,0,1,0,6,0,3,0,3,2,1,3,18,5,14,2026-09-13,data//AFLW_2026-09-13.csv,NA,NA,0.2222222222222222,0.47368421052631576,3,0.42857142857142855,0.6,NA,NA,2.8,0.2,NA,0,0.9375,0,CD_M20262640504,5,2026-09-12,Brisbane Lions,CD_R202626405
CD_I1018403,4,MIDFIELDER,"https://s.afl.com.au/staticfile/AFL Tenant/AFL/Players/ChampIDImages/AFLW/2026264/1018403.png?im=Scale,width=0.6,height=0.6",Eilish,Sheerin,CD_T8466,NMFC,North Melbourne,Kangaroos,4,77.9,0,1,6,0,4,0,0,0,12,0,0,14,17,92,7,4,2,1,1,75,1,0,9,7,0,0,5,0,4,0,0,10,2,0,1,312,4,28,0,0,1,0,2,0,0,2,2,11,1,2,17,5,5,2026-09-13,data//AFLW_2026-09-13.csv,NA,NA,0.7058823529411765,0.4117647058823529,3,0.4,0.42857142857142855,NA,NA,1.4285714285714286,0.39285714285714285,NA,0,0.5454545454545454,0,CD_M20262640508,5,2026-09-13,Carlton,CD_R202626405
CD_I1018405,5,KEY_FORWARD,"https://s.afl.com.au/staticfile/AFL Tenant/AFL/Players/ChampIDImages/AFLW/2026264/1018405.png?im=Scale,width=0.6,height=0.6",Jacqueline,Parry,CD_T8467,GEEL,Geelong Cats,Cats,5,87.19999999999999,0,0,0,0,1,0,0,0,5,8,1,2,13,53,9,4,4,1,0,84.6,0,2,5,5,0,0,1,0,1,0,0,8,2,1,0,137,0,5,0,0,0,1,7,0,2,0,0,1,0,0,11,2,6,2026-09-13,data//AFLW_2026-09-13.csv,NA,0.125,0.45454545454545453,0.6923076923076923,5,0.5,1,0,0,1.6,0.2,NA,0.02040816326530612,0,0,CD_M20262640503,5,2026-09-12,Adelaide Crows,CD_R202626405
CD_I1018874,23,MIDFIELDER,"https://s.afl.com.au/staticfile/AFL Tenant/AFL/Players/ChampIDImages/AFLW/2026264/1018874.png?im=Scale,width=0.6,height=0.6",Niamh,Kelly,CD_T8098,ADEL,Adelaide Crows,Crows,5,75.60000000000002,1,3,0,0,0,0,0,0,2,0,0,1,10,44,5,2,1,0,0,33.3,0,1,1,4,0,0,5,0,3,0,0,6,1,0,0,287,3,9,0,0,0,0,3,0,4,3,1,2,1,1,9,3,7,2026-09-13,data//AFLW_2026-09-13.csv,NA,NA,0.2222222222222222,0.5,3,0.3333333333333333,0.75,NA,NA,1.5,0.2222222222222222,NA,0,0,0,CD_M20262640503,5,2026-09-12,Geelong Cats,CD_R202626405
CD_I1018875,20,MIDFIELDER,"https://s.afl.com.au/staticfile/AFL Tenant/AFL/Players/ChampIDImages/AFLW/2026264/1018875.png?im=Scale,width=0.6,height=0.6",Grace,Kelly,CD_T8098,ADEL,Adelaide Crows,Crows,3,78.50000000000003,1,0,0,0,3,0,0,0,1,0,0,0,9,42,4,3,1,1,0,50,0,2,1,1,0,0,1,0,1,0,0,8,2,1,2,142,1,6,0,0,0,0,4,0,3,1,0,0,0,0,8,4,7,2026-09-13,data//AFLW_2026-09-13.csv,NA,NA,0.125,0.4444444444444444,1,0.375,1,NA,NA,8,0,NA,0,0,0,CD_M20262640503,5,2026-09-12,Geelong Cats,CD_R202626405
CD_I1018955,7,MIDFIELDER,"https://s.afl.com.au/staticfile/AFL Tenant/AFL/Players/ChampIDImages/AFLW/2026264/1018955.png?im=Scale,width=0.6,height=0.6",Kate,Surman,CD_T8467,GEEL,Geelong Cats,Cats,2,85.5,1,0,0,0,2,0,0,0,8,0,0,5,13,35,9,3,3,0,0,50,0,0,8,8,0,0,1,0,2,0,0,5,1,0,0,81,0,9,0,0,0,0,4,0,1,0,1,0,0,1,13,2,5,2026-09-13,data//AFLW_2026-09-13.csv,NA,NA,0.6153846153846154,0.6923076923076923,6,0.6,0.75,NA,NA,0.625,0,NA,0,0,0,CD_M20262640503,5,2026-09-12,Adelaide Crows,CD_R202626405
CD_I1019034,9,MIDFIELDER,"https://s.afl.com.au/staticfile/AFL Tenant/AFL/Players/ChampIDImages/AFLW/2026264/1019034.png?im=Scale,width=0.6,height=0.6",Orla,O'Dwyer,CD_T7887,BL,Brisbane Lions,Lions,5,99.80000000000001,0,0,3,0,1,0,0,0,3,0,0,8,15,66,10,6,0,0,2,75,0,0,2,4,0,0,1,0,3,0,0,11,1,0,0,299,1,21,0,0,1,0,0,0,0,1,1,5,0,1,14,3,11,2026-09-13,data//AFLW_2026-09-13.csv,NA,NA,0.21428571428571427,0.6666666666666666,4,0.5454545454545454,1,NA,NA,2.75,0.23809523809523808,NA,0,0.1875,0,CD_M20262640504,5,2026-09-12,West Coast Eagles,CD_R202626405
CD_I1019053,25,MIDFIELDER,"https://s.afl.com.au/staticfile/AFL Tenant/AFL/Players/ChampIDImages/AFLW/2026264/1019053.png?im=Scale,width=0.6,height=0.6",Catherine,Svarc,CD_T7887,BL,Brisbane Lions,Lions,5,70.89999999999998,0,0,8,1,1,0,0,0,6,0,0,3,9,41,5,2,0,0,3,20,1,0,3,4,0,0,5,0,2,0,0,5,1,0,0,222,0,7,0,0,0,0,2,0,0,0,2,3,0,3,9,3,3,2026-09-13,data//AFLW_2026-09-13.csv,NA,NA,0.6666666666666666,0.5555555555555556,3,0.4,0.75,NA,NA,1.25,0.42857142857142855,NA,0,0.5,0,CD_M20262640504,5,2026-09-12,West Coast Eagles,CD_R202626405
CD_I1019057,14,KEY_FORWARD,"https://s.afl.com.au/staticfile/AFL Tenant/AFL/Players/ChampIDImages/AFLW/2026264/1019057.png?im=Scale,width=0.6,height=0.6",Dakota,Davidson,CD_T7887,BL,Brisbane Lions,Lions,4,91.10000000000002,2,0,0,0,1,0,0,0,2,1,1,2,8,55,2,1,0,0,1,46.7,0,1,1,1,3,0,1,0,1,0,0,7,4,2,0,131,1,6,0,0,0,9,4,0,3,1,0,2,2,0,7,1,5,2026-09-13,data//AFLW_2026-09-13.csv,NA,1,0.2857142857142857,0.25,1,0.14285714285714285,1,0.3333333333333333,0,7,0.3333333333333333,NA,0.15789473684210525,0,0,CD_M20262640504,5,2026-09-12,West Coast Eagles,CD_R202626405
CD_I1019059,9,MIDFIELDER,"https://s.afl.com.au/staticfile/AFL Tenant/AFL/Players/ChampIDImages/AFLW/2026264/1019059.png?im=Scale,width=0.6,height=0.6",Maria,Moloney,CD_T9409,PORT,Port Adelaide,Power,5,69.89999999999998,0,0,12,0,4,0,0,0,6,0,0,9,10,23,6,2,1,3,0,0,0,0,5,6,0,0,0,0,1,0,0,4,0,0,0,44,2,16,0,0,0,0,0,0,0,0,2,2,1,2,12,2,6,2026-09-13,data//AFLW_2026-09-13.csv,NA,NA,0.5,0.6,4,0.5,0.6666666666666666,NA,NA,0.6666666666666666,0.125,NA,0,0.8,0,CD_M20262640505,5,2026-09-13,Melbourne,CD_R202626405
CD_I1019435,21,MEDIUM_DEFENDER,"https://s.afl.com.au/staticfile/AFL Tenant/AFL/Players/ChampIDImages/AFLW/2026264/1019435.png?im=Scale,width=0.6,height=0.6",Lauren,Clifton,CD_T7386,MELB,Melbourne,Demons,3,87.20000000000002,0,0,0,0,3,0,1,0,5,0,0,5,10,44,7,5,0,1,1,0,0,0,4,3,0,0,0,0,4,0,0,7,5,0,0,133,2,5,0,0,6,0,1,0,0,1,0,1,0,0,10,2,5,2026-09-13,data//AFLW_2026-09-13.csv,0,NA,0.5,0.7,2,0.7142857142857143,0.6666666666666666,NA,NA,2.3333333333333335,0.2,NA,0,0,0,CD_M20262640505,5,2026-09-13,Port Adelaide,CD_R202626405
CD_I1019456,7,MEDIUM_FORWARD,"https://s.afl.com.au/staticfile/AFL Tenant/AFL/Players/ChampIDImages/AFLW/2026264/1019456.png?im=Scale,width=0.6,height=0.6",Keeley,Kustermann,CD_T8098,ADEL,Adelaide Crows,Crows,5,71.39999999999998,0,0,0,0,3,1,1,0,5,0,0,7,8,37,5,3,0,0,1,0,0,0,3,2,0,0,1,0,4,0,0,6,2,0,0,139,1,11,0,0,1,0,3,0,0,0,0,2,0,0,9,3,4,2026-09-13,data//AFLW_2026-09-13.csv,1,NA,0.5555555555555556,0.625,2,0.5,1,NA,NA,3,0.18181818181818182,NA,0,0,0,CD_M20262640503,5,2026-09-12,Geelong Cats,CD_R202626405
CD_I1019509,44,MIDFIELDER_FORWARD,"https://s.afl.com.au/staticfile/AFL Tenant/AFL/Players/ChampIDImages/AFLW/2026264/1019509.png?im=Scale,width=0.6,height=0.6",Katelyn,Pope,CD_T9409,PORT,Port Adelaide,Power,5,75.60000000000002,0,0,0,0,1,0,0,0,5,0,0,3,8,18,6,4,1,1,0,50,0,0,5,3,0,0,2,0,3,0,0,5,0,0,0,130,0,7,0,0,0,0,2,0,0,0,1,0,0,1,8,0,3,2026-09-13,data//AFLW_2026-09-13.csv,NA,NA,0.625,0.75,2,0.8,0.6666666666666666,NA,NA,1.6666666666666667,0,NA,0,0,0,CD_M20262640505,5,2026-09-13,Melbourne,CD_R202626405
CD_I1019700,17,KEY_FORWARD,"https://s.afl.com.au/staticfile/AFL Tenant/AFL/Players/ChampIDImages/AFLW/2026264/1019700.png?im=Scale,width=0.6,height=0.6",Mackenzie,Eardley,CD_T9407,HAW,Hawthorn,Hawks,2,79.1,0,0,1,0,2,0,0,0,3,1,0,2,9,43,4,2,2,0,0,100,1,0,3,5,1,1,1,0,0,0,0,4,4,1,2,72,1,5,0,0,0,5,2,0,0,1,0,2,1,0,9,3,6,2026-09-13,data//AFLW_2026-09-13.csv,NA,0,0.3333333333333333,0.4444444444444444,2,0.5,0.4,0.2,0.2,0.8,0.4,NA,0.11627906976744186,0.07692307692307693,0,CD_M20262640501,5,2026-09-12,Western Bulldogs,CD_R202626405
CD_I1019705,28,MEDIUM_DEFENDER,"https://s.afl.com.au/staticfile/AFL Tenant/AFL/Players/ChampIDImages/AFLW/2026264/1019705.png?im=Scale,width=0.6,height=0.6",Mia,Busch,CD_T9406,ESS,Essendon,Bombers,5,83.39999999999998,0,0,0,0,4,0,0,0,3,0,0,7,12,41,5,2,2,2,0,0,0,0,3,4,0,0,1,0,2,0,0,8,1,0,0,167,1,10,0,0,2,0,1,0,1,0,0,3,0,0,14,6,11,2026-09-13,data//AFLW_2026-09-13.csv,NA,NA,0.21428571428571427,0.4166666666666667,3,0.25,0.75,NA,NA,2,0.3,NA,0,0,0,CD_M20262640509,5,2026-09-13,Fremantle,CD_R202626405
CD_I1019713,1,RUCK,"https://s.afl.com.au/staticfile/AFL Tenant/AFL/Players/ChampIDImages/AFLW/2026264/1019713.png?im=Scale,width=0.6,height=0.6",Georgia,Campbell,CD_T7386,MELB,Melbourne,Demons,5,71.30000000000001,0,0,13,0,5,0,2,0,4,0,0,6,12,73,7,2,0,1,0,0,0,0,1,7,14,4,1,0,2,0,0,5,3,1,0,94,4,12,0,0,0,36,5,0,0,2,1,6,0,1,14,4,10,2026-09-13,data//AFLW_2026-09-13.csv,0,NA,0.2857142857142857,0.5833333333333334,5,0.4,0.7142857142857143,0.3888888888888889,0.1111111111111111,0.7142857142857143,0.5,NA,0.6206896551724138,0.8666666666666667,0,CD_M20262640505,5,2026-09-13,Port Adelaide,CD_R202626405
CD_I1019724,30,MIDFIELDER,"https://s.afl.com.au/staticfile/AFL Tenant/AFL/Players/ChampIDImages/AFLW/2026264/1019724.png?im=Scale,width=0.6,height=0.6",Carly,Remmos,CD_T8097,COLL,Collingwood,Magpies,5,87.89999999999998,0,0,1,0,4,0,0,0,6,0,0,16,18,79,14,5,0,3,3,0,0,0,3,11,0,0,2,0,4,0,0,7,2,0,0,161,0,26,0,0,0,0,5,0,0,0,0,9,1,0,20,4,14,2026-09-13,data//AFLW_2026-09-13.csv,NA,NA,0.3,0.7777777777777778,9,0.7142857142857143,0.8181818181818182,NA,NA,0.6363636363636364,0.34615384615384615,NA,0,0.058823529411764705,0,CD_M20262640502,5,2026-09-12,Gold Coast SUNS,CD_R202626405
CD_I1019736,11,MIDFIELDER,"https://s.afl.com.au/staticfile/AFL Tenant/AFL/Players/ChampIDImages/AFLW/2026264/1019736.png?im=Scale,width=0.6,height=0.6",Yasmin,Duursma,CD_T8096,CARL,Carlton,Blues,5,54.30000000000001,0,0,0,0,3,0,0,0,4,0,0,4,9,26,6,3,0,1,0,33.3,0,0,4,5,0,0,1,0,3,0,0,4,1,0,0,54,0,7,0,0,1,0,0,0,0,0,1,1,0,1,10,3,6,2026-09-13,data//AFLW_2026-09-13.csv,NA,NA,0.4,0.6666666666666666,3,0.75,0.6,NA,NA,0.8,0.14285714285714285,NA,0,0,0,CD_M20262640508,5,2026-09-13,North Melbourne,CD_R202626405
CD_I1019806,43,MEDIUM_DEFENDER,"https://s.afl.com.au/staticfile/AFL Tenant/AFL/Players/ChampIDImages/AFLW/2026264/1019806.png?im=Scale,width=0.6,height=0.6",Jemma,Rigoni,CD_T8097,COLL,Collingwood,Magpies,4,73,0,0,9,0,1,0,0,0,2,0,0,8,5,23,4,1,0,0,0,0,0,0,2,4,0,0,1,0,1,0,0,1,0,0,0,36,0,13,0,0,0,0,1,0,0,0,0,3,1,0,5,0,3,2026-09-13,data//AFLW_2026-09-13.csv,NA,NA,0.4,0.8,3,1,0.75,NA,NA,0.25,0.23076923076923078,NA,0,0.5294117647058824,0,CD_M20262640502,5,2026-09-12,Gold Coast SUNS,CD_R202626405
CD_I1019811,6,MEDIUM_FORWARD,"https://s.afl.com.au/staticfile/AFL Tenant/AFL/Players/ChampIDImages/AFLW/2026264/1019811.png?im=Scale,width=0.6,height=0.6",Alice,O'Loughlin,CD_T8466,NMFC,North Melbourne,Kangaroos,5,83.10000000000002,0,0,0,0,1,0,0,0,5,0,0,5,12,38,9,4,1,1,1,41.7,0,1,3,5,0,0,3,0,0,0,0,7,1,0,0,199,0,16,0,0,0,0,4,0,1,0,0,0,0,0,12,4,7,2026-09-13,data//AFLW_2026-09-13.csv,NA,NA,0.4166666666666667,0.75,5,0.5714285714285714,1,NA,NA,1.4,0,NA,0,0,0,CD_M20262640508,5,2026-09-13,Carlton,CD_R202626405
CD_I1019819,24,MEDIUM_DEFENDER,"https://s.afl.com.au/staticfile/AFL Tenant/AFL/Players/ChampIDImages/AFLW/2026264/1019819.png?im=Scale,width=0.6,height=0.6",Brooke,Vickers,CD_T8096,CARL,Carlton,Blues,4,39.400000000000006,0,0,0,0,1,0,0,0,2,0,0,6,3,10,2,0,0,0,0,0,0,0,2,3,0,0,0,0,1,0,0,0,0,0,0,-5,1,8,0,0,0,0,0,0,0,1,0,1,0,0,3,0,1,2026-09-13,data//AFLW_2026-09-13.csv,NA,NA,0.6666666666666666,0.6666666666666666,2,NA,0.6666666666666666,NA,NA,0,0.125,NA,0,0,0,CD_M20262640508,5,2026-09-13,North Melbourne,CD_R202626405
CD_I1019821,5,MIDFIELDER_FORWARD,"https://s.afl.com.au/staticfile/AFL Tenant/AFL/Players/ChampIDImages/AFLW/2026264/1019821.png?im=Scale,width=0.6,height=0.6",Jasmine,Fleming,CD_T9407,HAW,Hawthorn,Hawks,4,71.19999999999999,0,0,11,0,4,0,0,0,2,0,0,8,19,79,13,11,0,0,0,25,2,0,2,5,0,0,5,0,1,0,0,14,5,0,0,427,0,21,0,0,1,0,5,0,0,0,0,3,0,0,19,4,17,2026-09-13,data//AFLW_2026-09-13.csv,NA,NA,0.10526315789473684,0.6842105263157895,2,0.7857142857142857,0.4,NA,NA,2.8,0.14285714285714285,NA,0,0.8461538461538461,0,CD_M20262640501,5,2026-09-12,Western Bulldogs,CD_R202626405
CD_I1019828,9,MEDIUM_DEFENDER,"https://s.afl.com.au/staticfile/AFL Tenant/AFL/Players/ChampIDImages/AFLW/2026264/1019828.png?im=Scale,width=0.6,height=0.6",Keely,Coyne,CD_T9407,HAW,Hawthorn,Hawks,4,64.80000000000001,0,0,0,0,2,0,0,0,6,0,0,5,9,32,6,5,0,0,1,0,0,0,5,2,0,0,1,0,4,1,1,7,2,0,0,77,2,6,0,0,2,0,1,0,0,2,1,0,0,1,8,2,2,2026-09-13,data//AFLW_2026-09-13.csv,NA,NA,0.75,0.6666666666666666,1,0.7142857142857143,0.5,NA,NA,3.5,0,1,0,0,0.16666666666666666,CD_M20262640501,5,2026-09-12,Western Bulldogs,CD_R202626405
CD_I1019834,25,MIDFIELDER,"https://s.afl.com.au/staticfile/AFL Tenant/AFL/Players/ChampIDImages/AFLW/2026264/1019834.png?im=Scale,width=0.6,height=0.6",Sofia,Hurley,CD_T9408,SYD,Sydney Swans,Swans,5,63.89999999999998,0,0,18,5,7,0,0,0,13,0,0,4,25,97,17,3,2,1,2,33.3,2,0,11,15,0,0,6,0,4,0,0,10,2,0,1,374,0,13,0,0,1,0,7,0,0,0,2,8,2,7,26,7,13,2026-09-13,data//AFLW_2026-09-13.csv,NA,NA,0.5,0.68,14,0.3,0.9333333333333333,NA,NA,0.6666666666666666,0.6153846153846154,NA,0,0.72,0,CD_M20262640507,5,2026-09-13,GWS GIANTS,CD_R202626405
CD_I1019883,20,MEDIUM_DEFENDER,"https://s.afl.com.au/staticfile/AFL Tenant/AFL/Players/ChampIDImages/AFLW/2026264/1019883.png?im=Scale,width=0.6,height=0.6",Laura,Elliott,CD_T9407,HAW,Hawthorn,Hawks,5,74.30000000000001,0,0,0,0,2,0,0,0,4,0,0,2,17,56,16,12,0,2,0,0,0,0,4,5,0,0,0,0,8,5,4,12,4,0,0,295,1,2,0,0,6,0,0,0,0,0,0,1,0,0,12,3,8,2026-09-13,data//AFLW_2026-09-13.csv,NA,NA,0.3333333333333333,0.9411764705882353,4,1,0.8,NA,NA,2.4,0.5,0.8,0,0,0.8333333333333334,CD_M20262640501,5,2026-09-12,Western Bulldogs,CD_R202626405
CD_I1019887,1,MEDIUM_DEFENDER,"https://s.afl.com.au/staticfile/AFL Tenant/AFL/Players/ChampIDImages/AFLW/2026264/1019887.png?im=Scale,width=0.6,height=0.6",Amelia,Velardo,CD_T8096,CARL,Carlton,Blues,5,72.5,0,0,0,0,3,1,3,0,2,0,0,14,17,53,14,8,0,1,0,0,0,0,2,6,0,0,0,0,3,5,4,11,1,0,0,368,3,18,0,0,5,0,0,0,0,2,0,2,0,0,13,4,11,2026-09-13,data//AFLW_2026-09-13.csv,0.3333333333333333,NA,0.15384615384615385,0.8235294117647058,6,0.7272727272727273,1,NA,NA,1.8333333333333333,0.1111111111111111,0.8,0,0,0.5555555555555556,CD_M20262640508,5,2026-09-13,North Melbourne,CD_R202626405
CD_I1021365,1,KEY_DEFENDER,"https://s.afl.com.au/staticfile/AFL Tenant/AFL/Players/ChampIDImages/AFLW/2026264/1021365.png?im=Scale,width=0.6,height=0.6",Annabel,Kievit,CD_T8786,GCFC,Gold Coast SUNS,SUNS,5,75,0,0,0,0,3,0,1,0,5,0,0,6,7,26,5,2,0,1,0,0,0,0,3,3,0,0,3,0,5,0,0,4,1,0,0,162,6,7,0,0,0,0,1,0,0,4,0,2,0,0,8,2,3,2026-09-13,data//AFLW_2026-09-13.csv,0,NA,0.625,0.7142857142857143,3,0.5,1,NA,NA,1.3333333333333333,0.2857142857142857,NA,0,0,0,CD_M20262640502,5,2026-09-12,Collingwood,CD_R202626405
CD_I1021399,30,MEDIUM_DEFENDER,"https://s.afl.com.au/staticfile/AFL Tenant/AFL/Players/ChampIDImages/AFLW/2026264/1021399.png?im=Scale,width=0.6,height=0.6",Jessica,Low,CD_T7886,FRE,Fremantle,Freo,5,90.60000000000002,0,0,0,0,2,2,3,0,3,0,0,3,5,30,3,0,1,0,0,0,0,0,2,4,0,0,1,0,4,0,0,1,1,0,0,14,2,9,0,0,0,0,1,0,0,1,0,4,0,0,6,1,3,2026-09-13,data//AFLW_2026-09-13.csv,0.6666666666666666,NA,0.5,0.6,3,0,0.75,NA,NA,0.25,0.4444444444444444,NA,0,0,0,CD_M20262640509,5,2026-09-13,Essendon,CD_R202626405
CD_I1021409,16,KEY_DEFENDER,"https://s.afl.com.au/staticfile/AFL Tenant/AFL/Players/ChampIDImages/AFLW/2026264/1021409.png?im=Scale,width=0.6,height=0.6",Matilda,Dyke,CD_T9406,ESS,Essendon,Bombers,5,95.69999999999999,0,0,3,0,7,1,2,0,6,0,0,5,12,24,6,1,0,4,0,0,0,0,6,8,2,0,1,0,5,0,0,4,2,0,0,106,3,7,0,0,2,6,3,0,0,3,0,0,0,0,13,5,7,2026-09-13,data//AFLW_2026-09-13.csv,0.5,NA,0.46153846153846156,0.5,5,0.25,0.625,0.3333333333333333,0,0.5,0,NA,0.09523809523809523,0.2727272727272727,0,CD_M20262640509,5,2026-09-13,Fremantle,CD_R202626405
CD_I1021410,21,MIDFIELDER,"https://s.afl.com.au/staticfile/AFL Tenant/AFL/Players/ChampIDImages/AFLW/2026264/1021410.png?im=Scale,width=0.6,height=0.6",Dana,East,CD_T8788,RICH,Richmond,Richmond,5,70.30000000000001,0,0,13,2,2,0,0,0,10,0,0,10,18,76,15,6,0,0,2,0,0,0,4,11,0,0,2,0,3,0,0,7,1,0,0,148,0,15,0,0,1,0,3,0,0,0,3,7,3,5,17,3,7,2026-09-13,data//AFLW_2026-09-13.csv,NA,NA,0.5882352941176471,0.8333333333333334,9,0.8571428571428571,0.8181818181818182,NA,NA,0.6363636363636364,0.4666666666666667,NA,0,0.6842105263157895,0,CD_M20262640506,5,2026-09-13,St Kilda,CD_R202626405
CD_I1021411,19,KEY_FORWARD,"https://s.afl.com.au/staticfile/AFL Tenant/AFL/Players/ChampIDImages/AFLW/2026264/1021411.png?im=Scale,width=0.6,height=0.6",Amy,Franklin,CD_T8787,WCE,West Coast Eagles,Eagles,5,83.5,3,0,0,0,4,0,0,0,4,1,0,3,14,93,7,6,1,0,1,58.3,0,2,3,1,0,0,5,0,1,0,0,13,4,1,2,309,1,14,0,0,0,0,7,0,6,1,1,6,4,1,10,6,6,2026-09-13,data//AFLW_2026-09-13.csv,NA,0,0.4,0.5,1,0.46153846153846156,1,NA,NA,13,0.42857142857142855,NA,0,0,0,CD_M20262640504,5,2026-09-12,Brisbane Lions,CD_R202626405
CD_I1021416,30,KEY_DEFENDER,"https://s.afl.com.au/staticfile/AFL Tenant/AFL/Players/ChampIDImages/AFLW/2026264/1021416.png?im=Scale,width=0.6,height=0.6",Beth,Schilling,CD_T8787,WCE,West Coast Eagles,Eagles,1,76,0,0,0,0,1,1,1,0,5,0,0,4,9,29,5,1,0,0,1,0,0,0,4,6,0,0,1,0,6,0,0,3,1,0,0,110,3,5,0,0,1,0,0,0,0,2,1,1,0,1,9,1,4,2026-09-13,data//AFLW_2026-09-13.csv,1,NA,0.5555555555555556,0.5555555555555556,4,0.3333333333333333,0.6666666666666666,NA,NA,0.5,0.2,NA,0,0,0,CD_M20262640504,5,2026-09-12,Brisbane Lions,CD_R202626405
CD_I1021417,28,MEDIUM_FORWARD,"https://s.afl.com.au/staticfile/AFL Tenant/AFL/Players/ChampIDImages/AFLW/2026264/1021417.png?im=Scale,width=0.6,height=0.6",Poppy,Stockwell,CD_T9407,HAW,Hawthorn,Hawks,5,90.30000000000001,1,0,1,0,3,0,0,2,4,1,0,4,14,73,8,6,0,1,1,50,0,0,1,4,0,0,4,0,2,0,0,10,8,1,2,205,1,13,0,0,1,0,1,0,1,1,0,3,2,0,14,4,10,2026-09-13,data//AFLW_2026-09-13.csv,NA,0,0.2857142857142857,0.5714285714285714,2,0.6,0.5,NA,NA,2.5,0.23076923076923078,NA,0,0.07692307692307693,0,CD_M20262640501,5,2026-09-12,Western Bulldogs,CD_R202626405
CD_I1021419,3,MEDIUM_DEFENDER,"https://s.afl.com.au/staticfile/AFL Tenant/AFL/Players/ChampIDImages/AFLW/2026264/1021419.png?im=Scale,width=0.6,height=0.6",Charlotte,Thomas,CD_T8787,WCE,West Coast Eagles,Eagles,4,91.79999999999995,0,0,0,0,3,2,2,0,1,0,0,4,11,49,8,7,0,0,0,100,0,0,1,1,0,0,0,0,3,5,4,10,3,0,0,280,2,4,0,0,6,0,0,0,0,2,0,2,0,0,7,4,6,2026-09-13,data//AFLW_2026-09-13.csv,1,NA,0.14285714285714285,0.7272727272727273,1,0.7,1,NA,NA,10,0.5,0.8,0,0,1,CD_M20262640504,5,2026-09-12,Brisbane Lions,CD_R202626405
CD_I1021436,13,MEDIUM_FORWARD,"https://s.afl.com.au/staticfile/AFL Tenant/AFL/Players/ChampIDImages/AFLW/2026264/1021436.png?im=Scale,width=0.6,height=0.6",Mikayla,Pauga,CD_T7889,GWS,GWS GIANTS,GIANTS,5,53.69999999999999,0,0,6,0,2,0,0,0,2,0,0,5,4,27,3,2,2,0,0,33.3,1,0,2,1,0,0,1,0,0,0,0,3,0,0,0,74,0,10,0,0,0,0,1,0,0,0,0,4,0,0,4,1,2,2026-09-13,data//AFLW_2026-09-13.csv,NA,NA,0.5,0.75,1,0.6666666666666666,1,NA,NA,3,0.4,NA,0,0.24,0,CD_M20262640507,5,2026-09-13,Sydney Swans,CD_R202626405
CD_I1021441,28,MIDFIELDER_FORWARD,"https://s.afl.com.au/staticfile/AFL Tenant/AFL/Players/ChampIDImages/AFLW/2026264/1021441.png?im=Scale,width=0.6,height=0.6",Charlotte,Mullins,CD_T7887,BL,Brisbane Lions,Lions,5,79.69999999999999,0,0,9,1,4,0,0,0,8,0,0,5,19,70,12,5,0,1,1,60,1,1,7,8,0,0,4,0,4,0,0,11,3,0,0,358,1,11,0,0,2,0,3,0,1,1,0,2,0,1,19,5,11,2026-09-13,data//AFLW_2026-09-13.csv,NA,NA,0.42105263157894735,0.631578947368421,7,0.45454545454545453,0.875,NA,NA,1.375,0.18181818181818182,NA,0,0.5625,0,CD_M20262640504,5,2026-09-12,West Coast Eagles,CD_R202626405
CD_I1021456,13,MIDFIELDER,"https://s.afl.com.au/staticfile/AFL Tenant/AFL/Players/ChampIDImages/AFLW/2026264/1021456.png?im=Scale,width=0.6,height=0.6",Lucy,Single,CD_T8786,GCFC,Gold Coast SUNS,SUNS,5,78.39999999999998,1,0,14,4,2,0,0,0,14,0,0,5,24,99,14,6,2,0,3,0,1,0,11,11,0,0,7,0,4,0,0,13,2,0,1,429,0,14,0,0,2,0,4,0,1,0,2,7,0,6,25,5,11,2026-09-13,data//AFLW_2026-09-13.csv,NA,NA,0.56,0.5833333333333334,8,0.46153846153846156,0.7272727272727273,NA,NA,1.1818181818181819,0.5,NA,0,0.8235294117647058,0,CD_M20262640502,5,2026-09-12,Collingwood,CD_R202626405
CD_I1021524,18,KEY_DEFENDER,"https://s.afl.com.au/staticfile/AFL Tenant/AFL/Players/ChampIDImages/AFLW/2026264/1021524.png?im=Scale,width=0.6,height=0.6",Libby,Graham,CD_T8788,RICH,Richmond,Richmond,5,100.60000000000002,0,0,0,0,2,1,2,2,4,0,0,5,12,47,5,4,0,0,0,0,0,0,2,5,0,0,0,0,2,3,2,7,4,0,0,197,3,6,0,0,4,0,0,0,0,3,0,1,0,0,10,3,6,2026-09-13,data//AFLW_2026-09-13.csv,0.5,NA,0.4,0.4166666666666667,1,0.5714285714285714,0.2,NA,NA,1.4,0.16666666666666666,0.6666666666666666,0,0,0.42857142857142855,CD_M20262640506,5,2026-09-13,St Kilda,CD_R202626405
CD_I1021530,11,MEDIUM_FORWARD,"https://s.afl.com.au/staticfile/AFL Tenant/AFL/Players/ChampIDImages/AFLW/2026264/1021530.png?im=Scale,width=0.6,height=0.6",Shanae,Davison,CD_T7887,BL,Brisbane Lions,Lions,5,78.9,0,0,0,0,3,0,0,0,2,0,0,1,8,26,6,3,0,2,0,60,0,1,2,4,0,0,1,0,1,0,0,4,2,1,0,121,0,4,0,0,1,0,2,0,1,0,1,0,0,1,8,2,6,2026-09-13,data//AFLW_2026-09-13.csv,NA,NA,0.25,0.75,3,0.75,0.75,NA,NA,1,0,NA,0,0,0,CD_M20262640504,5,2026-09-12,West Coast Eagles,CD_R202626405
CD_I1021793,10,KEY_DEFENDER,"https://s.afl.com.au/staticfile/AFL Tenant/AFL/Players/ChampIDImages/AFLW/2026264/1021793.png?im=Scale,width=0.6,height=0.6",Paige,Trudgeon,CD_T8796,STK,St Kilda,St Kilda,5,81.30000000000001,0,0,0,0,2,0,1,0,7,0,0,6,11,47,7,5,0,0,2,0,0,0,5,5,0,0,0,0,9,0,0,6,3,0,0,211,2,6,0,0,3,0,0,0,0,1,0,2,0,0,11,3,4,2026-09-13,data//AFLW_2026-09-13.csv,0,NA,0.6363636363636364,0.6363636363636364,2,0.8333333333333334,0.4,NA,NA,1.2,0.3333333333333333,NA,0,0,0,CD_M20262640506,5,2026-09-13,Richmond,CD_R202626405
CD_I1021819,2,KEY_FORWARD,"https://s.afl.com.au/staticfile/AFL Tenant/AFL/Players/ChampIDImages/AFLW/2026264/1021819.png?im=Scale,width=0.6,height=0.6",Sophie,Butterworth,CD_T8796,STK,St Kilda,St Kilda,5,80,0,0,0,0,2,0,0,0,1,0,0,1,2,8,1,1,0,1,0,40,0,0,1,1,0,0,2,0,0,0,0,1,2,0,1,27,0,3,0,0,0,3,0,0,0,0,0,0,0,0,3,1,2,2026-09-13,data//AFLW_2026-09-13.csv,NA,NA,0.3333333333333333,0.5,0,1,0,0,0,1,0,NA,0.04477611940298507,0,0,CD_M20262640506,5,2026-09-13,Richmond,CD_R202626405
CD_I1021822,27,MIDFIELDER,"https://s.afl.com.au/staticfile/AFL Tenant/AFL/Players/ChampIDImages/AFLW/2026264/1021822.png?im=Scale,width=0.6,height=0.6",Mikayla,Williamson,CD_T9407,HAW,Hawthorn,Hawks,5,69.69999999999999,0,0,0,0,2,1,1,0,8,0,0,5,18,56,15,6,0,0,0,0,0,0,8,11,0,0,3,0,2,0,0,7,3,0,0,229,1,6,0,0,1,0,4,0,0,1,0,1,0,0,18,4,10,2026-09-13,data//AFLW_2026-09-13.csv,1,NA,0.4444444444444444,0.8333333333333334,9,0.8571428571428571,0.8181818181818182,NA,NA,0.6363636363636364,0.16666666666666666,NA,0,0,0,CD_M20262640501,5,2026-09-12,Western Bulldogs,CD_R202626405
CD_I1021824,6,MIDFIELDER,"https://s.afl.com.au/staticfile/AFL Tenant/AFL/Players/ChampIDImages/AFLW/2026264/1021824.png?im=Scale,width=0.6,height=0.6",Hayley,McLaughlin,CD_T9407,HAW,Hawthorn,Hawks,5,79.60000000000002,0,2,3,0,2,0,1,0,7,0,0,6,16,63,8,5,1,0,0,0,0,0,7,6,0,0,5,0,3,0,0,10,3,0,0,253,2,14,0,0,0,0,2,0,0,2,1,3,1,1,17,5,10,2026-09-13,data//AFLW_2026-09-13.csv,0,NA,0.4117647058823529,0.5,3,0.5,0.5,NA,NA,1.6666666666666667,0.21428571428571427,NA,0,0.23076923076923078,0,CD_M20262640501,5,2026-09-12,Western Bulldogs,CD_R202626405
CD_I1021834,27,MEDIUM_DEFENDER,"https://s.afl.com.au/staticfile/AFL Tenant/AFL/Players/ChampIDImages/AFLW/2026264/1021834.png?im=Scale,width=0.6,height=0.6",Georgia,Stubs,CD_T8788,RICH,Richmond,Richmond,3,77.10000000000002,0,0,0,0,5,0,0,0,2,2,1,1,6,36,3,2,1,1,1,50,1,0,1,1,0,0,2,0,1,0,0,5,3,1,0,87,0,6,0,0,0,0,2,0,0,0,0,3,2,0,6,4,4,2026-09-13,data//AFLW_2026-09-13.csv,NA,0.5,0.3333333333333333,0.5,1,0.4,1,NA,NA,5,0.5,NA,0,0,0,CD_M20262640506,5,2026-09-13,St Kilda,CD_R202626405
CD_I1021837,22,MIDFIELDER,"https://s.afl.com.au/staticfile/AFL Tenant/AFL/Players/ChampIDImages/AFLW/2026264/1021837.png?im=Scale,width=0.6,height=0.6",Laura,Stone,CD_T9407,HAW,Hawthorn,Hawks,5,6.199999999999989,0,0,1,0,1,0,0,0,0,0,0,0,1,0,0,0,0,1,0,66.7,0,0,0,0,0,0,0,0,0,0,0,1,0,0,0,39,0,1,0,0,0,0,0,0,0,0,0,0,0,0,1,2,1,2026-09-13,data//AFLW_2026-09-13.csv,NA,NA,0,0,0,0,NA,NA,NA,Inf,0,NA,0,0.07692307692307693,0,CD_M20262640501,5,2026-09-12,Western Bulldogs,CD_R202626405
CD_I1021853,37,MEDIUM_DEFENDER,"https://s.afl.com.au/staticfile/AFL Tenant/AFL/Players/ChampIDImages/AFLW/2026264/1021853.png?im=Scale,width=0.6,height=0.6",Rylie,Wilcox,CD_T7387,WB,Western Bulldogs,Bulldogs,5,80.39999999999998,1,0,0,0,3,0,0,0,2,1,0,4,14,49,9,5,1,1,0,50,0,0,2,4,0,0,2,0,3,0,0,10,3,1,0,244,0,10,0,0,2,0,3,0,1,0,0,1,0,0,12,3,10,2026-09-13,data//AFLW_2026-09-13.csv,NA,0,0.16666666666666666,0.6428571428571429,4,0.5,1,NA,NA,2.5,0.1,NA,0,0,0,CD_M20262640501,5,2026-09-12,Hawthorn,CD_R202626405
CD_I1021879,1,KEY_DEFENDER,"https://s.afl.com.au/staticfile/AFL Tenant/AFL/Players/ChampIDImages/AFLW/2026264/1021879.png?im=Scale,width=0.6,height=0.6",Kristie-Lee,Weston-Turner,CD_T8466,NMFC,North Melbourne,Kangaroos,1,58.1,2,0,0,0,2,0,0,0,5,1,1,1,10,30,6,1,3,0,1,0,0,0,4,6,0,0,1,0,0,0,0,4,1,0,1,94,0,5,0,0,0,0,5,0,2,0,0,0,0,0,11,2,6,2026-09-13,data//AFLW_2026-09-13.csv,NA,1,0.45454545454545453,0.6,5,0.25,0.8333333333333334,NA,NA,0.6666666666666666,0,NA,0,0,0,CD_M20262640508,5,2026-09-13,Carlton,CD_R202626405
CD_I1021884,16,MEDIUM_FORWARD,"https://s.afl.com.au/staticfile/AFL Tenant/AFL/Players/ChampIDImages/AFLW/2026264/1021884.png?im=Scale,width=0.6,height=0.6",Sarah,Grunden,CD_T9408,SYD,Sydney Swans,Swans,5,85.69999999999999,0,0,0,0,0,0,0,0,1,0,0,4,7,38,5,4,0,0,0,75,0,1,1,1,0,0,2,0,1,0,0,6,0,0,0,181,2,10,0,0,0,0,2,0,1,1,0,3,1,0,7,0,6,2026-09-13,data//AFLW_2026-09-13.csv,NA,NA,0.14285714285714285,0.7142857142857143,1,0.6666666666666666,1,NA,NA,6,0.3,NA,0,0,0,CD_M20262640507,5,2026-09-13,GWS GIANTS,CD_R202626405
CD_I1021894,23,MIDFIELDER,"https://s.afl.com.au/staticfile/AFL Tenant/AFL/Players/ChampIDImages/AFLW/2026264/1021894.png?im=Scale,width=0.6,height=0.6",Madison,Brazendale,CD_T7889,GWS,GWS GIANTS,GIANTS,5,77.10000000000002,0,0,0,0,6,0,0,0,7,1,0,5,16,59,8,1,1,2,1,100,0,0,6,10,0,0,2,0,4,0,0,6,2,0,0,136,0,11,0,0,2,0,1,0,0,0,0,5,1,0,16,5,9,2026-09-13,data//AFLW_2026-09-13.csv,NA,0,0.4375,0.5,7,0.16666666666666666,0.7,NA,NA,0.6,0.45454545454545453,NA,0,0,0,CD_M20262640507,5,2026-09-13,Sydney Swans,CD_R202626405
CD_I1021895,30,MEDIUM_FORWARD,"https://s.afl.com.au/staticfile/AFL Tenant/AFL/Players/ChampIDImages/AFLW/2026264/1021895.png?im=Scale,width=0.6,height=0.6",Georgia,Clark,CD_T7889,GWS,GWS GIANTS,GIANTS,2,40.800000000000004,0,0,0,0,4,0,0,0,4,0,0,9,6,29,4,2,0,2,1,0,0,0,3,4,0,0,0,0,3,0,0,2,0,0,0,65,0,14,0,0,0,0,0,0,0,0,0,5,0,0,7,3,3,2026-09-13,data//AFLW_2026-09-13.csv,NA,NA,0.5714285714285714,0.6666666666666666,2,1,0.5,NA,NA,0.5,0.35714285714285715,NA,0,0,0,CD_M20262640507,5,2026-09-13,Sydney Swans,CD_R202626405
CD_I1021898,37,KEY_FORWARD,"https://s.afl.com.au/staticfile/AFL Tenant/AFL/Players/ChampIDImages/AFLW/2026264/1021898.png?im=Scale,width=0.6,height=0.6",Tunisha,Kikoak,CD_T7886,FRE,Fremantle,Freo,3,71.29999999999998,0,0,10,1,1,0,0,0,7,1,0,9,9,52,8,3,0,1,1,0,0,0,5,6,10,2,1,0,3,0,0,3,1,0,0,141,0,10,0,0,1,32,2,0,0,0,3,5,0,4,10,1,3,2026-09-13,data//AFLW_2026-09-13.csv,NA,0,0.7,0.8888888888888888,5,1,0.8333333333333334,0.3125,0.0625,0.5,0.5,NA,0.5079365079365079,0.9090909090909091,0,CD_M20262640509,5,2026-09-13,Essendon,CD_R202626405
CD_I1021923,6,MIDFIELDER,"https://s.afl.com.au/staticfile/AFL Tenant/AFL/Players/ChampIDImages/AFLW/2026264/1021923.png?im=Scale,width=0.6,height=0.6",Sierra,Grieves,CD_T8788,RICH,Richmond,Richmond,5,66,0,0,13,3,2,0,0,0,6,0,0,3,15,48,11,5,0,0,2,33.3,0,0,5,7,0,0,6,0,1,0,0,8,0,0,0,228,0,7,0,0,0,0,1,0,1,0,3,2,0,6,14,3,8,2026-09-13,data//AFLW_2026-09-13.csv,NA,NA,0.42857142857142855,0.7333333333333333,6,0.625,0.8571428571428571,NA,NA,1.1428571428571428,0.2857142857142857,NA,0,0.6842105263157895,0,CD_M20262640506,5,2026-09-13,St Kilda,CD_R202626405
CD_I1021924,23,MEDIUM_FORWARD,"https://s.afl.com.au/staticfile/AFL Tenant/AFL/Players/ChampIDImages/AFLW/2026264/1021924.png?im=Scale,width=0.6,height=0.6",Lila,Keck,CD_T8096,CARL,Carlton,Blues,5,94.30000000000001,0,0,0,0,3,0,0,0,3,0,0,8,13,70,7,5,1,0,3,54.5,1,1,1,3,0,0,1,0,1,0,0,10,3,1,1,187,0,29,0,0,0,0,4,0,2,0,0,4,1,0,14,3,11,2026-09-13,data//AFLW_2026-09-13.csv,NA,NA,0.21428571428571427,0.5384615384615384,2,0.5,0.6666666666666666,NA,NA,3.3333333333333335,0.13793103448275862,NA,0,0,0,CD_M20262640508,5,2026-09-13,North Melbourne,CD_R202626405
CD_I1021927,23,MEDIUM_FORWARD,"https://s.afl.com.au/staticfile/AFL Tenant/AFL/Players/ChampIDImages/AFLW/2026264/1021927.png?im=Scale,width=0.6,height=0.6",Bryde,O'Rourke,CD_T8467,GEEL,Geelong Cats,Cats,5,73.5,1,0,0,1,3,0,0,2,6,1,1,3,18,74,11,3,0,0,0,50,0,0,4,8,0,0,2,0,4,0,0,10,5,0,1,299,2,6,0,0,0,0,4,0,2,2,2,3,0,3,16,3,10,2026-09-13,data//AFLW_2026-09-13.csv,NA,1,0.375,0.6111111111111112,8,0.3,1,NA,NA,1.25,0.5,NA,0,0,0,CD_M20262640503,5,2026-09-12,Adelaide Crows,CD_R202626405
CD_I1021933,30,KEY_DEFENDER,"https://s.afl.com.au/staticfile/AFL Tenant/AFL/Players/ChampIDImages/AFLW/2026264/1021933.png?im=Scale,width=0.6,height=0.6",Alexis,Gregor,CD_T8467,GEEL,Geelong Cats,Cats,5,76.69999999999999,0,0,0,0,2,0,0,1,4,0,0,7,8,44,5,4,0,1,1,0,0,0,2,2,0,0,3,0,5,0,0,6,4,0,1,142,2,9,0,0,2,0,0,0,0,2,0,3,0,0,8,2,4,2026-09-13,data//AFLW_2026-09-13.csv,NA,NA,0.5,0.625,1,0.6666666666666666,0.5,NA,NA,3,0.3333333333333333,NA,0,0,0,CD_M20262640503,5,2026-09-12,Adelaide Crows,CD_R202626405
CD_I1022111,2,MIDFIELDER,"https://s.afl.com.au/staticfile/AFL Tenant/AFL/Players/ChampIDImages/AFLW/2026264/1022111.png?im=Scale,width=0.6,height=0.6",Eliza,West,CD_T9407,HAW,Hawthorn,Hawks,5,82.30000000000001,0,1,10,3,2,0,0,0,15,0,0,9,24,102,18,6,1,0,5,50,0,0,8,12,0,0,6,0,6,0,0,12,3,0,0,231,1,19,0,0,1,0,4,0,0,0,4,7,2,7,24,2,9,2026-09-13,data//AFLW_2026-09-13.csv,NA,NA,0.625,0.75,12,0.5,1,NA,NA,1,0.3684210526315789,NA,0,0.7692307692307693,0,CD_M20262640501,5,2026-09-12,Western Bulldogs,CD_R202626405
CD_I1022127,26,KEY_DEFENDER,"https://s.afl.com.au/staticfile/AFL Tenant/AFL/Players/ChampIDImages/AFLW/2026264/1022127.png?im=Scale,width=0.6,height=0.6",Claudia,Gunjaca,CD_T8467,GEEL,Geelong Cats,Cats,5,89.80000000000001,0,0,0,0,3,1,3,2,6,0,0,7,12,52,10,8,0,1,1,0,0,0,3,3,1,0,0,0,8,0,0,9,4,0,1,143,0,10,0,0,2,2,3,0,0,0,0,2,0,0,11,1,5,2026-09-13,data//AFLW_2026-09-13.csv,0.3333333333333333,NA,0.5454545454545454,0.8333333333333334,2,0.8888888888888888,0.6666666666666666,0.5,0,3,0.2,NA,0.04081632653061224,0,0,CD_M20262640503,5,2026-09-12,Adelaide Crows,CD_R202626405
CD_I1022181,16,MIDFIELDER,"https://s.afl.com.au/staticfile/AFL Tenant/AFL/Players/ChampIDImages/AFLW/2026264/1022181.png?im=Scale,width=0.6,height=0.6",Shineah,Goody,CD_T9409,PORT,Port Adelaide,Power,5,67.89999999999998,0,1,0,0,5,0,0,0,4,1,0,2,10,44,4,2,1,1,0,33.3,0,1,4,2,0,0,3,0,3,0,0,8,3,0,0,163,0,3,0,0,1,0,1,0,1,0,0,1,0,0,10,6,6,2026-09-13,data//AFLW_2026-09-13.csv,NA,0,0.4,0.4,2,0.25,1,NA,NA,4,0.3333333333333333,NA,0,0,0,CD_M20262640505,5,2026-09-13,Melbourne,CD_R202626405
CD_I1022192,25,MEDIUM_DEFENDER,"https://s.afl.com.au/staticfile/AFL Tenant/AFL/Players/ChampIDImages/AFLW/2026264/1022192.png?im=Scale,width=0.6,height=0.6",Meara,Girvan,CD_T8786,GCFC,Gold Coast SUNS,SUNS,2,78.30000000000001,0,0,0,0,2,0,2,0,5,0,0,3,14,53,8,3,0,0,0,0,0,0,4,5,0,0,0,0,7,0,0,9,4,0,0,246,5,3,0,0,3,0,1,0,0,4,0,1,0,0,15,4,10,2026-09-13,data//AFLW_2026-09-13.csv,0,NA,0.3333333333333333,0.5714285714285714,5,0.3333333333333333,1,NA,NA,1.8,0.3333333333333333,NA,0,0,0,CD_M20262640502,5,2026-09-12,Collingwood,CD_R202626405
CD_I1022193,11,MIDFIELDER,"https://s.afl.com.au/staticfile/AFL Tenant/AFL/Players/ChampIDImages/AFLW/2026264/1022193.png?im=Scale,width=0.6,height=0.6",Sarah,Goodwin,CD_T8098,ADEL,Adelaide Crows,Crows,5,84.30000000000001,0,0,10,1,5,0,0,0,3,0,0,6,11,46,4,2,0,0,0,14.3,0,0,2,4,0,0,1,0,3,0,0,7,3,0,0,182,0,10,0,0,1,0,2,0,0,0,2,2,1,3,10,7,7,2026-09-13,data//AFLW_2026-09-13.csv,NA,NA,0.3,0.36363636363636365,2,0.2857142857142857,0.5,NA,NA,1.75,0.2,NA,0,0.5555555555555556,0,CD_M20262640503,5,2026-09-12,Geelong Cats,CD_R202626405
CD_I1022196,4,MIDFIELDER_FORWARD,"https://s.afl.com.au/staticfile/AFL Tenant/AFL/Players/ChampIDImages/AFLW/2026264/1022196.png?im=Scale,width=0.6,height=0.6",Piper,Window,CD_T9409,PORT,Port Adelaide,Power,3,72.80000000000001,0,0,2,0,2,0,0,0,5,1,0,10,4,18,2,0,2,0,0,75,0,0,4,2,0,0,0,0,3,0,0,2,0,0,0,48,1,13,0,0,0,0,1,0,0,0,0,2,0,0,5,2,0,2026-09-13,data//AFLW_2026-09-13.csv,NA,0,1,0.5,2,0,1,NA,NA,1,0.15384615384615385,NA,0,0.13333333333333333,0,CD_M20262640505,5,2026-09-13,Melbourne,CD_R202626405
CD_I1022203,5,MIDFIELDER,"https://s.afl.com.au/staticfile/AFL Tenant/AFL/Players/ChampIDImages/AFLW/2026264/1022203.png?im=Scale,width=0.6,height=0.6",Elaine,Grigg,CD_T7387,WB,Western Bulldogs,Bulldogs,5,76.5,0,0,0,0,6,0,0,0,6,0,0,6,10,53,7,5,2,2,3,50,0,1,3,4,0,0,3,0,1,0,0,6,0,0,0,168,0,14,0,0,0,0,1,0,1,0,0,6,0,0,10,4,4,2026-09-13,data//AFLW_2026-09-13.csv,NA,NA,0.6,0.7,2,0.8333333333333334,0.5,NA,NA,1.5,0.42857142857142855,NA,0,0,0,CD_M20262640501,5,2026-09-12,Hawthorn,CD_R202626405
CD_I1022220,6,MEDIUM_DEFENDER,"https://s.afl.com.au/staticfile/AFL Tenant/AFL/Players/ChampIDImages/AFLW/2026264/1022220.png?im=Scale,width=0.6,height=0.6",Molly,Brooksby,CD_T9409,PORT,Port Adelaide,Power,5,71,0,0,0,0,2,0,0,0,1,0,0,5,8,29,6,5,0,0,0,0,0,0,1,1,0,0,0,0,2,1,1,7,2,0,0,147,0,6,0,0,2,0,1,0,0,0,0,0,0,0,7,1,6,2026-09-13,data//AFLW_2026-09-13.csv,NA,NA,0.14285714285714285,0.75,1,0.7142857142857143,1,NA,NA,7,0,1,0,0,0.125,CD_M20262640505,5,2026-09-13,Melbourne,CD_R202626405
CD_I1022224,22,MEDIUM_FORWARD,"https://s.afl.com.au/staticfile/AFL Tenant/AFL/Players/ChampIDImages/AFLW/2026264/1022224.png?im=Scale,width=0.6,height=0.6",Brooke,Boileau,CD_T8096,CARL,Carlton,Blues,4,61.69999999999999,0,0,0,0,3,0,0,0,3,0,0,5,9,38,5,0,1,0,1,0,0,0,2,5,0,0,0,0,1,0,0,4,1,0,0,99,0,11,0,0,0,0,1,0,0,0,0,3,2,0,10,4,7,2026-09-13,data//AFLW_2026-09-13.csv,NA,NA,0.3,0.5555555555555556,5,0,1,NA,NA,0.8,0.2727272727272727,NA,0,0,0,CD_M20262640508,5,2026-09-13,North Melbourne,CD_R202626405
CD_I1022236,12,RUCK,"https://s.afl.com.au/staticfile/AFL Tenant/AFL/Players/ChampIDImages/AFLW/2026264/1022236.png?im=Scale,width=0.6,height=0.6",Jessica,Good,CD_T8096,CARL,Carlton,Blues,5,90.10000000000002,0,0,10,1,2,0,1,0,12,0,0,10,18,80,13,4,0,0,3,0,0,0,6,10,18,6,3,0,5,0,0,8,1,0,0,254,2,15,0,0,3,41,0,0,0,0,4,3,0,5,19,4,7,2026-09-13,data//AFLW_2026-09-13.csv,0,NA,0.631578947368421,0.7222222222222222,9,0.5,0.9,0.43902439024390244,0.14634146341463414,0.8,0.2,NA,0.82,0.9090909090909091,0,CD_M20262640508,5,2026-09-13,North Melbourne,CD_R202626405
CD_I1022299,21,KEY_DEFENDER,"https://s.afl.com.au/staticfile/AFL Tenant/AFL/Players/ChampIDImages/AFLW/2026264/1022299.png?im=Scale,width=0.6,height=0.6",Amelie,Borg,CD_T9409,PORT,Port Adelaide,Power,5,81.39999999999998,0,0,0,0,2,0,1,0,2,0,0,3,2,10,1,0,0,1,0,0,0,0,2,1,0,0,0,0,2,0,0,1,0,0,0,25,2,4,0,0,1,0,0,0,0,1,0,2,0,0,3,2,1,2026-09-13,data//AFLW_2026-09-13.csv,0,NA,0.6666666666666666,0.5,1,0,1,NA,NA,1,0.5,NA,0,0,0,CD_M20262640505,5,2026-09-13,Melbourne,CD_R202626405
CD_I1022350,10,MEDIUM_FORWARD,"https://s.afl.com.au/staticfile/AFL Tenant/AFL/Players/ChampIDImages/AFLW/2026264/1022350.png?im=Scale,width=0.6,height=0.6",Cynthia,Hamilton,CD_T9408,SYD,Sydney Swans,Swans,5,75,1,1,0,0,4,0,0,0,6,0,0,2,14,49,6,2,0,1,2,44.4,1,2,3,5,0,0,1,0,2,0,0,9,0,0,0,141,1,6,0,0,0,0,4,0,3,0,0,0,0,0,11,5,5,2026-09-13,data//AFLW_2026-09-13.csv,NA,NA,0.5454545454545454,0.42857142857142855,4,0.2222222222222222,0.8,NA,NA,1.8,0,NA,0,0,0,CD_M20262640507,5,2026-09-13,GWS GIANTS,CD_R202626405
CD_I1022695,10,MIDFIELDER,"https://s.afl.com.au/staticfile/AFL Tenant/AFL/Players/ChampIDImages/AFLW/2026264/1022695.png?im=Scale,width=0.6,height=0.6",Jasmyn,Smith,CD_T7387,WB,Western Bulldogs,Bulldogs,5,100.80000000000001,0,0,0,0,0,0,0,0,4,0,0,6,8,33,4,2,0,0,1,100,0,0,3,3,0,0,2,0,5,0,0,5,1,0,0,138,1,10,0,0,1,0,1,0,0,1,0,2,1,0,6,0,2,2026-09-13,data//AFLW_2026-09-13.csv,NA,NA,0.6666666666666666,0.5,2,0.4,0.6666666666666666,NA,NA,1.6666666666666667,0.2,NA,0,0,0,CD_M20262640501,5,2026-09-12,Hawthorn,CD_R202626405
CD_I1022701,24,MIDFIELDER,"https://s.afl.com.au/staticfile/AFL Tenant/AFL/Players/ChampIDImages/AFLW/2026264/1022701.png?im=Scale,width=0.6,height=0.6",Alana,Gee,CD_T8796,STK,St Kilda,St Kilda,5,80.5,1,0,0,1,2,0,0,0,7,0,0,6,9,27,4,0,3,0,0,0,0,0,7,5,0,0,1,0,2,0,0,4,0,0,0,78,0,13,0,0,0,0,2,0,1,0,0,1,1,1,9,2,2,2026-09-13,data//AFLW_2026-09-13.csv,NA,NA,0.7777777777777778,0.4444444444444444,4,0,0.8,NA,NA,0.8,0.07692307692307693,NA,0,0,0,CD_M20262640506,5,2026-09-13,Richmond,CD_R202626405
CD_I1022726,30,KEY_DEFENDER,"https://s.afl.com.au/staticfile/AFL Tenant/AFL/Players/ChampIDImages/AFLW/2026264/1022726.png?im=Scale,width=0.6,height=0.6",Teagan,Germech,CD_T9409,PORT,Port Adelaide,Power,5,97.5,0,0,0,0,1,0,2,0,5,0,0,8,9,41,9,4,1,1,0,0,0,0,5,5,0,0,2,0,5,0,0,4,2,0,0,164,1,9,0,0,1,0,2,0,0,1,0,4,1,0,10,2,5,2026-09-13,data//AFLW_2026-09-13.csv,0,NA,0.5,1,5,1,1,NA,NA,0.8,0.4444444444444444,NA,0,0,0,CD_M20262640505,5,2026-09-13,Melbourne,CD_R202626405
CD_I1022736,5,MEDIUM_FORWARD,"https://s.afl.com.au/staticfile/AFL Tenant/AFL/Players/ChampIDImages/AFLW/2026264/1022736.png?im=Scale,width=0.6,height=0.6",Jessica,Doyle,CD_T7889,GWS,GWS GIANTS,GIANTS,5,79.69999999999999,0,0,6,0,4,0,0,1,5,3,1,2,11,46,9,7,2,3,0,60,0,1,3,3,0,0,2,0,2,0,0,8,5,1,1,136,1,7,0,0,1,9,3,0,1,1,2,1,1,2,10,4,5,2026-09-13,data//AFLW_2026-09-13.csv,NA,0.3333333333333333,0.5,0.8181818181818182,2,0.875,0.6666666666666666,0,0,2.6666666666666665,0.14285714285714285,NA,0.16666666666666666,0.24,0,CD_M20262640507,5,2026-09-13,Sydney Swans,CD_R202626405
CD_I1022744,49,MEDIUM_DEFENDER,"https://s.afl.com.au/staticfile/AFL Tenant/AFL/Players/ChampIDImages/AFLW/2026264/1022744.png?im=Scale,width=0.6,height=0.6",Madeline,Hendrie,CD_T8096,CARL,Carlton,Blues,5,99.30000000000001,0,0,0,0,0,1,2,0,2,0,0,2,5,16,4,2,0,0,0,0,0,0,2,3,0,0,0,0,4,0,0,2,0,0,0,59,2,4,0,0,1,0,0,0,0,2,0,1,0,0,4,2,2,2026-09-13,data//AFLW_2026-09-13.csv,0.5,NA,0.5,0.8,2,1,0.6666666666666666,NA,NA,0.6666666666666666,0.25,NA,0,0,0,CD_M20262640508,5,2026-09-13,North Melbourne,CD_R202626405
CD_I1022745,12,MIDFIELDER,"https://s.afl.com.au/staticfile/AFL Tenant/AFL/Players/ChampIDImages/AFLW/2026264/1022745.png?im=Scale,width=0.6,height=0.6",Ella,Heads,CD_T9409,PORT,Port Adelaide,Power,5,81.19999999999999,0,0,0,0,5,0,0,0,6,0,0,5,17,55,10,7,1,1,1,0,0,0,5,5,0,0,1,0,5,7,7,12,1,0,0,367,2,11,0,0,9,0,0,0,0,2,0,2,0,0,9,6,3,2026-09-13,data//AFLW_2026-09-13.csv,NA,NA,0.6666666666666666,0.5882352941176471,3,0.5833333333333334,0.6,NA,NA,2.4,0.18181818181818182,1,0,0,0.875,CD_M20262640505,5,2026-09-13,Melbourne,CD_R202626405
CD_I1022756,34,MEDIUM_DEFENDER,"https://s.afl.com.au/staticfile/AFL Tenant/AFL/Players/ChampIDImages/AFLW/2026264/1022756.png?im=Scale,width=0.6,height=0.6",Jemmika,Douglas,CD_T8098,ADEL,Adelaide Crows,Crows,4,69.79999999999998,0,0,0,0,2,1,2,1,4,0,0,7,9,42,7,6,0,1,0,100,0,0,3,2,0,0,0,0,3,2,2,7,4,0,0,147,2,9,0,0,2,0,0,0,0,2,0,2,0,0,7,1,3,2026-09-13,data//AFLW_2026-09-13.csv,0.5,NA,0.5714285714285714,0.7777777777777778,1,0.8571428571428571,0.5,NA,NA,3.5,0.2222222222222222,1,0,0,0.2222222222222222,CD_M20262640503,5,2026-09-12,Geelong Cats,CD_R202626405
CD_I1022775,8,MIDFIELDER,"https://s.afl.com.au/staticfile/AFL Tenant/AFL/Players/ChampIDImages/AFLW/2026264/1022775.png?im=Scale,width=0.6,height=0.6",Lucia,Painter,CD_T8787,WCE,West Coast Eagles,Eagles,5,94.80000000000001,0,0,14,2,5,0,0,2,8,0,0,13,11,58,8,6,1,2,1,50,1,0,4,3,0,0,2,0,1,0,0,8,3,0,0,168,4,23,0,0,3,0,1,0,0,0,1,6,1,3,13,3,5,2026-09-13,data//AFLW_2026-09-13.csv,NA,NA,0.6153846153846154,0.7272727272727273,2,0.75,0.6666666666666666,NA,NA,2.6666666666666665,0.2608695652173913,NA,0,0.875,0,CD_M20262640504,5,2026-09-12,Brisbane Lions,CD_R202626405
CD_I1022818,23,RUCK,"https://s.afl.com.au/staticfile/AFL Tenant/AFL/Players/ChampIDImages/AFLW/2026264/1022818.png?im=Scale,width=0.6,height=0.6",Sarah,Lakay,CD_T8787,WCE,West Coast Eagles,Eagles,4,52.30000000000001,0,0,2,0,3,1,1,0,4,2,1,4,6,17,4,0,0,2,0,50,0,0,4,5,3,0,0,0,3,0,0,1,1,0,0,-14,1,8,0,0,0,16,0,0,0,1,0,1,0,0,7,4,3,2026-09-13,data//AFLW_2026-09-13.csv,1,0.5,0.5714285714285714,0.6666666666666666,4,0,0.8,0.1875,0,0.2,0.125,NA,0.2807017543859649,0.125,0,CD_M20262640504,5,2026-09-12,Brisbane Lions,CD_R202626405
CD_I1022823,4,MIDFIELDER,"https://s.afl.com.au/staticfile/AFL Tenant/AFL/Players/ChampIDImages/AFLW/2026264/1022823.png?im=Scale,width=0.6,height=0.6",Ella,Roberts,CD_T8787,WCE,West Coast Eagles,Eagles,5,100,0,0,12,5,4,0,0,0,19,1,0,8,34,139,25,15,0,2,5,25,0,0,11,12,0,0,6,0,9,0,0,22,6,0,0,696,1,17,0,0,2,0,5,0,1,0,6,8,2,11,36,7,17,2026-09-13,data//AFLW_2026-09-13.csv,NA,0,0.5277777777777778,0.7352941176470589,10,0.6818181818181818,0.8333333333333334,NA,NA,1.8333333333333333,0.47058823529411764,NA,0,0.75,0,CD_M20262640504,5,2026-09-12,Brisbane Lions,CD_R202626405
CD_I1022825,1,RUCK,"https://s.afl.com.au/staticfile/AFL Tenant/AFL/Players/ChampIDImages/AFLW/2026264/1022825.png?im=Scale,width=0.6,height=0.6",Lauren,Wakfer,CD_T8787,WCE,West Coast Eagles,Eagles,5,79.5,1,0,0,0,4,0,0,2,5,8,2,2,7,41,2,1,2,2,1,42.9,0,0,2,1,3,0,1,0,1,0,0,6,2,1,0,116,2,8,0,0,0,6,2,0,3,0,0,4,3,0,7,2,2,2026-09-13,data//AFLW_2026-09-13.csv,NA,0.25,0.7142857142857143,0.2857142857142857,1,0.16666666666666666,1,0.5,0,6,0.5,NA,0.10526315789473684,0,0,CD_M20262640504,5,2026-09-12,Brisbane Lions,CD_R202626405
CD_I1023433,9,MIDFIELDER,"https://s.afl.com.au/staticfile/AFL Tenant/AFL/Players/ChampIDImages/AFLW/2026264/1023433.png?im=Scale,width=0.6,height=0.6",Sara,Howley,CD_T7889,GWS,GWS GIANTS,GIANTS,5,57.099999999999994,1,0,10,1,6,0,0,0,6,0,0,6,12,54,5,2,1,1,0,25,0,1,6,4,0,0,3,0,0,0,0,8,2,2,0,235,0,9,0,0,1,0,4,0,2,0,0,3,1,1,13,3,7,2026-09-13,data//AFLW_2026-09-13.csv,NA,NA,0.46153846153846156,0.4166666666666667,3,0.25,0.75,NA,NA,2,0.3333333333333333,NA,0,0.4,0,CD_M20262640507,5,2026-09-13,Sydney Swans,CD_R202626405
CD_I1023815,15,MIDFIELDER,"https://s.afl.com.au/staticfile/AFL Tenant/AFL/Players/ChampIDImages/AFLW/2026264/1023815.png?im=Scale,width=0.6,height=0.6",Abbygail,Bushby,CD_T8787,WCE,West Coast Eagles,Eagles,5,27.69999999999999,0,0,3,0,2,0,0,0,2,0,0,1,5,12,3,1,0,1,0,25,0,0,2,3,0,0,1,0,2,0,0,2,1,1,0,31,1,2,0,0,0,0,2,0,0,1,0,0,0,0,5,1,3,2026-09-13,data//AFLW_2026-09-13.csv,NA,NA,0.4,0.6,2,0.5,0.6666666666666666,NA,NA,0.6666666666666666,0,NA,0,0.1875,0,CD_M20262640504,5,2026-09-12,Brisbane Lions,CD_R202626405
CD_I1023842,23,MEDIUM_DEFENDER,"https://s.afl.com.au/staticfile/AFL Tenant/AFL/Players/ChampIDImages/AFLW/2026264/1023842.png?im=Scale,width=0.6,height=0.6",Zippy,Fish,CD_T9408,SYD,Sydney Swans,Swans,5,100,0,0,1,0,2,0,0,0,7,0,0,10,15,69,13,9,0,0,0,0,0,0,6,4,0,0,1,0,6,4,3,11,4,0,0,226,2,13,0,0,6,0,3,0,0,1,1,4,0,1,13,1,6,2026-09-13,data//AFLW_2026-09-13.csv,NA,NA,0.5384615384615384,0.8666666666666667,4,0.8181818181818182,1,NA,NA,2.75,0.3076923076923077,0.75,0,0.04,0.5,CD_M20262640507,5,2026-09-13,GWS GIANTS,CD_R202626405
CD_I1023849,20,MIDFIELDER,"https://s.afl.com.au/staticfile/AFL Tenant/AFL/Players/ChampIDImages/AFLW/2026264/1023849.png?im=Scale,width=0.6,height=0.6",Noa,McNaughton,CD_T7886,FRE,Fremantle,Freo,3,72.19999999999999,0,0,0,0,5,0,0,0,2,0,0,0,7,50,4,2,1,0,1,60,0,1,1,3,0,0,1,0,0,0,0,4,3,0,1,114,0,11,0,0,0,0,3,0,1,0,1,4,4,1,8,3,6,2026-09-13,data//AFLW_2026-09-13.csv,NA,NA,0.25,0.5714285714285714,2,0.5,0.6666666666666666,NA,NA,1.3333333333333333,0.36363636363636365,NA,0,0,0,CD_M20262640509,5,2026-09-13,Essendon,CD_R202626405
CD_I1023857,22,KEY_DEFENDER,"https://s.afl.com.au/staticfile/AFL Tenant/AFL/Players/ChampIDImages/AFLW/2026264/1023857.png?im=Scale,width=0.6,height=0.6",Georgie,Cleaver,CD_T8787,WCE,West Coast Eagles,Eagles,4,79.80000000000001,0,0,0,0,2,0,1,0,4,0,0,2,5,15,4,3,0,1,0,0,0,0,4,1,0,0,1,0,3,0,0,4,0,0,0,93,3,5,0,0,2,0,0,0,0,2,1,1,0,1,5,1,1,2026-09-13,data//AFLW_2026-09-13.csv,0,NA,0.8,0.8,1,0.75,1,NA,NA,4,0.2,NA,0,0,0,CD_M20262640504,5,2026-09-12,Brisbane Lions,CD_R202626405
CD_I1023943,29,RUCK,"https://s.afl.com.au/staticfile/AFL Tenant/AFL/Players/ChampIDImages/AFLW/2026264/1023943.png?im=Scale,width=0.6,height=0.6",Matilda,Scholz,CD_T9409,PORT,Port Adelaide,Power,5,88,0,0,11,2,3,0,0,1,7,2,0,3,16,81,10,5,2,1,2,0,0,0,4,8,21,6,5,0,2,0,0,8,3,0,0,206,1,10,0,0,1,31,2,0,0,1,0,3,0,2,17,5,10,2026-09-13,data//AFLW_2026-09-13.csv,NA,0,0.4117647058823529,0.625,5,0.625,0.625,0.6774193548387096,0.1935483870967742,1,0.3,NA,0.5254237288135594,0.7333333333333333,0,CD_M20262640505,5,2026-09-13,Melbourne,CD_R202626405
CD_I1023948,7,KEY_FORWARD,"https://s.afl.com.au/staticfile/AFL Tenant/AFL/Players/ChampIDImages/AFLW/2026264/1023948.png?im=Scale,width=0.6,height=0.6",Poppy,Scholz,CD_T8096,CARL,Carlton,Blues,5,97.10000000000002,0,0,1,0,0,0,0,1,7,0,0,7,9,53,6,2,2,0,2,36.4,0,0,4,5,3,1,1,0,3,0,0,4,2,0,1,177,2,13,0,0,2,5,2,0,0,2,1,5,0,1,9,3,2,2026-09-13,data//AFLW_2026-09-13.csv,NA,NA,0.7777777777777778,0.6666666666666666,4,0.5,0.8,0.6,0.2,0.8,0.38461538461538464,NA,0.1,0.09090909090909091,0,CD_M20262640508,5,2026-09-13,North Melbourne,CD_R202626405
CD_I1024085,8,MIDFIELDER,"https://s.afl.com.au/staticfile/AFL Tenant/AFL/Players/ChampIDImages/AFLW/2026264/1024085.png?im=Scale,width=0.6,height=0.6",India,Rasheed,CD_T8098,ADEL,Adelaide Crows,Crows,3,77.99999999999997,0,0,0,0,2,0,0,0,0,1,0,4,8,57,4,4,0,2,0,33.3,1,2,0,0,0,0,2,0,0,0,0,8,5,4,5,253,0,7,0,0,0,0,4,0,3,0,0,3,1,0,8,3,8,2026-09-13,data//AFLW_2026-09-13.csv,NA,0,0,0.5,0,0.5,NA,NA,NA,Inf,0.42857142857142855,NA,0,0,0,CD_M20262640503,5,2026-09-12,Geelong Cats,CD_R202626405
CD_I1024294,12,MEDIUM_DEFENDER,"https://s.afl.com.au/staticfile/AFL Tenant/AFL/Players/ChampIDImages/AFLW/2026264/1024294.png?im=Scale,width=0.6,height=0.6",Lulu,Pullar,CD_T9408,SYD,Sydney Swans,Swans,2,70.29999999999998,0,0,0,0,2,0,0,0,2,0,0,5,12,50,7,3,0,1,1,0,0,0,0,5,0,0,1,0,3,0,0,7,3,0,1,240,1,9,0,0,1,0,4,0,0,0,0,3,0,0,12,2,10,2026-09-13,data//AFLW_2026-09-13.csv,NA,NA,0.16666666666666666,0.5833333333333334,4,0.42857142857142855,0.8,NA,NA,1.4,0.3333333333333333,NA,0,0,0,CD_M20262640507,5,2026-09-13,GWS GIANTS,CD_R202626405
CD_I1024296,22,MEDIUM_FORWARD,"https://s.afl.com.au/staticfile/AFL Tenant/AFL/Players/ChampIDImages/AFLW/2026264/1024296.png?im=Scale,width=0.6,height=0.6",Rachel,Kearns,CD_T8467,GEEL,Geelong Cats,Cats,5,78.19999999999999,1,0,0,0,1,0,0,0,4,2,1,2,10,51,7,3,1,1,2,30,1,1,2,4,0,0,1,0,2,0,0,6,1,0,0,176,1,10,0,0,0,0,7,0,3,0,0,4,1,0,10,0,6,2026-09-13,data//AFLW_2026-09-13.csv,NA,0.5,0.4,0.7,4,0.5,1,NA,NA,1.5,0.4,NA,0,0,0,CD_M20262640503,5,2026-09-12,Adelaide Crows,CD_R202626405
CD_I1024299,26,RUCK,"https://s.afl.com.au/staticfile/AFL Tenant/AFL/Players/ChampIDImages/AFLW/2026264/1024299.png?im=Scale,width=0.6,height=0.6",Paige,Price,CD_T8786,GCFC,Gold Coast SUNS,SUNS,5,46.19999999999999,0,0,7,1,1,0,1,0,5,0,0,2,8,37,5,4,0,0,2,0,0,0,3,3,10,2,3,0,2,0,0,5,0,0,0,162,0,7,0,0,1,21,1,0,0,0,1,1,0,2,8,2,3,2026-09-13,data//AFLW_2026-09-13.csv,0,NA,0.625,0.625,1,0.8,0.3333333333333333,0.47619047619047616,0.09523809523809523,1.6666666666666667,0.14285714285714285,NA,0.42,0.4117647058823529,0,CD_M20262640502,5,2026-09-12,Collingwood,CD_R202626405
CD_I1024535,3,RUCK,"https://s.afl.com.au/staticfile/AFL Tenant/AFL/Players/ChampIDImages/AFLW/2026264/1024535.png?im=Scale,width=0.6,height=0.6",Darcie,Davies,CD_T8786,GCFC,Gold Coast SUNS,SUNS,5,68.10000000000002,0,0,10,0,2,0,0,0,3,1,0,1,5,30,4,0,0,1,0,25,0,0,3,4,15,8,2,0,4,0,0,1,1,0,0,25,2,6,0,0,0,19,1,0,0,1,0,1,1,0,6,2,3,2026-09-13,data//AFLW_2026-09-13.csv,NA,0,0.5,0.8,4,0,1,0.7894736842105263,0.42105263157894735,0.25,0.16666666666666666,NA,0.38,0.5882352941176471,0,CD_M20262640502,5,2026-09-12,Collingwood,CD_R202626405
CD_I1024552,12,KEY_FORWARD,"https://s.afl.com.au/staticfile/AFL Tenant/AFL/Players/ChampIDImages/AFLW/2026264/1024552.png?im=Scale,width=0.6,height=0.6",Havana,Harris,CD_T8786,GCFC,Gold Coast SUNS,SUNS,5,91.10000000000002,1,0,0,0,4,0,0,1,6,0,0,0,17,77,11,5,3,1,1,30,0,1,3,7,5,1,2,0,0,0,0,10,5,2,4,209,0,8,0,0,1,10,5,0,2,0,1,2,2,1,18,5,12,2026-09-13,data//AFLW_2026-09-13.csv,NA,NA,0.3333333333333333,0.6470588235294118,6,0.5,0.8571428571428571,0.5,0.1,1.4285714285714286,0.25,NA,0.2,0,0,CD_M20262640502,5,2026-09-12,Collingwood,CD_R202626405
CD_I1024553,28,KEY_DEFENDER,"https://s.afl.com.au/staticfile/AFL Tenant/AFL/Players/ChampIDImages/AFLW/2026264/1024553.png?im=Scale,width=0.6,height=0.6",Kaylee,Kimber,CD_T7387,WB,Western Bulldogs,Bulldogs,4,95.39999999999998,0,0,0,0,3,3,4,1,4,0,0,9,14,67,9,5,0,0,2,0,0,0,1,4,0,0,0,0,11,0,0,10,5,0,0,200,5,11,0,0,6,0,2,0,0,4,0,3,0,0,12,5,8,2026-09-13,data//AFLW_2026-09-13.csv,0.75,NA,0.3333333333333333,0.6428571428571429,4,0.5,1,NA,NA,2.5,0.2727272727272727,NA,0,0,0,CD_M20262640501,5,2026-09-12,Hawthorn,CD_R202626405
CD_I1025163,38,KEY_FORWARD,"https://s.afl.com.au/staticfile/AFL Tenant/AFL/Players/ChampIDImages/AFLW/2026264/1025163.png?im=Scale,width=0.6,height=0.6",Jacqueline,Dupuy,CD_T9407,HAW,Hawthorn,Hawks,5,94.60000000000002,1,0,0,0,3,0,0,5,8,8,4,2,16,85,10,8,3,1,0,20,1,1,3,2,1,0,4,0,1,0,0,14,10,2,0,220,0,4,0,0,0,3,4,0,3,0,0,1,0,0,16,4,8,2026-09-13,data//AFLW_2026-09-13.csv,NA,0.5,0.5,0.625,2,0.5714285714285714,1,0.3333333333333333,0,7,0.25,NA,0.06976744186046512,0,0,CD_M20262640501,5,2026-09-12,Western Bulldogs,CD_R202626405
CD_I1025419,16,MIDFIELDER,"https://s.afl.com.au/staticfile/AFL Tenant/AFL/Players/ChampIDImages/AFLW/2026264/1025419.png?im=Scale,width=0.6,height=0.6",Ashley,Centra,CD_T8097,COLL,Collingwood,Magpies,4,60.00000000000003,1,0,0,0,3,0,0,1,3,2,1,4,9,41,4,3,0,0,0,75,0,0,2,3,0,0,1,0,1,0,0,6,4,1,3,137,0,7,0,0,1,0,2,0,1,0,0,1,0,0,9,3,6,2026-09-13,data//AFLW_2026-09-13.csv,NA,0.5,0.3333333333333333,0.4444444444444444,1,0.5,0.3333333333333333,NA,NA,2,0.14285714285714285,NA,0,0,0,CD_M20262640502,5,2026-09-12,Gold Coast SUNS,CD_R202626405
CD_I1025421,21,MEDIUM_DEFENDER,"https://s.afl.com.au/staticfile/AFL Tenant/AFL/Players/ChampIDImages/AFLW/2026264/1025421.png?im=Scale,width=0.6,height=0.6",Amber,Schutte,CD_T8097,COLL,Collingwood,Magpies,5,98.39999999999998,0,0,0,0,4,0,0,1,7,0,0,4,18,74,13,8,0,2,1,0,0,0,6,6,0,0,2,0,6,1,1,12,9,0,0,308,1,5,0,0,6,0,2,0,0,1,0,1,0,0,18,3,11,2026-09-13,data//AFLW_2026-09-13.csv,NA,NA,0.3888888888888889,0.7222222222222222,5,0.6666666666666666,0.8333333333333334,NA,NA,2,0.2,1,0,0,0.125,CD_M20262640502,5,2026-09-12,Gold Coast SUNS,CD_R202626405
CD_I1025517,19,MEDIUM_FORWARD,"https://s.afl.com.au/staticfile/AFL Tenant/AFL/Players/ChampIDImages/AFLW/2026264/1025517.png?im=Scale,width=0.6,height=0.6",Heidi,Woodley,CD_T7387,WB,Western Bulldogs,Bulldogs,5,81.89999999999998,0,1,0,0,0,0,0,0,0,0,0,5,14,56,9,7,0,0,0,50,1,0,0,2,0,0,8,0,0,0,0,12,4,1,1,468,0,13,0,0,0,0,3,0,1,0,0,1,0,0,13,3,13,2026-09-13,data//AFLW_2026-09-13.csv,NA,NA,0,0.6428571428571429,2,0.5833333333333334,1,NA,NA,6,0.07692307692307693,NA,0,0,0,CD_M20262640501,5,2026-09-12,Hawthorn,CD_R202626405
CD_I1025521,15,MEDIUM_DEFENDER,"https://s.afl.com.au/staticfile/AFL Tenant/AFL/Players/ChampIDImages/AFLW/2026264/1025521.png?im=Scale,width=0.6,height=0.6",Kyla,Forbes,CD_T8796,STK,St Kilda,St Kilda,1,71.2,0,0,0,0,0,0,0,0,2,0,0,4,7,33,5,3,0,0,0,0,0,0,2,2,0,0,0,0,2,2,2,5,2,0,0,119,0,5,0,0,3,0,1,0,0,0,1,2,0,1,5,2,3,2026-09-13,data//AFLW_2026-09-13.csv,NA,NA,0.4,0.7142857142857143,2,0.6,1,NA,NA,2.5,0.4,1,0,0,0.5,CD_M20262640506,5,2026-09-13,Richmond,CD_R202626405
CD_I1025525,23,MIDFIELDER,"https://s.afl.com.au/staticfile/AFL Tenant/AFL/Players/ChampIDImages/AFLW/2026264/1025525.png?im=Scale,width=0.6,height=0.6",Amy,Gaylor,CD_T9406,ESS,Essendon,Bombers,5,79,0,0,10,2,4,0,0,0,7,0,0,10,19,73,11,4,0,0,1,0,0,0,4,9,0,0,5,0,3,0,0,10,4,0,0,308,1,15,0,0,2,0,1,0,0,1,1,3,0,3,19,5,12,2026-09-13,data//AFLW_2026-09-13.csv,NA,NA,0.3684210526315789,0.5789473684210527,7,0.4,0.7777777777777778,NA,NA,1.1111111111111112,0.2,NA,0,0.9090909090909091,0,CD_M20262640509,5,2026-09-13,Fremantle,CD_R202626405
CD_I1025550,13,KEY_FORWARD,"https://s.afl.com.au/staticfile/AFL Tenant/AFL/Players/ChampIDImages/AFLW/2026264/1025550.png?im=Scale,width=0.6,height=0.6",Georgie,Brisbane,CD_T7886,FRE,Fremantle,Freo,3,70.80000000000001,0,0,0,0,1,0,0,0,1,2,0,2,4,17,3,2,0,1,0,33.3,0,0,1,2,0,0,0,0,1,0,0,2,2,0,1,34,1,4,0,0,0,2,0,0,0,1,0,1,0,0,4,1,3,2026-09-13,data//AFLW_2026-09-13.csv,NA,0,0.25,0.75,1,1,0.5,0,0,1,0.25,NA,0.031746031746031744,0,0,CD_M20262640509,5,2026-09-13,Essendon,CD_R202626405
CD_I1025564,26,KEY_FORWARD,"https://s.afl.com.au/staticfile/AFL Tenant/AFL/Players/ChampIDImages/AFLW/2026264/1025564.png?im=Scale,width=0.6,height=0.6",Mia,Austin,CD_T7386,MELB,Melbourne,Demons,4,88.20000000000005,1,0,0,0,0,0,0,0,3,1,0,1,10,59,8,4,1,0,2,75,0,2,1,4,0,0,0,0,1,0,0,6,2,2,1,81,1,7,0,0,0,0,8,0,4,0,0,3,3,0,10,0,7,2026-09-13,data//AFLW_2026-09-13.csv,NA,0,0.3,0.8,4,0.6666666666666666,1,NA,NA,1.5,0.42857142857142855,NA,0,0,0,CD_M20262640505,5,2026-09-13,Port Adelaide,CD_R202626405
CD_I1025565,7,MEDIUM_FORWARD,"https://s.afl.com.au/staticfile/AFL Tenant/AFL/Players/ChampIDImages/AFLW/2026264/1025565.png?im=Scale,width=0.6,height=0.6",Grace,Belloni,CD_T9406,ESS,Essendon,Bombers,5,70.30000000000001,0,0,0,0,3,0,0,0,2,0,0,1,7,20,6,1,1,2,0,50,0,0,2,6,0,0,1,0,0,0,0,1,1,0,1,12,0,4,0,0,0,0,1,0,0,0,0,2,0,0,7,3,5,2026-09-13,data//AFLW_2026-09-13.csv,NA,NA,0.2857142857142857,0.8571428571428571,5,1,0.8333333333333334,NA,NA,0.16666666666666666,0.5,NA,0,0,0,CD_M20262640509,5,2026-09-13,Fremantle,CD_R202626405
CD_I1025587,34,MEDIUM_DEFENDER,"https://s.afl.com.au/staticfile/AFL Tenant/AFL/Players/ChampIDImages/AFLW/2026264/1025587.png?im=Scale,width=0.6,height=0.6",Madison,Ibrahim,CD_T9406,ESS,Essendon,Bombers,1,53.1,0,0,0,0,1,0,0,0,3,0,0,3,5,19,2,0,1,0,0,0,0,0,2,3,0,0,0,0,3,0,0,2,1,0,0,65,2,12,0,0,2,0,0,0,0,1,0,1,0,0,6,2,3,2026-09-13,data//AFLW_2026-09-13.csv,NA,NA,0.5,0.4,2,0,0.6666666666666666,NA,NA,0.6666666666666666,0.08333333333333333,NA,0,0,0,CD_M20262640509,5,2026-09-13,Fremantle,CD_R202626405
CD_I1025609,27,MIDFIELDER,"https://s.afl.com.au/staticfile/AFL Tenant/AFL/Players/ChampIDImages/AFLW/2026264/1025609.png?im=Scale,width=0.6,height=0.6",Lucille,Cronin,CD_T8097,COLL,Collingwood,Magpies,3,89.49999999999997,1,0,1,0,4,0,0,2,7,0,0,9,14,57,8,4,1,3,0,0,0,0,5,7,0,0,2,0,4,0,0,7,6,0,0,267,1,16,0,0,3,0,2,0,1,1,0,3,1,0,14,2,7,2026-09-13,data//AFLW_2026-09-13.csv,NA,NA,0.5,0.5714285714285714,4,0.5714285714285714,0.5714285714285714,NA,NA,1,0.1875,NA,0,0.058823529411764705,0,CD_M20262640502,5,2026-09-12,Gold Coast SUNS,CD_R202626405
CD_I1025611,1,MIDFIELDER,"https://s.afl.com.au/staticfile/AFL Tenant/AFL/Players/ChampIDImages/AFLW/2026264/1025611.png?im=Scale,width=0.6,height=0.6",Sarah,Poustie,CD_T7387,WB,Western Bulldogs,Bulldogs,5,41.69999999999999,0,0,0,0,1,0,0,0,2,1,0,0,5,18,4,3,0,1,1,0,0,0,1,1,0,0,2,0,1,0,0,4,2,1,0,139,0,5,0,0,0,0,1,0,1,0,0,0,0,0,5,3,3,2026-09-13,data//AFLW_2026-09-13.csv,NA,0,0.4,0.8,1,0.75,1,NA,NA,4,0,NA,0,0,0,CD_M20262640501,5,2026-09-12,Hawthorn,CD_R202626405
CD_I1025616,26,MEDIUM_DEFENDER,"https://s.afl.com.au/staticfile/AFL Tenant/AFL/Players/ChampIDImages/AFLW/2026264/1025616.png?im=Scale,width=0.6,height=0.6",Lara,Hausegger,CD_T9408,SYD,Sydney Swans,Swans,5,80.19999999999999,0,0,0,0,3,0,1,0,4,0,0,3,9,38,6,2,0,0,0,0,0,0,4,5,0,0,1,0,5,0,0,4,0,0,0,140,4,8,0,0,2,0,1,0,0,4,0,4,0,0,8,4,4,2026-09-13,data//AFLW_2026-09-13.csv,0,NA,0.5,0.6666666666666666,4,0.5,0.8,NA,NA,0.8,0.5,NA,0,0,0,CD_M20262640507,5,2026-09-13,GWS GIANTS,CD_R202626405
CD_I1025617,20,MEDIUM_FORWARD,"https://s.afl.com.au/staticfile/AFL Tenant/AFL/Players/ChampIDImages/AFLW/2026264/1025617.png?im=Scale,width=0.6,height=0.6",Maggie,Mahony,CD_T7386,MELB,Melbourne,Demons,3,73.1,0,0,0,0,1,0,0,0,4,0,0,6,10,55,6,2,1,0,0,71.4,0,1,4,6,0,0,2,0,0,0,0,4,3,2,1,81,1,14,0,0,0,0,4,0,3,0,2,4,1,2,10,2,6,2026-09-13,data//AFLW_2026-09-13.csv,NA,NA,0.4,0.6,4,0.5,0.6666666666666666,NA,NA,0.6666666666666666,0.2857142857142857,NA,0,0,0,CD_M20262640505,5,2026-09-13,Port Adelaide,CD_R202626405
CD_I1025669,32,KEY_DEFENDER,"https://s.afl.com.au/staticfile/AFL Tenant/AFL/Players/ChampIDImages/AFLW/2026264/1025669.png?im=Scale,width=0.6,height=0.6",Annabelle,Embelton,CD_T9407,HAW,Hawthorn,Hawks,5,99,0,0,0,0,2,1,4,0,2,0,0,7,8,35,6,4,0,2,0,0,0,0,1,2,0,0,0,0,3,0,0,6,5,0,0,52,4,7,0,0,1,0,2,0,0,3,0,1,0,0,10,1,8,2026-09-13,data//AFLW_2026-09-13.csv,0.25,NA,0.2,0.75,2,0.6666666666666666,1,NA,NA,3,0.14285714285714285,NA,0,0,0,CD_M20262640501,5,2026-09-12,Western Bulldogs,CD_R202626405
CD_I1025671,14,MIDFIELDER,"https://s.afl.com.au/staticfile/AFL Tenant/AFL/Players/ChampIDImages/AFLW/2026264/1025671.png?im=Scale,width=0.6,height=0.6",Daisy,Flockart,CD_T9407,HAW,Hawthorn,Hawks,5,69.9,0,0,1,0,2,0,0,0,1,0,0,5,1,11,0,0,1,1,0,0,0,0,1,1,0,0,0,0,0,0,0,0,0,0,0,-8,0,9,0,0,0,0,0,0,0,0,0,3,2,0,1,2,0,2026-09-13,data//AFLW_2026-09-13.csv,NA,NA,1,0,0,NA,0,NA,NA,0,0.3333333333333333,NA,0,0.07692307692307693,0,CD_M20262640501,5,2026-09-12,Western Bulldogs,CD_R202626405
CD_I1025674,1,KEY_FORWARD,"https://s.afl.com.au/staticfile/AFL Tenant/AFL/Players/ChampIDImages/AFLW/2026264/1025674.png?im=Scale,width=0.6,height=0.6",Emily,Gough,CD_T9406,ESS,Essendon,Bombers,5,90.89999999999998,1,0,0,0,0,0,0,1,5,2,1,1,9,28,3,1,1,0,1,38.5,1,0,2,6,2,0,3,0,1,0,0,3,1,0,0,141,2,8,0,0,0,8,3,0,1,1,0,0,0,0,10,3,5,2026-09-13,data//AFLW_2026-09-13.csv,NA,0.5,0.5,0.3333333333333333,2,0.3333333333333333,0.3333333333333333,0.25,0,0.5,0,NA,0.12698412698412698,0,0,CD_M20262640509,5,2026-09-13,Fremantle,CD_R202626405
CD_I1025789,29,MIDFIELDER,"https://s.afl.com.au/staticfile/AFL Tenant/AFL/Players/ChampIDImages/AFLW/2026264/1025789.png?im=Scale,width=0.6,height=0.6",Tanya,Kennedy,CD_T9408,SYD,Sydney Swans,Swans,2,76.79999999999998,0,0,17,2,7,0,0,0,10,0,0,14,20,108,10,5,0,4,3,0,0,0,6,6,0,0,4,0,5,0,0,14,1,0,0,349,1,21,0,0,2,0,2,0,0,0,1,15,0,3,17,5,7,2026-09-13,data//AFLW_2026-09-13.csv,NA,NA,0.5882352941176471,0.5,5,0.35714285714285715,0.8333333333333334,NA,NA,2.3333333333333335,0.7142857142857143,NA,0,0.68,0,CD_M20262640507,5,2026-09-13,GWS GIANTS,CD_R202626405
CD_I1025819,19,MEDIUM_DEFENDER,"https://s.afl.com.au/staticfile/AFL Tenant/AFL/Players/ChampIDImages/AFLW/2026264/1025819.png?im=Scale,width=0.6,height=0.6",Laela,Ebert,CD_T7386,MELB,Melbourne,Demons,4,68.10000000000002,0,0,0,0,0,0,1,0,1,0,0,1,5,10,4,0,0,0,0,0,0,0,1,5,0,0,0,0,1,0,0,0,0,0,0,12,0,5,0,0,0,0,3,0,0,0,0,0,0,0,5,1,4,2026-09-13,data//AFLW_2026-09-13.csv,0,NA,0.2,0.8,4,NA,0.8,NA,NA,0,0,NA,0,0,0,CD_M20262640505,5,2026-09-13,Port Adelaide,CD_R202626405
CD_I1025895,26,MEDIUM_DEFENDER,"https://s.afl.com.au/staticfile/AFL Tenant/AFL/Players/ChampIDImages/AFLW/2026264/1025895.png?im=Scale,width=0.6,height=0.6",Violet,Patterson,CD_T8097,COLL,Collingwood,Magpies,4,87.69999999999996,0,0,0,0,1,0,0,0,6,0,0,5,12,46,12,7,0,1,3,0,0,0,3,5,0,0,0,0,5,0,0,7,1,0,0,107,0,5,0,0,2,0,1,0,0,0,0,3,0,0,11,3,5,2026-09-13,data//AFLW_2026-09-13.csv,NA,NA,0.5454545454545454,1,5,1,1,NA,NA,1.4,0.6,NA,0,0,0,CD_M20262640502,5,2026-09-12,Gold Coast SUNS,CD_R202626405
CD_I1025924,1,MEDIUM_DEFENDER,"https://s.afl.com.au/staticfile/AFL Tenant/AFL/Players/ChampIDImages/AFLW/2026264/1025924.png?im=Scale,width=0.6,height=0.6",Grace,Martin,CD_T7889,GWS,GWS GIANTS,GIANTS,5,81,0,0,0,0,0,0,0,0,4,0,0,7,8,46,4,2,0,0,2,0,0,0,2,3,0,0,3,0,4,0,0,5,1,0,0,121,0,11,0,0,0,0,4,0,1,0,2,5,1,2,7,1,3,2026-09-13,data//AFLW_2026-09-13.csv,NA,NA,0.5714285714285714,0.5,2,0.4,0.6666666666666666,NA,NA,1.6666666666666667,0.45454545454545453,NA,0,0,0,CD_M20262640507,5,2026-09-13,Sydney Swans,CD_R202626405
CD_I1025962,12,RUCK,"https://s.afl.com.au/staticfile/AFL Tenant/AFL/Players/ChampIDImages/AFLW/2026264/1025962.png?im=Scale,width=0.6,height=0.6",Charlotte,Riggs,CD_T8787,WCE,West Coast Eagles,Eagles,5,68.69999999999999,0,0,14,1,1,0,0,2,13,0,0,5,19,83,13,7,1,1,0,0,0,0,11,9,11,2,4,0,6,0,0,10,5,0,0,330,3,10,0,0,3,35,2,0,0,1,1,3,0,2,20,3,7,2026-09-13,data//AFLW_2026-09-13.csv,NA,NA,0.65,0.6842105263157895,6,0.7,0.6666666666666666,0.3142857142857143,0.05714285714285714,1.1111111111111112,0.3,NA,0.6140350877192983,0.875,0,CD_M20262640504,5,2026-09-12,Brisbane Lions,CD_R202626405
CD_I1025995,20,MIDFIELDER,"https://s.afl.com.au/staticfile/AFL Tenant/AFL/Players/ChampIDImages/AFLW/2026264/1025995.png?im=Scale,width=0.6,height=0.6",Lily,Goss,CD_T8096,CARL,Carlton,Blues,5,86,0,2,9,0,9,0,0,0,9,0,0,5,20,70,12,6,1,4,1,50,0,0,8,8,0,0,4,0,4,0,0,12,3,1,0,294,1,14,0,0,0,0,3,0,2,0,2,5,0,2,23,7,14,2026-09-13,data//AFLW_2026-09-13.csv,NA,NA,0.391304347826087,0.6,6,0.5,0.75,NA,NA,1.5,0.35714285714285715,NA,0,0.8181818181818182,0,CD_M20262640508,5,2026-09-13,North Melbourne,CD_R202626405
CD_I1026016,8,MEDIUM_DEFENDER,"https://s.afl.com.au/staticfile/AFL Tenant/AFL/Players/ChampIDImages/AFLW/2026264/1026016.png?im=Scale,width=0.6,height=0.6",Montana,Beruldsen,CD_T8788,RICH,Richmond,Richmond,5,66.5,0,0,0,0,3,0,0,0,4,0,0,5,14,44,9,6,0,1,0,0,0,0,4,5,0,0,2,0,4,4,4,9,2,0,0,311,0,5,0,0,4,0,1,0,0,0,0,1,0,0,11,3,7,2026-09-13,data//AFLW_2026-09-13.csv,NA,NA,0.36363636363636365,0.6428571428571429,3,0.6666666666666666,0.6,NA,NA,1.8,0.2,1,0,0,0.5714285714285714,CD_M20262640506,5,2026-09-13,St Kilda,CD_R202626405
CD_I1026111,22,MEDIUM_FORWARD,"https://s.afl.com.au/staticfile/AFL Tenant/AFL/Players/ChampIDImages/AFLW/2026264/1026111.png?im=Scale,width=0.6,height=0.6",Sophie,Peters,CD_T7887,BL,Brisbane Lions,Lions,5,52.599999999999994,0,0,0,0,0,0,0,0,2,0,0,3,8,28,7,3,0,0,1,100,1,0,1,4,0,0,1,0,1,0,0,4,1,0,0,116,0,5,0,0,1,0,1,0,0,0,0,1,0,0,7,1,5,2026-09-13,data//AFLW_2026-09-13.csv,NA,NA,0.2857142857142857,0.875,4,0.75,1,NA,NA,1,0.2,NA,0,0,0,CD_M20262640504,5,2026-09-12,West Coast Eagles,CD_R202626405
CD_I1026137,24,MEDIUM_DEFENDER,"https://s.afl.com.au/staticfile/AFL Tenant/AFL/Players/ChampIDImages/AFLW/2026264/1026137.png?im=Scale,width=0.6,height=0.6",Claudia,Wright,CD_T7887,BL,Brisbane Lions,Lions,5,56.19999999999999,0,0,0,0,0,0,1,0,2,0,0,4,2,13,2,1,0,0,1,0,0,0,1,1,0,0,0,0,1,0,0,1,1,0,0,19,1,6,0,0,1,0,0,0,0,1,0,1,0,0,3,0,1,2026-09-13,data//AFLW_2026-09-13.csv,0,NA,0.6666666666666666,1,1,1,1,NA,NA,1,0.16666666666666666,NA,0,0,0,CD_M20262640504,5,2026-09-12,West Coast Eagles,CD_R202626405
CD_I1026143,26,MEDIUM_FORWARD,"https://s.afl.com.au/staticfile/AFL Tenant/AFL/Players/ChampIDImages/AFLW/2026264/1026143.png?im=Scale,width=0.6,height=0.6",Emily,Elkington,CD_T9409,PORT,Port Adelaide,Power,4,83.20000000000005,0,0,0,0,0,0,0,0,2,0,0,7,9,66,6,4,0,0,2,100,0,0,0,3,0,0,1,0,2,0,0,6,4,1,1,86,0,17,0,0,0,0,1,0,0,0,1,7,1,1,9,2,7,2026-09-13,data//AFLW_2026-09-13.csv,NA,NA,0.2222222222222222,0.6666666666666666,2,0.6666666666666666,0.6666666666666666,NA,NA,2,0.4117647058823529,NA,0,0,0,CD_M20262640505,5,2026-09-13,Melbourne,CD_R202626405
CD_I1026159,30,MIDFIELDER_FORWARD,"https://s.afl.com.au/staticfile/AFL Tenant/AFL/Players/ChampIDImages/AFLW/2026264/1026159.png?im=Scale,width=0.6,height=0.6",Juliet,Kelly,CD_T8098,ADEL,Adelaide Crows,Crows,5,65.19999999999999,0,0,11,0,0,0,1,0,5,0,0,8,12,45,9,6,1,0,0,0,0,0,4,5,0,0,2,0,2,0,0,7,2,0,1,181,1,17,0,0,1,0,4,0,0,0,0,2,0,0,13,1,8,2026-09-13,data//AFLW_2026-09-13.csv,0,NA,0.38461538461538464,0.75,3,0.8571428571428571,0.6,NA,NA,1.4,0.11764705882352941,NA,0,0.6111111111111112,0,CD_M20262640503,5,2026-09-12,Geelong Cats,CD_R202626405
CD_I1026166,6,MEDIUM_DEFENDER,"https://s.afl.com.au/staticfile/AFL Tenant/AFL/Players/ChampIDImages/AFLW/2026264/1026166.png?im=Scale,width=0.6,height=0.6",Madeleine,Scanlon,CD_T7886,FRE,Fremantle,Freo,2,77.29999999999998,0,0,0,0,3,1,2,0,2,0,0,5,10,41,6,4,0,1,0,0,0,0,2,3,0,0,0,0,4,1,1,7,3,0,0,113,3,8,0,0,1,0,0,0,0,3,0,2,2,0,8,2,6,2026-09-13,data//AFLW_2026-09-13.csv,0.5,NA,0.25,0.6,2,0.5714285714285714,0.6666666666666666,NA,NA,2.3333333333333335,0.25,1,0,0,0.25,CD_M20262640509,5,2026-09-13,Essendon,CD_R202626405
CD_I1026227,15,MEDIUM_FORWARD,"https://s.afl.com.au/staticfile/AFL Tenant/AFL/Players/ChampIDImages/AFLW/2026264/1026227.png?im=Scale,width=0.6,height=0.6",Julia,Teakle,CD_T9409,PORT,Port Adelaide,Power,2,74.5,2,0,0,0,1,0,0,0,2,1,0,4,4,37,1,1,0,0,1,20,0,1,1,0,1,0,1,0,2,0,0,4,1,1,0,134,1,11,0,0,0,4,3,0,3,0,0,3,1,0,4,0,2,2026-09-13,data//AFLW_2026-09-13.csv,NA,0,0.5,0.25,0,0.25,NA,0.25,0,Inf,0.2727272727272727,NA,0.06779661016949153,0,0,CD_M20262640505,5,2026-09-13,Melbourne,CD_R202626405
CD_I1026239,13,MEDIUM_DEFENDER,"https://s.afl.com.au/staticfile/AFL Tenant/AFL/Players/ChampIDImages/AFLW/2026264/1026239.png?im=Scale,width=0.6,height=0.6",Maya,Louvel-Finn,CD_T8796,STK,St Kilda,St Kilda,3,84.29999999999998,0,0,0,0,2,1,2,0,4,1,1,5,8,30,7,1,0,2,0,0,0,0,4,6,0,0,0,0,5,0,0,2,2,0,0,42,3,6,0,0,0,0,0,0,0,2,0,3,0,0,8,1,4,2026-09-13,data//AFLW_2026-09-13.csv,0.5,1,0.5,0.875,6,0.5,1,NA,NA,0.3333333333333333,0.5,NA,0,0,0,CD_M20262640506,5,2026-09-13,Richmond,CD_R202626405
CD_I1026281,11,MEDIUM_DEFENDER,"https://s.afl.com.au/staticfile/AFL Tenant/AFL/Players/ChampIDImages/AFLW/2026264/1026281.png?im=Scale,width=0.6,height=0.6",Evie,Cowcher,CD_T8467,GEEL,Geelong Cats,Cats,5,78.89999999999998,0,0,0,0,1,0,0,0,2,0,0,4,8,25,6,2,0,1,0,0,0,0,2,5,0,0,0,0,3,0,0,3,3,0,0,145,3,4,0,0,2,0,1,0,0,3,0,0,0,0,10,2,8,2026-09-13,data//AFLW_2026-09-13.csv,NA,NA,0.2,0.75,4,0.6666666666666666,0.8,NA,NA,0.6,0,NA,0,0,0,CD_M20262640503,5,2026-09-12,Adelaide Crows,CD_R202626405
CD_I1026294,11,KEY_FORWARD,"https://s.afl.com.au/staticfile/AFL Tenant/AFL/Players/ChampIDImages/AFLW/2026264/1026294.png?im=Scale,width=0.6,height=0.6",Ariana,Hetherington,CD_T8097,COLL,Collingwood,Magpies,5,100.30000000000001,0,0,0,0,2,0,0,0,2,0,0,4,12,53,7,4,0,1,0,100,0,0,2,3,0,0,1,0,4,1,0,9,5,0,0,152,3,5,0,0,3,0,1,0,0,3,0,2,0,0,12,4,10,2026-09-13,data//AFLW_2026-09-13.csv,NA,NA,0.16666666666666666,0.5833333333333334,3,0.4444444444444444,1,NA,NA,3,0.4,0,0,0,0.125,CD_M20262640502,5,2026-09-12,Gold Coast SUNS,CD_R202626405
CD_I1026372,11,KEY_DEFENDER,"https://s.afl.com.au/staticfile/AFL Tenant/AFL/Players/ChampIDImages/AFLW/2026264/1026372.png?im=Scale,width=0.6,height=0.6",Molly,O'Hehir,CD_T7386,MELB,Melbourne,Demons,5,71.10000000000002,0,0,0,0,1,0,0,1,4,0,0,4,8,39,6,3,2,0,1,0,0,0,2,3,0,0,3,0,4,0,0,5,3,1,0,157,1,7,0,0,0,0,4,0,1,1,1,2,1,1,8,1,4,2026-09-13,data//AFLW_2026-09-13.csv,NA,NA,0.5,0.75,3,0.6,1,NA,NA,1.6666666666666667,0.2857142857142857,NA,0,0,0,CD_M20262640505,5,2026-09-13,Port Adelaide,CD_R202626405
CD_I1026412,19,KEY_DEFENDER,"https://s.afl.com.au/staticfile/AFL Tenant/AFL/Players/ChampIDImages/AFLW/2026264/1026412.png?im=Scale,width=0.6,height=0.6",Olivia,Crane,CD_T9409,PORT,Port Adelaide,Power,4,62.29999999999998,0,0,2,0,4,0,3,0,1,0,0,2,3,6,0,0,0,2,0,0,0,0,1,1,1,0,0,0,1,0,0,2,1,0,0,44,2,2,0,0,1,9,0,0,0,2,0,0,0,0,3,1,2,2026-09-13,data//AFLW_2026-09-13.csv,0,NA,0.3333333333333333,0,0,0,0,0.1111111111111111,0,2,0,NA,0.15254237288135594,0.13333333333333333,0,CD_M20262640505,5,2026-09-13,Melbourne,CD_R202626405
CD_I1026479,12,KEY_FORWARD,"https://s.afl.com.au/staticfile/AFL Tenant/AFL/Players/ChampIDImages/AFLW/2026264/1026479.png?im=Scale,width=0.6,height=0.6",Olivia,Wolmarans,CD_T8788,RICH,Richmond,Richmond,5,92.69999999999999,0,0,0,0,2,0,0,1,4,3,1,0,8,35,4,4,1,1,1,38.9,0,1,2,2,0,0,1,0,1,0,0,6,3,2,2,79,2,3,0,0,0,1,2,0,2,0,0,0,0,0,7,2,3,2026-09-13,data//AFLW_2026-09-13.csv,NA,0.3333333333333333,0.5714285714285714,0.5,0,0.6666666666666666,0,0,0,3,0,NA,0.014925373134328358,0,0,CD_M20262640506,5,2026-09-13,St Kilda,CD_R202626405
CD_I1026531,24,MEDIUM_FORWARD,"https://s.afl.com.au/staticfile/AFL Tenant/AFL/Players/ChampIDImages/AFLW/2026264/1026531.png?im=Scale,width=0.6,height=0.6",Charli,Wicksteed,CD_T8788,RICH,Richmond,Richmond,5,82.80000000000001,0,1,0,0,2,0,0,0,5,0,0,6,11,48,8,4,2,0,2,40,0,1,2,4,0,0,1,0,3,0,0,7,1,0,0,174,1,13,0,0,1,0,2,0,1,0,1,2,0,1,12,3,7,2026-09-13,data//AFLW_2026-09-13.csv,NA,NA,0.4166666666666667,0.7272727272727273,4,0.5714285714285714,1,NA,NA,1.75,0.15384615384615385,NA,0,0,0,CD_M20262640506,5,2026-09-13,St Kilda,CD_R202626405
CD_I1026929,31,RUCK,"https://s.afl.com.au/staticfile/AFL Tenant/AFL/Players/ChampIDImages/AFLW/2026264/1026929.png?im=Scale,width=0.6,height=0.6",Lucy,Wales,CD_T9407,HAW,Hawthorn,Hawks,5,85.30000000000001,0,0,12,1,3,0,3,3,14,1,0,3,22,86,15,6,0,2,1,50,0,0,9,11,13,2,4,0,8,0,0,11,5,0,0,264,2,8,0,0,2,35,2,0,0,2,3,2,0,4,20,5,6,2026-09-13,data//AFLW_2026-09-13.csv,0,0,0.7,0.6818181818181818,9,0.5454545454545454,0.8181818181818182,0.37142857142857144,0.05714285714285714,1,0.25,NA,0.813953488372093,0.9230769230769231,0,CD_M20262640501,5,2026-09-12,Western Bulldogs,CD_R202626405
CD_I1026937,23,MEDIUM_FORWARD,"https://s.afl.com.au/staticfile/AFL Tenant/AFL/Players/ChampIDImages/AFLW/2026264/1026937.png?im=Scale,width=0.6,height=0.6",Rania,Crozier,CD_T7887,BL,Brisbane Lions,Lions,3,50.8,0,0,0,0,2,0,0,0,3,0,0,5,4,14,1,0,0,0,1,50,0,0,2,2,0,0,0,0,3,0,0,2,1,0,0,46,0,5,0,0,1,0,0,0,0,0,0,0,0,0,4,2,1,2026-09-13,data//AFLW_2026-09-13.csv,NA,NA,0.75,0.25,1,0,0.5,NA,NA,1,0,NA,0,0,0,CD_M20262640504,5,2026-09-12,West Coast Eagles,CD_R202626405
CD_I1026947,24,MEDIUM_FORWARD,"https://s.afl.com.au/staticfile/AFL Tenant/AFL/Players/ChampIDImages/AFLW/2026264/1026947.png?im=Scale,width=0.6,height=0.6",Chantal,Mason,CD_T8467,GEEL,Geelong Cats,Cats,5,68.80000000000001,0,0,7,0,3,0,0,1,3,2,1,7,8,33,7,3,0,2,0,25,0,0,1,4,5,0,1,0,1,0,0,4,2,0,0,96,1,9,0,0,1,18,2,0,0,0,0,2,0,0,11,2,8,2026-09-13,data//AFLW_2026-09-13.csv,NA,0.5,0.2727272727272727,0.875,4,0.75,1,0.2777777777777778,0,1,0.2222222222222222,NA,0.3673469387755102,0.3888888888888889,0,CD_M20262640503,5,2026-09-12,Adelaide Crows,CD_R202626405
CD_I1027055,25,MEDIUM_FORWARD,"https://s.afl.com.au/staticfile/AFL Tenant/AFL/Players/ChampIDImages/AFLW/2026264/1027055.png?im=Scale,width=0.6,height=0.6",Sienna,Gerardi,CD_T8787,WCE,West Coast Eagles,Eagles,1,66.2,0,0,0,0,3,0,0,0,3,0,0,1,2,-1,0,0,2,2,0,0,0,0,2,1,0,0,0,0,2,0,0,1,0,0,0,37,1,7,0,0,0,0,1,0,0,0,0,0,0,0,4,3,1,2026-09-13,data//AFLW_2026-09-13.csv,NA,NA,0.75,0,0,0,0,NA,NA,1,0,NA,0,0,0,CD_M20262640504,5,2026-09-12,Brisbane Lions,CD_R202626405
CD_I1027057,11,MEDIUM_FORWARD,"https://s.afl.com.au/staticfile/AFL Tenant/AFL/Players/ChampIDImages/AFLW/2026264/1027057.png?im=Scale,width=0.6,height=0.6",Mia,Russo,CD_T8787,WCE,West Coast Eagles,Eagles,4,46.89999999999998,0,0,4,0,2,0,0,0,2,0,0,5,7,23,5,4,0,2,0,0,0,0,2,2,0,0,1,0,0,0,0,5,2,0,0,262,0,6,0,0,2,0,0,0,0,0,1,1,0,1,8,1,6,2026-09-13,data//AFLW_2026-09-13.csv,NA,NA,0.25,0.7142857142857143,1,0.8,0.5,NA,NA,2.5,0.16666666666666666,NA,0,0.25,0,CD_M20262640504,5,2026-09-12,Brisbane Lions,CD_R202626405
CD_I1027544,11,KEY_FORWARD,"https://s.afl.com.au/staticfile/AFL Tenant/AFL/Players/ChampIDImages/AFLW/2026264/1027544.png?im=Scale,width=0.6,height=0.6",Zoe,Besanko,CD_T8796,STK,St Kilda,St Kilda,5,71.69999999999999,0,0,13,0,5,0,1,0,5,1,0,3,11,49,3,0,0,1,0,0,0,0,5,8,8,3,1,0,0,0,0,3,1,0,0,59,2,8,0,0,0,38,1,0,0,2,0,4,1,0,12,3,7,2026-09-13,data//AFLW_2026-09-13.csv,0,0,0.4166666666666667,0.2727272727272727,3,0,0.375,0.21052631578947367,0.07894736842105263,0.375,0.5,NA,0.5671641791044776,0.6842105263157895,0,CD_M20262640506,5,2026-09-13,Richmond,CD_R202626405
CD_I1027545,32,MIDFIELDER,"https://s.afl.com.au/staticfile/AFL Tenant/AFL/Players/ChampIDImages/AFLW/2026264/1027545.png?im=Scale,width=0.6,height=0.6",Kayla,Dalgleish,CD_T8787,WCE,West Coast Eagles,Eagles,2,70.8,0,0,0,0,2,0,0,0,8,0,0,2,10,45,7,5,1,0,1,33.3,0,1,7,4,0,0,2,0,1,0,0,6,0,0,0,185,0,9,0,0,0,0,2,0,1,0,0,3,0,0,10,2,2,2026-09-13,data//AFLW_2026-09-13.csv,NA,NA,0.8,0.7,2,0.8333333333333334,0.5,NA,NA,1.5,0.3333333333333333,NA,0,0,0,CD_M20262640504,5,2026-09-12,Brisbane Lions,CD_R202626405
CD_I1027611,16,KEY_DEFENDER,"https://s.afl.com.au/staticfile/AFL Tenant/AFL/Players/ChampIDImages/AFLW/2026264/1027611.png?im=Scale,width=0.6,height=0.6",Zoe,Wakfer,CD_T8787,WCE,West Coast Eagles,Eagles,5,91.30000000000001,0,0,0,0,1,0,0,0,4,0,0,2,8,33,6,1,0,1,0,0,0,0,4,6,0,0,0,0,4,0,0,2,2,0,0,66,2,5,0,0,4,0,1,0,0,2,1,3,0,1,8,2,4,2026-09-13,data//AFLW_2026-09-13.csv,NA,NA,0.5,0.75,5,0.5,0.8333333333333334,NA,NA,0.3333333333333333,0.6,NA,0,0,0,CD_M20262640504,5,2026-09-12,Brisbane Lions,CD_R202626405
CD_I1027783,30,RUCK,"https://s.afl.com.au/staticfile/AFL Tenant/AFL/Players/ChampIDImages/AFLW/2026264/1027783.png?im=Scale,width=0.6,height=0.6",Stephanie,Wales,CD_T9406,ESS,Essendon,Bombers,5,81.5,0,0,8,0,6,0,1,4,7,1,1,6,10,82,4,1,0,2,1,0,0,0,1,4,26,7,1,0,2,0,0,6,5,1,0,102,3,13,0,0,1,48,1,0,0,2,1,5,0,1,10,2,3,2026-09-13,data//AFLW_2026-09-13.csv,0,1,0.7,0.4,3,0.16666666666666666,0.75,0.5416666666666666,0.14583333333333334,1.5,0.38461538461538464,NA,0.7619047619047619,0.7272727272727273,0,CD_M20262640509,5,2026-09-13,Fremantle,CD_R202626405
CD_I1028464,8,MIDFIELDER_FORWARD,"https://s.afl.com.au/staticfile/AFL Tenant/AFL/Players/ChampIDImages/AFLW/2026264/1028464.png?im=Scale,width=0.6,height=0.6",Dominique,Carruthers,CD_T7387,WB,Western Bulldogs,Bulldogs,5,29.899999999999977,0,0,3,0,1,0,0,0,0,0,0,4,5,24,4,2,0,0,0,100,0,0,0,2,0,0,1,0,1,0,0,3,1,0,0,85,0,5,0,0,0,0,1,0,0,0,0,2,0,0,5,1,5,2026-09-13,data//AFLW_2026-09-13.csv,NA,NA,0,0.8,2,0.6666666666666666,1,NA,NA,1.5,0.4,NA,0,0.23076923076923078,0,CD_M20262640501,5,2026-09-12,Hawthorn,CD_R202626405
CD_I1028846,21,MEDIUM_FORWARD,"https://s.afl.com.au/staticfile/AFL Tenant/AFL/Players/ChampIDImages/AFLW/2026264/1028846.png?im=Scale,width=0.6,height=0.6",Heidi,Talbot,CD_T8786,GCFC,Gold Coast SUNS,SUNS,5,82.10000000000002,0,0,0,0,3,0,0,0,3,1,0,2,8,23,6,2,2,1,0,0,0,0,3,4,0,0,1,0,2,0,0,4,2,0,1,40,1,9,0,0,0,0,3,0,1,1,0,0,0,0,9,4,6,2026-09-13,data//AFLW_2026-09-13.csv,NA,0,0.3333333333333333,0.75,4,0.5,1,NA,NA,1,0,NA,0,0,0,CD_M20262640502,5,2026-09-12,Collingwood,CD_R202626405
CD_I1029279,2,MEDIUM_FORWARD,"https://s.afl.com.au/staticfile/AFL Tenant/AFL/Players/ChampIDImages/AFLW/2026264/1029279.png?im=Scale,width=0.6,height=0.6",Holly,Cooper,CD_T9408,SYD,Sydney Swans,Swans,4,83.4,0,0,1,0,2,0,0,0,3,0,0,2,6,30,5,2,0,1,1,60,0,1,2,4,0,0,1,0,0,0,0,2,0,0,0,96,0,12,0,0,0,0,1,0,1,0,0,3,1,0,6,2,3,2026-09-13,data//AFLW_2026-09-13.csv,NA,NA,0.5,0.8333333333333334,3,1,0.75,NA,NA,0.5,0.25,NA,0,0.04,0,CD_M20262640507,5,2026-09-13,GWS GIANTS,CD_R202626405
CD_I1029614,1,RUCK,"https://s.afl.com.au/staticfile/AFL Tenant/AFL/Players/ChampIDImages/AFLW/2026264/1029614.png?im=Scale,width=0.6,height=0.6",Eleanor,Hartill,CD_T7887,BL,Brisbane Lions,Lions,4,52.400000000000006,0,0,2,0,0,0,0,1,5,0,0,1,8,45,3,1,0,0,2,40,0,1,1,4,4,0,0,0,1,0,0,4,3,2,1,103,2,5,0,0,0,12,3,0,2,1,2,1,0,2,8,2,3,2026-09-13,data//AFLW_2026-09-13.csv,NA,NA,0.625,0.375,2,0.25,0.5,0.3333333333333333,0,1,0.2,NA,0.21052631578947367,0.125,0,CD_M20262640504,5,2026-09-12,West Coast Eagles,CD_R202626405
CD_I1029615,14,MEDIUM_DEFENDER,"https://s.afl.com.au/staticfile/AFL Tenant/AFL/Players/ChampIDImages/AFLW/2026264/1029615.png?im=Scale,width=0.6,height=0.6",Erika,O'Shea,CD_T8466,NMFC,North Melbourne,Kangaroos,4,89.19999999999993,0,0,0,0,7,0,0,0,10,0,0,9,27,73,20,8,0,3,0,0,0,0,9,13,0,0,4,0,11,0,0,14,2,0,0,397,2,14,0,0,1,0,3,0,0,0,0,2,0,0,26,5,16,2026-09-13,data//AFLW_2026-09-13.csv,NA,NA,0.38461538461538464,0.7407407407407407,12,0.5714285714285714,0.9230769230769231,NA,NA,1.0769230769230769,0.14285714285714285,NA,0,0,0,CD_M20262640508,5,2026-09-13,Carlton,CD_R202626405
CD_I1029617,25,KEY_DEFENDER,"https://s.afl.com.au/staticfile/AFL Tenant/AFL/Players/ChampIDImages/AFLW/2026264/1029617.png?im=Scale,width=0.6,height=0.6",Cambridge,McCormick,CD_T7889,GWS,GWS GIANTS,GIANTS,5,84.69999999999999,0,0,0,0,1,0,0,0,5,0,0,10,17,60,13,7,0,1,1,0,0,0,4,7,0,0,0,0,6,4,3,10,2,0,0,253,0,11,0,0,7,0,2,0,0,0,0,3,0,0,14,5,9,2026-09-13,data//AFLW_2026-09-13.csv,NA,NA,0.35714285714285715,0.7647058823529411,6,0.7,0.8571428571428571,NA,NA,1.4285714285714286,0.2727272727272727,0.75,0,0,0.5,CD_M20262640507,5,2026-09-13,Sydney Swans,CD_R202626405
CD_I1029618,13,MEDIUM_FORWARD,"https://s.afl.com.au/staticfile/AFL Tenant/AFL/Players/ChampIDImages/AFLW/2026264/1029618.png?im=Scale,width=0.6,height=0.6",Vikki,Wall,CD_T8466,NMFC,North Melbourne,Kangaroos,5,83.10000000000002,2,0,0,0,3,0,0,0,11,1,0,4,16,73,8,2,1,1,3,11.1,0,0,6,8,0,0,6,0,6,0,0,8,1,1,1,212,3,16,0,0,0,0,5,0,2,1,2,7,1,2,19,4,8,2026-09-13,data//AFLW_2026-09-13.csv,NA,0,0.5789473684210527,0.5,6,0.25,0.75,NA,NA,1,0.4375,NA,0,0,0,CD_M20262640508,5,2026-09-13,Carlton,CD_R202626405
CD_I1029621,25,MIDFIELDER_FORWARD,"https://s.afl.com.au/staticfile/AFL Tenant/AFL/Players/ChampIDImages/AFLW/2026264/1029621.png?im=Scale,width=0.6,height=0.6",Megan,Kauffman,CD_T7886,FRE,Fremantle,Freo,5,69.10000000000002,0,0,5,3,2,0,0,0,4,0,0,1,16,72,13,9,0,0,0,66.7,0,1,4,4,0,0,4,0,1,0,0,12,6,0,1,368,0,6,0,0,3,0,2,0,1,0,0,1,0,3,16,3,12,2026-09-13,data//AFLW_2026-09-13.csv,NA,NA,0.25,0.8125,4,0.75,1,NA,NA,3,0.16666666666666666,NA,0,0.45454545454545453,0,CD_M20262640509,5,2026-09-13,Essendon,CD_R202626405
CD_I1029623,14,MIDFIELDER,"https://s.afl.com.au/staticfile/AFL Tenant/AFL/Players/ChampIDImages/AFLW/2026264/1029623.png?im=Scale,width=0.6,height=0.6",Orlagh,Lally,CD_T7886,FRE,Fremantle,Freo,5,83.39999999999998,1,2,0,0,2,0,0,1,6,0,0,4,8,47,4,3,1,1,1,0,0,0,4,2,0,0,2,0,1,0,0,6,2,0,0,265,0,11,0,0,0,0,1,0,1,0,1,5,3,1,9,3,3,2026-09-13,data//AFLW_2026-09-13.csv,NA,NA,0.6666666666666666,0.5,1,0.5,0.5,NA,NA,3,0.45454545454545453,NA,0,0,0,CD_M20262640509,5,2026-09-13,Essendon,CD_R202626405
CD_I1029626,13,KEY_FORWARD,"https://s.afl.com.au/staticfile/AFL Tenant/AFL/Players/ChampIDImages/AFLW/2026264/1029626.png?im=Scale,width=0.6,height=0.6",Aine,McDonagh,CD_T9407,HAW,Hawthorn,Hawks,5,91.5,0,0,0,0,7,0,0,2,8,3,3,0,13,80,6,5,4,3,1,76.2,0,4,5,2,0,0,1,0,2,0,0,11,5,3,1,187,2,8,0,0,1,0,5,0,7,2,0,3,2,0,14,7,6,2026-09-13,data//AFLW_2026-09-13.csv,NA,1,0.5714285714285714,0.46153846153846156,1,0.45454545454545453,0.5,NA,NA,5.5,0.375,NA,0,0,0,CD_M20262640501,5,2026-09-12,Western Bulldogs,CD_R202626405
CD_I1029938,30,MEDIUM_FORWARD,"https://s.afl.com.au/staticfile/AFL Tenant/AFL/Players/ChampIDImages/AFLW/2026264/1029938.png?im=Scale,width=0.6,height=0.6",Marlo,Graham,CD_T7887,BL,Brisbane Lions,Lions,4,65.69999999999999,0,0,0,0,1,0,0,0,5,0,0,4,7,33,4,2,0,0,0,50,0,0,5,4,0,0,0,0,3,0,0,3,0,0,0,91,0,15,0,0,0,0,2,0,0,0,0,4,0,0,7,2,2,2026-09-13,data//AFLW_2026-09-13.csv,NA,NA,0.7142857142857143,0.5714285714285714,2,0.6666666666666666,0.5,NA,NA,0.75,0.26666666666666666,NA,0,0,0,CD_M20262640504,5,2026-09-12,West Coast Eagles,CD_R202626405
CD_I1029952,4,MIDFIELDER,"https://s.afl.com.au/staticfile/AFL Tenant/AFL/Players/ChampIDImages/AFLW/2026264/1029952.png?im=Scale,width=0.6,height=0.6",Jade,McLay,CD_T8796,STK,St Kilda,St Kilda,3,72.69999999999999,1,0,1,0,2,0,0,2,5,1,1,1,8,52,6,5,2,2,0,57.1,0,4,3,1,0,0,2,0,0,0,0,7,2,2,0,128,1,6,0,0,0,0,5,0,6,1,0,1,0,0,8,0,3,2026-09-13,data//AFLW_2026-09-13.csv,NA,1,0.625,0.75,1,0.7142857142857143,1,NA,NA,7,0.16666666666666666,NA,0,0.05263157894736842,0,CD_M20262640506,5,2026-09-13,Richmond,CD_R202626405
CD_I1030188,2,MIDFIELDER_FORWARD,"https://s.afl.com.au/staticfile/AFL Tenant/AFL/Players/ChampIDImages/AFLW/2026264/1030188.png?im=Scale,width=0.6,height=0.6",Sunny,Lappin,CD_T8786,GCFC,Gold Coast SUNS,SUNS,5,69,1,1,0,0,6,0,0,0,3,0,0,1,15,65,9,6,2,1,0,55.6,0,3,2,5,0,0,4,0,1,0,0,10,3,1,1,313,1,12,0,0,0,0,4,0,4,0,0,0,0,0,16,6,13,2026-09-13,data//AFLW_2026-09-13.csv,NA,NA,0.1875,0.6,3,0.6,0.6,NA,NA,2,0,NA,0,0,0,CD_M20262640502,5,2026-09-12,Collingwood,CD_R202626405
CD_I1030189,10,MEDIUM_FORWARD,"https://s.afl.com.au/staticfile/AFL Tenant/AFL/Players/ChampIDImages/AFLW/2026264/1030189.png?im=Scale,width=0.6,height=0.6",Ava,Usher,CD_T8786,GCFC,Gold Coast SUNS,SUNS,5,74.30000000000001,0,0,6,0,4,0,0,0,3,0,0,3,10,46,4,3,1,2,1,35.7,0,1,1,1,0,0,3,0,2,0,0,9,4,1,0,292,0,7,0,0,1,0,3,0,2,0,2,1,1,2,10,5,7,2026-09-13,data//AFLW_2026-09-13.csv,NA,NA,0.3,0.4,1,0.3333333333333333,1,NA,NA,9,0.14285714285714285,NA,0,0.35294117647058826,0,CD_M20262640502,5,2026-09-12,Collingwood,CD_R202626405
CD_I1030195,16,MEDIUM_FORWARD,"https://s.afl.com.au/staticfile/AFL Tenant/AFL/Players/ChampIDImages/AFLW/2026264/1030195.png?im=Scale,width=0.6,height=0.6",Mikayla,Nurse,CD_T8786,GCFC,Gold Coast SUNS,SUNS,5,70.80000000000001,0,2,0,0,4,0,0,0,6,0,0,6,18,64,14,7,0,1,3,0,0,0,3,10,0,0,4,0,6,0,0,8,4,0,0,309,2,10,0,0,0,0,1,0,0,1,1,2,0,1,19,4,13,2026-09-13,data//AFLW_2026-09-13.csv,NA,NA,0.3157894736842105,0.7777777777777778,7,0.875,0.7,NA,NA,0.8,0.2,NA,0,0,0,CD_M20262640502,5,2026-09-12,Collingwood,CD_R202626405
CD_I1030201,4,KEY_DEFENDER,"https://s.afl.com.au/staticfile/AFL Tenant/AFL/Players/ChampIDImages/AFLW/2026264/1030201.png?im=Scale,width=0.6,height=0.6",Georja,Davies,CD_T8786,GCFC,Gold Coast SUNS,SUNS,5,85.39999999999998,0,0,0,0,2,0,1,1,5,0,0,5,13,56,7,5,0,1,1,0,0,0,3,5,0,0,0,0,5,0,0,8,4,0,0,92,1,6,0,0,1,0,2,0,0,1,0,3,0,0,13,2,8,2026-09-13,data//AFLW_2026-09-13.csv,0,NA,0.38461538461538464,0.5384615384615384,2,0.625,0.4,NA,NA,1.6,0.5,NA,0,0,0,CD_M20262640502,5,2026-09-12,Collingwood,CD_R202626405
CD_I1030203,24,KEY_FORWARD,"https://s.afl.com.au/staticfile/AFL Tenant/AFL/Players/ChampIDImages/AFLW/2026264/1030203.png?im=Scale,width=0.6,height=0.6",Dekota,Baron,CD_T8786,GCFC,Gold Coast SUNS,SUNS,2,83.29999999999998,2,0,0,0,5,0,0,2,4,0,0,0,7,41,3,2,1,1,0,33.3,0,1,1,1,0,0,0,0,1,0,0,6,4,4,0,106,1,3,0,0,0,0,3,0,3,0,0,1,1,0,8,3,4,2026-09-13,data//AFLW_2026-09-13.csv,NA,NA,0.5,0.42857142857142855,1,0.3333333333333333,1,NA,NA,6,0.3333333333333333,NA,0,0,0,CD_M20262640502,5,2026-09-12,Collingwood,CD_R202626405
CD_I1030373,9,MEDIUM_FORWARD,"https://s.afl.com.au/staticfile/AFL Tenant/AFL/Players/ChampIDImages/AFLW/2026264/1030373.png?im=Scale,width=0.6,height=0.6",Mischa,Barwin,CD_T8097,COLL,Collingwood,Magpies,5,87.60000000000002,0,2,0,1,5,0,0,0,6,1,0,3,13,45,6,2,2,1,1,50,0,0,5,7,0,0,4,0,3,0,0,6,1,0,1,185,1,8,0,0,0,0,3,0,0,1,0,3,2,1,12,7,6,2026-09-13,data//AFLW_2026-09-13.csv,NA,0,0.5,0.46153846153846156,4,0.3333333333333333,0.5714285714285714,NA,NA,0.8571428571428571,0.375,NA,0,0,0,CD_M20262640502,5,2026-09-12,Gold Coast SUNS,CD_R202626405
CD_I1030952,21,MIDFIELDER_FORWARD,"https://s.afl.com.au/staticfile/AFL Tenant/AFL/Players/ChampIDImages/AFLW/2026264/1030952.png?im=Scale,width=0.6,height=0.6",Lucy,Waye,CD_T8098,ADEL,Adelaide Crows,Crows,2,64.6,1,0,0,0,3,0,0,0,6,1,1,1,9,41,5,2,2,0,2,33.3,0,0,4,4,0,0,1,0,1,0,0,5,1,0,1,62,1,7,0,0,0,0,3,0,2,1,0,3,3,0,8,2,2,2026-09-13,data//AFLW_2026-09-13.csv,NA,1,0.75,0.5555555555555556,3,0.4,0.75,NA,NA,1.25,0.42857142857142855,NA,0,0,0,CD_M20262640503,5,2026-09-12,Geelong Cats,CD_R202626405
CD_I1030962,23,MIDFIELDER,"https://s.afl.com.au/staticfile/AFL Tenant/AFL/Players/ChampIDImages/AFLW/2026264/1030962.png?im=Scale,width=0.6,height=0.6",Sophie,Eaton,CD_T9409,PORT,Port Adelaide,Power,4,70.39999999999998,2,0,0,0,1,0,0,0,3,0,0,5,13,46,8,5,0,0,0,0,0,0,2,4,0,0,4,0,3,0,0,9,3,0,0,303,0,8,0,0,2,0,3,0,2,0,1,0,0,1,12,3,9,2026-09-13,data//AFLW_2026-09-13.csv,NA,NA,0.25,0.6153846153846154,3,0.5555555555555556,0.75,NA,NA,2.25,0,NA,0,0,0,CD_M20262640505,5,2026-09-13,Melbourne,CD_R202626405
CD_I1031248,37,MEDIUM_DEFENDER,"https://s.afl.com.au/staticfile/AFL Tenant/AFL/Players/ChampIDImages/AFLW/2026264/1031248.png?im=Scale,width=0.6,height=0.6",Fina,Dethlefsen,CD_T8788,RICH,Richmond,Richmond,3,80.1,0,0,0,0,1,1,2,0,3,0,0,5,4,24,2,2,0,0,2,0,0,0,1,2,0,0,0,0,2,0,0,2,0,0,0,-44,1,6,0,0,0,0,0,0,0,1,0,3,0,0,4,1,1,2026-09-13,data//AFLW_2026-09-13.csv,0.5,NA,0.75,0.5,0,1,0,NA,NA,1,0.5,NA,0,0,0,CD_M20262640506,5,2026-09-13,St Kilda,CD_R202626405
CD_I1031272,29,MIDFIELDER,"https://s.afl.com.au/staticfile/AFL Tenant/AFL/Players/ChampIDImages/AFLW/2026264/1031272.png?im=Scale,width=0.6,height=0.6",Indiana,West,CD_T7886,FRE,Fremantle,Freo,5,80.19999999999999,0,0,0,0,3,0,0,0,7,0,0,6,8,25,5,4,0,2,4,0,0,0,3,1,0,0,2,0,4,0,0,7,0,0,0,157,0,10,0,0,1,0,1,0,0,0,1,1,1,1,9,3,2,2026-09-13,data//AFLW_2026-09-13.csv,NA,NA,0.7777777777777778,0.625,1,0.5714285714285714,1,NA,NA,7,0.1,NA,0,0,0,CD_M20262640509,5,2026-09-13,Essendon,CD_R202626405
CD_I1031354,22,KEY_DEFENDER,"https://s.afl.com.au/staticfile/AFL Tenant/AFL/Players/ChampIDImages/AFLW/2026264/1031354.png?im=Scale,width=0.6,height=0.6",Claire,Mahony,CD_T8466,NMFC,North Melbourne,Kangaroos,5,75.10000000000002,0,0,0,0,3,0,0,0,1,0,0,4,16,61,12,6,0,1,0,0,0,0,1,6,0,0,2,0,8,0,0,10,6,0,0,228,1,6,0,0,1,0,0,0,0,1,0,1,0,0,15,3,14,2026-09-13,data//AFLW_2026-09-13.csv,NA,NA,0.06666666666666667,0.75,6,0.6,1,NA,NA,1.6666666666666667,0.16666666666666666,NA,0,0,0,CD_M20262640508,5,2026-09-13,Carlton,CD_R202626405
CD_I1031366,11,KEY_DEFENDER,"https://s.afl.com.au/staticfile/AFL Tenant/AFL/Players/ChampIDImages/AFLW/2026264/1031366.png?im=Scale,width=0.6,height=0.6",Holly,Egan,CD_T7886,FRE,Fremantle,Freo,3,83.4,0,0,0,0,2,0,1,0,6,0,0,4,13,53,8,5,0,0,0,0,0,0,5,5,0,0,1,0,9,0,0,8,5,0,0,107,2,5,0,0,3,0,1,0,0,2,0,1,0,0,13,3,7,2026-09-13,data//AFLW_2026-09-13.csv,0,NA,0.46153846153846156,0.6153846153846154,3,0.625,0.6,NA,NA,1.6,0.2,NA,0,0,0,CD_M20262640509,5,2026-09-13,Essendon,CD_R202626405
CD_I1031378,10,MIDFIELDER,"https://s.afl.com.au/staticfile/AFL Tenant/AFL/Players/ChampIDImages/AFLW/2026264/1031378.png?im=Scale,width=0.6,height=0.6",Holly,Ridewood,CD_T9406,ESS,Essendon,Bombers,5,76.30000000000001,1,0,0,0,1,0,0,0,6,0,0,5,11,50,6,4,0,0,3,0,0,0,3,3,0,0,2,0,5,0,0,8,0,0,0,224,0,8,0,0,2,0,1,0,1,0,1,4,0,1,11,4,5,2026-09-13,data//AFLW_2026-09-13.csv,NA,NA,0.5454545454545454,0.5454545454545454,2,0.5,0.6666666666666666,NA,NA,2.6666666666666665,0.5,NA,0,0,0,CD_M20262640509,5,2026-09-13,Fremantle,CD_R202626405
CD_I1031390,9,KEY_FORWARD,"https://s.afl.com.au/staticfile/AFL Tenant/AFL/Players/ChampIDImages/AFLW/2026264/1031390.png?im=Scale,width=0.6,height=0.6",Emma,McDonald,CD_T7387,WB,Western Bulldogs,Bulldogs,5,85.69999999999999,0,0,0,0,1,0,0,0,6,2,1,4,10,44,9,3,1,0,1,70,0,0,3,7,0,0,1,0,1,0,0,3,4,0,1,27,4,7,0,0,0,0,1,0,0,1,0,2,1,0,12,0,6,2026-09-13,data//AFLW_2026-09-13.csv,NA,0.5,0.5,0.9,6,1,0.8571428571428571,NA,NA,0.42857142857142855,0.2857142857142857,NA,0,0,0,CD_M20262640501,5,2026-09-12,Hawthorn,CD_R202626405
CD_I1031398,11,MIDFIELDER,"https://s.afl.com.au/staticfile/AFL Tenant/AFL/Players/ChampIDImages/AFLW/2026264/1031398.png?im=Scale,width=0.6,height=0.6",Isabel,Bacon,CD_T8788,RICH,Richmond,Richmond,5,85.39999999999998,0,0,17,1,3,0,0,1,9,1,0,11,20,90,15,8,2,2,1,50,0,1,6,8,0,0,2,0,5,0,0,12,3,1,0,316,0,21,0,0,4,0,2,0,2,0,3,7,2,4,21,4,12,2026-09-13,data//AFLW_2026-09-13.csv,NA,0,0.42857142857142855,0.75,7,0.6666666666666666,0.875,NA,NA,1.5,0.3333333333333333,NA,0,0.8947368421052632,0,CD_M20262640506,5,2026-09-13,St Kilda,CD_R202626405
CD_I1031412,33,MEDIUM_FORWARD,"https://s.afl.com.au/staticfile/AFL Tenant/AFL/Players/ChampIDImages/AFLW/2026264/1031412.png?im=Scale,width=0.6,height=0.6",Mackenzie,Ford,CD_T8788,RICH,Richmond,Richmond,5,58.60000000000002,0,0,1,0,2,0,0,0,0,0,0,0,2,25,2,0,0,1,0,0,0,0,0,2,0,0,1,0,0,0,0,0,0,0,0,27,0,13,0,0,0,0,0,0,0,0,0,6,2,0,2,0,2,2026-09-13,data//AFLW_2026-09-13.csv,NA,NA,0,1,2,NA,1,NA,NA,0,0.46153846153846156,NA,0,0.05263157894736842,0,CD_M20262640506,5,2026-09-13,St Kilda,CD_R202626405
CD_I1031562,28,MIDFIELDER,"https://s.afl.com.au/staticfile/AFL Tenant/AFL/Players/ChampIDImages/AFLW/2026264/1031562.png?im=Scale,width=0.6,height=0.6",Emma,Juneja,CD_T9408,SYD,Sydney Swans,Swans,3,66.30000000000001,0,0,0,0,3,0,0,0,3,0,0,3,12,64,7,5,0,0,1,100,1,2,2,2,0,0,3,0,3,0,0,10,3,0,0,302,0,8,0,0,2,0,4,0,2,0,0,2,1,0,10,2,7,2026-09-13,data//AFLW_2026-09-13.csv,NA,NA,0.3,0.5833333333333334,2,0.5,1,NA,NA,5,0.25,NA,0,0,0,CD_M20262640507,5,2026-09-13,GWS GIANTS,CD_R202626405
CD_I1031784,20,MEDIUM_DEFENDER,"https://s.afl.com.au/staticfile/AFL Tenant/AFL/Players/ChampIDImages/AFLW/2026264/1031784.png?im=Scale,width=0.6,height=0.6",Cleo,Buttifant,CD_T7387,WB,Western Bulldogs,Bulldogs,5,79.30000000000001,0,0,2,0,2,1,2,0,4,0,0,3,8,16,5,3,0,2,0,0,0,0,4,2,0,0,1,0,3,0,0,6,0,0,0,218,1,3,0,0,2,0,0,0,0,1,0,0,0,0,9,4,5,2026-09-13,data//AFLW_2026-09-13.csv,0.5,NA,0.4444444444444444,0.625,2,0.5,1,NA,NA,3,0,NA,0,0.15384615384615385,0,CD_M20262640501,5,2026-09-12,Hawthorn,CD_R202626405
CD_I1032499,32,MIDFIELDER,"https://s.afl.com.au/staticfile/AFL Tenant/AFL/Players/ChampIDImages/AFLW/2026264/1032499.png?im=Scale,width=0.6,height=0.6",Bronte,Parker,CD_T8786,GCFC,Gold Coast SUNS,SUNS,5,77.80000000000001,0,1,0,0,0,0,0,0,1,0,0,1,6,22,4,3,0,0,0,0,0,0,1,2,0,0,1,0,1,0,0,4,2,0,0,162,0,7,0,0,1,0,2,0,0,0,0,0,0,0,6,1,5,2026-09-13,data//AFLW_2026-09-13.csv,NA,NA,0.16666666666666666,0.6666666666666666,1,0.75,0.5,NA,NA,2,0,NA,0,0,0,CD_M20262640502,5,2026-09-12,Collingwood,CD_R202626405
CD_I1032555,25,KEY_FORWARD,"https://s.afl.com.au/staticfile/AFL Tenant/AFL/Players/ChampIDImages/AFLW/2026264/1032555.png?im=Scale,width=0.6,height=0.6",Grace,Parsons,CD_T9409,PORT,Port Adelaide,Power,2,67.69999999999999,0,0,2,0,1,0,0,0,3,0,0,2,4,16,3,0,2,1,1,0,0,0,2,4,6,0,0,0,1,0,0,0,0,0,0,-19,1,5,0,0,0,15,2,0,0,0,0,1,0,0,4,0,1,2026-09-13,data//AFLW_2026-09-13.csv,NA,NA,0.75,0.75,3,NA,0.75,0.4,0,0,0.2,NA,0.2542372881355932,0.13333333333333333,0,CD_M20262640505,5,2026-09-13,Melbourne,CD_R202626405
CD_I1032556,19,KEY_FORWARD,"https://s.afl.com.au/staticfile/AFL Tenant/AFL/Players/ChampIDImages/AFLW/2026264/1032556.png?im=Scale,width=0.6,height=0.6",Maddie,Quinn,CD_T9408,SYD,Sydney Swans,Swans,5,78.80000000000001,0,0,18,0,1,0,0,1,6,0,0,10,8,55,5,2,0,0,0,33.3,0,0,3,6,11,2,2,0,3,0,0,2,2,0,0,94,0,17,0,0,0,31,3,0,0,0,1,5,0,1,8,0,2,2026-09-13,data//AFLW_2026-09-13.csv,NA,NA,0.75,0.625,3,1,0.5,0.3548387096774194,0.06451612903225806,0.3333333333333333,0.29411764705882354,NA,0.5740740740740741,0.72,0,CD_M20262640507,5,2026-09-13,GWS GIANTS,CD_R202626405
CD_I1032571,16,MEDIUM_FORWARD,"https://s.afl.com.au/staticfile/AFL Tenant/AFL/Players/ChampIDImages/AFLW/2026264/1032571.png?im=Scale,width=0.6,height=0.6",Mikaylah,Antony,CD_T9407,HAW,Hawthorn,Hawks,4,72.5,0,0,0,0,0,0,0,0,2,0,0,2,7,43,6,5,0,0,1,33.3,1,0,1,1,0,0,1,0,1,0,0,6,2,0,1,179,0,17,0,0,0,0,3,0,0,0,0,4,1,0,7,1,5,2026-09-13,data//AFLW_2026-09-13.csv,NA,NA,0.2857142857142857,0.8571428571428571,1,0.8333333333333334,1,NA,NA,6,0.23529411764705882,NA,0,0,0,CD_M20262640501,5,2026-09-12,Western Bulldogs,CD_R202626405
CD_I1032590,5,MEDIUM_FORWARD,"https://s.afl.com.au/staticfile/AFL Tenant/AFL/Players/ChampIDImages/AFLW/2026264/1032590.png?im=Scale,width=0.6,height=0.6",Chloe,Bown,CD_T8098,ADEL,Adelaide Crows,Crows,5,72.80000000000001,1,0,0,0,0,0,0,1,8,1,1,1,14,63,9,3,2,0,3,33.3,0,0,4,7,0,0,2,0,3,0,0,7,4,3,2,127,0,10,0,0,1,0,5,0,2,0,1,3,2,1,14,1,6,2026-09-13,data//AFLW_2026-09-13.csv,NA,1,0.5714285714285714,0.6428571428571429,6,0.42857142857142855,0.8571428571428571,NA,NA,1,0.3,NA,0,0,0,CD_M20262640503,5,2026-09-12,Geelong Cats,CD_R202626405
CD_I1032592,19,MIDFIELDER,"https://s.afl.com.au/staticfile/AFL Tenant/AFL/Players/ChampIDImages/AFLW/2026264/1032592.png?im=Scale,width=0.6,height=0.6",Asher,Fearn-Wannan,CD_T7887,BL,Brisbane Lions,Lions,2,46.8,0,0,0,0,1,0,0,0,1,0,0,2,8,32,7,3,0,0,0,0,0,0,1,4,0,0,4,0,2,0,0,4,4,0,0,132,0,5,0,0,1,0,3,0,0,0,0,0,0,0,8,1,7,2026-09-13,data//AFLW_2026-09-13.csv,NA,NA,0.125,0.875,4,0.75,1,NA,NA,1,0,NA,0,0,0,CD_M20262640504,5,2026-09-12,West Coast Eagles,CD_R202626405
CD_I1032594,37,RUCK,"https://s.afl.com.au/staticfile/AFL Tenant/AFL/Players/ChampIDImages/AFLW/2026264/1032594.png?im=Scale,width=0.6,height=0.6",Josephine,Bamford,CD_T8097,COLL,Collingwood,Magpies,5,72,0,0,11,2,3,0,0,1,9,1,0,9,11,49,4,2,1,1,1,0,0,0,6,5,9,1,2,0,3,0,0,6,2,0,0,63,2,11,0,0,1,35,2,0,0,0,0,2,0,2,12,2,3,2026-09-13,data//AFLW_2026-09-13.csv,NA,0,0.75,0.36363636363636365,2,0.3333333333333333,0.4,0.2571428571428571,0.02857142857142857,1.2,0.18181818181818182,NA,0.7,0.6470588235294118,0,CD_M20262640502,5,2026-09-12,Gold Coast SUNS,CD_R202626405
CD_I1032967,32,MIDFIELDER,"https://s.afl.com.au/staticfile/AFL Tenant/AFL/Players/ChampIDImages/AFLW/2026264/1032967.png?im=Scale,width=0.6,height=0.6",Jordyn,Allen,CD_T7386,MELB,Melbourne,Demons,5,74.39999999999998,1,3,0,0,0,0,0,0,6,0,0,6,21,63,17,5,1,0,0,0,0,0,6,13,0,0,3,0,4,0,0,8,0,0,0,305,1,9,0,0,1,0,7,0,1,0,0,3,0,0,21,2,15,2026-09-13,data//AFLW_2026-09-13.csv,NA,NA,0.2857142857142857,0.8095238095238095,12,0.625,0.9230769230769231,NA,NA,0.6153846153846154,0.3333333333333333,NA,0,0,0,CD_M20262640505,5,2026-09-13,Port Adelaide,CD_R202626405
CD_I1032974,14,MIDFIELDER_FORWARD,"https://s.afl.com.au/staticfile/AFL Tenant/AFL/Players/ChampIDImages/AFLW/2026264/1032974.png?im=Scale,width=0.6,height=0.6",Maggie,Johnstone,CD_T9406,ESS,Essendon,Bombers,5,55.60000000000002,0,0,0,0,3,0,0,0,2,0,0,4,3,23,1,1,1,1,0,50,0,1,2,1,0,0,1,0,0,0,0,2,0,0,0,89,1,8,0,0,0,0,1,0,1,1,0,3,0,0,3,1,1,2026-09-13,data//AFLW_2026-09-13.csv,NA,NA,0.6666666666666666,0.3333333333333333,0,0.5,0,NA,NA,2,0.375,NA,0,0,0,CD_M20262640509,5,2026-09-13,Fremantle,CD_R202626405
CD_I1033016,33,MIDFIELDER,"https://s.afl.com.au/staticfile/AFL Tenant/AFL/Players/ChampIDImages/AFLW/2026264/1033016.png?im=Scale,width=0.6,height=0.6",Olivia,Gorman,CD_T8098,ADEL,Adelaide Crows,Crows,5,60.60000000000002,0,0,0,0,1,0,0,0,4,0,0,8,8,44,6,3,0,0,0,0,0,0,3,4,0,0,2,0,5,0,0,4,4,0,0,89,1,11,0,0,0,0,0,0,0,0,0,3,0,0,9,1,5,2026-09-13,data//AFLW_2026-09-13.csv,NA,NA,0.4444444444444444,0.75,3,0.75,0.75,NA,NA,1,0.2727272727272727,NA,0,0,0,CD_M20262640503,5,2026-09-12,Geelong Cats,CD_R202626405
CD_I1033129,25,MIDFIELDER,"https://s.afl.com.au/staticfile/AFL Tenant/AFL/Players/ChampIDImages/AFLW/2026264/1033129.png?im=Scale,width=0.6,height=0.6",Renee,Morgan,CD_T8467,GEEL,Geelong Cats,Cats,2,60.199999999999996,0,0,11,0,0,0,0,0,3,0,0,4,10,44,8,3,0,0,0,0,0,0,2,5,0,0,1,0,2,0,0,5,1,0,1,131,1,10,0,0,2,0,1,0,0,0,0,4,0,0,11,2,8,2026-09-13,data//AFLW_2026-09-13.csv,NA,NA,0.2727272727272727,0.8,5,0.6,1,NA,NA,1,0.4,NA,0,0.6111111111111112,0,CD_M20262640503,5,2026-09-12,Adelaide Crows,CD_R202626405
CD_I1033157,8,KEY_DEFENDER,"https://s.afl.com.au/staticfile/AFL Tenant/AFL/Players/ChampIDImages/AFLW/2026264/1033157.png?im=Scale,width=0.6,height=0.6",Jennifer,Dunne,CD_T7887,BL,Brisbane Lions,Lions,5,100.19999999999999,0,0,0,0,2,2,4,0,11,0,0,10,20,64,16,8,0,1,3,0,0,0,8,10,0,0,0,0,11,3,3,10,2,0,0,475,2,12,0,0,6,0,0,0,0,1,0,2,0,0,18,5,7,2026-09-13,data//AFLW_2026-09-13.csv,0.5,NA,0.6111111111111112,0.8,8,0.8,0.8,NA,NA,1,0.16666666666666666,1,0,0,0.3333333333333333,CD_M20262640504,5,2026-09-12,West Coast Eagles,CD_R202626405
CD_I1033158,17,MIDFIELDER,"https://s.afl.com.au/staticfile/AFL Tenant/AFL/Players/ChampIDImages/AFLW/2026264/1033158.png?im=Scale,width=0.6,height=0.6",Dayna,Finn,CD_T8096,CARL,Carlton,Blues,5,94,0,1,0,0,3,0,0,2,10,0,0,12,29,128,21,13,0,2,1,75,0,0,5,11,0,0,3,0,7,0,0,18,11,0,2,457,2,19,0,0,10,0,1,0,0,1,2,6,0,2,29,5,19,2026-09-13,data//AFLW_2026-09-13.csv,NA,NA,0.3448275862068966,0.7241379310344828,8,0.7222222222222222,0.7272727272727273,NA,NA,1.6363636363636365,0.3157894736842105,NA,0,0,0,CD_M20262640508,5,2026-09-13,North Melbourne,CD_R202626405
CD_I1033159,19,MIDFIELDER,"https://s.afl.com.au/staticfile/AFL Tenant/AFL/Players/ChampIDImages/AFLW/2026264/1033159.png?im=Scale,width=0.6,height=0.6",Erone,Fitzpatrick,CD_T8096,CARL,Carlton,Blues,5,88.60000000000002,0,0,1,0,3,0,0,0,3,0,0,6,14,87,12,10,1,1,1,41.7,0,1,2,2,0,0,3,0,4,0,0,12,5,0,0,293,3,21,0,0,1,0,4,0,1,2,0,7,2,0,12,3,9,2026-09-13,data//AFLW_2026-09-13.csv,NA,NA,0.25,0.8571428571428571,2,0.8333333333333334,1,NA,NA,6,0.3333333333333333,NA,0,0.09090909090909091,0,CD_M20262640508,5,2026-09-13,North Melbourne,CD_R202626405
CD_I1033163,7,MEDIUM_FORWARD,"https://s.afl.com.au/staticfile/AFL Tenant/AFL/Players/ChampIDImages/AFLW/2026264/1033163.png?im=Scale,width=0.6,height=0.6",Niamh,Martin,CD_T9407,HAW,Hawthorn,Hawks,2,74.80000000000001,0,0,0,0,3,0,0,0,2,0,0,4,4,21,3,3,0,3,2,100,0,1,0,0,0,0,1,0,0,0,0,4,2,0,0,67,0,7,0,0,0,0,2,0,1,0,0,1,0,0,5,4,3,2026-09-13,data//AFLW_2026-09-13.csv,NA,NA,0.4,0.75,0,0.75,NA,NA,NA,Inf,0.14285714285714285,NA,0,0,0,CD_M20262640501,5,2026-09-12,Western Bulldogs,CD_R202626405
CD_I1033164,15,MEDIUM_FORWARD,"https://s.afl.com.au/staticfile/AFL Tenant/AFL/Players/ChampIDImages/AFLW/2026264/1033164.png?im=Scale,width=0.6,height=0.6",Paris,McCarthy,CD_T9408,SYD,Sydney Swans,Swans,4,63.400000000000034,0,0,0,0,4,0,0,1,5,0,0,3,13,76,7,3,1,1,0,60,0,1,4,6,0,0,2,0,1,0,0,7,4,1,2,180,0,10,0,0,0,0,3,0,2,0,1,7,2,1,14,5,9,2026-09-13,data//AFLW_2026-09-13.csv,NA,NA,0.35714285714285715,0.5384615384615384,4,0.42857142857142855,0.6666666666666666,NA,NA,1.1666666666666667,0.7,NA,0,0,0,CD_M20262640507,5,2026-09-13,GWS GIANTS,CD_R202626405
CD_I1033165,11,MEDIUM_DEFENDER,"https://s.afl.com.au/staticfile/AFL Tenant/AFL/Players/ChampIDImages/AFLW/2026264/1033165.png?im=Scale,width=0.6,height=0.6",Niamh,McLaughlin,CD_T8786,GCFC,Gold Coast SUNS,SUNS,5,94.19999999999999,1,2,0,1,5,0,0,0,8,0,0,1,22,82,16,12,2,1,1,0,0,0,6,7,0,0,1,0,6,3,2,15,8,0,0,283,2,1,0,0,3,0,2,0,1,0,1,0,0,2,22,4,14,2026-09-13,data//AFLW_2026-09-13.csv,NA,NA,0.36363636363636365,0.7272727272727273,4,0.8,0.5714285714285714,NA,NA,2.142857142857143,0,0.6666666666666666,0,0,0.42857142857142855,CD_M20262640502,5,2026-09-12,Collingwood,CD_R202626405
CD_I1033166,45,KEY_FORWARD,"https://s.afl.com.au/staticfile/AFL Tenant/AFL/Players/ChampIDImages/AFLW/2026264/1033166.png?im=Scale,width=0.6,height=0.6",Aishling,Moloney,CD_T8467,GEEL,Geelong Cats,Cats,5,80.89999999999998,0,0,0,0,3,0,0,0,2,2,0,0,14,52,11,5,0,0,1,58.3,3,1,2,7,0,0,4,0,0,0,0,7,2,1,2,314,1,5,0,0,1,0,7,0,1,1,0,1,0,0,12,3,10,2026-09-13,data//AFLW_2026-09-13.csv,NA,0,0.16666666666666666,0.7857142857142857,6,0.7142857142857143,0.8571428571428571,NA,NA,1,0.2,NA,0,0,0,CD_M20262640503,5,2026-09-12,Adelaide Crows,CD_R202626405
CD_I1033168,24,MIDFIELDER_FORWARD,"https://s.afl.com.au/staticfile/AFL Tenant/AFL/Players/ChampIDImages/AFLW/2026264/1033168.png?im=Scale,width=0.6,height=0.6",Julie,O'Sullivan,CD_T9408,SYD,Sydney Swans,Swans,5,81.80000000000001,0,0,0,0,4,0,1,0,2,0,0,4,3,15,1,1,0,2,0,33.3,0,0,1,0,0,0,2,0,2,0,0,3,0,0,0,67,5,4,0,0,1,0,0,0,0,2,0,3,0,0,4,2,2,2026-09-13,data//AFLW_2026-09-13.csv,0,NA,0.5,0.3333333333333333,0,0.3333333333333333,NA,NA,NA,Inf,0.75,NA,0,0,0,CD_M20262640507,5,2026-09-13,GWS GIANTS,CD_R202626405
CD_I1033348,1,MIDFIELDER,"https://s.afl.com.au/staticfile/AFL Tenant/AFL/Players/ChampIDImages/AFLW/2026264/1033348.png?im=Scale,width=0.6,height=0.6",Imogen,Brown,CD_T9408,SYD,Sydney Swans,Swans,5,63.599999999999994,0,0,0,1,4,0,1,0,4,0,0,5,9,23,6,0,0,3,0,50,1,0,4,7,0,0,2,0,2,0,0,2,0,0,0,103,2,9,0,0,0,0,1,0,0,2,0,3,1,1,9,2,5,2026-09-13,data//AFLW_2026-09-13.csv,0,NA,0.4444444444444444,0.6666666666666666,6,0,0.8571428571428571,NA,NA,0.2857142857142857,0.3333333333333333,NA,0,0,0,CD_M20262640507,5,2026-09-13,GWS GIANTS,CD_R202626405
CD_I1033877,11,MEDIUM_FORWARD,"https://s.afl.com.au/staticfile/AFL Tenant/AFL/Players/ChampIDImages/AFLW/2026264/1033877.png?im=Scale,width=0.6,height=0.6",Nalu,Brothwell,CD_T9406,ESS,Essendon,Bombers,5,63.30000000000001,0,0,0,0,1,0,0,0,2,2,0,1,8,34,5,2,1,0,0,33.3,0,1,2,6,0,0,0,0,0,0,0,2,2,0,1,87,0,6,0,0,1,0,1,0,1,0,0,1,1,0,8,0,6,2026-09-13,data//AFLW_2026-09-13.csv,NA,0,0.25,0.625,3,1,0.5,NA,NA,0.3333333333333333,0.16666666666666666,NA,0,0,0,CD_M20262640509,5,2026-09-13,Fremantle,CD_R202626405
CD_I1034054,25,KEY_DEFENDER,"https://s.afl.com.au/staticfile/AFL Tenant/AFL/Players/ChampIDImages/AFLW/2026264/1034054.png?im=Scale,width=0.6,height=0.6",Zara,Neuwirth,CD_T8097,COLL,Collingwood,Magpies,3,57.80000000000001,0,0,0,0,0,0,1,0,0,0,0,2,1,3,0,0,0,0,0,0,0,0,0,0,0,0,0,0,0,0,0,1,0,0,0,28,1,2,0,0,1,0,0,0,0,1,0,0,0,0,1,1,1,2026-09-13,data//AFLW_2026-09-13.csv,0,NA,0,0,0,0,NA,NA,NA,Inf,0,NA,0,0,0,CD_M20262640502,5,2026-09-12,Gold Coast SUNS,CD_R202626405
CD_I1035371,12,MEDIUM_FORWARD,"https://s.afl.com.au/staticfile/AFL Tenant/AFL/Players/ChampIDImages/AFLW/2026264/1035371.png?im=Scale,width=0.6,height=0.6",Ryleigh,Wotherspoon,CD_T7386,MELB,Melbourne,Demons,5,74.39999999999998,0,0,0,1,1,0,0,1,5,0,0,1,7,36,7,4,1,0,1,58.3,1,1,3,3,0,0,0,0,1,0,0,4,1,0,0,23,0,8,0,0,0,0,4,0,1,0,0,2,1,1,6,1,1,2026-09-13,data//AFLW_2026-09-13.csv,NA,NA,0.8333333333333334,1,3,1,1,NA,NA,1.3333333333333333,0.25,NA,0,0,0,CD_M20262640505,5,2026-09-13,Port Adelaide,CD_R202626405
CD_I1035558,22,MIDFIELDER_FORWARD,"https://s.afl.com.au/staticfile/AFL Tenant/AFL/Players/ChampIDImages/AFLW/2026264/1035558.png?im=Scale,width=0.6,height=0.6",Imogen,Trengove,CD_T8097,COLL,Collingwood,Magpies,5,65.30000000000001,1,0,0,0,2,0,0,0,4,0,0,1,6,13,1,0,1,1,0,0,0,0,4,3,0,0,0,0,2,0,0,3,0,0,0,73,0,4,0,0,1,0,2,0,1,0,0,0,0,0,7,4,3,2026-09-13,data//AFLW_2026-09-13.csv,NA,NA,0.5714285714285714,0.16666666666666666,1,0,0.3333333333333333,NA,NA,1,0,NA,0,0,0,CD_M20262640502,5,2026-09-12,Gold Coast SUNS,CD_R202626405
CD_I1036083,15,MIDFIELDER,"https://s.afl.com.au/staticfile/AFL Tenant/AFL/Players/ChampIDImages/AFLW/2026264/1036083.png?im=Scale,width=0.6,height=0.6",Eilish,O'Dowd,CD_T7889,GWS,GWS GIANTS,GIANTS,5,77,1,0,0,0,2,0,0,0,4,0,0,2,10,40,3,0,1,1,0,0,1,0,3,6,0,0,0,0,1,0,0,4,2,1,1,97,0,10,0,0,0,0,3,0,1,0,0,3,1,0,9,3,5,2026-09-13,data//AFLW_2026-09-13.csv,NA,NA,0.4444444444444444,0.3,3,0,0.5,NA,NA,0.6666666666666666,0.3,NA,0,0,0,CD_M20262640507,5,2026-09-13,Sydney Swans,CD_R202626405
CD_I1036297,18,RUCK,"https://s.afl.com.au/staticfile/AFL Tenant/AFL/Players/ChampIDImages/AFLW/2026264/1036297.png?im=Scale,width=0.6,height=0.6",Piper,Dunlop,CD_T8467,GEEL,Geelong Cats,Cats,4,62.39999999999998,0,0,11,1,2,0,0,0,7,0,0,1,11,44,9,0,0,0,0,100,0,0,5,10,17,6,1,0,3,0,0,1,0,0,0,3,2,5,0,0,1,28,5,0,0,1,2,1,0,3,12,1,5,2026-09-13,data//AFLW_2026-09-13.csv,NA,NA,0.5833333333333334,0.8181818181818182,9,0,0.9,0.6071428571428571,0.21428571428571427,0.1,0.2,NA,0.5714285714285714,0.6111111111111112,0,CD_M20262640503,5,2026-09-12,Adelaide Crows,CD_R202626405
CD_I1036298,11,KEY_DEFENDER,"https://s.afl.com.au/staticfile/AFL Tenant/AFL/Players/ChampIDImages/AFLW/2026264/1036298.png?im=Scale,width=0.6,height=0.6",Caitlin,Fletcher,CD_T7889,GWS,GWS GIANTS,GIANTS,5,68.80000000000001,0,0,0,0,5,0,2,1,8,0,0,4,8,22,3,2,0,2,0,0,0,0,7,3,0,0,0,0,7,0,0,5,1,0,0,31,2,4,0,0,4,0,0,0,0,2,1,1,0,1,8,4,0,2026-09-13,data//AFLW_2026-09-13.csv,0,NA,1,0.375,1,0.4,0.3333333333333333,NA,NA,1.6666666666666667,0.25,NA,0,0,0,CD_M20262640507,5,2026-09-13,Sydney Swans,CD_R202626405
CD_I1036302,10,MEDIUM_FORWARD,"https://s.afl.com.au/staticfile/AFL Tenant/AFL/Players/ChampIDImages/AFLW/2026264/1036302.png?im=Scale,width=0.6,height=0.6",Blaithin,Bogue,CD_T8466,NMFC,North Melbourne,Kangaroos,5,75.89999999999998,0,0,0,0,2,0,0,0,5,2,1,0,8,32,4,2,3,1,0,58.3,0,1,5,2,0,0,0,0,2,0,0,6,1,1,1,129,0,5,0,0,1,0,4,0,1,0,0,1,1,0,7,2,2,2026-09-13,data//AFLW_2026-09-13.csv,NA,0.5,0.7142857142857143,0.5,2,0.3333333333333333,1,NA,NA,3,0.2,NA,0,0,0,CD_M20262640508,5,2026-09-13,Carlton,CD_R202626405
CD_I1037629,29,RUCK,"https://s.afl.com.au/staticfile/AFL Tenant/AFL/Players/ChampIDImages/AFLW/2026264/1037629.png?im=Scale,width=0.6,height=0.6",Yasmeen,Janschek,CD_T7889,GWS,GWS GIANTS,GIANTS,5,84.39999999999998,0,0,20,2,2,0,0,0,7,0,0,2,10,70,3,2,0,0,2,0,0,0,5,5,27,11,1,0,1,0,0,5,0,0,0,107,1,8,0,0,0,45,3,0,0,1,1,4,0,3,10,2,3,2026-09-13,data//AFLW_2026-09-13.csv,NA,NA,0.7,0.3,1,0.4,0.2,0.6,0.24444444444444444,1,0.5,NA,0.8333333333333334,0.8,0,CD_M20262640507,5,2026-09-13,Sydney Swans,CD_R202626405
CD_I1037639,35,MEDIUM_FORWARD,"https://s.afl.com.au/staticfile/AFL Tenant/AFL/Players/ChampIDImages/AFLW/2026264/1037639.png?im=Scale,width=0.6,height=0.6",Lily,Quigley,CD_T8786,GCFC,Gold Coast SUNS,SUNS,5,61,0,0,0,0,2,0,0,0,1,0,0,0,4,26,4,1,0,1,1,40,0,0,0,3,0,0,0,0,1,0,0,1,1,0,0,-9,1,8,0,0,0,0,1,0,0,0,0,4,3,0,4,1,3,2026-09-13,data//AFLW_2026-09-13.csv,NA,NA,0.25,1,3,1,1,NA,NA,0.3333333333333333,0.5,NA,0,0,0,CD_M20262640502,5,2026-09-12,Collingwood,CD_R202626405
CD_I1042084,34,MIDFIELDER_FORWARD,"https://s.afl.com.au/staticfile/AFL Tenant/AFL/Players/ChampIDImages/AFLW/2026264/1042084.png?im=Scale,width=0.6,height=0.6",Baia,Pugh,CD_T8788,RICH,Richmond,Richmond,3,73.09999999999997,0,0,0,0,1,1,1,0,5,0,0,7,6,38,2,0,2,1,1,0,0,0,3,4,0,0,1,0,4,0,0,2,2,0,0,32,1,9,0,0,1,0,2,0,0,0,1,5,0,1,7,2,2,2026-09-13,data//AFLW_2026-09-13.csv,1,NA,0.7142857142857143,0.3333333333333333,2,0,0.5,NA,NA,0.5,0.5555555555555556,NA,0,0,0,CD_M20262640506,5,2026-09-13,St Kilda,CD_R202626405
CD_I1042236,13,MEDIUM_FORWARD,"https://s.afl.com.au/staticfile/AFL Tenant/AFL/Players/ChampIDImages/AFLW/2026264/1042236.png?im=Scale,width=0.6,height=0.6",Aisling,Reidy,CD_T8096,CARL,Carlton,Blues,2,45.8,0,0,0,0,0,0,0,0,2,0,0,5,4,13,1,0,1,0,0,0,0,0,2,3,0,0,0,0,1,0,0,1,0,0,0,10,0,9,0,0,0,0,0,0,0,0,0,1,1,0,3,1,1,2026-09-13,data//AFLW_2026-09-13.csv,NA,NA,0.6666666666666666,0.25,1,0,0.3333333333333333,NA,NA,0.3333333333333333,0.1111111111111111,NA,0,0,0,CD_M20262640508,5,2026-09-13,North Melbourne,CD_R202626405
CD_I1042237,14,KEY_DEFENDER,"https://s.afl.com.au/staticfile/AFL Tenant/AFL/Players/ChampIDImages/AFLW/2026264/1042237.png?im=Scale,width=0.6,height=0.6",Siofra,O'Connell,CD_T8096,CARL,Carlton,Blues,5,78.10000000000002,0,0,0,0,4,0,0,0,7,0,0,10,12,38,9,1,0,1,2,0,0,0,5,8,0,0,1,0,7,0,0,4,1,0,0,133,3,12,0,0,3,0,1,0,0,3,0,2,0,0,13,5,6,2026-09-13,data//AFLW_2026-09-13.csv,NA,NA,0.5384615384615384,0.75,8,0.25,1,NA,NA,0.5,0.16666666666666666,NA,0,0,0,CD_M20262640508,5,2026-09-13,North Melbourne,CD_R202626405
CD_I1042264,21,MEDIUM_FORWARD,"https://s.afl.com.au/staticfile/AFL Tenant/AFL/Players/ChampIDImages/AFLW/2026264/1042264.png?im=Scale,width=0.6,height=0.6",Amy,Gavin Mangan,CD_T8466,NMFC,North Melbourne,Kangaroos,5,67.5,0,3,0,0,3,0,0,0,7,0,0,2,13,33,9,2,3,1,0,0,0,0,6,10,0,0,1,0,3,0,0,3,1,0,0,120,2,14,0,0,1,0,1,0,0,0,1,1,0,1,14,1,7,2026-09-13,data//AFLW_2026-09-13.csv,NA,NA,0.5,0.6923076923076923,7,0.6666666666666666,0.7,NA,NA,0.3,0.07142857142857142,NA,0,0,0,CD_M20262640508,5,2026-09-13,Carlton,CD_R202626405
CD_I1042277,16,MIDFIELDER,"https://s.afl.com.au/staticfile/AFL Tenant/AFL/Players/ChampIDImages/AFLW/2026264/1042277.png?im=Scale,width=0.6,height=0.6",Matilda,Banfield,CD_T7886,FRE,Fremantle,Freo,5,84.80000000000001,0,0,0,0,4,0,0,0,6,0,0,7,15,64,8,4,0,1,1,50,1,0,5,4,0,0,1,0,3,0,0,11,3,0,0,276,0,17,0,0,1,0,1,0,0,0,2,4,1,2,15,6,9,2026-09-13,data//AFLW_2026-09-13.csv,NA,NA,0.4,0.5333333333333333,4,0.36363636363636365,1,NA,NA,2.75,0.23529411764705882,NA,0,0,0,CD_M20262640509,5,2026-09-13,Essendon,CD_R202626405
CD_I1042707,22,KEY_FORWARD,"https://s.afl.com.au/staticfile/AFL Tenant/AFL/Players/ChampIDImages/AFLW/2026264/1042707.png?im=Scale,width=0.6,height=0.6",Kayleigh,Cronin,CD_T8098,ADEL,Adelaide Crows,Crows,5,70.6,0,0,0,0,1,1,2,0,0,0,0,9,5,16,4,1,0,1,0,0,0,0,0,3,0,0,1,0,1,0,0,2,1,0,1,71,2,9,0,0,2,0,0,0,0,2,0,1,0,0,5,2,5,2026-09-13,data//AFLW_2026-09-13.csv,0.5,NA,0,0.8,3,0.5,1,NA,NA,0.6666666666666666,0.1111111111111111,NA,0,0,0,CD_M20262640503,5,2026-09-12,Geelong Cats,CD_R202626405
CD_I1042794,13,MEDIUM_FORWARD,"https://s.afl.com.au/staticfile/AFL Tenant/AFL/Players/ChampIDImages/AFLW/2026264/1042794.png?im=Scale,width=0.6,height=0.6",Aoibhin,Cleary,CD_T8788,RICH,Richmond,Richmond,5,62.89999999999998,1,0,0,0,0,0,0,0,4,0,0,5,6,27,3,1,1,0,0,50,0,0,3,3,0,0,0,0,1,0,0,3,1,0,0,53,2,9,0,0,0,0,2,0,1,0,0,2,2,0,6,1,2,2026-09-13,data//AFLW_2026-09-13.csv,NA,NA,0.6666666666666666,0.5,2,0.3333333333333333,0.6666666666666666,NA,NA,1,0.2222222222222222,NA,0,0,0,CD_M20262640506,5,2026-09-13,St Kilda,CD_R202626405
CD_I1042797,27,MEDIUM_FORWARD,"https://s.afl.com.au/staticfile/AFL Tenant/AFL/Players/ChampIDImages/AFLW/2026264/1042797.png?im=Scale,width=0.6,height=0.6",Grace,Kos,CD_T7889,GWS,GWS GIANTS,GIANTS,5,65.60000000000002,0,0,16,1,2,0,0,0,7,0,0,6,13,58,8,4,0,0,2,0,0,0,4,5,0,0,5,0,2,0,0,8,2,0,0,271,1,11,0,0,1,0,2,0,0,0,0,4,0,1,13,3,6,2026-09-13,data//AFLW_2026-09-13.csv,NA,NA,0.5384615384615384,0.6153846153846154,4,0.5,0.8,NA,NA,1.6,0.36363636363636365,NA,0,0.64,0,CD_M20262640507,5,2026-09-13,Sydney Swans,CD_R202626405
CD_I1048156,28,MEDIUM_DEFENDER,"https://s.afl.com.au/staticfile/AFL Tenant/AFL/Players/ChampIDImages/AFLW/2026264/1048156.png?im=Scale,width=0.6,height=0.6",Emma,Murray,CD_T8467,GEEL,Geelong Cats,Cats,5,72.19999999999999,0,0,0,1,3,0,0,0,6,0,0,9,10,39,9,2,0,1,0,66.7,0,0,3,7,0,0,1,0,4,0,0,3,1,0,0,100,3,14,0,0,1,0,4,0,0,0,0,4,0,1,12,0,6,2026-09-13,data//AFLW_2026-09-13.csv,NA,NA,0.5,0.9,7,0.6666666666666666,1,NA,NA,0.42857142857142855,0.2857142857142857,NA,0,0,0,CD_M20262640503,5,2026-09-12,Adelaide Crows,CD_R202626405
CD_I1048494,33,MEDIUM_DEFENDER,"https://s.afl.com.au/staticfile/AFL Tenant/AFL/Players/ChampIDImages/AFLW/2026264/1048494.png?im=Scale,width=0.6,height=0.6",Aoife,Healy,CD_T7886,FRE,Fremantle,Freo,5,83.19999999999999,0,1,0,0,2,0,0,0,11,0,0,5,17,76,11,3,0,0,4,0,0,0,5,8,0,0,1,0,7,0,0,9,3,0,0,48,1,13,0,0,1,0,1,0,1,1,2,5,3,2,16,4,5,2026-09-13,data//AFLW_2026-09-13.csv,NA,NA,0.6875,0.6470588235294118,8,0.3333333333333333,1,NA,NA,1.125,0.38461538461538464,NA,0,0,0,CD_M20262640509,5,2026-09-13,Essendon,CD_R202626405
CD_I296154,25,MIDFIELDER,"https://s.afl.com.au/staticfile/AFL Tenant/AFL/Players/ChampIDImages/AFLW/2026264/296154.png?im=Scale,width=0.6,height=0.6",Jasmine,Garner,CD_T8466,NMFC,North Melbourne,Kangaroos,5,79.30000000000001,0,0,9,3,3,0,0,0,9,0,0,3,30,118,22,9,0,0,2,66.7,0,1,5,15,0,0,5,0,3,0,0,15,5,1,0,480,1,21,0,0,3,0,3,0,1,0,2,5,0,5,32,8,23,2026-09-13,data//AFLW_2026-09-13.csv,NA,NA,0.28125,0.7333333333333333,13,0.6,0.8666666666666667,NA,NA,1,0.23809523809523808,NA,0,0.8181818181818182,0,CD_M20262640508,5,2026-09-13,Carlton,CD_R202626405
CD_I296158,35,MEDIUM_DEFENDER,"https://s.afl.com.au/staticfile/AFL Tenant/AFL/Players/ChampIDImages/AFLW/2026264/296158.png?im=Scale,width=0.6,height=0.6",Bianca,Jakobsson,CD_T8796,STK,St Kilda,St Kilda,5,100,0,0,0,0,3,1,2,0,2,0,0,3,4,23,4,4,0,2,2,0,0,0,0,0,0,0,1,0,3,0,0,4,1,0,0,116,2,5,0,0,2,0,1,0,0,2,0,3,0,0,5,2,3,2026-09-13,data//AFLW_2026-09-13.csv,0.5,NA,0.4,1,0,1,NA,NA,NA,Inf,0.6,NA,0,0,0,CD_M20262640506,5,2026-09-13,Richmond,CD_R202626405
CD_I997649,10,MIDFIELDER_FORWARD,"https://s.afl.com.au/staticfile/AFL Tenant/AFL/Players/ChampIDImages/AFLW/2026264/997649.png?im=Scale,width=0.6,height=0.6",Kaitlyn,Ashmore,CD_T9407,HAW,Hawthorn,Hawks,5,65.80000000000001,1,0,3,1,2,0,1,0,9,0,0,6,12,52,6,3,0,1,2,33.3,0,0,6,6,0,0,1,0,4,0,0,6,2,1,0,155,2,10,0,0,2,0,3,0,1,1,2,4,0,3,13,0,4,2026-09-13,data//AFLW_2026-09-13.csv,0,NA,0.6923076923076923,0.5,3,0.5,0.5,NA,NA,1,0.4,NA,0,0.23076923076923078,0,CD_M20262640501,5,2026-09-12,Western Bulldogs,CD_R202626405
CD_I997686,35,MEDIUM_FORWARD,"https://s.afl.com.au/staticfile/AFL Tenant/AFL/Players/ChampIDImages/AFLW/2026264/997686.png?im=Scale,width=0.6,height=0.6",Kirsty,Lamb,CD_T9409,PORT,Port Adelaide,Power,4,75.70000000000002,0,0,7,0,3,0,0,0,3,0,0,9,11,60,6,2,0,2,0,0,0,0,2,6,0,0,2,0,1,0,0,5,1,0,1,145,0,16,0,0,4,0,0,0,0,0,1,9,1,1,11,2,8,2026-09-13,data//AFLW_2026-09-13.csv,NA,NA,0.2727272727272727,0.5454545454545454,4,0.4,0.6666666666666666,NA,NA,0.8333333333333334,0.5625,NA,0,0.4666666666666667,0,CD_M20262640505,5,2026-09-13,Melbourne,CD_R202626405
CD_I997700,11,MEDIUM_DEFENDER,"https://s.afl.com.au/staticfile/AFL Tenant/AFL/Players/ChampIDImages/AFLW/2026264/997700.png?im=Scale,width=0.6,height=0.6",Eliza,Shannon,CD_T8466,NMFC,North Melbourne,Kangaroos,5,78.19999999999999,0,0,0,0,4,0,0,0,6,0,0,4,13,48,9,3,0,1,0,0,0,0,5,7,0,0,0,0,9,0,0,6,5,0,0,88,2,9,0,0,2,0,0,0,0,1,0,1,0,0,14,3,8,2026-09-13,data//AFLW_2026-09-13.csv,NA,NA,0.42857142857142855,0.6923076923076923,6,0.5,0.8571428571428571,NA,NA,0.8571428571428571,0.1111111111111111,NA,0,0,0,CD_M20262640508,5,2026-09-13,Carlton,CD_R202626405
CD_I997708,14,MIDFIELDER,"https://s.afl.com.au/staticfile/AFL Tenant/AFL/Players/ChampIDImages/AFLW/2026264/997708.png?im=Scale,width=0.6,height=0.6",Lily,Mithen,CD_T8786,GCFC,Gold Coast SUNS,SUNS,4,50.99999999999997,1,0,0,0,4,1,1,0,6,0,0,2,16,62,10,3,1,0,0,0,0,0,6,7,0,0,1,0,6,0,0,9,4,0,0,153,1,8,0,0,2,0,1,0,1,1,0,2,1,0,16,4,10,2026-09-13,data//AFLW_2026-09-13.csv,1,NA,0.375,0.625,7,0.3333333333333333,1,NA,NA,1.2857142857142858,0.25,NA,0,0,0,CD_M20262640502,5,2026-09-12,Collingwood,CD_R202626405
CD_I997725,12,KEY_DEFENDER,"https://s.afl.com.au/staticfile/AFL Tenant/AFL/Players/ChampIDImages/AFLW/2026264/997725.png?im=Scale,width=0.6,height=0.6",Isabel,Huntington,CD_T7889,GWS,GWS GIANTS,GIANTS,5,35.30000000000001,0,0,0,0,1,0,0,0,3,1,1,1,9,51,5,3,2,0,0,66.7,0,3,3,5,0,0,0,0,0,0,0,4,1,1,1,74,0,4,0,0,0,0,4,0,4,0,0,2,0,0,8,2,5,2026-09-13,data//AFLW_2026-09-13.csv,NA,1,0.375,0.5555555555555556,2,0.75,0.4,NA,NA,0.8,0.5,NA,0,0,0,CD_M20262640507,5,2026-09-13,Sydney Swans,CD_R202626405
CD_I997729,8,MIDFIELDER,"https://s.afl.com.au/staticfile/AFL Tenant/AFL/Players/ChampIDImages/AFLW/2026264/997729.png?im=Scale,width=0.6,height=0.6",Brittany,Bonnici,CD_T8097,COLL,Collingwood,Magpies,5,98.30000000000001,0,0,16,1,5,0,0,0,4,0,0,10,14,55,8,3,1,1,2,0,1,0,2,6,0,0,2,0,3,0,0,8,0,0,0,223,0,16,0,0,0,0,2,0,1,0,0,5,0,1,13,5,9,2026-09-13,data//AFLW_2026-09-13.csv,NA,NA,0.3076923076923077,0.5714285714285714,5,0.375,0.8333333333333334,NA,NA,1.3333333333333333,0.3125,NA,0,0.9411764705882353,0,CD_M20262640502,5,2026-09-12,Gold Coast SUNS,CD_R202626405
CD_I997736,6,MEDIUM_DEFENDER,"https://s.afl.com.au/staticfile/AFL Tenant/AFL/Players/ChampIDImages/AFLW/2026264/997736.png?im=Scale,width=0.6,height=0.6",Jordyn,Allen,CD_T8097,COLL,Collingwood,Magpies,4,75.80000000000001,0,0,0,0,0,0,0,0,2,0,0,2,16,67,13,7,0,0,1,0,0,0,1,6,0,0,2,0,9,2,0,10,8,0,0,292,1,3,0,0,6,0,2,0,0,1,0,0,0,0,16,2,14,2026-09-13,data//AFLW_2026-09-13.csv,NA,NA,0.125,0.8125,6,0.7,1,NA,NA,1.6666666666666667,0,0,0,0,0.25,CD_M20262640502,5,2026-09-12,Gold Coast SUNS,CD_R202626405
CD_I997745,2,MIDFIELDER_FORWARD,"https://s.afl.com.au/staticfile/AFL Tenant/AFL/Players/ChampIDImages/AFLW/2026264/997745.png?im=Scale,width=0.6,height=0.6",Georgia,Gee,CD_T9406,ESS,Essendon,Bombers,5,84.10000000000002,0,0,0,0,2,0,0,0,5,0,0,3,14,36,10,2,0,1,0,50,0,0,5,10,0,0,0,0,3,0,0,4,1,0,1,120,0,10,0,0,0,0,1,0,0,0,0,1,0,0,15,3,10,2026-09-13,data//AFLW_2026-09-13.csv,NA,NA,0.3333333333333333,0.7142857142857143,8,0.5,0.8,NA,NA,0.4,0.1,NA,0,0,0,CD_M20262640509,5,2026-09-13,Fremantle,CD_R202626405
CD_I998029,2,MEDIUM_FORWARD,"https://s.afl.com.au/staticfile/AFL Tenant/AFL/Players/ChampIDImages/AFLW/2026264/998029.png?im=Scale,width=0.6,height=0.6",Alicia,Eva,CD_T7889,GWS,GWS GIANTS,GIANTS,5,101.30000000000001,1,0,0,0,2,0,0,0,10,0,0,4,15,63,7,3,3,0,3,37.5,1,0,6,5,0,0,2,0,2,0,0,10,1,0,1,200,0,7,0,0,1,0,5,0,1,0,1,4,1,1,14,4,4,2026-09-13,data//AFLW_2026-09-13.csv,NA,NA,0.7142857142857143,0.4666666666666667,4,0.3,0.8,NA,NA,2,0.5714285714285714,NA,0,0,0,CD_M20262640507,5,2026-09-13,Sydney Swans,CD_R202626405
CD_I998030,2,MIDFIELDER,"https://s.afl.com.au/staticfile/AFL Tenant/AFL/Players/ChampIDImages/AFLW/2026264/998030.png?im=Scale,width=0.6,height=0.6",Kiara,Bowers,CD_T7886,FRE,Fremantle,Freo,5,93.10000000000002,1,0,9,0,3,0,0,0,16,0,0,3,26,126,11,8,3,0,0,0,0,0,12,4,0,0,4,0,6,0,0,22,5,1,0,402,3,25,0,0,1,0,2,0,1,0,5,9,2,5,29,9,13,2026-09-13,data//AFLW_2026-09-13.csv,NA,NA,0.5517241379310345,0.4230769230769231,3,0.36363636363636365,0.75,NA,NA,5.5,0.36,NA,0,0.8181818181818182,0,CD_M20262640509,5,2026-09-13,Essendon,CD_R202626405
CD_I998032,13,MEDIUM_DEFENDER,"https://s.afl.com.au/staticfile/AFL Tenant/AFL/Players/ChampIDImages/AFLW/2026264/998032.png?im=Scale,width=0.6,height=0.6",Emma,Swanson,CD_T8787,WCE,West Coast Eagles,Eagles,5,89.89999999999998,1,0,0,0,4,0,0,2,8,0,0,1,15,50,7,6,1,2,0,0,0,0,6,2,0,0,3,0,9,0,0,13,4,0,0,342,0,2,0,0,2,0,4,0,1,0,0,0,0,0,14,4,6,2026-09-13,data//AFLW_2026-09-13.csv,NA,NA,0.5714285714285714,0.4666666666666667,1,0.46153846153846156,0.5,NA,NA,6.5,0,NA,0,0,0,CD_M20262640504,5,2026-09-12,Brisbane Lions,CD_R202626405
CD_I998039,7,KEY_FORWARD,"https://s.afl.com.au/staticfile/AFL Tenant/AFL/Players/ChampIDImages/AFLW/2026264/998039.png?im=Scale,width=0.6,height=0.6",Tayla,Harris,CD_T7386,MELB,Melbourne,Demons,5,83.39999999999998,1,0,2,0,4,0,0,3,8,3,0,5,15,73,8,4,0,1,3,45.5,0,2,2,6,5,0,2,0,2,1,1,9,4,3,1,155,0,9,0,0,4,12,6,0,3,0,3,1,0,3,13,2,5,2026-09-13,data//AFLW_2026-09-13.csv,NA,0,0.6153846153846154,0.5333333333333333,4,0.4444444444444444,0.6666666666666666,0.4166666666666667,0,1.5,0.1111111111111111,1,0.20689655172413793,0.13333333333333333,0.09090909090909091,CD_M20262640505,5,2026-09-13,Port Adelaide,CD_R202626405
CD_I998040,19,MEDIUM_FORWARD,"https://s.afl.com.au/staticfile/AFL Tenant/AFL/Players/ChampIDImages/AFLW/2026264/998040.png?im=Scale,width=0.6,height=0.6",Hayley,Miller,CD_T7886,FRE,Fremantle,Freo,5,68.30000000000001,1,0,0,0,2,0,0,0,1,0,0,3,9,70,5,4,0,0,0,36.4,1,1,1,2,0,0,2,0,0,0,0,7,2,2,1,155,1,12,0,0,0,2,3,0,2,1,0,8,7,0,7,3,6,2026-09-13,data//AFLW_2026-09-13.csv,NA,NA,0.14285714285714285,0.5555555555555556,1,0.5714285714285714,0.5,0,0,3.5,0.6666666666666666,NA,0.031746031746031744,0,0,CD_M20262640509,5,2026-09-13,Essendon,CD_R202626405
CD_I998041,2,MEDIUM_FORWARD,"https://s.afl.com.au/staticfile/AFL Tenant/AFL/Players/ChampIDImages/AFLW/2026264/998041.png?im=Scale,width=0.6,height=0.6",Kellie,Gibson,CD_T8787,WCE,West Coast Eagles,Eagles,5,78.39999999999998,2,0,0,0,2,0,0,0,4,1,1,3,13,51,6,5,2,1,1,18.2,0,0,4,1,0,0,4,0,0,0,0,12,3,1,0,339,1,7,0,0,0,0,5,0,4,0,0,1,1,0,14,4,10,2026-09-13,data//AFLW_2026-09-13.csv,NA,1,0.2857142857142857,0.46153846153846156,1,0.4166666666666667,1,NA,NA,12,0.14285714285714285,NA,0,0,0,CD_M20262640504,5,2026-09-12,Brisbane Lions,CD_R202626405
CD_I998149,4,MEDIUM_DEFENDER,"https://s.afl.com.au/staticfile/AFL Tenant/AFL/Players/ChampIDImages/AFLW/2026264/998149.png?im=Scale,width=0.6,height=0.6",Paxy,Paxman,CD_T7386,MELB,Melbourne,Demons,5,54.5,0,0,0,0,2,0,0,0,2,0,0,3,9,37,7,3,1,1,0,50,0,0,2,4,0,0,2,0,2,0,0,5,3,0,0,182,0,5,0,0,0,0,4,0,0,0,0,2,0,0,10,2,8,2026-09-13,data//AFLW_2026-09-13.csv,NA,NA,0.2,0.7777777777777778,4,0.6,1,NA,NA,1.25,0.4,NA,0,0,0,CD_M20262640505,5,2026-09-13,Port Adelaide,CD_R202626405
CD_I998150,9,MEDIUM_DEFENDER,"https://s.afl.com.au/staticfile/AFL Tenant/AFL/Players/ChampIDImages/AFLW/2026264/998150.png?im=Scale,width=0.6,height=0.6",Emma,Kearney,CD_T8466,NMFC,North Melbourne,Kangaroos,4,73.29999999999995,0,1,0,0,5,1,1,0,4,0,0,6,17,55,14,7,0,1,1,0,0,0,3,7,0,0,3,0,4,4,4,10,3,0,0,307,2,9,0,0,6,0,0,0,0,2,0,1,0,0,13,5,9,2026-09-13,data//AFLW_2026-09-13.csv,1,NA,0.3076923076923077,0.8235294117647058,7,0.7,1,NA,NA,1.4285714285714286,0.1111111111111111,1,0,0,0.8,CD_M20262640508,5,2026-09-13,Carlton,CD_R202626405
CD_I998155,1,MIDFIELDER,"https://s.afl.com.au/staticfile/AFL Tenant/AFL/Players/ChampIDImages/AFLW/2026264/998155.png?im=Scale,width=0.6,height=0.6",Emily,Bates,CD_T9407,HAW,Hawthorn,Hawks,5,58.89999999999998,0,0,9,0,4,0,0,0,5,0,0,4,17,75,10,5,0,1,2,0,0,0,3,7,0,0,2,0,2,0,0,10,4,0,0,158,0,10,0,0,0,0,3,0,0,0,3,5,1,3,17,3,12,2026-09-13,data//AFLW_2026-09-13.csv,NA,NA,0.29411764705882354,0.5882352941176471,5,0.5,0.7142857142857143,NA,NA,1.4285714285714286,0.5,NA,0,0.6923076923076923,0,CD_M20262640501,5,2026-09-12,Western Bulldogs,CD_R202626405
CD_I998157,3,MEDIUM_FORWARD,"https://s.afl.com.au/staticfile/AFL Tenant/AFL/Players/ChampIDImages/AFLW/2026264/998157.png?im=Scale,width=0.6,height=0.6",Katie,Brennan,CD_T8788,RICH,Richmond,Richmond,5,76.19999999999999,1,1,0,0,2,1,1,1,6,0,0,7,11,64,7,6,0,1,2,37.5,0,2,3,2,0,0,4,0,2,0,0,9,3,2,1,283,0,11,0,0,1,0,3,0,3,0,0,3,2,0,11,2,5,2026-09-13,data//AFLW_2026-09-13.csv,1,NA,0.5454545454545454,0.6363636363636364,1,0.6666666666666666,0.5,NA,NA,4.5,0.2727272727272727,NA,0,0,0,CD_M20262640506,5,2026-09-13,St Kilda,CD_R202626405
