playerId,jumperNumber,playerPosition,photoURL,playerName.givenName,playerName.surname,team.teamId,team.teamAbbr,team.teamName,team.teamNickname,matchesPlayed,timeOnGroundPercentage,behinds,bounces,centreBounceAttendances,centreClearances,clangers,contestDefLosses,contestDefOneOnOnes,contestedMarks,contestedPossessions,contestOffOneOnOnes,contestOffWins,defHalfPressureActs,disposals,dreamTeamPoints,effectiveDisposals,effectiveKicks,f50GroundBallGets,freesAgainst,freesFor,goalAccuracy,goalAssists,goals,groundBallGets,handballs,hitouts,hitoutsToAdvantage,inside50s,interceptMarks,intercepts,kickins,kickinsPlayon,kicks,marks,marksInside50,marksOnLead,metresGained,onePercenters,pressureActs,ranking,ratingPoints,rebound50s,ruckContests,scoreInvolvements,scoreLaunches,shotsAtGoal,spoils,stoppageClearances,tackles,tacklesInside50,totalClearances,totalPossessions,turnovers,uncontestedPossessions,datePulled,filename,contestDefLossPercentage,contestOffWinsPercentage,contestedPossessionRate,disposalEfficiency,effectiveHandballs,kickEfficiency,handballEfficiency,hitoutWinPercentage,contestsToHTARate,kickToHandballRatio,effectiveTacklePerPressureAct,kickinPlayonRate,ruckContestShare,cbaAttendanceRate,kickInShare,matchId,round,date,opponent,roundId
CD_I1003018,35,MIDFIELDER_FORWARD,"https://s.afl.com.au/staticfile/AFL Tenant/AFL/Players/ChampIDImages/AFLW/2026264/1003018.png?im=Scale,width=0.6,height=0.6",Jenna,Bruton,CD_T8466,NMFC,North Melbourne,Kangaroos,2,65.89999999999999,0,0,0,0,2,0,0,0,8,0,0,0,10,38,9,1,3,1,0,0,1,0,8,8,0,0,1,0,1,0,0,2,1,0,0,15,0,10,0,0,0,0,1,0,1,0,0,4,3,0,10,0,2,2026-08-23,data//AFLW_2026-08-23.csv,NA,NA,0.8,0.9,8,0.5,1,NA,NA,0.25,0.4,NA,0,0,0,CD_M20262640203,2,2026-08-22,Brisbane Lions,CD_R202626402
CD_I1003020,3,MIDFIELDER,"https://s.afl.com.au/staticfile/AFL Tenant/AFL/Players/ChampIDImages/AFLW/2026264/1003020.png?im=Scale,width=0.6,height=0.6",Brianna,Davey,CD_T8097,COLL,Collingwood,Magpies,1,55.6,0,0,9,2,2,0,0,0,9,0,0,4,22,60,14,4,0,1,1,0,0,0,6,11,0,0,2,0,4,0,0,11,1,0,0,384,1,6,0,0,3,0,3,0,0,1,2,1,1,4,21,4,12,2026-08-23,data//AFLW_2026-08-23.csv,NA,NA,0.42857142857142855,0.6363636363636364,10,0.36363636363636365,0.9090909090909091,NA,NA,1,0.16666666666666666,NA,0,0.5625,0,CD_M20262640204,2,2026-08-23,Fremantle,CD_R202626402
CD_I1003023,16,MEDIUM_FORWARD,"https://s.afl.com.au/staticfile/AFL Tenant/AFL/Players/ChampIDImages/AFLW/2026264/1003023.png?im=Scale,width=0.6,height=0.6",Tahlia,Randall,CD_T8466,NMFC,North Melbourne,Kangaroos,2,72.1,0,0,0,0,0,0,0,1,5,5,3,0,9,58,4,3,1,0,1,45.5,0,2,2,1,1,0,1,0,0,0,0,8,2,1,0,171,1,8,0,0,0,5,6,0,4,1,2,3,2,2,8,3,3,2026-08-23,data//AFLW_2026-08-23.csv,NA,0.6,0.625,0.4444444444444444,1,0.375,1,0.2,0,8,0.375,NA,0.08333333333333333,0,0,CD_M20262640203,2,2026-08-22,Brisbane Lions,CD_R202626402
CD_I1004415,9,MIDFIELDER,"https://s.afl.com.au/staticfile/AFL Tenant/AFL/Players/ChampIDImages/AFLW/2026264/1004415.png?im=Scale,width=0.6,height=0.6",Jaimee,Lambert,CD_T8796,STK,St Kilda,St Kilda,2,67.19999999999999,0,0,1,0,1,0,0,0,7,2,0,7,20,66,16,8,0,0,3,0,0,0,5,8,0,0,2,0,7,3,3,12,1,0,0,257,1,13,0,0,8,0,0,0,0,1,0,2,0,0,16,3,9,2026-08-23,data//AFLW_2026-08-23.csv,NA,0,0.4375,0.8,8,0.6666666666666666,1,NA,NA,1.5,0.15384615384615385,1,0,0.05,0.75,CD_M20262640201,2,2026-08-22,Geelong Cats,CD_R202626402
CD_I1005258,2,MEDIUM_FORWARD,"https://s.afl.com.au/staticfile/AFL Tenant/AFL/Players/ChampIDImages/AFLW/2026264/1005258.png?im=Scale,width=0.6,height=0.6",Eloise,Jones,CD_T8098,ADEL,Adelaide Crows,Crows,2,75.4,0,0,0,0,3,0,2,2,8,0,0,8,11,60,8,5,0,1,2,0,0,0,3,4,0,0,1,0,10,0,0,7,4,0,0,169,5,14,0,0,2,0,1,0,0,3,0,5,0,0,12,3,4,2026-08-23,data//AFLW_2026-08-23.csv,0,NA,0.6666666666666666,0.7272727272727273,3,0.7142857142857143,0.75,NA,NA,1.75,0.35714285714285715,NA,0,0,0,CD_M20262640205,2,2026-08-23,Carlton,CD_R202626402
CD_I1005264,8,MEDIUM_FORWARD,"https://s.afl.com.au/staticfile/AFL Tenant/AFL/Players/ChampIDImages/AFLW/2026264/1005264.png?im=Scale,width=0.6,height=0.6",Ashleigh,Woodland,CD_T9409,PORT,Port Adelaide,Power,2,73.39999999999999,0,0,13,1,5,0,0,0,11,0,0,10,16,75,7,4,0,0,0,50,0,0,8,4,0,0,2,0,1,0,0,12,1,0,0,262,0,13,0,0,3,1,2,0,0,0,5,7,0,6,16,6,5,2026-08-23,data//AFLW_2026-08-23.csv,NA,NA,0.6875,0.4375,3,0.3333333333333333,0.75,0,0,3,0.5384615384615384,NA,0.013888888888888888,0.6842105263157895,0,CD_M20262640207,2,2026-08-23,Hawthorn,CD_R202626402
CD_I1005269,34,MIDFIELDER,"https://s.afl.com.au/staticfile/AFL Tenant/AFL/Players/ChampIDImages/AFLW/2026264/1005269.png?im=Scale,width=0.6,height=0.6",Anne,Hatchard,CD_T8786,GCFC,Gold Coast SUNS,SUNS,2,82.19999999999999,1,0,12,2,2,0,0,0,9,0,0,6,24,83,16,3,2,2,1,0,1,0,8,15,0,0,1,0,2,0,0,9,6,0,2,156,1,13,0,0,1,0,5,0,1,1,0,3,1,2,24,3,15,2026-08-23,data//AFLW_2026-08-23.csv,NA,NA,0.375,0.6666666666666666,13,0.3333333333333333,0.8666666666666667,NA,NA,0.6,0.23076923076923078,NA,0,0.7058823529411765,0,CD_M20262640208,2,2026-08-22,West Coast Eagles,CD_R202626402
CD_I1005279,10,MIDFIELDER,"https://s.afl.com.au/staticfile/AFL Tenant/AFL/Players/ChampIDImages/AFLW/2026264/1005279.png?im=Scale,width=0.6,height=0.6",Ebony,Marinoff,CD_T8098,ADEL,Adelaide Crows,Crows,2,84.8,0,0,11,2,5,0,0,0,14,0,0,6,30,112,21,11,3,0,0,0,0,0,13,11,0,0,2,0,6,0,0,19,3,0,0,393,0,15,0,0,0,0,2,0,0,0,2,6,0,4,28,10,14,2026-08-23,data//AFLW_2026-08-23.csv,NA,NA,0.5,0.7,10,0.5789473684210527,0.9090909090909091,NA,NA,1.7272727272727273,0.4,NA,0,0.7857142857142857,0,CD_M20262640205,2,2026-08-23,Carlton,CD_R202626402
CD_I1005285,39,KEY_DEFENDER,"https://s.afl.com.au/staticfile/AFL Tenant/AFL/Players/ChampIDImages/AFLW/2026264/1005285.png?im=Scale,width=0.6,height=0.6",Sarah,Allan,CD_T8098,ADEL,Adelaide Crows,Crows,2,98,0,0,0,0,1,1,2,0,2,0,0,12,11,66,7,4,0,0,1,0,0,0,1,3,0,0,0,0,2,3,2,8,5,0,0,162,5,14,0,0,5,0,2,0,0,4,0,5,0,0,9,2,7,2026-08-23,data//AFLW_2026-08-23.csv,0.5,NA,0.2222222222222222,0.6363636363636364,3,0.5,1,NA,NA,2.6666666666666665,0.35714285714285715,0.6666666666666666,0,0,0.42857142857142855,CD_M20262640205,2,2026-08-23,Carlton,CD_R202626402
CD_I1005437,32,MEDIUM_DEFENDER,"https://s.afl.com.au/staticfile/AFL Tenant/AFL/Players/ChampIDImages/AFLW/2026264/1005437.png?im=Scale,width=0.6,height=0.6",Laura,Pugh,CD_T7886,FRE,Fremantle,Freo,2,74.4,0,0,0,0,3,1,1,0,4,0,0,8,10,48,6,4,0,2,0,0,0,0,3,2,0,0,1,0,6,1,1,8,2,0,0,200,1,9,0,0,2,0,1,0,0,0,0,5,0,0,9,2,5,2026-08-23,data//AFLW_2026-08-23.csv,1,NA,0.4444444444444444,0.6,2,0.5,1,NA,NA,4,0.5555555555555556,1,0,0,0.16666666666666666,CD_M20262640204,2,2026-08-23,Collingwood,CD_R202626402
CD_I1005452,17,MIDFIELDER,"https://s.afl.com.au/staticfile/AFL Tenant/AFL/Players/ChampIDImages/AFLW/2026264/1005452.png?im=Scale,width=0.6,height=0.6",Nicola,Barr,CD_T8796,STK,St Kilda,St Kilda,2,68.19999999999999,0,0,0,0,1,0,0,0,3,0,0,4,13,51,9,6,1,0,0,0,0,0,3,5,0,0,3,0,4,0,0,8,3,0,0,177,0,11,0,0,1,0,1,0,0,0,0,2,0,0,11,6,8,2026-08-23,data//AFLW_2026-08-23.csv,NA,NA,0.2727272727272727,0.6923076923076923,3,0.75,0.6,NA,NA,1.6,0.18181818181818182,NA,0,0,0,CD_M20262640201,2,2026-08-22,Geelong Cats,CD_R202626402
CD_I1005453,6,MIDFIELDER,"https://s.afl.com.au/staticfile/AFL Tenant/AFL/Players/ChampIDImages/AFLW/2026264/1005453.png?im=Scale,width=0.6,height=0.6",Rebecca,Beeson,CD_T7889,GWS,GWS GIANTS,GIANTS,2,79.99999999999999,0,0,14,0,1,1,1,0,5,0,0,14,14,49,10,1,0,0,0,75,0,0,3,12,0,0,1,0,1,0,0,2,1,0,0,18,3,22,0,0,0,0,2,0,0,2,3,4,0,3,14,2,9,2026-08-23,data//AFLW_2026-08-23.csv,1,NA,0.35714285714285715,0.7142857142857143,9,0.5,0.75,NA,NA,0.16666666666666666,0.18181818181818182,NA,0,1,0,CD_M20262640206,2,2026-08-23,Melbourne,CD_R202626402
CD_I1005661,3,MEDIUM_DEFENDER,"https://s.afl.com.au/staticfile/AFL Tenant/AFL/Players/ChampIDImages/AFLW/2026264/1005661.png?im=Scale,width=0.6,height=0.6",Breanna,Koenen,CD_T7887,BL,Brisbane Lions,Lions,2,79,0,0,0,0,1,0,2,0,8,0,0,7,18,80,10,6,0,1,1,0,0,0,6,7,0,0,1,0,9,1,1,11,5,0,0,269,2,12,0,0,4,0,0,0,0,1,0,5,0,0,18,4,10,2026-08-23,data//AFLW_2026-08-23.csv,0,NA,0.4444444444444444,0.5555555555555556,4,0.5454545454545454,0.5714285714285714,NA,NA,1.5714285714285714,0.4166666666666667,1,0,0,0.125,CD_M20262640203,2,2026-08-22,North Melbourne,CD_R202626402
CD_I1005955,1,MEDIUM_FORWARD,"https://s.afl.com.au/staticfile/AFL Tenant/AFL/Players/ChampIDImages/AFLW/2026264/1005955.png?im=Scale,width=0.6,height=0.6",Justine,Mules-Robinson,CD_T9409,PORT,Port Adelaide,Power,2,71.69999999999999,0,0,0,0,1,0,0,0,1,1,0,4,2,14,2,1,0,1,0,0,1,0,1,1,0,0,1,0,1,0,0,1,0,0,0,27,1,10,0,0,0,0,1,0,0,1,0,3,0,0,1,1,0,2026-08-23,data//AFLW_2026-08-23.csv,NA,0,1,1,1,1,1,NA,NA,1,0.3,NA,0,0,0,CD_M20262640207,2,2026-08-23,Hawthorn,CD_R202626402
CD_I1006997,20,MIDFIELDER,"https://s.afl.com.au/staticfile/AFL Tenant/AFL/Players/ChampIDImages/AFLW/2026264/1006997.png?im=Scale,width=0.6,height=0.6",Stephanie,Cain,CD_T9406,ESS,Essendon,Bombers,2,73.5,0,0,7,0,6,1,3,0,4,0,0,10,12,60,8,3,0,2,0,0,0,0,4,6,0,0,1,0,2,0,0,6,4,0,0,143,2,13,0,0,2,0,1,0,0,1,1,6,1,1,12,3,8,2026-08-23,data//AFLW_2026-08-23.csv,0.3333333333333333,NA,0.3333333333333333,0.6666666666666666,5,0.5,0.8333333333333334,NA,NA,1,0.46153846153846156,NA,0,0.3684210526315789,0,CD_M20262640209,2,2026-08-23,Sydney Swans,CD_R202626402
CD_I1007011,8,MIDFIELDER,"https://s.afl.com.au/staticfile/AFL Tenant/AFL/Players/ChampIDImages/AFLW/2026264/1007011.png?im=Scale,width=0.6,height=0.6",Sarah,Lampard,CD_T7386,MELB,Melbourne,Demons,2,90.4,0,0,0,0,2,0,0,0,9,0,0,2,20,56,13,4,0,0,0,0,0,0,9,14,0,0,0,0,10,1,1,6,2,0,0,137,1,7,0,0,3,0,0,0,0,1,0,1,0,0,19,3,10,2026-08-23,data//AFLW_2026-08-23.csv,NA,NA,0.47368421052631576,0.65,9,0.6666666666666666,0.6428571428571429,NA,NA,0.42857142857142855,0.14285714285714285,1,0,0,0.16666666666666666,CD_M20262640206,2,2026-08-23,GWS GIANTS,CD_R202626402
CD_I1007017,22,MEDIUM_DEFENDER,"https://s.afl.com.au/staticfile/AFL Tenant/AFL/Players/ChampIDImages/AFLW/2026264/1007017.png?im=Scale,width=0.6,height=0.6",Tilly,Lucas-Rodd,CD_T7889,GWS,GWS GIANTS,GIANTS,2,87.70000000000002,0,0,2,0,1,1,2,0,6,0,0,11,16,67,14,8,0,0,0,0,0,0,5,6,0,0,1,0,1,2,2,10,3,0,0,204,3,17,0,0,3,0,2,0,0,1,4,4,0,4,15,1,9,2026-08-23,data//AFLW_2026-08-23.csv,0.5,NA,0.4,0.875,6,0.8,1,NA,NA,1.6666666666666667,0.23529411764705882,1,0,0.14285714285714285,0.4,CD_M20262640206,2,2026-08-23,Melbourne,CD_R202626402
CD_I1007026,6,MEDIUM_DEFENDER,"https://s.afl.com.au/staticfile/AFL Tenant/AFL/Players/ChampIDImages/AFLW/2026264/1007026.png?im=Scale,width=0.6,height=0.6",Gabriella,Pound,CD_T8096,CARL,Carlton,Blues,2,59.00000000000001,0,0,0,0,3,1,3,0,4,0,0,7,9,35,5,2,0,1,0,0,0,0,4,4,0,0,1,0,6,0,0,5,1,0,0,116,1,7,0,0,2,0,1,0,0,0,0,3,0,0,8,3,4,2026-08-23,data//AFLW_2026-08-23.csv,0.3333333333333333,NA,0.5,0.5555555555555556,3,0.4,0.75,NA,NA,1.25,0.42857142857142855,NA,0,0,0,CD_M20262640205,2,2026-08-23,Adelaide Crows,CD_R202626402
CD_I1007027,18,MIDFIELDER,"https://s.afl.com.au/staticfile/AFL Tenant/AFL/Players/ChampIDImages/AFLW/2026264/1007027.png?im=Scale,width=0.6,height=0.6",Ruby,Schleicher,CD_T8097,COLL,Collingwood,Magpies,2,91.1,0,0,0,0,1,0,0,0,7,2,1,2,10,49,7,3,3,0,0,75,0,2,7,7,0,0,0,0,0,0,0,3,2,1,2,112,2,6,0,0,0,0,2,0,2,2,0,2,1,0,10,1,3,2026-08-23,data//AFLW_2026-08-23.csv,NA,0.5,0.7,0.7,4,1,0.5714285714285714,NA,NA,0.42857142857142855,0.3333333333333333,NA,0,0,0,CD_M20262640204,2,2026-08-23,Fremantle,CD_R202626402
CD_I1007029,14,MIDFIELDER,"https://s.afl.com.au/staticfile/AFL Tenant/AFL/Players/ChampIDImages/AFLW/2026264/1007029.png?im=Scale,width=0.6,height=0.6",Belinda,Smith,CD_T8787,WCE,West Coast Eagles,Eagles,2,76.19999999999999,0,1,0,0,1,0,0,0,0,0,0,3,4,14,4,1,0,1,0,0,0,0,0,3,0,0,1,0,1,1,0,1,0,0,0,68,0,5,0,0,0,0,2,0,0,0,0,2,0,0,3,0,3,2026-08-23,data//AFLW_2026-08-23.csv,NA,NA,0,1,3,1,1,NA,NA,0.3333333333333333,0.4,0,0,0,0.1111111111111111,CD_M20262640208,2,2026-08-22,Gold Coast SUNS,CD_R202626402
CD_I1007130,20,MEDIUM_DEFENDER,"https://s.afl.com.au/staticfile/AFL Tenant/AFL/Players/ChampIDImages/AFLW/2026264/1007130.png?im=Scale,width=0.6,height=0.6",Shannon,Campbell,CD_T7887,BL,Brisbane Lions,Lions,2,84.29999999999998,0,0,0,0,1,2,5,0,6,0,0,11,13,52,9,6,0,0,2,0,0,0,4,3,0,0,1,0,8,2,2,10,2,0,0,215,7,11,0,0,5,0,0,0,0,6,0,2,0,0,10,4,4,2026-08-23,data//AFLW_2026-08-23.csv,0.4,NA,0.6,0.6923076923076923,3,0.6,1,NA,NA,3.3333333333333335,0.18181818181818182,1,0,0,0.25,CD_M20262640203,2,2026-08-22,North Melbourne,CD_R202626402
CD_I1007138,33,KEY_FORWARD,"https://s.afl.com.au/staticfile/AFL Tenant/AFL/Players/ChampIDImages/AFLW/2026264/1007138.png?im=Scale,width=0.6,height=0.6",Kate,Shierlaw,CD_T8466,NMFC,North Melbourne,Kangaroos,2,67.30000000000001,0,0,1,0,3,0,0,0,3,1,0,2,11,37,7,3,1,1,0,50,0,0,2,5,1,1,0,0,4,0,0,6,1,0,0,145,2,8,0,0,2,11,1,0,1,0,1,2,0,1,10,5,7,2026-08-23,data//AFLW_2026-08-23.csv,NA,0,0.3,0.6363636363636364,4,0.5,0.8,0.09090909090909091,0.09090909090909091,1.2,0.25,NA,0.18333333333333332,0.06666666666666667,0,CD_M20262640203,2,2026-08-22,Brisbane Lions,CD_R202626402
CD_I1007141,27,MEDIUM_FORWARD,"https://s.afl.com.au/staticfile/AFL Tenant/AFL/Players/ChampIDImages/AFLW/2026264/1007141.png?im=Scale,width=0.6,height=0.6",Gemma,Houghton,CD_T9409,PORT,Port Adelaide,Power,2,96.50000000000001,0,0,0,0,3,0,0,0,3,2,0,0,5,29,2,2,2,0,0,16.7,0,1,2,0,0,0,3,0,0,0,0,5,0,0,0,109,3,5,0,0,0,2,3,0,2,2,0,2,2,0,5,2,2,2026-08-23,data//AFLW_2026-08-23.csv,NA,0,0.6,0.4,0,0.4,NA,0,0,Inf,0.4,NA,0.027777777777777776,0,0,CD_M20262640207,2,2026-08-23,Hawthorn,CD_R202626402
CD_I1007144,9,MEDIUM_FORWARD,"https://s.afl.com.au/staticfile/AFL Tenant/AFL/Players/ChampIDImages/AFLW/2026264/1007144.png?im=Scale,width=0.6,height=0.6",Gabby,O'Sullivan,CD_T7886,FRE,Fremantle,Freo,2,72.6,0,1,0,0,2,0,0,0,3,1,0,4,9,41,6,3,1,0,1,33.3,1,1,2,4,0,0,3,0,1,0,0,5,1,1,0,97,1,11,0,0,0,0,4,0,1,0,1,2,0,1,9,2,6,2026-08-23,data//AFLW_2026-08-23.csv,NA,0,0.3333333333333333,0.6666666666666666,3,0.6,0.75,NA,NA,1.25,0.18181818181818182,NA,0,0,0,CD_M20262640204,2,2026-08-23,Collingwood,CD_R202626402
CD_I1007152,21,KEY_DEFENDER,"https://s.afl.com.au/staticfile/AFL Tenant/AFL/Players/ChampIDImages/AFLW/2026264/1007152.png?im=Scale,width=0.6,height=0.6",Harriet,Cordner,CD_T8096,CARL,Carlton,Blues,2,100,0,0,0,0,6,0,2,1,9,0,0,11,19,69,15,6,0,1,0,0,0,0,8,12,0,0,0,0,11,0,0,7,5,0,0,155,5,12,0,0,3,0,0,0,0,4,0,3,0,0,19,3,10,2026-08-23,data//AFLW_2026-08-23.csv,0,NA,0.47368421052631576,0.7894736842105263,9,0.8571428571428571,0.75,NA,NA,0.5833333333333334,0.25,NA,0,0,0,CD_M20262640205,2,2026-08-23,Adelaide Crows,CD_R202626402
CD_I1007157,2,MEDIUM_DEFENDER,"https://s.afl.com.au/staticfile/AFL Tenant/AFL/Players/ChampIDImages/AFLW/2026264/1007157.png?im=Scale,width=0.6,height=0.6",Libby,Birch,CD_T8466,NMFC,North Melbourne,Kangaroos,2,100,0,0,0,0,3,0,2,0,5,0,0,8,13,44,7,3,0,1,0,0,0,0,5,7,0,0,0,0,6,1,1,6,1,0,0,155,6,11,0,0,6,0,1,0,0,6,0,3,0,0,12,7,7,2026-08-23,data//AFLW_2026-08-23.csv,0,NA,0.4166666666666667,0.5384615384615384,4,0.5,0.5714285714285714,NA,NA,0.8571428571428571,0.2727272727272727,1,0,0,0.3333333333333333,CD_M20262640203,2,2026-08-22,Brisbane Lions,CD_R202626402
CD_I1007313,32,RUCK,"https://s.afl.com.au/staticfile/AFL Tenant/AFL/Players/ChampIDImages/AFLW/2026264/1007313.png?im=Scale,width=0.6,height=0.6",Jess,Allan,CD_T8098,ADEL,Adelaide Crows,Crows,2,78.60000000000001,0,0,12,0,3,0,1,0,7,1,0,4,12,64,7,1,0,1,1,0,0,0,6,8,20,7,3,0,4,0,0,4,2,0,0,95,2,19,0,0,1,38,1,0,0,2,3,3,0,3,12,4,5,2026-08-23,data//AFLW_2026-08-23.csv,0,0,0.5833333333333334,0.5833333333333334,6,0.25,0.75,0.5263157894736842,0.18421052631578946,0.5,0.15789473684210525,NA,0.7916666666666666,0.8571428571428571,0,CD_M20262640205,2,2026-08-23,Carlton,CD_R202626402
CD_I1007342,14,MEDIUM_FORWARD,"https://s.afl.com.au/staticfile/AFL Tenant/AFL/Players/ChampIDImages/AFLW/2026264/1007342.png?im=Scale,width=0.6,height=0.6",Chloe,Scheer,CD_T8467,GEEL,Geelong Cats,Cats,2,59.599999999999994,1,0,0,0,0,0,0,1,6,2,1,0,7,50,4,2,3,0,1,40,0,2,4,3,0,0,1,0,1,0,0,4,2,1,1,101,0,5,0,0,0,0,5,0,3,0,0,3,3,0,7,0,1,2026-08-23,data//AFLW_2026-08-23.csv,NA,0.5,0.8571428571428571,0.5714285714285714,2,0.5,0.6666666666666666,NA,NA,1.3333333333333333,0.6,NA,0,0,0,CD_M20262640201,2,2026-08-22,St Kilda,CD_R202626402
CD_I1007360,2,MEDIUM_DEFENDER,"https://s.afl.com.au/staticfile/AFL Tenant/AFL/Players/ChampIDImages/AFLW/2026264/1007360.png?im=Scale,width=0.6,height=0.6",Ebony,O'Dea,CD_T9409,PORT,Port Adelaide,Power,2,73.3,0,0,0,0,0,1,3,0,3,0,0,0,6,27,3,3,0,0,0,0,0,0,3,1,0,0,0,0,2,0,0,5,2,1,0,94,2,1,0,0,1,0,1,0,0,1,0,1,0,0,6,1,3,2026-08-23,data//AFLW_2026-08-23.csv,0.3333333333333333,NA,0.5,0.5,0,0.6,0,NA,NA,5,1,NA,0,0,0,CD_M20262640207,2,2026-08-23,Hawthorn,CD_R202626402
CD_I1009764,35,KEY_FORWARD,"https://s.afl.com.au/staticfile/AFL Tenant/AFL/Players/ChampIDImages/AFLW/2026264/1009764.png?im=Scale,width=0.6,height=0.6",Eden,Zanker,CD_T7886,FRE,Fremantle,Freo,2,76,0,0,0,0,4,0,0,0,0,0,0,1,6,46,5,5,0,2,0,100,0,2,0,1,0,0,0,0,0,0,0,5,5,2,3,130,1,6,0,0,0,0,2,0,2,0,0,2,1,0,8,3,8,2026-08-23,data//AFLW_2026-08-23.csv,NA,NA,0,0.8333333333333334,0,1,0,NA,NA,5,0.3333333333333333,NA,0,0,0,CD_M20262640204,2,2026-08-23,Collingwood,CD_R202626402
CD_I1009772,23,MIDFIELDER,"https://s.afl.com.au/staticfile/AFL Tenant/AFL/Players/ChampIDImages/AFLW/2026264/1009772.png?im=Scale,width=0.6,height=0.6",Mia,King,CD_T8466,NMFC,North Melbourne,Kangaroos,2,67.7,0,0,8,1,2,0,0,0,11,0,0,6,19,82,10,5,2,1,3,0,0,0,7,9,0,0,4,0,3,0,0,10,2,0,0,207,0,15,0,0,1,0,2,0,0,0,1,7,1,2,21,5,10,2026-08-23,data//AFLW_2026-08-23.csv,NA,NA,0.5238095238095238,0.5263157894736842,5,0.5,0.5555555555555556,NA,NA,1.1111111111111112,0.4666666666666667,NA,0,0.5333333333333333,0,CD_M20262640203,2,2026-08-22,Brisbane Lions,CD_R202626402
CD_I1009798,14,MIDFIELDER,"https://s.afl.com.au/staticfile/AFL Tenant/AFL/Players/ChampIDImages/AFLW/2026264/1009798.png?im=Scale,width=0.6,height=0.6",Mattea,Breed,CD_T8097,COLL,Collingwood,Magpies,2,71.70000000000002,0,2,0,0,8,0,0,2,9,1,1,5,12,51,3,1,1,3,0,0,0,0,6,5,0,0,3,0,3,0,0,7,3,2,1,235,2,13,0,0,0,1,1,0,2,1,1,5,2,1,13,9,4,2026-08-23,data//AFLW_2026-08-23.csv,NA,1,0.6923076923076923,0.25,2,0.14285714285714285,0.4,0,0,1.4,0.38461538461538464,NA,0.01818181818181818,0,0,CD_M20262640204,2,2026-08-23,Fremantle,CD_R202626402
CD_I1009799,3,MIDFIELDER,"https://s.afl.com.au/staticfile/AFL Tenant/AFL/Players/ChampIDImages/AFLW/2026264/1009799.png?im=Scale,width=0.6,height=0.6",Alyce,Parker,CD_T7889,GWS,GWS GIANTS,GIANTS,2,85.00000000000001,0,0,11,4,2,0,0,0,14,0,0,12,26,95,17,12,1,0,3,0,0,0,10,8,0,0,3,0,6,0,0,18,2,1,0,431,1,22,0,0,3,0,1,0,1,1,3,4,0,7,26,4,12,2026-08-23,data//AFLW_2026-08-23.csv,NA,NA,0.5384615384615384,0.6538461538461539,5,0.6666666666666666,0.625,NA,NA,2.25,0.18181818181818182,NA,0,0.7857142857142857,0,CD_M20262640206,2,2026-08-23,Melbourne,CD_R202626402
CD_I1009803,30,RUCK,"https://s.afl.com.au/staticfile/AFL Tenant/AFL/Players/ChampIDImages/AFLW/2026264/1009803.png?im=Scale,width=0.6,height=0.6",Alexia,Hamilton,CD_T9408,SYD,Sydney Swans,Swans,2,73.5,0,0,0,0,1,0,0,0,1,0,0,4,7,33,7,4,0,1,0,0,0,0,1,3,0,0,1,0,3,1,1,4,2,0,0,133,3,6,0,0,1,0,0,0,0,3,0,3,0,0,5,2,4,2026-08-23,data//AFLW_2026-08-23.csv,NA,NA,0.2,1,3,1,1,NA,NA,1.3333333333333333,0.5,1,0,0,0.2,CD_M20262640209,2,2026-08-23,Essendon,CD_R202626402
CD_I1009813,20,KEY_DEFENDER,"https://s.afl.com.au/staticfile/AFL Tenant/AFL/Players/ChampIDImages/AFLW/2026264/1009813.png?im=Scale,width=0.6,height=0.6",Brenna,Tarrant,CD_T9408,SYD,Sydney Swans,Swans,2,88.7,0,0,0,0,3,1,3,2,7,0,0,5,11,43,10,4,0,0,1,0,0,0,4,7,0,0,0,0,8,0,0,4,4,0,0,35,3,5,0,0,0,0,1,0,0,3,0,1,0,0,11,1,4,2026-08-23,data//AFLW_2026-08-23.csv,0.3333333333333333,NA,0.6363636363636364,0.9090909090909091,6,1,0.8571428571428571,NA,NA,0.5714285714285714,0.2,NA,0,0,0,CD_M20262640209,2,2026-08-23,Essendon,CD_R202626402
CD_I1009822,17,MEDIUM_FORWARD,"https://s.afl.com.au/staticfile/AFL Tenant/AFL/Players/ChampIDImages/AFLW/2026264/1009822.png?im=Scale,width=0.6,height=0.6",Georgia,Garnett,CD_T7889,GWS,GWS GIANTS,GIANTS,2,65.8,0,0,0,0,1,0,0,0,1,0,0,1,7,33,6,2,1,0,0,100,0,0,1,4,0,0,1,0,2,0,0,3,4,1,2,51,0,4,0,0,0,0,1,0,0,0,0,1,1,0,6,2,5,2026-08-23,data//AFLW_2026-08-23.csv,NA,NA,0.16666666666666666,0.8571428571428571,4,0.6666666666666666,1,NA,NA,0.75,0.25,NA,0,0,0,CD_M20262640206,2,2026-08-23,Melbourne,CD_R202626402
CD_I1009824,6,MEDIUM_DEFENDER,"https://s.afl.com.au/staticfile/AFL Tenant/AFL/Players/ChampIDImages/AFLW/2026264/1009824.png?im=Scale,width=0.6,height=0.6",Lily,Postlethwaite,CD_T7887,BL,Brisbane Lions,Lions,2,75.30000000000001,0,0,3,1,2,0,0,0,5,0,0,5,9,29,6,3,1,0,0,0,0,0,3,4,0,0,0,0,2,0,0,5,2,0,0,66,1,9,0,0,1,0,0,0,0,0,0,0,0,1,10,3,5,2026-08-23,data//AFLW_2026-08-23.csv,NA,NA,0.5,0.6666666666666666,3,0.6,0.75,NA,NA,1.25,0,NA,0,0.2,0,CD_M20262640203,2,2026-08-22,North Melbourne,CD_R202626402
CD_I1009828,5,MEDIUM_DEFENDER,"https://s.afl.com.au/staticfile/AFL Tenant/AFL/Players/ChampIDImages/AFLW/2026264/1009828.png?im=Scale,width=0.6,height=0.6",Jade,Ellenger,CD_T7887,BL,Brisbane Lions,Lions,2,93.5,1,0,0,0,1,0,1,0,7,0,0,11,14,48,11,3,1,1,0,0,0,0,7,8,0,0,1,0,7,0,0,6,0,0,0,269,2,15,0,0,3,0,3,0,1,2,1,4,1,1,14,1,7,2026-08-23,data//AFLW_2026-08-23.csv,0,NA,0.5,0.7857142857142857,8,0.5,1,NA,NA,0.75,0.26666666666666666,NA,0,0,0,CD_M20262640203,2,2026-08-22,North Melbourne,CD_R202626402
CD_I1009831,29,MIDFIELDER,"https://s.afl.com.au/staticfile/AFL Tenant/AFL/Players/ChampIDImages/AFLW/2026264/1009831.png?im=Scale,width=0.6,height=0.6",Tarni,White,CD_T8097,COLL,Collingwood,Magpies,2,96,0,0,0,0,1,0,0,2,6,0,0,12,16,81,11,6,0,0,2,100,0,0,1,6,0,0,2,0,5,1,1,10,3,0,0,292,2,16,0,0,2,0,0,0,0,2,1,7,0,1,15,3,9,2026-08-23,data//AFLW_2026-08-23.csv,NA,NA,0.4,0.6875,5,0.6,0.8333333333333334,NA,NA,1.6666666666666667,0.4375,1,0,0,0.5,CD_M20262640204,2,2026-08-23,Fremantle,CD_R202626402
CD_I1009833,17,MIDFIELDER,"https://s.afl.com.au/staticfile/AFL Tenant/AFL/Players/ChampIDImages/AFLW/2026264/1009833.png?im=Scale,width=0.6,height=0.6",Isabel,Dawes,CD_T7887,BL,Brisbane Lions,Lions,2,83.20000000000002,0,0,13,1,6,0,0,0,8,0,0,12,13,57,4,3,1,2,1,0,1,0,4,4,0,0,3,0,4,0,0,9,1,0,0,291,4,24,0,0,3,0,2,0,1,1,1,6,1,2,14,6,6,2026-08-23,data//AFLW_2026-08-23.csv,NA,NA,0.5714285714285714,0.3076923076923077,1,0.3333333333333333,0.25,NA,NA,2.25,0.25,NA,0,0.8666666666666667,0,CD_M20262640203,2,2026-08-22,North Melbourne,CD_R202626402
CD_I1009836,10,MEDIUM_DEFENDER,"https://s.afl.com.au/staticfile/AFL Tenant/AFL/Players/ChampIDImages/AFLW/2026264/1009836.png?im=Scale,width=0.6,height=0.6",Natalie,Grider,CD_T7887,BL,Brisbane Lions,Lions,2,83.10000000000001,0,0,0,0,1,0,1,0,11,0,0,13,14,52,8,1,0,1,0,0,0,0,11,10,0,0,0,0,9,0,0,4,1,0,0,70,5,17,0,0,3,0,0,0,0,4,1,5,0,1,14,3,3,2026-08-23,data//AFLW_2026-08-23.csv,0,NA,0.7857142857142857,0.5714285714285714,7,0.25,0.7,NA,NA,0.4,0.29411764705882354,NA,0,0,0,CD_M20262640203,2,2026-08-22,North Melbourne,CD_R202626402
CD_I1009838,30,KEY_FORWARD,"https://s.afl.com.au/staticfile/AFL Tenant/AFL/Players/ChampIDImages/AFLW/2026264/1009838.png?im=Scale,width=0.6,height=0.6",Jesse,Tawhiao-Wardlaw,CD_T8796,STK,St Kilda,St Kilda,2,87.6,0,0,3,0,5,0,2,1,7,0,0,1,16,47,11,4,1,1,1,33.3,0,1,4,8,0,0,1,0,1,0,0,8,1,1,0,127,1,5,0,0,0,4,3,0,3,0,1,0,0,1,15,4,8,2026-08-23,data//AFLW_2026-08-23.csv,0,NA,0.4666666666666667,0.6875,7,0.5,0.875,0,0,1,0,NA,0.07692307692307693,0.15,0,CD_M20262640201,2,2026-08-22,Geelong Cats,CD_R202626402
CD_I1009844,2,RUCK,"https://s.afl.com.au/staticfile/AFL Tenant/AFL/Players/ChampIDImages/AFLW/2026264/1009844.png?im=Scale,width=0.6,height=0.6",Tahlia,Hickie,CD_T7887,BL,Brisbane Lions,Lions,2,95.49999999999999,0,0,10,0,3,0,1,0,7,1,1,1,12,64,7,2,2,0,1,0,0,0,5,7,24,2,0,0,3,0,0,5,2,1,0,82,3,9,0,0,3,46,2,0,0,2,2,1,0,2,13,7,6,2026-08-23,data//AFLW_2026-08-23.csv,0,1,0.5384615384615384,0.5833333333333334,5,0.4,0.7142857142857143,0.5217391304347826,0.043478260869565216,0.7142857142857143,0.1111111111111111,NA,0.7666666666666667,0.6666666666666666,0,CD_M20262640203,2,2026-08-22,North Melbourne,CD_R202626402
CD_I1009845,35,MEDIUM_FORWARD,"https://s.afl.com.au/staticfile/AFL Tenant/AFL/Players/ChampIDImages/AFLW/2026264/1009845.png?im=Scale,width=0.6,height=0.6",Kalinda,Howarth,CD_T8097,COLL,Collingwood,Magpies,1,52.6,0,0,0,0,3,0,0,0,1,0,0,4,15,70,11,7,0,0,0,0,1,0,1,4,0,0,1,0,5,1,1,11,7,2,0,259,2,5,0,0,4,0,3,0,1,1,0,2,0,0,13,3,12,2026-08-23,data//AFLW_2026-08-23.csv,NA,NA,0.07692307692307693,0.7333333333333333,4,0.6363636363636364,1,NA,NA,2.75,0.4,1,0,0,0.5,CD_M20262640204,2,2026-08-23,Fremantle,CD_R202626402
CD_I1009847,12,MIDFIELDER,"https://s.afl.com.au/staticfile/AFL Tenant/AFL/Players/ChampIDImages/AFLW/2026264/1009847.png?im=Scale,width=0.6,height=0.6",Sophie,Conway,CD_T7887,BL,Brisbane Lions,Lions,2,80.6,0,0,10,0,3,0,0,0,9,1,0,10,15,63,6,6,1,1,1,50,0,1,8,2,0,0,5,0,4,0,0,13,0,0,0,425,3,21,0,0,1,0,2,0,1,0,2,4,0,2,16,7,7,2026-08-23,data//AFLW_2026-08-23.csv,NA,0,0.5625,0.4,0,0.46153846153846156,0,NA,NA,6.5,0.19047619047619047,NA,0,0.6666666666666666,0,CD_M20262640203,2,2026-08-22,North Melbourne,CD_R202626402
CD_I1009853,5,MIDFIELDER,"https://s.afl.com.au/staticfile/AFL Tenant/AFL/Players/ChampIDImages/AFLW/2026264/1009853.png?im=Scale,width=0.6,height=0.6",Tyla,Hanks,CD_T7386,MELB,Melbourne,Demons,2,86.1,0,0,12,1,3,0,0,0,11,0,0,8,26,85,19,3,2,1,1,0,1,0,10,19,0,0,2,0,5,0,0,7,0,0,0,221,0,23,0,0,2,0,5,0,0,0,1,7,0,2,25,5,14,2026-08-23,data//AFLW_2026-08-23.csv,NA,NA,0.44,0.7307692307692307,16,0.42857142857142855,0.8421052631578947,NA,NA,0.3684210526315789,0.30434782608695654,NA,0,0.8571428571428571,0,CD_M20262640206,2,2026-08-23,GWS GIANTS,CD_R202626402
CD_I1009855,5,MEDIUM_FORWARD,"https://s.afl.com.au/staticfile/AFL Tenant/AFL/Players/ChampIDImages/AFLW/2026264/1009855.png?im=Scale,width=0.6,height=0.6",Darcy,Guttridge,CD_T8796,STK,St Kilda,St Kilda,1,77.1,0,0,0,0,3,0,0,0,6,1,0,4,8,31,4,2,1,0,0,0,0,0,5,4,0,0,0,0,2,0,0,4,1,0,1,69,2,17,0,0,0,0,1,0,1,0,0,2,2,0,10,4,4,2026-08-23,data//AFLW_2026-08-23.csv,NA,0,0.6,0.5,2,0.5,0.5,NA,NA,1,0.11764705882352941,NA,0,0,0,CD_M20262640201,2,2026-08-22,Geelong Cats,CD_R202626402
CD_I1009856,3,MIDFIELDER,"https://s.afl.com.au/staticfile/AFL Tenant/AFL/Players/ChampIDImages/AFLW/2026264/1009856.png?im=Scale,width=0.6,height=0.6",Grace,Egan,CD_T8098,ADEL,Adelaide Crows,Crows,2,79.30000000000001,0,0,0,0,8,0,0,0,3,1,0,3,15,40,5,2,0,4,0,25,0,0,3,7,0,0,5,0,1,0,0,8,2,0,1,253,1,19,0,0,0,0,0,0,0,0,0,2,1,0,14,4,11,2026-08-23,data//AFLW_2026-08-23.csv,NA,0,0.21428571428571427,0.3333333333333333,3,0.25,0.42857142857142855,NA,NA,1.1428571428571428,0.10526315789473684,NA,0,0,0,CD_M20262640205,2,2026-08-23,Carlton,CD_R202626402
CD_I1009857,17,KEY_DEFENDER,"https://s.afl.com.au/staticfile/AFL Tenant/AFL/Players/ChampIDImages/AFLW/2026264/1009857.png?im=Scale,width=0.6,height=0.6",Georgia,Clarke,CD_T9406,ESS,Essendon,Bombers,1,79,0,0,0,1,3,1,3,0,6,0,0,7,14,56,12,4,0,0,1,0,0,0,4,8,0,0,1,0,7,1,1,6,3,0,0,127,4,9,0,0,4,0,1,0,0,3,0,3,0,1,13,1,7,2026-08-23,data//AFLW_2026-08-23.csv,0.3333333333333333,NA,0.46153846153846156,0.8571428571428571,8,0.6666666666666666,1,NA,NA,0.75,0.3333333333333333,1,0,0,0.08333333333333333,CD_M20262640209,2,2026-08-23,Sydney Swans,CD_R202626402
CD_I1009860,21,MIDFIELDER,"https://s.afl.com.au/staticfile/AFL Tenant/AFL/Players/ChampIDImages/AFLW/2026264/1009860.png?im=Scale,width=0.6,height=0.6",Rebecca,Webster,CD_T8467,GEEL,Geelong Cats,Cats,2,90.7,0,0,0,0,2,0,0,2,6,0,0,7,30,96,18,12,0,1,0,0,2,0,4,11,0,0,6,0,6,1,1,19,4,0,1,497,0,8,0,0,7,0,4,0,0,0,0,2,0,0,28,10,22,2026-08-23,data//AFLW_2026-08-23.csv,NA,NA,0.21428571428571427,0.6,6,0.631578947368421,0.5454545454545454,NA,NA,1.7272727272727273,0.25,1,0,0,0.3333333333333333,CD_M20262640201,2,2026-08-22,St Kilda,CD_R202626402
CD_I1009861,2,MIDFIELDER,"https://s.afl.com.au/staticfile/AFL Tenant/AFL/Players/ChampIDImages/AFLW/2026264/1009861.png?im=Scale,width=0.6,height=0.6",Olivia,Purcell,CD_T7386,MELB,Melbourne,Demons,2,83.6,0,0,11,2,3,0,0,0,11,0,0,8,36,113,26,8,1,2,2,0,0,0,7,22,0,0,3,0,3,0,0,14,5,1,0,321,1,13,0,0,1,0,9,0,0,0,2,4,0,4,35,6,24,2026-08-23,data//AFLW_2026-08-23.csv,NA,NA,0.3142857142857143,0.7222222222222222,18,0.5714285714285714,0.8181818181818182,NA,NA,0.6363636363636364,0.3076923076923077,NA,0,0.7857142857142857,0,CD_M20262640206,2,2026-08-23,GWS GIANTS,CD_R202626402
CD_I1009863,9,MIDFIELDER,"https://s.afl.com.au/staticfile/AFL Tenant/AFL/Players/ChampIDImages/AFLW/2026264/1009863.png?im=Scale,width=0.6,height=0.6",Nina,Morrison,CD_T8467,GEEL,Geelong Cats,Cats,2,76.9,0,0,14,0,5,0,0,0,10,2,1,9,27,88,16,6,3,3,0,100,0,1,10,13,0,0,3,0,4,0,0,14,1,0,0,393,1,21,0,0,2,0,7,0,1,0,2,5,2,2,29,6,19,2026-08-23,data//AFLW_2026-08-23.csv,NA,0.5,0.3448275862068966,0.5925925925925926,10,0.42857142857142855,0.7692307692307693,NA,NA,1.0769230769230769,0.23809523809523808,NA,0,0.7,0,CD_M20262640201,2,2026-08-22,St Kilda,CD_R202626402
CD_I1009865,9,MEDIUM_DEFENDER,"https://s.afl.com.au/staticfile/AFL Tenant/AFL/Players/ChampIDImages/AFLW/2026264/1009865.png?im=Scale,width=0.6,height=0.6",Lucy,McEvoy,CD_T9408,SYD,Sydney Swans,Swans,2,86.19999999999999,1,0,16,2,4,0,0,0,11,2,1,5,19,75,12,4,1,1,1,0,0,0,10,11,0,0,3,0,3,0,0,8,2,0,1,250,0,15,0,0,1,0,2,0,1,0,2,6,2,4,18,3,7,2026-08-23,data//AFLW_2026-08-23.csv,NA,0.5,0.6111111111111112,0.631578947368421,8,0.5,0.7272727272727273,NA,NA,0.7272727272727273,0.4,NA,0,0.8421052631578947,0,CD_M20262640209,2,2026-08-23,Essendon,CD_R202626402
CD_I1009866,19,RUCK,"https://s.afl.com.au/staticfile/AFL Tenant/AFL/Players/ChampIDImages/AFLW/2026264/1009866.png?im=Scale,width=0.6,height=0.6",Rene,Caris,CD_T8796,STK,St Kilda,St Kilda,2,60.5,0,0,10,1,3,1,2,1,3,1,0,5,9,50,6,3,0,1,1,0,0,0,1,5,9,2,0,0,3,0,0,4,3,0,0,50,0,8,0,0,1,31,0,0,0,0,1,3,0,2,9,2,6,2026-08-23,data//AFLW_2026-08-23.csv,0.5,0,0.3333333333333333,0.6666666666666666,3,0.75,0.6,0.2903225806451613,0.06451612903225806,0.8,0.375,NA,0.5961538461538461,0.5,0,CD_M20262640201,2,2026-08-22,Geelong Cats,CD_R202626402
CD_I1009867,21,MIDFIELDER,"https://s.afl.com.au/staticfile/AFL Tenant/AFL/Players/ChampIDImages/AFLW/2026264/1009867.png?im=Scale,width=0.6,height=0.6",Georgia,Patrikios,CD_T8796,STK,St Kilda,St Kilda,2,81.8,0,0,17,1,8,0,0,0,13,0,0,9,30,90,19,8,2,4,1,0,0,0,11,13,0,0,4,0,4,0,0,17,4,0,0,435,1,13,0,0,2,0,2,0,1,0,4,3,0,5,31,10,18,2026-08-23,data//AFLW_2026-08-23.csv,NA,NA,0.41935483870967744,0.6333333333333333,11,0.47058823529411764,0.8461538461538461,NA,NA,1.3076923076923077,0.23076923076923078,NA,0,0.85,0,CD_M20262640201,2,2026-08-22,Geelong Cats,CD_R202626402
CD_I1009868,5,MIDFIELDER,"https://s.afl.com.au/staticfile/AFL Tenant/AFL/Players/ChampIDImages/AFLW/2026264/1009868.png?im=Scale,width=0.6,height=0.6",Maddy,Brancatisano,CD_T8786,GCFC,Gold Coast SUNS,SUNS,1,54.3,0,0,8,0,1,0,0,0,5,0,0,3,13,42,10,2,2,1,0,0,0,0,5,9,0,0,0,0,0,0,0,4,1,0,0,107,1,6,0,0,0,0,2,0,0,1,0,3,1,0,13,2,8,2026-08-23,data//AFLW_2026-08-23.csv,NA,NA,0.38461538461538464,0.7692307692307693,8,0.5,0.8888888888888888,NA,NA,0.4444444444444444,0.5,NA,0,0.47058823529411764,0,CD_M20262640208,2,2026-08-22,West Coast Eagles,CD_R202626402
CD_I1009873,23,MIDFIELDER,"https://s.afl.com.au/staticfile/AFL Tenant/AFL/Players/ChampIDImages/AFLW/2026264/1009873.png?im=Scale,width=0.6,height=0.6",Olivia,Vesely,CD_T8796,STK,St Kilda,St Kilda,2,50.599999999999994,0,0,8,0,2,0,0,0,2,0,0,4,7,33,5,3,0,1,2,0,0,0,0,2,0,0,2,0,1,0,0,5,1,0,0,141,0,15,0,0,1,0,0,0,0,0,1,3,1,1,8,3,6,2026-08-23,data//AFLW_2026-08-23.csv,NA,NA,0.25,0.7142857142857143,2,0.6,1,NA,NA,2.5,0.2,NA,0,0.4,0,CD_M20262640201,2,2026-08-22,Geelong Cats,CD_R202626402
CD_I1009882,1,MIDFIELDER,"https://s.afl.com.au/staticfile/AFL Tenant/AFL/Players/ChampIDImages/AFLW/2026264/1009882.png?im=Scale,width=0.6,height=0.6",Gabrielle,Newton,CD_T7886,FRE,Fremantle,Freo,2,89.3,0,0,11,0,2,0,0,0,11,0,0,2,26,81,22,6,1,0,1,0,1,0,10,17,0,0,1,0,7,0,0,9,1,0,0,117,2,10,0,0,0,0,2,0,1,0,2,4,0,2,27,3,16,2026-08-23,data//AFLW_2026-08-23.csv,NA,NA,0.4074074074074074,0.8461538461538461,16,0.6666666666666666,0.9411764705882353,NA,NA,0.5294117647058824,0.4,NA,0,0.6875,0,CD_M20262640204,2,2026-08-23,Collingwood,CD_R202626402
CD_I1009885,4,MIDFIELDER,"https://s.afl.com.au/staticfile/AFL Tenant/AFL/Players/ChampIDImages/AFLW/2026264/1009885.png?im=Scale,width=0.6,height=0.6",Madison,Prespakis,CD_T9406,ESS,Essendon,Bombers,2,90.1,0,2,16,2,4,0,0,0,6,0,0,11,32,108,22,16,1,1,2,0,1,0,5,10,0,0,4,0,1,6,6,22,1,0,0,494,0,17,0,0,5,0,6,0,0,0,2,5,0,4,25,5,19,2026-08-23,data//AFLW_2026-08-23.csv,NA,NA,0.24,0.6875,6,0.7272727272727273,0.6,NA,NA,2.2,0.29411764705882354,1,0,0.8421052631578947,0.5,CD_M20262640209,2,2026-08-23,Sydney Swans,CD_R202626402
CD_I1009906,1,MIDFIELDER_FORWARD,"https://s.afl.com.au/staticfile/AFL Tenant/AFL/Players/ChampIDImages/AFLW/2026264/1009906.png?im=Scale,width=0.6,height=0.6",Mikayla,Bowen,CD_T8467,GEEL,Geelong Cats,Cats,2,87.4,0,0,11,3,2,0,0,0,12,0,0,10,27,124,26,10,3,1,3,100,0,1,7,16,0,0,0,0,6,0,0,11,3,0,0,169,0,25,0,0,2,0,9,0,1,0,1,11,3,4,26,1,14,2026-08-23,data//AFLW_2026-08-23.csv,NA,NA,0.46153846153846156,0.9629629629629629,16,0.9090909090909091,1,NA,NA,0.6875,0.44,NA,0,0.55,0,CD_M20262640201,2,2026-08-22,St Kilda,CD_R202626402
CD_I1009907,9,MEDIUM_FORWARD,"https://s.afl.com.au/staticfile/AFL Tenant/AFL/Players/ChampIDImages/AFLW/2026264/1009907.png?im=Scale,width=0.6,height=0.6",Roxanne,Roux,CD_T8787,WCE,West Coast Eagles,Eagles,2,62.400000000000006,0,0,0,0,3,1,2,0,4,1,1,4,8,37,1,1,2,0,1,0,0,0,3,2,0,0,1,0,1,1,0,6,2,0,0,169,2,7,0,0,0,0,0,0,1,2,0,2,2,0,8,5,4,2026-08-23,data//AFLW_2026-08-23.csv,0.5,1,0.5,0.125,0,0.16666666666666666,0,NA,NA,3,0.2857142857142857,0,0,0,0.1111111111111111,CD_M20262640208,2,2026-08-22,Gold Coast SUNS,CD_R202626402
CD_I1009962,21,MEDIUM_DEFENDER,"https://s.afl.com.au/staticfile/AFL Tenant/AFL/Players/ChampIDImages/AFLW/2026264/1009962.png?im=Scale,width=0.6,height=0.6",Poppy,Boltz,CD_T7889,GWS,GWS GIANTS,GIANTS,2,69.2,0,1,0,0,2,0,2,0,6,0,0,5,8,28,5,0,0,2,0,0,0,0,5,5,0,0,1,0,5,0,0,3,1,0,0,117,2,6,0,0,0,0,0,0,0,1,0,3,0,0,10,3,4,2026-08-23,data//AFLW_2026-08-23.csv,0,NA,0.6,0.625,5,0,1,NA,NA,0.6,0.5,NA,0,0,0,CD_M20262640206,2,2026-08-23,Melbourne,CD_R202626402
CD_I1009976,6,MEDIUM_DEFENDER,"https://s.afl.com.au/staticfile/AFL Tenant/AFL/Players/ChampIDImages/AFLW/2026264/1009976.png?im=Scale,width=0.6,height=0.6",Maddison,Gay,CD_T9406,ESS,Essendon,Bombers,2,70.3,0,0,1,0,4,0,0,1,6,0,0,8,19,75,11,8,0,0,0,0,0,0,5,5,0,0,1,0,5,5,5,14,5,0,0,385,2,12,0,0,5,0,2,0,0,1,0,2,0,0,14,8,8,2026-08-23,data//AFLW_2026-08-23.csv,NA,NA,0.42857142857142855,0.5789473684210527,3,0.5714285714285714,0.6,NA,NA,2.8,0.16666666666666666,1,0,0.05263157894736842,0.4166666666666667,CD_M20262640209,2,2026-08-23,Sydney Swans,CD_R202626402
CD_I1009980,10,MIDFIELDER,"https://s.afl.com.au/staticfile/AFL Tenant/AFL/Players/ChampIDImages/AFLW/2026264/1009980.png?im=Scale,width=0.6,height=0.6",Kate,Hore,CD_T7386,MELB,Melbourne,Demons,2,92.9,0,0,9,2,1,0,0,0,6,0,0,4,15,67,10,6,3,0,0,28.6,2,1,4,6,0,0,2,0,0,0,0,9,2,1,0,222,0,15,0,0,0,0,6,0,2,0,1,4,2,3,15,1,9,2026-08-23,data//AFLW_2026-08-23.csv,NA,NA,0.4,0.6666666666666666,4,0.6666666666666666,0.6666666666666666,NA,NA,1.5,0.26666666666666666,NA,0,0.6428571428571429,0,CD_M20262640206,2,2026-08-23,GWS GIANTS,CD_R202626402
CD_I1010097,31,MIDFIELDER,"https://s.afl.com.au/staticfile/AFL Tenant/AFL/Players/ChampIDImages/AFLW/2026264/1010097.png?im=Scale,width=0.6,height=0.6",Isabella,Shannon,CD_T8787,WCE,West Coast Eagles,Eagles,2,41.3,0,0,4,0,2,0,0,0,1,0,0,2,5,18,2,1,1,1,0,100,0,0,1,1,0,0,2,0,0,0,0,4,1,0,0,130,0,4,0,0,1,0,0,0,0,0,0,1,0,0,6,4,5,2026-08-23,data//AFLW_2026-08-23.csv,NA,NA,0.16666666666666666,0.4,1,0.25,1,NA,NA,4,0.25,NA,0,0.23529411764705882,0,CD_M20262640208,2,2026-08-22,Gold Coast SUNS,CD_R202626402
CD_I1010102,35,MEDIUM_FORWARD,"https://s.afl.com.au/staticfile/AFL Tenant/AFL/Players/ChampIDImages/AFLW/2026264/1010102.png?im=Scale,width=0.6,height=0.6",Nell,Morris-Dalton,CD_T8096,CARL,Carlton,Blues,2,74.60000000000001,0,0,0,0,4,0,0,1,6,3,2,1,18,101,14,8,1,1,1,100,1,3,4,6,0,0,3,0,4,0,0,12,7,1,1,322,0,6,0,0,0,0,8,0,3,0,0,4,2,0,20,5,14,2026-08-23,data//AFLW_2026-08-23.csv,NA,0.6666666666666666,0.3,0.7777777777777778,6,0.6666666666666666,1,NA,NA,2,0.6666666666666666,NA,0,0,0,CD_M20262640205,2,2026-08-23,Adelaide Crows,CD_R202626402
CD_I1010103,3,MEDIUM_DEFENDER,"https://s.afl.com.au/staticfile/AFL Tenant/AFL/Players/ChampIDImages/AFLW/2026264/1010103.png?im=Scale,width=0.6,height=0.6",Isabella,Grant,CD_T7387,WB,Western Bulldogs,Bulldogs,2,79.9,0,0,0,0,3,0,1,0,7,0,0,3,12,39,9,5,0,1,0,0,0,0,7,4,0,0,2,0,8,0,0,8,2,0,0,167,3,4,0,0,1,0,3,0,0,3,0,1,0,0,12,3,5,2026-08-23,data//AFLW_2026-08-23.csv,0,NA,0.5833333333333334,0.75,4,0.625,1,NA,NA,2,0.25,NA,0,0,0,CD_M20262640202,2,2026-08-22,Richmond,CD_R202626402
CD_I1010104,4,MIDFIELDER,"https://s.afl.com.au/staticfile/AFL Tenant/AFL/Players/ChampIDImages/AFLW/2026264/1010104.png?im=Scale,width=0.6,height=0.6",Monique,Conti,CD_T8788,RICH,Richmond,Richmond,2,78.5,1,0,13,3,3,0,0,0,11,0,0,14,26,104,14,12,1,0,4,25,2,0,6,8,0,0,7,0,6,0,0,18,3,1,0,670,0,23,0,0,0,0,7,0,1,0,3,5,0,6,25,8,14,2026-08-23,data//AFLW_2026-08-23.csv,NA,NA,0.44,0.5384615384615384,2,0.6666666666666666,0.25,NA,NA,2.25,0.21739130434782608,NA,0,0.8666666666666667,0,CD_M20262640202,2,2026-08-22,Western Bulldogs,CD_R202626402
CD_I1010257,9,KEY_DEFENDER,"https://s.afl.com.au/staticfile/AFL Tenant/AFL/Players/ChampIDImages/AFLW/2026264/1010257.png?im=Scale,width=0.6,height=0.6",Clara,Fitzpatrick,CD_T8786,GCFC,Gold Coast SUNS,SUNS,2,88.4,0,0,0,0,2,1,2,1,5,0,0,6,10,53,7,6,0,0,2,0,0,0,2,2,0,0,2,0,7,0,0,8,5,0,0,219,3,7,0,0,1,0,0,0,0,3,0,2,0,0,11,2,6,2026-08-23,data//AFLW_2026-08-23.csv,0.5,NA,0.45454545454545453,0.7,1,0.75,0.5,NA,NA,4,0.2857142857142857,NA,0,0,0,CD_M20262640208,2,2026-08-22,West Coast Eagles,CD_R202626402
CD_I1010263,5,MEDIUM_FORWARD,"https://s.afl.com.au/staticfile/AFL Tenant/AFL/Players/ChampIDImages/AFLW/2026264/1010263.png?im=Scale,width=0.6,height=0.6",Chloe,Molloy,CD_T9408,SYD,Sydney Swans,Swans,2,92.99999999999999,3,0,3,0,2,0,0,1,10,4,1,3,17,75,7,6,5,1,0,22.2,0,1,8,5,0,0,2,0,3,0,0,12,1,1,0,258,1,8,0,0,1,0,6,0,4,1,1,5,1,1,15,4,5,2026-08-23,data//AFLW_2026-08-23.csv,NA,0.25,0.6666666666666666,0.4117647058823529,1,0.5,0.2,NA,NA,2.4,0.625,NA,0,0.15789473684210525,0,CD_M20262640209,2,2026-08-23,Essendon,CD_R202626402
CD_I1010264,25,MEDIUM_DEFENDER,"https://s.afl.com.au/staticfile/AFL Tenant/AFL/Players/ChampIDImages/AFLW/2026264/1010264.png?im=Scale,width=0.6,height=0.6",Alexandra,Morcom,CD_T9406,ESS,Essendon,Bombers,2,94.49999999999999,0,0,0,0,0,1,3,0,5,0,0,11,9,34,7,4,0,0,1,0,0,0,4,4,0,0,0,0,5,0,0,5,2,0,0,105,3,13,0,0,0,0,0,0,0,3,0,1,0,0,10,3,5,2026-08-23,data//AFLW_2026-08-23.csv,0.3333333333333333,NA,0.5,0.7777777777777778,3,0.8,0.75,NA,NA,1.25,0.07692307692307693,NA,0,0,0,CD_M20262640209,2,2026-08-23,Sydney Swans,CD_R202626402
CD_I1010265,7,MIDFIELDER,"https://s.afl.com.au/staticfile/AFL Tenant/AFL/Players/ChampIDImages/AFLW/2026264/1010265.png?im=Scale,width=0.6,height=0.6",Ash,Riddell,CD_T8466,NMFC,North Melbourne,Kangaroos,2,80.70000000000002,0,0,13,1,8,0,0,0,13,0,0,7,42,124,19,8,1,1,1,0,1,0,10,18,0,0,5,0,3,0,0,24,2,0,0,468,1,18,0,0,3,0,4,0,0,0,4,3,0,5,35,10,22,2026-08-23,data//AFLW_2026-08-23.csv,NA,NA,0.37142857142857144,0.4523809523809524,11,0.3333333333333333,0.6111111111111112,NA,NA,1.3333333333333333,0.16666666666666666,NA,0,0.8666666666666667,0,CD_M20262640203,2,2026-08-22,Brisbane Lions,CD_R202626402
CD_I1010662,4,MIDFIELDER,"https://s.afl.com.au/staticfile/AFL Tenant/AFL/Players/ChampIDImages/AFLW/2026264/1010662.png?im=Scale,width=0.6,height=0.6",Claudia,Whitfort,CD_T8096,CARL,Carlton,Blues,2,66.89999999999999,0,1,8,3,0,0,0,0,13,0,0,9,23,86,20,6,0,0,1,100,0,1,9,15,0,0,2,0,4,0,0,8,3,0,0,205,1,13,0,0,2,0,1,0,1,0,2,4,0,5,24,2,11,2026-08-23,data//AFLW_2026-08-23.csv,NA,NA,0.5416666666666666,0.8695652173913043,14,0.75,0.9333333333333333,NA,NA,0.5333333333333333,0.3076923076923077,NA,0,0.5714285714285714,0,CD_M20262640205,2,2026-08-23,Adelaide Crows,CD_R202626402
CD_I1010663,24,MEDIUM_DEFENDER,"https://s.afl.com.au/staticfile/AFL Tenant/AFL/Players/ChampIDImages/AFLW/2026264/1010663.png?im=Scale,width=0.6,height=0.6",Ashleigh,Brazill,CD_T7886,FRE,Fremantle,Freo,2,87.9,0,0,0,0,2,0,0,0,6,0,0,8,14,52,10,2,0,0,1,0,0,0,5,9,0,0,0,0,6,0,0,5,2,0,0,144,0,12,0,0,4,0,0,0,0,0,0,3,0,0,15,4,9,2026-08-23,data//AFLW_2026-08-23.csv,NA,NA,0.4,0.7142857142857143,8,0.4,0.8888888888888888,NA,NA,0.5555555555555556,0.25,NA,0,0,0,CD_M20262640204,2,2026-08-23,Collingwood,CD_R202626402
CD_I1010677,26,RUCK,"https://s.afl.com.au/staticfile/AFL Tenant/AFL/Players/ChampIDImages/AFLW/2026264/1010677.png?im=Scale,width=0.6,height=0.6",Kim,Rennie,CD_T8466,NMFC,North Melbourne,Kangaroos,2,76.30000000000001,0,0,14,0,4,0,1,0,9,0,0,3,14,68,9,4,0,0,2,0,0,0,4,7,20,8,2,0,5,0,0,7,1,0,0,174,6,6,0,0,1,44,1,0,0,2,4,2,0,4,16,3,7,2026-08-23,data//AFLW_2026-08-23.csv,0,NA,0.5625,0.6428571428571429,5,0.5714285714285714,0.7142857142857143,0.45454545454545453,0.18181818181818182,1,0.3333333333333333,NA,0.7333333333333333,0.9333333333333333,0,CD_M20262640203,2,2026-08-22,Brisbane Lions,CD_R202626402
CD_I1010686,11,MEDIUM_DEFENDER,"https://s.afl.com.au/staticfile/AFL Tenant/AFL/Players/ChampIDImages/AFLW/2026264/1010686.png?im=Scale,width=0.6,height=0.6",Elle,Bennetts,CD_T7387,WB,Western Bulldogs,Bulldogs,2,77.6,0,0,0,0,4,0,0,0,4,0,0,5,24,84,18,12,0,0,0,0,0,0,4,7,0,0,2,0,4,5,5,17,5,0,0,430,2,9,0,0,3,0,2,0,0,2,0,1,0,0,20,5,16,2026-08-23,data//AFLW_2026-08-23.csv,NA,NA,0.2,0.75,6,0.7058823529411765,0.8571428571428571,NA,NA,2.4285714285714284,0.1111111111111111,1,0,0,0.7142857142857143,CD_M20262640202,2,2026-08-22,Richmond,CD_R202626402
CD_I1010688,35,MIDFIELDER,"https://s.afl.com.au/staticfile/AFL Tenant/AFL/Players/ChampIDImages/AFLW/2026264/1010688.png?im=Scale,width=0.6,height=0.6",Maddie,Shevlin,CD_T8788,RICH,Richmond,Richmond,2,69.6,1,0,0,0,3,0,0,0,3,0,0,2,6,22,3,3,0,1,2,0,0,0,1,0,0,0,1,0,2,0,0,6,0,0,0,124,0,4,0,0,0,0,2,0,2,0,1,1,0,1,6,4,3,2026-08-23,data//AFLW_2026-08-23.csv,NA,NA,0.5,0.5,0,0.5,NA,NA,NA,Inf,0.25,NA,0,0,0,CD_M20262640202,2,2026-08-22,Western Bulldogs,CD_R202626402
CD_I1010690,8,KEY_FORWARD,"https://s.afl.com.au/staticfile/AFL Tenant/AFL/Players/ChampIDImages/AFLW/2026264/1010690.png?im=Scale,width=0.6,height=0.6",Bonnie,Toogood,CD_T9406,ESS,Essendon,Bombers,2,96.5,0,0,2,0,4,0,0,0,8,1,0,5,12,61,7,6,1,0,3,100,0,1,5,3,0,0,3,0,1,0,0,9,1,0,1,199,1,8,0,0,2,0,1,0,1,1,1,4,0,1,11,5,3,2026-08-23,data//AFLW_2026-08-23.csv,NA,0,0.7272727272727273,0.5833333333333334,1,0.6666666666666666,0.3333333333333333,NA,NA,3,0.5,NA,0,0.10526315789473684,0,CD_M20262640209,2,2026-08-23,Sydney Swans,CD_R202626402
CD_I1011057,25,MIDFIELDER_FORWARD,"https://s.afl.com.au/staticfile/AFL Tenant/AFL/Players/ChampIDImages/AFLW/2026264/1011057.png?im=Scale,width=0.6,height=0.6",Teah,Charlton,CD_T8098,ADEL,Adelaide Crows,Crows,2,70.89999999999999,0,0,9,0,3,0,0,0,5,0,0,10,10,55,6,2,0,1,1,50,0,0,4,4,0,0,0,0,4,0,0,6,1,0,0,88,1,16,0,0,1,0,0,0,0,0,2,7,0,2,11,3,6,2026-08-23,data//AFLW_2026-08-23.csv,NA,NA,0.45454545454545453,0.6,4,0.3333333333333333,1,NA,NA,1.5,0.4375,NA,0,0.6428571428571429,0,CD_M20262640205,2,2026-08-23,Carlton,CD_R202626402
CD_I1011062,28,MEDIUM_DEFENDER,"https://s.afl.com.au/staticfile/AFL Tenant/AFL/Players/ChampIDImages/AFLW/2026264/1011062.png?im=Scale,width=0.6,height=0.6",Cheyenne,Hammond,CD_T9409,PORT,Port Adelaide,Power,2,73.89999999999999,0,0,0,1,2,3,3,0,2,0,0,8,5,18,3,2,0,0,0,0,0,0,1,1,0,0,2,0,1,0,0,4,0,0,0,137,2,11,0,0,1,0,1,0,0,1,0,1,0,1,6,3,4,2026-08-23,data//AFLW_2026-08-23.csv,1,NA,0.3333333333333333,0.6,1,0.5,1,NA,NA,4,0.09090909090909091,NA,0,0,0,CD_M20262640207,2,2026-08-23,Hawthorn,CD_R202626402
CD_I1011069,6,MEDIUM_FORWARD,"https://s.afl.com.au/staticfile/AFL Tenant/AFL/Players/ChampIDImages/AFLW/2026264/1011069.png?im=Scale,width=0.6,height=0.6",Hannah,Munyard,CD_T8098,ADEL,Adelaide Crows,Crows,2,72.89999999999999,1,2,0,0,3,0,0,2,9,1,1,3,16,58,8,4,1,1,1,0,0,0,5,6,0,0,3,0,2,0,0,10,3,1,0,240,2,17,0,0,0,0,1,0,1,1,0,2,0,0,18,5,9,2026-08-23,data//AFLW_2026-08-23.csv,NA,1,0.5,0.5,4,0.4,0.6666666666666666,NA,NA,1.6666666666666667,0.11764705882352941,NA,0,0,0,CD_M20262640205,2,2026-08-23,Carlton,CD_R202626402
CD_I1011080,12,KEY_DEFENDER,"https://s.afl.com.au/staticfile/AFL Tenant/AFL/Players/ChampIDImages/AFLW/2026264/1011080.png?im=Scale,width=0.6,height=0.6",Chelsea,Biddell,CD_T8098,ADEL,Adelaide Crows,Crows,2,98.6,0,0,0,0,1,1,3,3,8,0,0,9,16,65,12,7,0,0,0,0,0,0,5,6,0,0,1,0,8,2,1,10,5,0,0,303,2,14,0,0,4,0,2,0,0,2,0,2,0,0,15,4,7,2026-08-23,data//AFLW_2026-08-23.csv,0.3333333333333333,NA,0.5333333333333333,0.75,5,0.7,0.8333333333333334,NA,NA,1.6666666666666667,0.14285714285714285,0.5,0,0,0.2857142857142857,CD_M20262640205,2,2026-08-23,Carlton,CD_R202626402
CD_I1011095,17,MIDFIELDER,"https://s.afl.com.au/staticfile/AFL Tenant/AFL/Players/ChampIDImages/AFLW/2026264/1011095.png?im=Scale,width=0.6,height=0.6",Madison,Newman,CD_T8098,ADEL,Adelaide Crows,Crows,2,90.29999999999998,1,0,0,0,2,0,2,0,6,0,0,3,30,106,20,13,1,0,2,66.7,0,1,6,8,0,0,6,0,8,1,1,22,5,0,0,610,1,9,0,0,5,0,4,0,2,1,0,0,0,0,29,8,23,2026-08-23,data//AFLW_2026-08-23.csv,0,NA,0.20689655172413793,0.6666666666666666,7,0.5909090909090909,0.875,NA,NA,2.75,0,1,0,0,0.14285714285714285,CD_M20262640205,2,2026-08-23,Carlton,CD_R202626402
CD_I1012236,5,MEDIUM_DEFENDER,"https://s.afl.com.au/staticfile/AFL Tenant/AFL/Players/ChampIDImages/AFLW/2026264/1012236.png?im=Scale,width=0.6,height=0.6",Sarah,Verrier,CD_T7886,FRE,Fremantle,Freo,2,73.10000000000001,0,1,0,1,1,0,0,0,5,0,0,3,18,86,14,10,0,0,3,0,0,0,3,6,0,0,1,0,1,5,2,12,5,0,0,268,0,8,0,0,1,0,1,0,0,0,1,5,0,2,17,5,12,2026-08-23,data//AFLW_2026-08-23.csv,NA,NA,0.29411764705882354,0.7777777777777778,4,0.8333333333333334,0.6666666666666666,NA,NA,2,0.625,0.4,0,0,0.8333333333333334,CD_M20262640204,2,2026-08-23,Collingwood,CD_R202626402
CD_I1012241,5,MIDFIELDER,"https://s.afl.com.au/staticfile/AFL Tenant/AFL/Players/ChampIDImages/AFLW/2026264/1012241.png?im=Scale,width=0.6,height=0.6",Abbey,Dowrick,CD_T9409,PORT,Port Adelaide,Power,2,80.5,0,1,17,1,5,0,1,0,13,0,0,10,25,99,16,13,2,1,1,66.7,0,1,8,6,0,0,5,0,3,0,0,19,2,0,0,528,3,19,0,0,3,0,2,0,1,1,5,5,1,6,24,7,11,2026-08-23,data//AFLW_2026-08-23.csv,0,NA,0.5416666666666666,0.64,3,0.6842105263157895,0.5,NA,NA,3.1666666666666665,0.2631578947368421,NA,0,0.8947368421052632,0,CD_M20262640207,2,2026-08-23,Hawthorn,CD_R202626402
CD_I1012242,3,MEDIUM_DEFENDER,"https://s.afl.com.au/staticfile/AFL Tenant/AFL/Players/ChampIDImages/AFLW/2026264/1012242.png?im=Scale,width=0.6,height=0.6",Emma,O'Driscoll,CD_T7886,FRE,Fremantle,Freo,1,69.6,0,0,0,0,2,1,4,2,8,0,0,3,22,88,21,12,0,1,2,0,0,0,4,10,0,0,0,0,11,0,0,12,7,0,0,255,3,7,0,0,3,0,1,0,0,2,0,3,0,0,21,3,13,2026-08-23,data//AFLW_2026-08-23.csv,0.25,NA,0.38095238095238093,0.9545454545454546,9,1,0.9,NA,NA,1.2,0.42857142857142855,NA,0,0,0,CD_M20262640204,2,2026-08-23,Collingwood,CD_R202626402
CD_I1012259,18,MIDFIELDER,"https://s.afl.com.au/staticfile/AFL Tenant/AFL/Players/ChampIDImages/AFLW/2026264/1012259.png?im=Scale,width=0.6,height=0.6",Jaide,Britton,CD_T8787,WCE,West Coast Eagles,Eagles,2,87.4,0,1,0,0,3,0,0,0,5,0,0,5,18,73,13,2,1,0,0,0,0,0,5,14,0,0,1,0,3,0,0,4,3,0,0,78,0,9,0,0,0,0,1,0,0,0,1,6,0,1,16,4,11,2026-08-23,data//AFLW_2026-08-23.csv,NA,NA,0.3125,0.7222222222222222,11,0.5,0.7857142857142857,NA,NA,0.2857142857142857,0.6666666666666666,NA,0,0,0,CD_M20262640208,2,2026-08-22,Gold Coast SUNS,CD_R202626402
CD_I1012560,16,MEDIUM_DEFENDER,"https://s.afl.com.au/staticfile/AFL Tenant/AFL/Players/ChampIDImages/AFLW/2026264/1012560.png?im=Scale,width=0.6,height=0.6",Chantel,Emonson,CD_T8467,GEEL,Geelong Cats,Cats,2,81.20000000000002,0,0,0,0,2,0,3,1,3,0,0,5,14,55,14,10,0,1,1,0,0,0,2,4,0,0,0,0,6,2,2,10,5,0,0,213,2,6,0,0,3,0,1,0,0,2,0,1,0,0,13,2,10,2026-08-23,data//AFLW_2026-08-23.csv,0,NA,0.23076923076923078,1,4,1,1,NA,NA,2.5,0.16666666666666666,1,0,0,0.6666666666666666,CD_M20262640201,2,2026-08-22,St Kilda,CD_R202626402
CD_I1012575,12,MIDFIELDER_FORWARD,"https://s.afl.com.au/staticfile/AFL Tenant/AFL/Players/ChampIDImages/AFLW/2026264/1012575.png?im=Scale,width=0.6,height=0.6",Casey,Sherriff,CD_T9407,HAW,Hawthorn,Hawks,2,69.7,0,0,0,0,2,0,2,0,3,0,0,9,5,33,1,1,0,1,1,0,0,0,2,0,0,0,0,0,4,0,0,5,0,0,0,158,3,14,0,0,2,0,0,0,1,2,0,5,2,0,5,2,2,2026-08-23,data//AFLW_2026-08-23.csv,0,NA,0.6,0.2,0,0.2,NA,NA,NA,Inf,0.35714285714285715,NA,0,0,0,CD_M20262640207,2,2026-08-23,Port Adelaide,CD_R202626402
CD_I1012580,24,MIDFIELDER_FORWARD,"https://s.afl.com.au/staticfile/AFL Tenant/AFL/Players/ChampIDImages/AFLW/2026264/1012580.png?im=Scale,width=0.6,height=0.6",Sophie,Alexander,CD_T9406,ESS,Essendon,Bombers,2,84.60000000000001,1,0,0,0,0,0,0,1,2,3,1,2,5,42,4,3,1,0,0,83.3,0,3,1,1,0,0,1,0,1,0,0,4,3,3,1,82,1,7,0,0,0,1,4,0,4,1,0,0,0,0,5,1,3,2026-08-23,data//AFLW_2026-08-23.csv,NA,0.3333333333333333,0.4,0.8,1,0.75,1,0,0,4,0,NA,0.017543859649122806,0,0,CD_M20262640209,2,2026-08-23,Sydney Swans,CD_R202626402
CD_I1012595,32,MEDIUM_DEFENDER,"https://s.afl.com.au/staticfile/AFL Tenant/AFL/Players/ChampIDImages/AFLW/2026264/1012595.png?im=Scale,width=0.6,height=0.6",Vaomua,Laloifi,CD_T7387,WB,Western Bulldogs,Bulldogs,2,89.49999999999999,0,0,0,0,2,1,1,0,4,0,0,4,12,57,11,8,0,0,1,0,0,0,3,3,0,0,1,0,8,0,0,9,5,0,0,234,1,4,0,0,3,0,0,0,0,1,0,2,0,0,11,1,7,2026-08-23,data//AFLW_2026-08-23.csv,1,NA,0.36363636363636365,0.9166666666666666,3,0.8888888888888888,1,NA,NA,3,0.5,NA,0,0,0,CD_M20262640202,2,2026-08-22,Richmond,CD_R202626402
CD_I1012637,21,MIDFIELDER,"https://s.afl.com.au/staticfile/AFL Tenant/AFL/Players/ChampIDImages/AFLW/2026264/1012637.png?im=Scale,width=0.6,height=0.6",Mikala,Cann,CD_T7387,WB,Western Bulldogs,Bulldogs,2,96.6,1,0,10,0,4,0,0,0,10,0,0,3,23,68,15,3,3,1,0,33.3,0,1,9,15,0,0,0,0,2,0,0,8,2,0,0,182,1,6,0,0,3,0,4,0,2,0,3,1,0,3,23,5,13,2026-08-23,data//AFLW_2026-08-23.csv,NA,NA,0.43478260869565216,0.6521739130434783,12,0.375,0.8,NA,NA,0.5333333333333333,0.16666666666666666,NA,0,0.6666666666666666,0,CD_M20262640202,2,2026-08-22,Richmond,CD_R202626402
CD_I1012640,6,MIDFIELDER,"https://s.afl.com.au/staticfile/AFL Tenant/AFL/Players/ChampIDImages/AFLW/2026264/1012640.png?im=Scale,width=0.6,height=0.6",Julia,Crockett-Grills,CD_T8467,GEEL,Geelong Cats,Cats,2,67.4,0,0,3,0,2,0,0,0,0,0,0,2,6,34,4,3,0,1,0,100,1,1,0,1,0,0,0,0,0,0,0,5,2,0,0,55,1,11,0,0,0,0,3,0,1,1,0,2,1,0,6,2,6,2026-08-23,data//AFLW_2026-08-23.csv,NA,NA,0,0.6666666666666666,1,0.6,1,NA,NA,5,0.18181818181818182,NA,0,0.15,0,CD_M20262640201,2,2026-08-22,St Kilda,CD_R202626402
CD_I1012661,27,KEY_DEFENDER,"https://s.afl.com.au/staticfile/AFL Tenant/AFL/Players/ChampIDImages/AFLW/2026264/1012661.png?im=Scale,width=0.6,height=0.6",Lauren,Ahrens,CD_T7387,WB,Western Bulldogs,Bulldogs,1,100,0,0,0,0,3,1,4,0,4,0,0,3,9,47,6,2,0,0,0,0,0,0,4,5,0,0,0,0,5,0,0,4,3,0,0,114,10,5,0,0,1,0,2,0,0,9,0,4,0,0,9,2,5,2026-08-23,data//AFLW_2026-08-23.csv,0.25,NA,0.4444444444444444,0.6666666666666666,4,0.5,0.8,NA,NA,0.8,0.8,NA,0,0,0,CD_M20262640202,2,2026-08-22,Richmond,CD_R202626402
CD_I1012662,36,MIDFIELDER,"https://s.afl.com.au/staticfile/AFL Tenant/AFL/Players/ChampIDImages/AFLW/2026264/1012662.png?im=Scale,width=0.6,height=0.6",Airlie,Runnalls,CD_T8097,COLL,Collingwood,Magpies,2,91.60000000000001,0,0,10,0,3,0,0,0,7,0,0,10,16,39,12,2,0,2,0,0,0,0,6,11,0,0,1,0,4,0,0,5,0,0,0,120,3,16,0,0,0,0,2,0,0,2,0,2,0,0,17,2,10,2026-08-23,data//AFLW_2026-08-23.csv,NA,NA,0.4117647058823529,0.75,10,0.4,0.9090909090909091,NA,NA,0.45454545454545453,0.125,NA,0,0.625,0,CD_M20262640204,2,2026-08-23,Fremantle,CD_R202626402
CD_I1012668,9,KEY_FORWARD,"https://s.afl.com.au/staticfile/AFL Tenant/AFL/Players/ChampIDImages/AFLW/2026264/1012668.png?im=Scale,width=0.6,height=0.6",Caitlin,Greiser,CD_T8788,RICH,Richmond,Richmond,2,78.8,0,0,0,0,3,0,0,1,4,4,1,0,7,45,4,4,2,1,0,12.5,1,1,3,0,2,0,2,0,0,0,0,7,5,3,3,187,0,10,0,0,0,3,3,0,3,0,0,1,1,0,8,3,4,2026-08-23,data//AFLW_2026-08-23.csv,NA,0.25,0.5,0.5714285714285714,0,0.5714285714285714,NA,0.6666666666666666,0,Inf,0.1,NA,0.05,0,0,CD_M20262640202,2,2026-08-22,Western Bulldogs,CD_R202626402
CD_I1012694,33,RUCK,"https://s.afl.com.au/staticfile/AFL Tenant/AFL/Players/ChampIDImages/AFLW/2026264/1012694.png?im=Scale,width=0.6,height=0.6",Alice,Edmonds,CD_T7387,WB,Western Bulldogs,Bulldogs,2,100.19999999999999,1,0,14,1,8,0,0,2,10,2,0,7,17,96,10,3,2,2,1,0,2,0,6,10,28,9,2,0,2,0,0,7,5,2,0,227,1,11,0,0,2,46,5,0,1,0,2,4,0,3,19,5,9,2026-08-23,data//AFLW_2026-08-23.csv,NA,0,0.5263157894736842,0.5882352941176471,7,0.42857142857142855,0.7,0.6086956521739131,0.1956521739130435,0.7,0.36363636363636365,NA,0.7666666666666667,0.9333333333333333,0,CD_M20262640202,2,2026-08-22,Richmond,CD_R202626402
CD_I1012700,20,MEDIUM_DEFENDER,"https://s.afl.com.au/staticfile/AFL Tenant/AFL/Players/ChampIDImages/AFLW/2026264/1012700.png?im=Scale,width=0.6,height=0.6",Beth,Lynch,CD_T8788,RICH,Richmond,Richmond,2,69.79999999999998,0,0,0,1,3,0,0,1,8,0,0,3,14,46,10,7,0,1,0,0,0,0,7,5,0,0,2,0,9,0,0,9,4,1,0,238,0,4,0,0,2,0,1,0,0,0,1,0,0,2,13,2,5,2026-08-23,data//AFLW_2026-08-23.csv,NA,NA,0.6153846153846154,0.7142857142857143,3,0.7777777777777778,0.6,NA,NA,1.8,0,NA,0,0,0,CD_M20262640202,2,2026-08-22,Western Bulldogs,CD_R202626402
CD_I1012713,30,MEDIUM_DEFENDER,"https://s.afl.com.au/staticfile/AFL Tenant/AFL/Players/ChampIDImages/AFLW/2026264/1012713.png?im=Scale,width=0.6,height=0.6",Shelley,Heath-Barker,CD_T7386,MELB,Melbourne,Demons,2,75.30000000000001,0,0,6,1,1,0,0,0,5,0,0,7,13,54,8,3,0,1,0,100,1,0,5,7,0,0,4,0,3,0,0,6,3,0,0,139,1,15,0,0,2,0,3,0,0,0,1,4,0,2,14,2,9,2026-08-23,data//AFLW_2026-08-23.csv,NA,NA,0.35714285714285715,0.6153846153846154,5,0.5,0.7142857142857143,NA,NA,0.8571428571428571,0.26666666666666666,NA,0,0.42857142857142855,0,CD_M20262640206,2,2026-08-23,GWS GIANTS,CD_R202626402
CD_I1012987,12,MEDIUM_DEFENDER,"https://s.afl.com.au/staticfile/AFL Tenant/AFL/Players/ChampIDImages/AFLW/2026264/1012987.png?im=Scale,width=0.6,height=0.6",Serene,Watson,CD_T8796,STK,St Kilda,St Kilda,2,92,0,1,0,0,2,0,1,0,2,0,0,9,9,29,7,4,0,1,1,0,0,0,0,4,0,0,1,0,2,1,1,5,0,0,0,156,3,11,0,0,3,0,0,0,0,2,0,2,0,0,10,3,8,2026-08-23,data//AFLW_2026-08-23.csv,0,NA,0.2,0.7777777777777778,3,0.8,0.75,NA,NA,1.25,0.18181818181818182,1,0,0,0.25,CD_M20262640201,2,2026-08-22,Geelong Cats,CD_R202626402
CD_I1012989,3,KEY_FORWARD,"https://s.afl.com.au/staticfile/AFL Tenant/AFL/Players/ChampIDImages/AFLW/2026264/1012989.png?im=Scale,width=0.6,height=0.6",Taylor,Smith,CD_T9408,SYD,Sydney Swans,Swans,2,69.89999999999999,1,0,0,0,3,0,0,0,2,1,0,0,7,33,3,3,1,2,1,83.3,0,2,1,1,1,1,0,0,0,0,0,6,0,0,0,76,1,7,0,0,0,2,6,0,3,1,1,1,0,1,6,3,4,2026-08-23,data//AFLW_2026-08-23.csv,NA,0,0.3333333333333333,0.42857142857142855,0,0.5,0,0.5,0.5,6,0.14285714285714285,NA,0.034482758620689655,0,0,CD_M20262640209,2,2026-08-23,Essendon,CD_R202626402
CD_I1012994,22,KEY_FORWARD,"https://s.afl.com.au/staticfile/AFL Tenant/AFL/Players/ChampIDImages/AFLW/2026264/1012994.png?im=Scale,width=0.6,height=0.6",Bella,Smith,CD_T7886,FRE,Fremantle,Freo,2,56.099999999999994,0,0,0,0,1,0,0,0,2,1,0,1,7,43,6,3,0,0,0,60,0,3,1,3,0,0,1,0,0,0,0,4,1,1,0,132,1,3,0,0,0,4,5,0,3,1,0,1,0,0,8,1,6,2026-08-23,data//AFLW_2026-08-23.csv,NA,0,0.25,0.8571428571428571,3,0.75,1,0,0,1.3333333333333333,0.3333333333333333,NA,0.07272727272727272,0,0,CD_M20262640204,2,2026-08-23,Collingwood,CD_R202626402
CD_I1013015,24,MEDIUM_DEFENDER,"https://s.afl.com.au/staticfile/AFL Tenant/AFL/Players/ChampIDImages/AFLW/2026264/1013015.png?im=Scale,width=0.6,height=0.6",Tamara,Smith,CD_T9407,HAW,Hawthorn,Hawks,2,80.29999999999998,0,0,0,0,1,0,0,0,1,0,0,10,4,45,3,2,0,0,0,0,0,0,1,1,0,0,1,0,1,0,0,3,2,0,0,65,0,14,0,0,0,0,0,0,0,0,0,7,0,0,4,1,3,2026-08-23,data//AFLW_2026-08-23.csv,NA,NA,0.25,0.75,1,0.6666666666666666,1,NA,NA,3,0.5,NA,0,0,0,CD_M20262640207,2,2026-08-23,Port Adelaide,CD_R202626402
CD_I1013027,5,MIDFIELDER,"https://s.afl.com.au/staticfile/AFL Tenant/AFL/Players/ChampIDImages/AFLW/2026264/1013027.png?im=Scale,width=0.6,height=0.6",Abbie,McKay,CD_T8096,CARL,Carlton,Blues,2,81.89999999999999,0,0,12,3,7,0,0,0,15,0,0,13,22,87,11,4,1,0,3,0,0,0,8,13,0,0,1,0,4,0,0,9,1,0,0,204,2,19,0,0,2,0,1,0,0,0,2,7,0,5,23,6,8,2026-08-23,data//AFLW_2026-08-23.csv,NA,NA,0.6521739130434783,0.5,7,0.4444444444444444,0.5384615384615384,NA,NA,0.6923076923076923,0.3684210526315789,NA,0,0.8571428571428571,0,CD_M20262640205,2,2026-08-23,Adelaide Crows,CD_R202626402
CD_I1013028,7,KEY_DEFENDER,"https://s.afl.com.au/staticfile/AFL Tenant/AFL/Players/ChampIDImages/AFLW/2026264/1013028.png?im=Scale,width=0.6,height=0.6",Katie,Lynch,CD_T8786,GCFC,Gold Coast SUNS,SUNS,1,76.3,0,0,0,0,1,0,1,1,3,0,0,5,14,54,11,8,0,0,0,0,0,0,2,4,0,0,2,0,6,0,0,10,4,1,0,149,1,8,0,0,1,0,1,0,1,1,0,1,0,0,13,0,10,2026-08-23,data//AFLW_2026-08-23.csv,0,NA,0.23076923076923078,0.7857142857142857,3,0.8,0.75,NA,NA,2.5,0.125,NA,0,0,0,CD_M20262640208,2,2026-08-22,West Coast Eagles,CD_R202626402
CD_I1013032,18,MEDIUM_DEFENDER,"https://s.afl.com.au/staticfile/AFL Tenant/AFL/Players/ChampIDImages/AFLW/2026264/1013032.png?im=Scale,width=0.6,height=0.6",Britney,Gutknecht,CD_T7387,WB,Western Bulldogs,Bulldogs,2,68.6,0,0,0,0,3,0,0,0,4,0,0,5,19,57,10,5,0,1,1,0,0,0,3,5,0,0,1,0,5,2,2,14,1,0,0,477,1,7,0,0,3,0,2,0,0,1,1,1,0,1,16,5,12,2026-08-23,data//AFLW_2026-08-23.csv,NA,NA,0.25,0.5263157894736842,5,0.35714285714285715,1,NA,NA,2.8,0.14285714285714285,1,0,0,0.2857142857142857,CD_M20262640202,2,2026-08-22,Richmond,CD_R202626402
CD_I1013442,20,MEDIUM_DEFENDER,"https://s.afl.com.au/staticfile/AFL Tenant/AFL/Players/ChampIDImages/AFLW/2026264/1013442.png?im=Scale,width=0.6,height=0.6",Jasmine,Ferguson,CD_T8466,NMFC,North Melbourne,Kangaroos,2,100,0,0,0,0,3,1,2,0,5,0,0,5,16,69,14,8,0,2,0,0,0,0,4,6,0,0,1,0,10,0,0,10,7,0,0,153,2,7,0,0,2,0,1,0,0,1,0,3,0,0,17,1,12,2026-08-23,data//AFLW_2026-08-23.csv,0.5,NA,0.29411764705882354,0.875,6,0.8,1,NA,NA,1.6666666666666667,0.42857142857142855,NA,0,0,0,CD_M20262640203,2,2026-08-22,Brisbane Lions,CD_R202626402
CD_I1013522,5,MIDFIELDER,"https://s.afl.com.au/staticfile/AFL Tenant/AFL/Players/ChampIDImages/AFLW/2026264/1013522.png?im=Scale,width=0.6,height=0.6",Georgia,Nanscawen,CD_T9406,ESS,Essendon,Bombers,2,81.69999999999999,1,0,8,0,1,0,0,0,13,0,0,10,18,63,10,3,2,1,3,0,0,0,9,10,0,0,5,0,7,0,0,8,2,0,0,197,1,15,0,0,0,0,4,0,2,0,3,3,0,3,20,5,7,2026-08-23,data//AFLW_2026-08-23.csv,NA,NA,0.65,0.5555555555555556,7,0.375,0.7,NA,NA,0.8,0.2,NA,0,0.42105263157894735,0,CD_M20262640209,2,2026-08-23,Sydney Swans,CD_R202626402
CD_I1013706,7,MIDFIELDER,"https://s.afl.com.au/staticfile/AFL Tenant/AFL/Players/ChampIDImages/AFLW/2026264/1013706.png?im=Scale,width=0.6,height=0.6",Sarah,Rowe,CD_T8097,COLL,Collingwood,Magpies,2,76.6,1,0,0,0,3,0,1,0,4,0,0,3,13,45,6,4,1,2,1,0,0,0,3,3,0,0,4,0,5,0,0,10,3,0,0,300,3,8,0,0,1,0,1,0,1,2,0,1,0,0,13,7,9,2026-08-23,data//AFLW_2026-08-23.csv,0,NA,0.3076923076923077,0.46153846153846156,2,0.4,0.6666666666666666,NA,NA,3.3333333333333335,0.125,NA,0,0,0,CD_M20262640204,2,2026-08-23,Fremantle,CD_R202626402
CD_I1013937,4,MEDIUM_FORWARD,"https://s.afl.com.au/staticfile/AFL Tenant/AFL/Players/ChampIDImages/AFLW/2026264/1013937.png?im=Scale,width=0.6,height=0.6",Angelique,Stannett,CD_T7886,FRE,Fremantle,Freo,2,75.3,0,0,13,2,2,0,0,0,4,0,0,7,11,38,5,4,0,0,1,0,0,0,2,4,0,0,2,0,0,0,0,7,0,0,0,135,1,11,0,0,1,0,0,0,0,0,1,2,0,3,11,4,7,2026-08-23,data//AFLW_2026-08-23.csv,NA,NA,0.36363636363636365,0.45454545454545453,1,0.5714285714285714,0.25,NA,NA,1.75,0.18181818181818182,NA,0,0.8125,0,CD_M20262640204,2,2026-08-23,Collingwood,CD_R202626402
CD_I1013946,5,KEY_DEFENDER,"https://s.afl.com.au/staticfile/AFL Tenant/AFL/Players/ChampIDImages/AFLW/2026264/1013946.png?im=Scale,width=0.6,height=0.6",Maisie,Nankivell,CD_T8097,COLL,Collingwood,Magpies,1,62.7,0,0,0,0,1,0,0,1,5,0,0,4,7,32,5,2,0,0,0,0,0,0,4,4,0,0,0,0,6,0,0,3,1,0,0,81,4,5,0,0,1,0,0,0,0,3,0,3,0,0,6,1,1,2026-08-23,data//AFLW_2026-08-23.csv,NA,NA,0.8333333333333334,0.7142857142857143,3,0.6666666666666666,0.75,NA,NA,0.75,0.6,NA,0,0,0,CD_M20262640204,2,2026-08-23,Fremantle,CD_R202626402
CD_I1014034,7,MIDFIELDER,"https://s.afl.com.au/staticfile/AFL Tenant/AFL/Players/ChampIDImages/AFLW/2026264/1014034.png?im=Scale,width=0.6,height=0.6",Aisling,McCarthy,CD_T7886,FRE,Fremantle,Freo,2,76.19999999999999,0,0,10,2,5,0,0,0,6,0,0,6,25,107,19,9,1,2,1,20,0,1,4,10,0,0,6,0,0,0,0,15,7,1,1,405,1,14,0,0,1,0,4,0,2,0,2,5,0,4,28,7,22,2026-08-23,data//AFLW_2026-08-23.csv,NA,NA,0.21428571428571427,0.76,10,0.6,1,NA,NA,1.5,0.35714285714285715,NA,0,0.625,0,CD_M20262640204,2,2026-08-23,Collingwood,CD_R202626402
CD_I1014359,31,MIDFIELDER,"https://s.afl.com.au/staticfile/AFL Tenant/AFL/Players/ChampIDImages/AFLW/2026264/1014359.png?im=Scale,width=0.6,height=0.6",Laura,Gardiner,CD_T9408,SYD,Sydney Swans,Swans,2,79.00000000000001,1,0,8,0,5,0,0,0,12,0,0,9,29,122,16,9,1,1,2,33.3,0,1,8,13,0,0,5,0,4,0,0,16,2,0,0,373,0,23,0,0,1,0,7,0,2,0,5,9,1,5,28,9,16,2026-08-23,data//AFLW_2026-08-23.csv,NA,NA,0.42857142857142855,0.5517241379310345,7,0.5625,0.5384615384615384,NA,NA,1.2307692307692308,0.391304347826087,NA,0,0.42105263157894735,0,CD_M20262640209,2,2026-08-23,Essendon,CD_R202626402
CD_I1014367,6,KEY_FORWARD,"https://s.afl.com.au/staticfile/AFL Tenant/AFL/Players/ChampIDImages/AFLW/2026264/1014367.png?im=Scale,width=0.6,height=0.6",Alyssa,Bannan,CD_T7386,MELB,Melbourne,Demons,2,79.99999999999999,0,0,0,0,2,0,0,0,5,0,0,6,16,59,10,5,0,1,0,0,0,0,4,8,0,0,1,0,1,0,0,8,2,0,0,158,0,11,0,0,0,0,2,0,0,0,3,4,2,3,14,1,9,2026-08-23,data//AFLW_2026-08-23.csv,NA,NA,0.35714285714285715,0.625,5,0.625,0.625,NA,NA,1,0.36363636363636365,NA,0,0,0,CD_M20262640206,2,2026-08-23,GWS GIANTS,CD_R202626402
CD_I1014372,23,MIDFIELDER,"https://s.afl.com.au/staticfile/AFL Tenant/AFL/Players/ChampIDImages/AFLW/2026264/1014372.png?im=Scale,width=0.6,height=0.6",Jess,Fitzgerald,CD_T7387,WB,Western Bulldogs,Bulldogs,2,86.5,0,1,11,1,4,0,0,0,10,0,0,10,29,98,26,15,1,3,1,0,0,0,9,13,0,0,2,0,3,0,0,16,8,0,0,378,2,19,0,0,2,0,4,0,0,0,4,2,0,5,31,3,21,2026-08-23,data//AFLW_2026-08-23.csv,NA,NA,0.3225806451612903,0.896551724137931,11,0.9375,0.8461538461538461,NA,NA,1.2307692307692308,0.10526315789473684,NA,0,0.7333333333333333,0,CD_M20262640202,2,2026-08-22,Richmond,CD_R202626402
CD_I1014373,36,MEDIUM_DEFENDER,"https://s.afl.com.au/staticfile/AFL Tenant/AFL/Players/ChampIDImages/AFLW/2026264/1014373.png?im=Scale,width=0.6,height=0.6",Ciara,Fitzgerald,CD_T8096,CARL,Carlton,Blues,2,78.39999999999999,0,0,0,0,3,0,0,0,5,0,0,5,20,75,12,8,0,0,1,0,0,0,4,7,0,0,0,0,6,1,0,13,3,0,0,245,2,10,0,0,4,0,2,0,0,2,0,3,0,0,21,6,16,2026-08-23,data//AFLW_2026-08-23.csv,NA,NA,0.23809523809523808,0.6,4,0.6153846153846154,0.5714285714285714,NA,NA,1.8571428571428572,0.3,0,0,0,0.25,CD_M20262640205,2,2026-08-23,Adelaide Crows,CD_R202626402
CD_I1014556,14,MEDIUM_DEFENDER,"https://s.afl.com.au/staticfile/AFL Tenant/AFL/Players/ChampIDImages/AFLW/2026264/1014556.png?im=Scale,width=0.6,height=0.6",Hannah,Priest,CD_T8796,STK,St Kilda,St Kilda,2,96.20000000000002,0,0,0,1,2,0,0,0,8,1,0,2,19,59,15,3,1,1,2,0,0,0,5,14,0,0,1,0,4,0,0,5,3,1,2,74,1,15,0,0,1,0,2,0,0,0,0,2,0,1,20,3,12,2026-08-23,data//AFLW_2026-08-23.csv,NA,0,0.4,0.7894736842105263,12,0.6,0.8571428571428571,NA,NA,0.35714285714285715,0.13333333333333333,NA,0,0,0,CD_M20262640201,2,2026-08-22,Geelong Cats,CD_R202626402
CD_I1014599,1,KEY_FORWARD,"https://s.afl.com.au/staticfile/AFL Tenant/AFL/Players/ChampIDImages/AFLW/2026264/1014599.png?im=Scale,width=0.6,height=0.6",Caitlin,Gould,CD_T8098,ADEL,Adelaide Crows,Crows,2,84.89999999999999,0,0,0,0,0,0,0,1,4,2,1,0,7,41,5,4,1,0,0,33.3,0,1,3,1,2,1,1,0,1,0,0,6,3,2,2,105,1,6,0,0,0,4,1,0,2,1,0,1,1,0,7,1,3,2026-08-23,data//AFLW_2026-08-23.csv,NA,0.5,0.5714285714285714,0.7142857142857143,1,0.6666666666666666,1,0.5,0.25,6,0.16666666666666666,NA,0.08333333333333333,0,0,CD_M20262640205,2,2026-08-23,Carlton,CD_R202626402
CD_I1014624,10,MEDIUM_FORWARD,"https://s.afl.com.au/staticfile/AFL Tenant/AFL/Players/ChampIDImages/AFLW/2026264/1014624.png?im=Scale,width=0.6,height=0.6",Indy,Tahau,CD_T9409,PORT,Port Adelaide,Power,2,23.799999999999997,1,0,1,0,2,0,0,1,4,2,0,0,6,31,3,3,1,0,1,50,0,1,2,1,0,0,1,0,1,0,0,5,2,0,1,151,1,6,0,0,1,5,3,0,2,0,2,0,0,2,6,3,2,2026-08-23,data//AFLW_2026-08-23.csv,NA,0,0.6666666666666666,0.5,0,0.6,0,0,0,5,0,NA,0.06944444444444445,0.05263157894736842,0,CD_M20262640207,2,2026-08-23,Hawthorn,CD_R202626402
CD_I1014663,26,KEY_DEFENDER,"https://s.afl.com.au/staticfile/AFL Tenant/AFL/Players/ChampIDImages/AFLW/2026264/1014663.png?im=Scale,width=0.6,height=0.6",Zoe,Prowse,CD_T9406,ESS,Essendon,Bombers,2,82.1,0,0,0,0,2,0,1,0,3,0,0,4,10,46,5,3,0,0,0,0,0,0,3,4,0,0,0,0,3,0,0,6,4,0,0,121,3,7,0,0,4,0,1,0,0,3,0,2,0,0,10,4,7,2026-08-23,data//AFLW_2026-08-23.csv,0,NA,0.3,0.5,2,0.5,0.5,NA,NA,1.5,0.2857142857142857,NA,0,0,0,CD_M20262640209,2,2026-08-23,Sydney Swans,CD_R202626402
CD_I1014781,2,MEDIUM_FORWARD,"https://s.afl.com.au/staticfile/AFL Tenant/AFL/Players/ChampIDImages/AFLW/2026264/1014781.png?im=Scale,width=0.6,height=0.6",Emelia,Yassir,CD_T8788,RICH,Richmond,Richmond,2,71.1,0,0,10,0,3,0,0,0,6,0,0,13,8,27,5,2,0,2,1,50,0,0,5,3,0,0,3,0,3,0,0,5,1,0,0,198,1,24,0,0,1,0,0,0,0,1,2,2,0,2,10,3,4,2026-08-23,data//AFLW_2026-08-23.csv,NA,NA,0.6,0.625,3,0.4,1,NA,NA,1.6666666666666667,0.08333333333333333,NA,0,0.6666666666666666,0,CD_M20262640202,2,2026-08-22,Western Bulldogs,CD_R202626402
CD_I1014785,8,MIDFIELDER_FORWARD,"https://s.afl.com.au/staticfile/AFL Tenant/AFL/Players/ChampIDImages/AFLW/2026264/1014785.png?im=Scale,width=0.6,height=0.6",Zali,Friswell,CD_T8467,GEEL,Geelong Cats,Cats,2,78.20000000000002,0,0,0,0,1,0,0,0,1,0,0,9,15,60,14,6,0,1,0,0,1,0,1,9,0,0,2,0,0,0,0,6,5,0,0,229,1,15,0,0,0,0,3,0,0,0,0,3,2,0,16,4,15,2026-08-23,data//AFLW_2026-08-23.csv,NA,NA,0.0625,0.9333333333333333,8,1,0.8888888888888888,NA,NA,0.6666666666666666,0.2,NA,0,0,0,CD_M20262640201,2,2026-08-22,St Kilda,CD_R202626402
CD_I1014793,17,KEY_DEFENDER,"https://s.afl.com.au/staticfile/AFL Tenant/AFL/Players/ChampIDImages/AFLW/2026264/1014793.png?im=Scale,width=0.6,height=0.6",Tahlia,Gillard,CD_T7386,MELB,Melbourne,Demons,2,99.9,0,0,0,0,1,0,0,0,3,0,0,11,17,77,11,7,0,0,0,0,0,0,3,6,0,0,0,0,6,3,3,11,4,0,0,253,4,15,0,0,4,0,0,0,0,4,0,5,0,0,11,3,8,2026-08-23,data//AFLW_2026-08-23.csv,NA,NA,0.2727272727272727,0.6470588235294118,4,0.6363636363636364,0.6666666666666666,NA,NA,1.8333333333333333,0.3333333333333333,1,0,0,0.5,CD_M20262640206,2,2026-08-23,GWS GIANTS,CD_R202626402
CD_I1014810,41,MIDFIELDER,"https://s.afl.com.au/staticfile/AFL Tenant/AFL/Players/ChampIDImages/AFLW/2026264/1014810.png?im=Scale,width=0.6,height=0.6",Georgie,Prespakis,CD_T8467,GEEL,Geelong Cats,Cats,2,90.20000000000002,1,0,15,0,2,0,0,0,17,1,0,12,34,114,28,10,4,1,2,0,2,0,12,19,0,0,6,0,7,0,0,15,5,0,0,469,3,17,0,0,1,0,12,0,1,1,5,4,0,5,32,6,15,2026-08-23,data//AFLW_2026-08-23.csv,NA,0,0.53125,0.8235294117647058,18,0.6666666666666666,0.9473684210526315,NA,NA,0.7894736842105263,0.23529411764705882,NA,0,0.75,0,CD_M20262640201,2,2026-08-22,St Kilda,CD_R202626402
CD_I1014835,6,MIDFIELDER,"https://s.afl.com.au/staticfile/AFL Tenant/AFL/Players/ChampIDImages/AFLW/2026264/1014835.png?im=Scale,width=0.6,height=0.6",Tyanna,Smith,CD_T8796,STK,St Kilda,St Kilda,2,72.9,0,1,14,3,4,0,0,0,14,0,0,11,23,98,15,10,1,2,4,50,1,0,11,10,0,0,3,0,3,0,0,13,3,1,0,441,0,19,0,0,0,0,1,0,0,0,1,8,0,4,24,7,10,2026-08-23,data//AFLW_2026-08-23.csv,NA,NA,0.5833333333333334,0.6521739130434783,5,0.7692307692307693,0.5,NA,NA,1.3,0.42105263157894735,NA,0,0.7,0,CD_M20262640201,2,2026-08-22,Geelong Cats,CD_R202626402
CD_I1014841,22,MEDIUM_FORWARD,"https://s.afl.com.au/staticfile/AFL Tenant/AFL/Players/ChampIDImages/AFLW/2026264/1014841.png?im=Scale,width=0.6,height=0.6",Ashleigh,Richards,CD_T8796,STK,St Kilda,St Kilda,2,59.599999999999994,0,0,6,0,1,0,0,0,3,1,0,5,7,29,5,1,1,0,1,0,0,0,2,5,0,0,1,0,2,0,0,2,0,0,0,87,0,10,0,0,1,0,0,0,0,0,0,3,0,0,7,2,4,2026-08-23,data//AFLW_2026-08-23.csv,NA,0,0.42857142857142855,0.7142857142857143,4,0.5,0.8,NA,NA,0.4,0.3,NA,0,0.3,0,CD_M20262640201,2,2026-08-22,Geelong Cats,CD_R202626402
CD_I1014869,11,MEDIUM_DEFENDER,"https://s.afl.com.au/staticfile/AFL Tenant/AFL/Players/ChampIDImages/AFLW/2026264/1014869.png?im=Scale,width=0.6,height=0.6",Jenna,Richardson,CD_T9407,HAW,Hawthorn,Hawks,2,99.89999999999999,0,0,0,0,2,0,3,0,6,0,0,7,17,76,12,10,0,0,0,0,0,0,6,2,0,0,0,0,9,2,2,15,9,0,0,255,1,8,0,0,6,0,0,0,0,1,1,0,0,1,15,5,9,2026-08-23,data//AFLW_2026-08-23.csv,0,NA,0.4,0.7058823529411765,2,0.6666666666666666,1,NA,NA,7.5,0,1,0,0,0.6666666666666666,CD_M20262640207,2,2026-08-23,Port Adelaide,CD_R202626402
CD_I1014882,16,MEDIUM_FORWARD,"https://s.afl.com.au/staticfile/AFL Tenant/AFL/Players/ChampIDImages/AFLW/2026264/1014882.png?im=Scale,width=0.6,height=0.6",Laura,McClelland,CD_T8788,RICH,Richmond,Richmond,2,90,0,0,0,0,0,0,0,0,4,0,0,10,7,36,4,4,0,0,0,0,0,0,4,3,0,0,0,0,5,0,0,4,2,0,0,157,2,11,0,0,2,0,0,0,0,2,0,3,0,0,7,3,3,2026-08-23,data//AFLW_2026-08-23.csv,NA,NA,0.5714285714285714,0.5714285714285714,0,1,0,NA,NA,1.3333333333333333,0.2727272727272727,NA,0,0,0,CD_M20262640202,2,2026-08-22,Western Bulldogs,CD_R202626402
CD_I1014904,24,MIDFIELDER,"https://s.afl.com.au/staticfile/AFL Tenant/AFL/Players/ChampIDImages/AFLW/2026264/1014904.png?im=Scale,width=0.6,height=0.6",Megan,Fitzsimon,CD_T7386,MELB,Melbourne,Demons,2,81.5,0,0,0,0,2,0,0,0,2,1,0,4,8,31,6,4,0,1,0,0,1,0,2,2,0,0,3,0,1,0,0,6,0,0,0,179,0,16,0,0,0,0,4,0,0,0,0,3,2,0,8,1,6,2026-08-23,data//AFLW_2026-08-23.csv,NA,0,0.25,0.75,2,0.6666666666666666,1,NA,NA,3,0.1875,NA,0,0,0,CD_M20262640206,2,2026-08-23,GWS GIANTS,CD_R202626402
CD_I1014917,15,MIDFIELDER,"https://s.afl.com.au/staticfile/AFL Tenant/AFL/Players/ChampIDImages/AFLW/2026264/1014917.png?im=Scale,width=0.6,height=0.6",Lily-Rose,Williamson,CD_T7887,BL,Brisbane Lions,Lions,2,74.1,0,0,2,0,1,0,0,0,4,1,0,7,6,20,3,0,0,1,0,0,0,0,3,3,0,0,0,0,1,0,0,3,0,0,0,84,2,22,0,0,2,0,0,0,0,0,1,2,1,1,8,3,4,2026-08-23,data//AFLW_2026-08-23.csv,NA,0,0.5,0.5,3,0,1,NA,NA,1,0.09090909090909091,NA,0,0.13333333333333333,0,CD_M20262640203,2,2026-08-22,North Melbourne,CD_R202626402
CD_I1014962,16,KEY_DEFENDER,"https://s.afl.com.au/staticfile/AFL Tenant/AFL/Players/ChampIDImages/AFLW/2026264/1014962.png?im=Scale,width=0.6,height=0.6",Ella,Friend,CD_T8796,STK,St Kilda,St Kilda,2,94.30000000000001,0,0,0,0,3,3,4,0,3,0,0,7,7,20,6,4,0,3,0,0,0,0,3,3,0,0,1,0,4,0,0,4,1,0,0,62,6,9,0,0,0,0,0,0,0,6,0,2,0,0,6,1,3,2026-08-23,data//AFLW_2026-08-23.csv,0.75,NA,0.5,0.8571428571428571,2,1,0.6666666666666666,NA,NA,1.3333333333333333,0.2222222222222222,NA,0,0,0,CD_M20262640201,2,2026-08-22,Geelong Cats,CD_R202626402
CD_I1014991,17,MEDIUM_FORWARD,"https://s.afl.com.au/staticfile/AFL Tenant/AFL/Players/ChampIDImages/AFLW/2026264/1014991.png?im=Scale,width=0.6,height=0.6",Keeley,Skepper,CD_T8787,WCE,West Coast Eagles,Eagles,2,85.3,0,0,0,0,2,0,0,0,5,0,0,4,10,48,7,2,1,1,0,50,0,1,4,5,0,0,0,0,1,0,0,5,0,0,0,148,2,18,0,0,0,0,2,0,2,0,0,5,2,0,11,3,6,2026-08-23,data//AFLW_2026-08-23.csv,NA,NA,0.45454545454545453,0.7,5,0.4,1,NA,NA,1,0.2777777777777778,NA,0,0,0,CD_M20262640208,2,2026-08-22,Gold Coast SUNS,CD_R202626402
CD_I1015012,7,RUCK,"https://s.afl.com.au/staticfile/AFL Tenant/AFL/Players/ChampIDImages/AFLW/2026264/1015012.png?im=Scale,width=0.6,height=0.6",Ally,Morphett,CD_T9408,SYD,Sydney Swans,Swans,2,84.19999999999999,0,0,19,5,7,0,0,1,13,0,0,4,18,92,10,8,0,3,2,0,0,0,5,7,29,4,9,0,4,0,0,11,5,0,0,444,2,10,0,0,3,45,4,0,0,1,3,2,0,8,19,7,6,2026-08-23,data//AFLW_2026-08-23.csv,NA,NA,0.6842105263157895,0.5555555555555556,2,0.7272727272727273,0.2857142857142857,0.6444444444444445,0.08888888888888889,1.5714285714285714,0.2,NA,0.7758620689655172,1,0,CD_M20262640209,2,2026-08-23,Essendon,CD_R202626402
CD_I1015025,9,KEY_FORWARD,"https://s.afl.com.au/staticfile/AFL Tenant/AFL/Players/ChampIDImages/AFLW/2026264/1015025.png?im=Scale,width=0.6,height=0.6",Georgia,Gall,CD_T7386,MELB,Melbourne,Demons,2,71.99999999999999,0,0,0,0,3,0,0,0,3,0,0,0,9,53,5,3,1,0,0,66.7,0,2,1,3,1,1,3,0,0,0,0,6,4,1,2,145,2,7,0,0,0,4,6,0,3,0,0,1,1,0,11,2,8,2026-08-23,data//AFLW_2026-08-23.csv,NA,NA,0.2727272727272727,0.5555555555555556,2,0.5,0.6666666666666666,0.25,0.25,2,0.14285714285714285,NA,0.06666666666666667,0,0,CD_M20262640206,2,2026-08-23,GWS GIANTS,CD_R202626402
CD_I1015047,10,MIDFIELDER,"https://s.afl.com.au/staticfile/AFL Tenant/AFL/Players/ChampIDImages/AFLW/2026264/1015047.png?im=Scale,width=0.6,height=0.6",Mimi,Hill,CD_T8096,CARL,Carlton,Blues,2,81.69999999999999,0,0,13,1,4,1,1,0,10,0,0,12,28,98,18,9,0,0,2,0,0,0,8,14,0,0,3,0,2,0,0,14,2,0,1,239,0,22,0,0,3,0,5,0,1,0,2,5,0,3,28,2,18,2026-08-23,data//AFLW_2026-08-23.csv,1,NA,0.35714285714285715,0.6428571428571429,9,0.6428571428571429,0.6428571428571429,NA,NA,1,0.22727272727272727,NA,0,0.9285714285714286,0,CD_M20262640205,2,2026-08-23,Adelaide Crows,CD_R202626402
CD_I1015068,8,MIDFIELDER,"https://s.afl.com.au/staticfile/AFL Tenant/AFL/Players/ChampIDImages/AFLW/2026264/1015068.png?im=Scale,width=0.6,height=0.6",Charlie,Rowbottom,CD_T8786,GCFC,Gold Coast SUNS,SUNS,2,89.19999999999999,0,1,15,5,2,0,0,0,16,0,0,7,26,116,18,9,1,1,2,0,1,0,12,12,0,0,2,0,3,0,0,14,5,1,1,279,1,13,0,0,1,0,4,0,0,1,1,9,2,6,28,1,12,2026-08-23,data//AFLW_2026-08-23.csv,NA,NA,0.5714285714285714,0.6923076923076923,9,0.6428571428571429,0.75,NA,NA,1.1666666666666667,0.6923076923076923,NA,0,0.8823529411764706,0,CD_M20262640208,2,2026-08-22,West Coast Eagles,CD_R202626402
CD_I1015088,22,MIDFIELDER,"https://s.afl.com.au/staticfile/AFL Tenant/AFL/Players/ChampIDImages/AFLW/2026264/1015088.png?im=Scale,width=0.6,height=0.6",Eliza,McNamara,CD_T7386,MELB,Melbourne,Demons,2,75.8,0,0,4,0,1,0,0,1,7,1,0,5,24,103,16,7,3,0,1,100,1,1,5,11,0,0,2,0,1,0,0,13,5,3,1,332,0,11,0,0,3,0,8,0,1,0,0,5,2,0,24,2,17,2026-08-23,data//AFLW_2026-08-23.csv,NA,0,0.2916666666666667,0.6666666666666666,9,0.5384615384615384,0.8181818181818182,NA,NA,1.1818181818181819,0.45454545454545453,NA,0,0.2857142857142857,0,CD_M20262640206,2,2026-08-23,GWS GIANTS,CD_R202626402
CD_I1015091,15,MEDIUM_FORWARD,"https://s.afl.com.au/staticfile/AFL Tenant/AFL/Players/ChampIDImages/AFLW/2026264/1015091.png?im=Scale,width=0.6,height=0.6",Sarah,Hartwig,CD_T7387,WB,Western Bulldogs,Bulldogs,2,95.39999999999999,1,0,0,0,1,0,0,1,3,2,1,2,5,38,1,1,0,0,1,60,0,0,1,1,0,0,1,0,0,0,0,4,2,0,1,56,1,7,0,0,0,0,1,0,1,1,0,4,1,0,5,2,2,2026-08-23,data//AFLW_2026-08-23.csv,NA,0.5,0.6,0.2,0,0.25,0,NA,NA,4,0.5714285714285714,NA,0,0,0,CD_M20262640202,2,2026-08-22,Richmond,CD_R202626402
CD_I1015094,3,MEDIUM_DEFENDER,"https://s.afl.com.au/staticfile/AFL Tenant/AFL/Players/ChampIDImages/AFLW/2026264/1015094.png?im=Scale,width=0.6,height=0.6",Alice,Burke,CD_T8796,STK,St Kilda,St Kilda,2,79.10000000000001,0,0,0,0,0,1,1,0,8,0,0,9,13,56,10,4,0,0,0,0,0,0,8,8,0,0,0,0,8,0,0,5,3,0,0,120,2,10,0,0,1,0,0,0,0,2,1,4,0,1,14,1,6,2026-08-23,data//AFLW_2026-08-23.csv,1,NA,0.5714285714285714,0.7692307692307693,6,0.8,0.75,NA,NA,0.625,0.4,NA,0,0,0,CD_M20262640201,2,2026-08-22,Geelong Cats,CD_R202626402
CD_I1015097,3,MIDFIELDER_FORWARD,"https://s.afl.com.au/staticfile/AFL Tenant/AFL/Players/ChampIDImages/AFLW/2026264/1015097.png?im=Scale,width=0.6,height=0.6",Bella,Eddey,CD_T8466,NMFC,North Melbourne,Kangaroos,2,61.69999999999999,0,0,0,0,1,0,0,0,9,1,0,6,15,60,11,3,0,1,0,100,0,2,9,9,0,0,0,0,6,0,0,6,1,0,0,108,1,8,0,0,1,0,2,0,2,1,1,3,0,1,16,3,7,2026-08-23,data//AFLW_2026-08-23.csv,NA,0,0.5625,0.7333333333333333,8,0.5,0.8888888888888888,NA,NA,0.6666666666666666,0.375,NA,0,0,0,CD_M20262640203,2,2026-08-22,Brisbane Lions,CD_R202626402
CD_I1015105,28,MEDIUM_DEFENDER,"https://s.afl.com.au/staticfile/AFL Tenant/AFL/Players/ChampIDImages/AFLW/2026264/1015105.png?im=Scale,width=0.6,height=0.6",Daisy,Walker,CD_T7889,GWS,GWS GIANTS,GIANTS,2,53.199999999999996,0,0,0,0,3,0,0,0,0,0,0,4,4,16,2,1,0,1,0,0,0,0,0,1,0,0,0,0,0,0,0,3,0,0,0,51,1,5,0,0,0,0,1,0,0,1,0,2,0,0,5,2,5,2026-08-23,data//AFLW_2026-08-23.csv,NA,NA,0,0.5,1,0.3333333333333333,1,NA,NA,3,0.4,NA,0,0,0,CD_M20262640206,2,2026-08-23,Melbourne,CD_R202626402
CD_I1015124,19,MIDFIELDER,"https://s.afl.com.au/staticfile/AFL Tenant/AFL/Players/ChampIDImages/AFLW/2026264/1015124.png?im=Scale,width=0.6,height=0.6",Ruby,Tripodi,CD_T8466,NMFC,North Melbourne,Kangaroos,2,76.19999999999999,0,0,2,0,1,0,0,0,4,0,0,5,10,46,9,2,1,0,0,100,0,0,4,7,0,0,1,0,0,0,0,3,1,0,0,48,0,13,0,0,0,0,3,0,0,0,2,5,1,2,10,1,6,2026-08-23,data//AFLW_2026-08-23.csv,NA,NA,0.4,0.9,7,0.6666666666666666,1,NA,NA,0.42857142857142855,0.38461538461538464,NA,0,0.13333333333333333,0,CD_M20262640203,2,2026-08-22,Brisbane Lions,CD_R202626402
CD_I1015137,4,MIDFIELDER,"https://s.afl.com.au/staticfile/AFL Tenant/AFL/Players/ChampIDImages/AFLW/2026264/1015137.png?im=Scale,width=0.6,height=0.6",Isabelle,Pritchard,CD_T7387,WB,Western Bulldogs,Bulldogs,2,77.7,1,0,12,2,4,0,0,0,14,0,0,8,36,145,22,5,0,0,1,50,0,1,5,19,0,0,4,0,2,0,0,17,4,0,0,489,2,17,0,0,5,0,8,0,3,0,7,9,1,9,37,3,23,2026-08-23,data//AFLW_2026-08-23.csv,NA,NA,0.3783783783783784,0.6111111111111112,17,0.29411764705882354,0.8947368421052632,NA,NA,0.8947368421052632,0.5294117647058824,NA,0,0.8,0,CD_M20262640202,2,2026-08-22,Richmond,CD_R202626402
CD_I1015147,26,MIDFIELDER,"https://s.afl.com.au/staticfile/AFL Tenant/AFL/Players/ChampIDImages/AFLW/2026264/1015147.png?im=Scale,width=0.6,height=0.6",Charlotte,Baskaran,CD_T8796,STK,St Kilda,St Kilda,2,77.99999999999999,0,0,2,0,1,0,0,0,5,0,0,5,14,40,11,6,0,1,0,0,0,0,5,5,0,0,3,0,2,0,0,9,2,0,0,157,0,13,0,0,0,0,2,0,0,0,1,0,0,1,14,4,9,2026-08-23,data//AFLW_2026-08-23.csv,NA,NA,0.35714285714285715,0.7857142857142857,5,0.6666666666666666,1,NA,NA,1.8,0,NA,0,0.1,0,CD_M20262640201,2,2026-08-22,Geelong Cats,CD_R202626402
CD_I1015152,18,MIDFIELDER_FORWARD,"https://s.afl.com.au/staticfile/AFL Tenant/AFL/Players/ChampIDImages/AFLW/2026264/1015152.png?im=Scale,width=0.6,height=0.6",Montana,Ham,CD_T9408,SYD,Sydney Swans,Swans,2,81.99999999999999,1,2,12,1,4,0,0,0,7,1,1,7,17,73,12,7,3,2,1,0,0,0,5,6,0,0,4,0,1,0,0,11,4,0,0,356,1,13,0,0,1,0,5,0,1,1,2,5,0,3,17,2,10,2026-08-23,data//AFLW_2026-08-23.csv,NA,1,0.4117647058823529,0.7058823529411765,5,0.6363636363636364,0.8333333333333334,NA,NA,1.8333333333333333,0.38461538461538464,NA,0,0.631578947368421,0,CD_M20262640209,2,2026-08-23,Essendon,CD_R202626402
CD_I1015174,17,MEDIUM_DEFENDER,"https://s.afl.com.au/staticfile/AFL Tenant/AFL/Players/ChampIDImages/AFLW/2026264/1015174.png?im=Scale,width=0.6,height=0.6",Ash,Van Loon,CD_T9408,SYD,Sydney Swans,Swans,2,88.6,0,0,0,0,1,0,2,0,1,0,0,12,5,27,4,0,0,1,0,0,0,0,1,4,0,0,0,0,1,0,0,1,1,0,0,39,5,12,0,0,0,0,0,0,0,5,0,4,0,0,5,1,4,2026-08-23,data//AFLW_2026-08-23.csv,0,NA,0.2,0.8,4,0,1,NA,NA,0.25,0.3333333333333333,NA,0,0,0,CD_M20262640209,2,2026-08-23,Essendon,CD_R202626402
CD_I1015175,5,MIDFIELDER,"https://s.afl.com.au/staticfile/AFL Tenant/AFL/Players/ChampIDImages/AFLW/2026264/1015175.png?im=Scale,width=0.6,height=0.6",Tess,Craven,CD_T8466,NMFC,North Melbourne,Kangaroos,2,69.5,0,0,0,0,2,0,0,0,4,0,0,10,11,48,6,5,1,1,1,66.7,0,0,3,1,0,0,2,0,2,0,0,10,2,0,1,257,3,13,0,0,2,0,2,0,1,2,1,3,0,1,12,6,8,2026-08-23,data//AFLW_2026-08-23.csv,NA,NA,0.3333333333333333,0.5454545454545454,1,0.5,1,NA,NA,10,0.23076923076923078,NA,0,0,0,CD_M20262640203,2,2026-08-22,Brisbane Lions,CD_R202626402
CD_I1015181,4,MIDFIELDER,"https://s.afl.com.au/staticfile/AFL Tenant/AFL/Players/ChampIDImages/AFLW/2026264/1015181.png?im=Scale,width=0.6,height=0.6",Darcy,Moloney,CD_T9408,SYD,Sydney Swans,Swans,2,68.60000000000001,0,0,0,0,1,0,0,0,5,0,0,5,11,45,7,2,0,0,0,0,0,0,5,7,0,0,0,0,4,1,1,4,1,0,0,61,2,7,0,0,2,0,0,0,0,2,1,4,0,1,10,2,5,2026-08-23,data//AFLW_2026-08-23.csv,NA,NA,0.5,0.6363636363636364,5,0.5,0.7142857142857143,NA,NA,0.5714285714285714,0.5714285714285714,1,0,0,0.2,CD_M20262640209,2,2026-08-23,Essendon,CD_R202626402
CD_I1016865,14,RUCK,"https://s.afl.com.au/staticfile/AFL Tenant/AFL/Players/ChampIDImages/AFLW/2026264/1016865.png?im=Scale,width=0.6,height=0.6",Poppy,Kelly,CD_T8788,RICH,Richmond,Richmond,2,91.1,0,0,13,2,2,0,1,0,4,2,2,8,5,36,2,2,1,1,1,100,0,0,2,2,17,4,1,0,0,0,0,3,0,0,0,78,2,10,0,0,0,42,1,0,0,1,0,2,0,2,5,1,1,2026-08-23,data//AFLW_2026-08-23.csv,0,1,0.8,0.4,0,0.6666666666666666,0,0.40476190476190477,0.09523809523809523,1.5,0.2,NA,0.7,0.8666666666666667,0,CD_M20262640202,2,2026-08-22,Western Bulldogs,CD_R202626402
CD_I1016938,29,MEDIUM_FORWARD,"https://s.afl.com.au/staticfile/AFL Tenant/AFL/Players/ChampIDImages/AFLW/2026264/1016938.png?im=Scale,width=0.6,height=0.6",Ruby,Svarc,CD_T7887,BL,Brisbane Lions,Lions,2,77.9,0,0,0,1,2,0,0,0,7,0,0,6,14,57,9,4,4,1,0,50,0,2,7,5,0,0,4,0,3,0,0,9,1,0,0,185,2,19,0,0,0,0,2,0,3,1,0,2,2,1,12,2,5,2026-08-23,data//AFLW_2026-08-23.csv,NA,NA,0.5833333333333334,0.6428571428571429,5,0.4444444444444444,1,NA,NA,1.8,0.10526315789473684,NA,0,0,0,CD_M20262640203,2,2026-08-22,North Melbourne,CD_R202626402
CD_I1017023,15,KEY_DEFENDER,"https://s.afl.com.au/staticfile/AFL Tenant/AFL/Players/ChampIDImages/AFLW/2026264/1017023.png?im=Scale,width=0.6,height=0.6",Rebecca,Miller,CD_T8788,RICH,Richmond,Richmond,2,77.10000000000001,1,0,0,0,2,0,0,1,3,0,0,5,7,23,5,3,0,2,0,0,1,0,2,2,0,0,1,0,3,0,0,5,3,0,0,235,3,5,0,0,2,0,2,0,1,1,0,0,0,0,6,0,3,2026-08-23,data//AFLW_2026-08-23.csv,NA,NA,0.5,0.7142857142857143,2,0.6,1,NA,NA,2.5,0,NA,0,0,0,CD_M20262640202,2,2026-08-22,Western Bulldogs,CD_R202626402
CD_I1017025,28,KEY_DEFENDER,"https://s.afl.com.au/staticfile/AFL Tenant/AFL/Players/ChampIDImages/AFLW/2026264/1017025.png?im=Scale,width=0.6,height=0.6",Gabby,Seymour,CD_T8788,RICH,Richmond,Richmond,2,82.79999999999998,1,0,2,0,1,0,1,1,4,1,0,0,10,48,7,4,0,0,1,0,1,0,1,3,4,2,1,0,2,0,0,7,5,1,1,201,2,3,0,0,1,15,3,0,1,1,1,0,0,1,11,4,7,2026-08-23,data//AFLW_2026-08-23.csv,0,0,0.36363636363636365,0.7,3,0.5714285714285714,1,0.26666666666666666,0.13333333333333333,2.3333333333333335,0,NA,0.25,0.13333333333333333,0,CD_M20262640202,2,2026-08-22,Western Bulldogs,CD_R202626402
CD_I1017292,18,KEY_FORWARD,"https://s.afl.com.au/staticfile/AFL Tenant/AFL/Players/ChampIDImages/AFLW/2026264/1017292.png?im=Scale,width=0.6,height=0.6",Tarni,Evans,CD_T7889,GWS,GWS GIANTS,GIANTS,2,84,0,0,0,0,5,0,0,0,6,0,0,1,13,47,7,4,1,1,2,75,0,0,4,5,0,0,0,0,2,0,0,8,2,0,0,193,1,13,0,0,1,0,1,0,1,1,1,2,0,1,14,6,8,2026-08-23,data//AFLW_2026-08-23.csv,NA,NA,0.42857142857142855,0.5384615384615384,3,0.5,0.6,NA,NA,1.6,0.15384615384615385,NA,0,0,0,CD_M20262640206,2,2026-08-23,Melbourne,CD_R202626402
CD_I1017314,20,MEDIUM_DEFENDER,"https://s.afl.com.au/staticfile/AFL Tenant/AFL/Players/ChampIDImages/AFLW/2026264/1017314.png?im=Scale,width=0.6,height=0.6",Daisy,D'Arcy,CD_T8786,GCFC,Gold Coast SUNS,SUNS,2,80.9,0,1,0,0,4,0,0,0,3,0,0,10,9,39,7,6,1,2,1,0,0,0,2,1,0,0,2,0,3,2,2,8,2,0,1,296,2,13,0,0,4,0,3,0,0,1,0,3,0,0,8,2,5,2026-08-23,data//AFLW_2026-08-23.csv,NA,NA,0.375,0.7777777777777778,1,0.75,1,NA,NA,8,0.23076923076923078,1,0,0,0.5,CD_M20262640208,2,2026-08-22,West Coast Eagles,CD_R202626402
CD_I1017333,6,MIDFIELDER,"https://s.afl.com.au/staticfile/AFL Tenant/AFL/Players/ChampIDImages/AFLW/2026264/1017333.png?im=Scale,width=0.6,height=0.6",Isabella,Lewis,CD_T8787,WCE,West Coast Eagles,Eagles,2,88.10000000000001,1,0,10,2,2,0,0,0,12,0,0,1,21,65,15,4,2,0,0,0,0,0,11,11,0,0,4,0,2,0,0,10,4,1,0,232,0,4,0,0,2,0,2,0,2,0,1,0,0,3,21,3,9,2026-08-23,data//AFLW_2026-08-23.csv,NA,NA,0.5714285714285714,0.7142857142857143,11,0.4,1,NA,NA,0.9090909090909091,0,NA,0,0.5882352941176471,0,CD_M20262640208,2,2026-08-22,Gold Coast SUNS,CD_R202626402
CD_I1017347,21,RUCK,"https://s.afl.com.au/staticfile/AFL Tenant/AFL/Players/ChampIDImages/AFLW/2026264/1017347.png?im=Scale,width=0.6,height=0.6",Mim,Strom,CD_T7886,FRE,Fremantle,Freo,2,81.2,0,0,14,2,5,0,0,1,21,0,0,3,28,131,14,4,2,1,0,100,1,1,13,14,28,8,3,0,6,0,0,14,2,0,0,299,5,14,0,0,2,42,5,0,1,2,7,6,0,9,30,6,9,2026-08-23,data//AFLW_2026-08-23.csv,NA,NA,0.7,0.5,10,0.2857142857142857,0.7142857142857143,0.6666666666666666,0.19047619047619047,1,0.42857142857142855,NA,0.7636363636363637,0.875,0,CD_M20262640204,2,2026-08-23,Collingwood,CD_R202626402
CD_I1018403,4,MIDFIELDER,"https://s.afl.com.au/staticfile/AFL Tenant/AFL/Players/ChampIDImages/AFLW/2026264/1018403.png?im=Scale,width=0.6,height=0.6",Eilish,Sheerin,CD_T8466,NMFC,North Melbourne,Kangaroos,2,68.49999999999999,0,0,11,0,0,0,0,0,14,1,0,8,17,85,12,7,1,0,2,100,0,1,9,5,0,0,7,0,6,0,0,12,1,0,0,331,3,19,0,0,1,0,5,0,1,0,5,7,0,5,18,2,4,2026-08-23,data//AFLW_2026-08-23.csv,NA,0,0.7777777777777778,0.7058823529411765,5,0.5833333333333334,1,NA,NA,2.4,0.3684210526315789,NA,0,0.7333333333333333,0,CD_M20262640203,2,2026-08-22,Brisbane Lions,CD_R202626402
CD_I1018405,5,KEY_FORWARD,"https://s.afl.com.au/staticfile/AFL Tenant/AFL/Players/ChampIDImages/AFLW/2026264/1018405.png?im=Scale,width=0.6,height=0.6",Jacqueline,Parry,CD_T8467,GEEL,Geelong Cats,Cats,2,85,0,0,0,0,1,0,0,2,4,3,1,6,13,88,10,8,1,0,0,100,0,6,2,2,0,0,3,0,0,0,0,11,5,4,2,229,0,11,0,0,0,0,7,0,6,0,0,0,0,0,11,1,7,2026-08-23,data//AFLW_2026-08-23.csv,NA,0.3333333333333333,0.36363636363636365,0.7692307692307693,2,0.7272727272727273,1,NA,NA,5.5,0,NA,0,0,0,CD_M20262640201,2,2026-08-22,St Kilda,CD_R202626402
CD_I1018874,23,MIDFIELDER,"https://s.afl.com.au/staticfile/AFL Tenant/AFL/Players/ChampIDImages/AFLW/2026264/1018874.png?im=Scale,width=0.6,height=0.6",Niamh,Kelly,CD_T8098,ADEL,Adelaide Crows,Crows,2,84.4,0,0,0,0,4,0,1,0,1,1,0,5,14,58,9,5,0,1,0,0,0,0,1,4,0,0,3,0,3,0,0,10,5,0,0,278,2,9,0,0,2,0,1,0,1,2,0,2,0,0,15,5,14,2026-08-23,data//AFLW_2026-08-23.csv,0,0,0.06666666666666667,0.6428571428571429,4,0.5,1,NA,NA,2.5,0.2222222222222222,NA,0,0,0,CD_M20262640205,2,2026-08-23,Carlton,CD_R202626402
CD_I1018966,23,MIDFIELDER,"https://s.afl.com.au/staticfile/AFL Tenant/AFL/Players/ChampIDImages/AFLW/2026264/1018966.png?im=Scale,width=0.6,height=0.6",Sinead,Goldrick,CD_T7386,MELB,Melbourne,Demons,2,74.5,0,0,0,0,2,0,0,0,6,0,0,6,12,41,7,2,0,0,0,0,0,0,5,7,0,0,1,0,4,0,0,5,0,0,0,121,3,8,0,0,1,0,1,0,0,2,1,3,0,1,12,3,6,2026-08-23,data//AFLW_2026-08-23.csv,NA,NA,0.5,0.5833333333333334,5,0.4,0.7142857142857143,NA,NA,0.7142857142857143,0.375,NA,0,0,0,CD_M20262640206,2,2026-08-23,GWS GIANTS,CD_R202626402
CD_I1019034,9,MIDFIELDER,"https://s.afl.com.au/staticfile/AFL Tenant/AFL/Players/ChampIDImages/AFLW/2026264/1019034.png?im=Scale,width=0.6,height=0.6",Orla,O'Dwyer,CD_T7887,BL,Brisbane Lions,Lions,2,99.7,0,0,2,0,6,0,0,0,8,2,0,17,20,93,10,6,1,2,1,100,0,1,7,7,0,0,5,0,6,0,0,13,1,0,0,354,4,26,0,0,2,0,1,0,1,2,1,9,1,1,18,9,10,2026-08-23,data//AFLW_2026-08-23.csv,NA,0,0.4444444444444444,0.5,4,0.46153846153846156,0.5714285714285714,NA,NA,1.8571428571428572,0.34615384615384615,NA,0,0.13333333333333333,0,CD_M20262640203,2,2026-08-22,North Melbourne,CD_R202626402
CD_I1019035,3,MEDIUM_FORWARD,"https://s.afl.com.au/staticfile/AFL Tenant/AFL/Players/ChampIDImages/AFLW/2026264/1019035.png?im=Scale,width=0.6,height=0.6",Greta,Bodey,CD_T9407,HAW,Hawthorn,Hawks,2,79.10000000000001,0,0,0,0,2,0,0,1,9,5,4,0,13,57,10,4,3,0,0,33.3,1,1,8,6,0,0,1,0,2,0,0,7,2,1,0,143,0,9,0,0,1,0,3,0,2,0,0,3,2,0,12,1,3,2026-08-23,data//AFLW_2026-08-23.csv,NA,0.8,0.75,0.7692307692307693,6,0.5714285714285714,1,NA,NA,1.1666666666666667,0.3333333333333333,NA,0,0,0,CD_M20262640207,2,2026-08-23,Port Adelaide,CD_R202626402
CD_I1019053,25,MIDFIELDER,"https://s.afl.com.au/staticfile/AFL Tenant/AFL/Players/ChampIDImages/AFLW/2026264/1019053.png?im=Scale,width=0.6,height=0.6",Catherine,Svarc,CD_T7887,BL,Brisbane Lions,Lions,2,73.9,0,0,7,2,7,0,0,0,7,3,0,15,12,70,8,2,2,3,2,33.3,1,0,6,7,0,0,1,0,5,0,0,5,0,0,0,133,1,24,0,0,1,0,1,0,1,0,0,12,3,2,11,5,4,2026-08-23,data//AFLW_2026-08-23.csv,NA,0,0.6363636363636364,0.6666666666666666,6,0.4,0.8571428571428571,NA,NA,0.7142857142857143,0.5,NA,0,0.4666666666666667,0,CD_M20262640203,2,2026-08-22,North Melbourne,CD_R202626402
CD_I1019059,9,MIDFIELDER,"https://s.afl.com.au/staticfile/AFL Tenant/AFL/Players/ChampIDImages/AFLW/2026264/1019059.png?im=Scale,width=0.6,height=0.6",Maria,Moloney,CD_T9409,PORT,Port Adelaide,Power,2,69.1,0,0,13,0,1,0,0,0,12,0,0,14,20,116,13,6,0,0,3,0,0,0,9,12,0,0,0,0,4,0,0,8,3,0,0,98,1,27,0,0,1,0,2,0,0,1,3,14,3,3,20,2,8,2026-08-23,data//AFLW_2026-08-23.csv,NA,NA,0.6,0.65,7,0.75,0.5833333333333334,NA,NA,0.6666666666666666,0.5185185185185185,NA,0,0.6842105263157895,0,CD_M20262640207,2,2026-08-23,Hawthorn,CD_R202626402
CD_I1019431,28,MEDIUM_FORWARD,"https://s.afl.com.au/staticfile/AFL Tenant/AFL/Players/ChampIDImages/AFLW/2026264/1019431.png?im=Scale,width=0.6,height=0.6",Brooke,Tonon,CD_T8098,ADEL,Adelaide Crows,Crows,2,55,0,0,0,0,1,0,0,0,1,0,0,4,0,5,0,0,0,1,0,0,0,0,0,0,0,0,0,0,1,0,0,0,0,0,0,-1,1,5,0,0,0,0,0,0,0,0,0,2,0,0,1,0,0,2026-08-23,data//AFLW_2026-08-23.csv,NA,NA,1,NA,0,NA,NA,NA,NA,NA,0.4,NA,0,0,0,CD_M20262640205,2,2026-08-23,Carlton,CD_R202626402
CD_I1019435,21,MIDFIELDER,"https://s.afl.com.au/staticfile/AFL Tenant/AFL/Players/ChampIDImages/AFLW/2026264/1019435.png?im=Scale,width=0.6,height=0.6",Lauren,Clifton,CD_T7386,MELB,Melbourne,Demons,2,58.900000000000006,0,0,0,0,0,0,0,0,3,1,1,4,8,48,5,5,0,0,1,0,0,0,2,1,0,0,2,0,3,0,0,7,4,1,0,210,2,7,0,0,1,0,2,0,1,2,0,3,0,0,8,1,5,2026-08-23,data//AFLW_2026-08-23.csv,NA,1,0.375,0.625,0,0.7142857142857143,0,NA,NA,7,0.42857142857142855,NA,0,0,0,CD_M20262640206,2,2026-08-23,GWS GIANTS,CD_R202626402
CD_I1019456,7,MEDIUM_FORWARD,"https://s.afl.com.au/staticfile/AFL Tenant/AFL/Players/ChampIDImages/AFLW/2026264/1019456.png?im=Scale,width=0.6,height=0.6",Keeley,Kustermann,CD_T8098,ADEL,Adelaide Crows,Crows,2,76.6,0,0,0,0,3,0,0,0,3,0,0,11,9,30,6,4,1,2,1,0,0,0,2,3,0,0,2,0,2,0,0,6,1,0,1,133,0,20,0,0,0,0,4,0,1,0,1,2,0,1,9,1,6,2026-08-23,data//AFLW_2026-08-23.csv,NA,NA,0.3333333333333333,0.6666666666666666,2,0.6666666666666666,0.6666666666666666,NA,NA,2,0.1,NA,0,0,0,CD_M20262640205,2,2026-08-23,Carlton,CD_R202626402
CD_I1019509,44,MIDFIELDER_FORWARD,"https://s.afl.com.au/staticfile/AFL Tenant/AFL/Players/ChampIDImages/AFLW/2026264/1019509.png?im=Scale,width=0.6,height=0.6",Katelyn,Pope,CD_T9409,PORT,Port Adelaide,Power,2,74.8,1,2,0,0,2,0,0,0,4,1,0,4,10,36,5,3,2,0,0,66.7,0,1,4,4,0,0,2,0,1,0,0,6,1,0,1,160,0,6,0,0,0,0,3,0,2,0,0,0,0,0,10,3,6,2026-08-23,data//AFLW_2026-08-23.csv,NA,0,0.4,0.5,2,0.5,0.5,NA,NA,1.5,0,NA,0,0,0,CD_M20262640207,2,2026-08-23,Hawthorn,CD_R202626402
CD_I1019689,25,MEDIUM_FORWARD,"https://s.afl.com.au/staticfile/AFL Tenant/AFL/Players/ChampIDImages/AFLW/2026264/1019689.png?im=Scale,width=0.6,height=0.6",Amber,Clarke,CD_T8796,STK,St Kilda,St Kilda,2,56,0,0,4,0,2,0,0,0,1,0,0,5,6,21,1,1,0,0,0,66.7,0,0,1,1,0,0,1,0,1,0,0,5,0,0,0,124,1,12,0,0,1,0,0,0,1,0,0,1,0,0,4,3,3,2026-08-23,data//AFLW_2026-08-23.csv,NA,NA,0.25,0.16666666666666666,0,0.2,0,NA,NA,5,0.08333333333333333,NA,0,0.2,0,CD_M20262640201,2,2026-08-22,Geelong Cats,CD_R202626402
CD_I1019705,28,MEDIUM_DEFENDER,"https://s.afl.com.au/staticfile/AFL Tenant/AFL/Players/ChampIDImages/AFLW/2026264/1019705.png?im=Scale,width=0.6,height=0.6",Mia,Busch,CD_T9406,ESS,Essendon,Bombers,2,65.80000000000001,0,0,0,0,0,0,0,1,5,0,0,10,12,40,10,2,0,0,0,0,0,0,4,10,0,0,0,0,1,0,0,2,2,0,0,29,0,19,0,0,1,0,1,0,0,0,1,2,0,1,12,0,7,2026-08-23,data//AFLW_2026-08-23.csv,NA,NA,0.4166666666666667,0.8333333333333334,8,1,0.8,NA,NA,0.2,0.10526315789473684,NA,0,0,0,CD_M20262640209,2,2026-08-23,Sydney Swans,CD_R202626402
CD_I1019711,25,MIDFIELDER,"https://s.afl.com.au/staticfile/AFL Tenant/AFL/Players/ChampIDImages/AFLW/2026264/1019711.png?im=Scale,width=0.6,height=0.6",Keeley,Sherar,CD_T8096,CARL,Carlton,Blues,1,70.9,0,0,0,0,7,0,0,0,3,0,0,2,13,53,8,4,0,1,1,0,0,0,3,5,0,0,2,0,1,0,0,8,3,0,1,158,0,10,0,0,0,0,2,0,0,0,0,3,1,0,14,8,11,2026-08-23,data//AFLW_2026-08-23.csv,NA,NA,0.21428571428571427,0.6153846153846154,4,0.5,0.8,NA,NA,1.6,0.3,NA,0,0,0,CD_M20262640205,2,2026-08-23,Adelaide Crows,CD_R202626402
CD_I1019713,1,RUCK,"https://s.afl.com.au/staticfile/AFL Tenant/AFL/Players/ChampIDImages/AFLW/2026264/1019713.png?im=Scale,width=0.6,height=0.6",Georgia,Campbell,CD_T7386,MELB,Melbourne,Demons,2,80.9,0,0,11,1,6,1,2,2,14,0,0,7,22,83,15,3,2,2,1,0,0,0,10,15,13,4,2,0,5,0,0,7,4,1,1,68,1,10,0,0,2,33,6,0,0,1,2,3,0,3,22,5,8,2026-08-23,data//AFLW_2026-08-23.csv,0.5,NA,0.6363636363636364,0.6818181818181818,12,0.42857142857142855,0.8,0.3939393939393939,0.12121212121212122,0.4666666666666667,0.3,NA,0.55,0.7857142857142857,0,CD_M20262640206,2,2026-08-23,GWS GIANTS,CD_R202626402
CD_I1019724,30,MIDFIELDER,"https://s.afl.com.au/staticfile/AFL Tenant/AFL/Players/ChampIDImages/AFLW/2026264/1019724.png?im=Scale,width=0.6,height=0.6",Carly,Remmos,CD_T8097,COLL,Collingwood,Magpies,2,79.10000000000001,1,0,12,0,6,0,0,0,11,0,0,10,17,82,6,2,4,1,3,0,0,0,10,9,0,0,2,0,4,0,0,8,1,0,0,236,0,21,0,0,2,1,3,0,1,0,2,9,2,2,17,5,6,2026-08-23,data//AFLW_2026-08-23.csv,NA,NA,0.6470588235294118,0.35294117647058826,4,0.25,0.4444444444444444,0,0,0.8888888888888888,0.42857142857142855,NA,0.01818181818181818,0.75,0,CD_M20262640204,2,2026-08-23,Fremantle,CD_R202626402
CD_I1019736,11,MIDFIELDER,"https://s.afl.com.au/staticfile/AFL Tenant/AFL/Players/ChampIDImages/AFLW/2026264/1019736.png?im=Scale,width=0.6,height=0.6",Yasmin,Duursma,CD_T8096,CARL,Carlton,Blues,2,60.5,0,0,0,0,2,0,0,0,4,0,0,9,9,59,6,4,1,0,0,100,0,1,4,3,0,0,1,0,3,0,0,6,3,0,0,112,1,11,0,0,0,0,2,0,1,0,0,5,0,0,8,3,4,2026-08-23,data//AFLW_2026-08-23.csv,NA,NA,0.5,0.6666666666666666,2,0.6666666666666666,0.6666666666666666,NA,NA,2,0.45454545454545453,NA,0,0,0,CD_M20262640205,2,2026-08-23,Adelaide Crows,CD_R202626402
CD_I1019806,43,MEDIUM_DEFENDER,"https://s.afl.com.au/staticfile/AFL Tenant/AFL/Players/ChampIDImages/AFLW/2026264/1019806.png?im=Scale,width=0.6,height=0.6",Jemma,Rigoni,CD_T8097,COLL,Collingwood,Magpies,2,90.30000000000001,0,0,4,0,2,0,0,0,3,0,0,16,8,49,5,1,0,0,1,0,0,0,2,6,0,0,1,0,3,0,0,2,2,0,1,110,2,23,0,0,0,0,0,0,0,1,0,6,1,0,9,2,6,2026-08-23,data//AFLW_2026-08-23.csv,NA,NA,0.3333333333333333,0.625,4,0.5,0.6666666666666666,NA,NA,0.3333333333333333,0.2608695652173913,NA,0,0.25,0,CD_M20262640204,2,2026-08-23,Fremantle,CD_R202626402
CD_I1019811,6,MEDIUM_FORWARD,"https://s.afl.com.au/staticfile/AFL Tenant/AFL/Players/ChampIDImages/AFLW/2026264/1019811.png?im=Scale,width=0.6,height=0.6",Alice,O'Loughlin,CD_T8466,NMFC,North Melbourne,Kangaroos,2,75.1,1,0,0,0,2,0,0,0,5,1,0,7,8,37,2,0,2,0,1,40,0,0,4,4,0,0,2,0,1,0,0,4,1,1,1,80,0,13,0,0,0,0,2,0,1,0,0,3,2,0,9,2,4,2026-08-23,data//AFLW_2026-08-23.csv,NA,0,0.5555555555555556,0.25,2,0,0.5,NA,NA,1,0.23076923076923078,NA,0,0,0,CD_M20262640203,2,2026-08-22,Brisbane Lions,CD_R202626402
CD_I1019819,24,MIDFIELDER,"https://s.afl.com.au/staticfile/AFL Tenant/AFL/Players/ChampIDImages/AFLW/2026264/1019819.png?im=Scale,width=0.6,height=0.6",Brooke,Vickers,CD_T8096,CARL,Carlton,Blues,2,39.9,0,0,0,0,1,0,0,0,2,1,0,5,6,32,5,4,0,1,1,0,0,0,1,1,0,0,0,0,1,0,0,5,3,0,0,116,1,6,0,0,4,0,0,0,0,1,0,2,0,0,6,0,4,2026-08-23,data//AFLW_2026-08-23.csv,NA,0,0.3333333333333333,0.8333333333333334,1,0.8,1,NA,NA,5,0.3333333333333333,NA,0,0,0,CD_M20262640205,2,2026-08-23,Adelaide Crows,CD_R202626402
CD_I1019828,9,MEDIUM_DEFENDER,"https://s.afl.com.au/staticfile/AFL Tenant/AFL/Players/ChampIDImages/AFLW/2026264/1019828.png?im=Scale,width=0.6,height=0.6",Keely,Coyne,CD_T9407,HAW,Hawthorn,Hawks,2,59.60000000000001,0,0,0,0,1,0,0,0,5,0,0,4,6,32,4,2,0,0,1,0,0,0,4,2,0,0,3,0,3,0,0,4,1,0,0,95,2,6,0,0,0,0,0,0,0,2,0,3,1,0,6,1,1,2026-08-23,data//AFLW_2026-08-23.csv,NA,NA,0.8333333333333334,0.6666666666666666,2,0.5,1,NA,NA,2,0.5,NA,0,0,0,CD_M20262640207,2,2026-08-23,Port Adelaide,CD_R202626402
CD_I1019830,19,MEDIUM_FORWARD,"https://s.afl.com.au/staticfile/AFL Tenant/AFL/Players/ChampIDImages/AFLW/2026264/1019830.png?im=Scale,width=0.6,height=0.6",Bridie,Hipwell,CD_T9407,HAW,Hawthorn,Hawks,2,68.5,0,0,0,0,0,0,0,0,1,0,0,3,12,47,8,6,0,0,1,0,0,0,1,3,0,0,1,0,3,0,0,9,3,0,0,249,0,5,0,0,1,0,1,0,0,0,0,1,0,0,12,2,11,2026-08-23,data//AFLW_2026-08-23.csv,NA,NA,0.08333333333333333,0.6666666666666666,2,0.6666666666666666,0.6666666666666666,NA,NA,3,0.2,NA,0,0,0,CD_M20262640207,2,2026-08-23,Port Adelaide,CD_R202626402
CD_I1019834,25,MIDFIELDER,"https://s.afl.com.au/staticfile/AFL Tenant/AFL/Players/ChampIDImages/AFLW/2026264/1019834.png?im=Scale,width=0.6,height=0.6",Sofia,Hurley,CD_T9408,SYD,Sydney Swans,Swans,2,84.60000000000001,0,0,15,0,3,0,0,1,11,0,0,10,24,117,16,4,2,2,0,100,1,1,8,14,0,0,3,0,5,0,0,10,5,0,1,207,2,27,0,0,0,0,3,0,1,0,0,11,1,0,23,4,12,2026-08-23,data//AFLW_2026-08-23.csv,NA,NA,0.4782608695652174,0.6666666666666666,12,0.4,0.8571428571428571,NA,NA,0.7142857142857143,0.4074074074074074,NA,0,0.7894736842105263,0,CD_M20262640209,2,2026-08-23,Essendon,CD_R202626402
CD_I1019883,20,MEDIUM_DEFENDER,"https://s.afl.com.au/staticfile/AFL Tenant/AFL/Players/ChampIDImages/AFLW/2026264/1019883.png?im=Scale,width=0.6,height=0.6",Laura,Elliott,CD_T9407,HAW,Hawthorn,Hawks,2,83.1,0,0,0,0,1,0,1,0,5,0,0,8,12,50,11,8,0,1,0,0,1,0,5,3,0,0,2,0,8,1,1,9,4,0,0,252,2,8,0,0,1,0,3,0,0,2,0,2,0,0,11,1,6,2026-08-23,data//AFLW_2026-08-23.csv,0,NA,0.45454545454545453,0.9166666666666666,3,0.8888888888888888,1,NA,NA,3,0.25,1,0,0,0.3333333333333333,CD_M20262640207,2,2026-08-23,Port Adelaide,CD_R202626402
CD_I1019887,1,MEDIUM_DEFENDER,"https://s.afl.com.au/staticfile/AFL Tenant/AFL/Players/ChampIDImages/AFLW/2026264/1019887.png?im=Scale,width=0.6,height=0.6",Amelia,Velardo,CD_T8096,CARL,Carlton,Blues,2,62.199999999999996,0,0,0,0,1,0,0,0,5,0,0,7,16,70,13,8,0,0,3,0,0,0,1,6,0,0,0,0,6,3,1,10,3,0,0,197,4,9,0,0,3,0,2,0,1,3,0,4,0,0,16,1,11,2026-08-23,data//AFLW_2026-08-23.csv,NA,NA,0.3125,0.8125,5,0.8,0.8333333333333334,NA,NA,1.6666666666666667,0.4444444444444444,0.3333333333333333,0,0,0.75,CD_M20262640205,2,2026-08-23,Adelaide Crows,CD_R202626402
CD_I1021365,1,MIDFIELDER_FORWARD,"https://s.afl.com.au/staticfile/AFL Tenant/AFL/Players/ChampIDImages/AFLW/2026264/1021365.png?im=Scale,width=0.6,height=0.6",Annabel,Kievit,CD_T8786,GCFC,Gold Coast SUNS,SUNS,2,89.49999999999999,0,0,0,0,2,0,0,0,1,0,0,7,7,33,5,3,0,1,0,0,0,0,1,2,0,0,1,0,2,0,0,5,3,0,0,139,2,11,0,0,2,0,0,0,0,2,0,2,0,0,8,1,7,2026-08-23,data//AFLW_2026-08-23.csv,NA,NA,0.125,0.7142857142857143,2,0.6,1,NA,NA,2.5,0.18181818181818182,NA,0,0,0,CD_M20262640208,2,2026-08-22,West Coast Eagles,CD_R202626402
CD_I1021399,30,MEDIUM_DEFENDER,"https://s.afl.com.au/staticfile/AFL Tenant/AFL/Players/ChampIDImages/AFLW/2026264/1021399.png?im=Scale,width=0.6,height=0.6",Jessica,Low,CD_T7886,FRE,Fremantle,Freo,2,74.1,0,0,0,0,1,1,2,0,3,0,0,4,9,25,7,3,0,0,0,0,0,0,3,5,0,0,0,0,5,0,0,4,1,0,0,39,2,4,0,0,0,0,0,0,0,2,0,0,0,0,8,2,5,2026-08-23,data//AFLW_2026-08-23.csv,0.5,NA,0.375,0.7777777777777778,4,0.75,0.8,NA,NA,0.8,0,NA,0,0,0,CD_M20262640204,2,2026-08-23,Collingwood,CD_R202626402
CD_I1021409,16,RUCK,"https://s.afl.com.au/staticfile/AFL Tenant/AFL/Players/ChampIDImages/AFLW/2026264/1021409.png?im=Scale,width=0.6,height=0.6",Matilda,Dyke,CD_T9406,ESS,Essendon,Bombers,2,85.80000000000001,0,0,3,0,2,0,1,0,3,0,0,11,8,34,2,0,0,1,0,0,0,0,2,2,0,0,1,0,3,0,0,6,1,0,0,105,4,13,0,0,1,10,1,0,0,3,1,3,0,1,8,0,5,2026-08-23,data//AFLW_2026-08-23.csv,0,NA,0.375,0.25,2,0,1,0,0,3,0.23076923076923078,NA,0.17543859649122806,0.15789473684210525,0,CD_M20262640209,2,2026-08-23,Sydney Swans,CD_R202626402
CD_I1021410,21,MIDFIELDER,"https://s.afl.com.au/staticfile/AFL Tenant/AFL/Players/ChampIDImages/AFLW/2026264/1021410.png?im=Scale,width=0.6,height=0.6",Dana,East,CD_T8788,RICH,Richmond,Richmond,2,73.2,0,0,10,1,3,0,0,0,7,0,0,8,9,41,5,0,1,1,0,0,0,0,6,7,0,0,0,0,1,0,0,2,0,0,0,72,0,14,0,0,1,0,1,0,0,0,1,6,0,2,9,2,2,2026-08-23,data//AFLW_2026-08-23.csv,NA,NA,0.7777777777777778,0.5555555555555556,5,0,0.7142857142857143,NA,NA,0.2857142857142857,0.42857142857142855,NA,0,0.6666666666666666,0,CD_M20262640202,2,2026-08-22,Western Bulldogs,CD_R202626402
CD_I1021411,19,KEY_FORWARD,"https://s.afl.com.au/staticfile/AFL Tenant/AFL/Players/ChampIDImages/AFLW/2026264/1021411.png?im=Scale,width=0.6,height=0.6",Amy,Franklin,CD_T8787,WCE,West Coast Eagles,Eagles,2,92.7,0,0,0,0,1,0,0,1,5,2,1,1,11,56,7,5,1,1,2,100,0,3,2,5,0,0,0,0,1,0,0,6,1,1,0,85,0,7,0,0,0,1,3,0,3,0,1,2,2,1,8,2,3,2026-08-23,data//AFLW_2026-08-23.csv,NA,0.5,0.625,0.6363636363636364,2,0.8333333333333334,0.4,0,0,1.2,0.2857142857142857,NA,0.021739130434782608,0,0,CD_M20262640208,2,2026-08-22,Gold Coast SUNS,CD_R202626402
CD_I1021412,21,MIDFIELDER,"https://s.afl.com.au/staticfile/AFL Tenant/AFL/Players/ChampIDImages/AFLW/2026264/1021412.png?im=Scale,width=0.6,height=0.6",Maggie,MacLachlan,CD_T9406,ESS,Essendon,Bombers,2,67.29999999999998,0,0,0,0,4,0,0,0,6,0,0,2,9,38,6,3,1,0,1,0,0,0,3,3,0,0,1,0,2,0,0,6,3,0,0,189,3,4,0,0,0,0,3,0,0,1,1,1,0,1,11,3,5,2026-08-23,data//AFLW_2026-08-23.csv,NA,NA,0.5454545454545454,0.6666666666666666,3,0.5,1,NA,NA,2,0.25,NA,0,0,0,CD_M20262640209,2,2026-08-23,Sydney Swans,CD_R202626402
CD_I1021417,28,MEDIUM_FORWARD,"https://s.afl.com.au/staticfile/AFL Tenant/AFL/Players/ChampIDImages/AFLW/2026264/1021417.png?im=Scale,width=0.6,height=0.6",Poppy,Stockwell,CD_T9407,HAW,Hawthorn,Hawks,2,66.1,0,0,0,0,3,0,0,1,6,0,0,0,14,67,8,6,4,0,0,100,0,3,5,5,0,0,3,0,1,0,0,9,4,3,0,269,0,4,0,0,0,0,5,0,3,0,1,0,0,1,14,5,8,2026-08-23,data//AFLW_2026-08-23.csv,NA,NA,0.42857142857142855,0.5714285714285714,2,0.6666666666666666,0.4,NA,NA,1.8,0,NA,0,0,0,CD_M20262640207,2,2026-08-23,Port Adelaide,CD_R202626402
CD_I1021436,13,MIDFIELDER_FORWARD,"https://s.afl.com.au/staticfile/AFL Tenant/AFL/Players/ChampIDImages/AFLW/2026264/1021436.png?im=Scale,width=0.6,height=0.6",Mikayla,Pauga,CD_T7889,GWS,GWS GIANTS,GIANTS,2,59.199999999999996,0,0,0,0,2,0,0,0,3,0,0,2,12,51,6,2,2,1,0,50,0,0,3,5,0,0,2,0,1,0,0,7,1,0,0,130,1,17,0,0,1,0,1,0,1,1,1,5,1,1,11,2,8,2026-08-23,data//AFLW_2026-08-23.csv,NA,NA,0.2727272727272727,0.5,4,0.2857142857142857,0.8,NA,NA,1.4,0.29411764705882354,NA,0,0,0,CD_M20262640206,2,2026-08-23,Melbourne,CD_R202626402
CD_I1021441,28,MIDFIELDER_FORWARD,"https://s.afl.com.au/staticfile/AFL Tenant/AFL/Players/ChampIDImages/AFLW/2026264/1021441.png?im=Scale,width=0.6,height=0.6",Charlotte,Mullins,CD_T7887,BL,Brisbane Lions,Lions,2,84.7,0,0,5,0,3,0,1,1,7,0,0,14,14,51,7,3,1,1,2,50,0,0,4,4,0,0,3,0,3,0,0,10,2,1,0,184,1,19,0,0,0,0,3,0,0,1,1,2,0,1,13,6,6,2026-08-23,data//AFLW_2026-08-23.csv,0,NA,0.5384615384615384,0.5,4,0.3,1,NA,NA,2.5,0.10526315789473684,NA,0,0.3333333333333333,0,CD_M20262640203,2,2026-08-22,North Melbourne,CD_R202626402
CD_I1021456,13,MIDFIELDER,"https://s.afl.com.au/staticfile/AFL Tenant/AFL/Players/ChampIDImages/AFLW/2026264/1021456.png?im=Scale,width=0.6,height=0.6",Lucy,Single,CD_T8786,GCFC,Gold Coast SUNS,SUNS,2,91,0,0,13,0,3,0,0,0,5,0,0,7,7,29,6,4,1,3,1,0,0,0,5,2,0,0,1,0,1,0,0,5,2,1,1,116,0,12,0,0,0,0,1,0,1,0,0,3,1,0,10,2,5,2026-08-23,data//AFLW_2026-08-23.csv,NA,NA,0.5,0.8571428571428571,2,0.8,1,NA,NA,2.5,0.25,NA,0,0.7647058823529411,0,CD_M20262640208,2,2026-08-22,West Coast Eagles,CD_R202626402
CD_I1021524,18,KEY_DEFENDER,"https://s.afl.com.au/staticfile/AFL Tenant/AFL/Players/ChampIDImages/AFLW/2026264/1021524.png?im=Scale,width=0.6,height=0.6",Libby,Graham,CD_T8788,RICH,Richmond,Richmond,2,91.79999999999998,0,0,0,0,4,1,3,0,4,0,0,7,10,38,8,5,0,2,0,0,0,0,4,4,0,0,0,0,7,2,0,6,2,0,0,230,4,11,0,0,3,0,0,0,0,3,0,3,0,0,9,4,5,2026-08-23,data//AFLW_2026-08-23.csv,0.3333333333333333,NA,0.4444444444444444,0.8,3,0.8333333333333334,0.75,NA,NA,1.5,0.2727272727272727,0,0,0,0.3333333333333333,CD_M20262640202,2,2026-08-22,Western Bulldogs,CD_R202626402
CD_I1021530,11,MEDIUM_FORWARD,"https://s.afl.com.au/staticfile/AFL Tenant/AFL/Players/ChampIDImages/AFLW/2026264/1021530.png?im=Scale,width=0.6,height=0.6",Shanae,Davison,CD_T7887,BL,Brisbane Lions,Lions,2,59.89999999999999,0,0,0,0,2,0,0,0,3,0,0,11,8,33,4,2,0,0,0,0,0,0,3,2,0,0,3,0,2,0,0,6,1,0,0,142,1,14,0,0,0,0,0,0,1,1,0,2,0,0,9,3,6,2026-08-23,data//AFLW_2026-08-23.csv,NA,NA,0.3333333333333333,0.5,2,0.3333333333333333,1,NA,NA,3,0.14285714285714285,NA,0,0,0,CD_M20262640203,2,2026-08-22,North Melbourne,CD_R202626402
CD_I1021793,10,KEY_DEFENDER,"https://s.afl.com.au/staticfile/AFL Tenant/AFL/Players/ChampIDImages/AFLW/2026264/1021793.png?im=Scale,width=0.6,height=0.6",Paige,Trudgeon,CD_T8796,STK,St Kilda,St Kilda,2,93.30000000000001,0,0,0,0,2,1,5,2,7,0,0,6,15,50,10,5,0,0,0,0,0,0,5,7,0,0,3,0,6,0,0,8,4,0,0,313,3,6,0,0,4,0,0,0,0,3,0,0,0,0,15,4,8,2026-08-23,data//AFLW_2026-08-23.csv,0.2,NA,0.4666666666666667,0.6666666666666666,5,0.625,0.7142857142857143,NA,NA,1.1428571428571428,0,NA,0,0,0,CD_M20262640201,2,2026-08-22,Geelong Cats,CD_R202626402
CD_I1021819,2,MEDIUM_FORWARD,"https://s.afl.com.au/staticfile/AFL Tenant/AFL/Players/ChampIDImages/AFLW/2026264/1021819.png?im=Scale,width=0.6,height=0.6",Sophie,Butterworth,CD_T8796,STK,St Kilda,St Kilda,2,79.6,0,0,0,0,2,0,0,1,4,2,0,0,7,28,5,2,2,2,1,100,0,1,2,4,1,0,0,0,0,0,0,3,3,1,2,50,0,9,0,0,0,2,2,0,1,0,1,0,0,1,7,2,3,2026-08-23,data//AFLW_2026-08-23.csv,NA,0,0.5714285714285714,0.7142857142857143,3,0.6666666666666666,0.75,0.5,0,0.75,0,NA,0.038461538461538464,0,0,CD_M20262640201,2,2026-08-22,Geelong Cats,CD_R202626402
CD_I1021822,27,MIDFIELDER,"https://s.afl.com.au/staticfile/AFL Tenant/AFL/Players/ChampIDImages/AFLW/2026264/1021822.png?im=Scale,width=0.6,height=0.6",Mikayla,Williamson,CD_T9407,HAW,Hawthorn,Hawks,2,85.9,0,1,1,1,3,0,0,0,4,0,0,4,17,55,9,3,2,1,0,0,0,0,4,9,0,0,2,0,0,0,0,8,4,0,0,280,0,6,0,0,4,0,0,0,0,0,1,1,1,2,17,3,13,2026-08-23,data//AFLW_2026-08-23.csv,NA,NA,0.23529411764705882,0.5294117647058824,6,0.375,0.6666666666666666,NA,NA,0.8888888888888888,0.16666666666666666,NA,0,0.05263157894736842,0,CD_M20262640207,2,2026-08-23,Port Adelaide,CD_R202626402
CD_I1021824,6,MEDIUM_FORWARD,"https://s.afl.com.au/staticfile/AFL Tenant/AFL/Players/ChampIDImages/AFLW/2026264/1021824.png?im=Scale,width=0.6,height=0.6",Hayley,McLaughlin,CD_T9407,HAW,Hawthorn,Hawks,2,70.6,0,0,0,0,3,0,0,0,5,1,0,9,16,53,4,2,0,1,0,0,0,0,4,9,0,0,3,0,2,0,0,7,3,0,0,190,0,15,0,0,0,0,0,0,0,0,1,2,0,1,17,5,12,2026-08-23,data//AFLW_2026-08-23.csv,NA,0,0.29411764705882354,0.25,2,0.2857142857142857,0.2222222222222222,NA,NA,0.7777777777777778,0.13333333333333333,NA,0,0,0,CD_M20262640207,2,2026-08-23,Port Adelaide,CD_R202626402
CD_I1021828,3,MEDIUM_FORWARD,"https://s.afl.com.au/staticfile/AFL Tenant/AFL/Players/ChampIDImages/AFLW/2026264/1021828.png?im=Scale,width=0.6,height=0.6",Alyssia,Pisano,CD_T7386,MELB,Melbourne,Demons,1,56.6,3,0,0,0,2,0,0,1,2,3,1,2,8,52,5,3,1,1,0,25,0,1,1,2,0,0,1,0,1,0,0,6,4,2,0,82,0,6,0,0,0,0,6,0,4,0,0,3,1,0,8,2,6,2026-08-23,data//AFLW_2026-08-23.csv,NA,0.3333333333333333,0.25,0.625,2,0.5,1,NA,NA,3,0.5,NA,0,0,0,CD_M20262640206,2,2026-08-23,GWS GIANTS,CD_R202626402
CD_I1021837,22,MEDIUM_FORWARD,"https://s.afl.com.au/staticfile/AFL Tenant/AFL/Players/ChampIDImages/AFLW/2026264/1021837.png?im=Scale,width=0.6,height=0.6",Laura,Stone,CD_T9407,HAW,Hawthorn,Hawks,2,61.00000000000001,0,0,11,2,1,0,0,0,10,0,0,9,19,95,14,8,0,0,2,100,0,2,7,9,0,0,4,0,4,0,0,10,3,0,0,331,0,11,0,0,0,0,3,0,2,0,0,6,1,2,19,4,9,2026-08-23,data//AFLW_2026-08-23.csv,NA,NA,0.5263157894736842,0.7368421052631579,6,0.8,0.6666666666666666,NA,NA,1.1111111111111112,0.5454545454545454,NA,0,0.5789473684210527,0,CD_M20262640207,2,2026-08-23,Port Adelaide,CD_R202626402
CD_I1021844,23,RUCK,"https://s.afl.com.au/staticfile/AFL Tenant/AFL/Players/ChampIDImages/AFLW/2026264/1021844.png?im=Scale,width=0.6,height=0.6",Jess,Vukic,CD_T9407,HAW,Hawthorn,Hawks,1,32.4,0,0,2,0,0,0,0,0,0,1,0,1,0,5,0,0,0,0,0,0,0,0,0,0,1,0,0,0,0,0,0,0,0,0,0,0,0,4,0,0,0,5,0,0,0,0,0,1,0,0,0,0,0,2026-08-23,data//AFLW_2026-08-23.csv,NA,0,NA,NA,0,NA,NA,0.2,0,NA,0.25,NA,0.0684931506849315,0.10526315789473684,0,CD_M20262640207,2,2026-08-23,Port Adelaide,CD_R202626402
CD_I1021853,37,MEDIUM_DEFENDER,"https://s.afl.com.au/staticfile/AFL Tenant/AFL/Players/ChampIDImages/AFLW/2026264/1021853.png?im=Scale,width=0.6,height=0.6",Rylie,Wilcox,CD_T7387,WB,Western Bulldogs,Bulldogs,2,68.5,0,0,0,0,0,0,0,0,1,0,0,2,8,40,7,3,0,0,0,0,0,0,1,4,0,0,0,0,1,0,0,4,4,0,0,119,0,5,0,0,0,0,1,0,0,0,1,2,0,1,9,1,8,2026-08-23,data//AFLW_2026-08-23.csv,NA,NA,0.1111111111111111,0.875,4,0.75,1,NA,NA,1,0.4,NA,0,0,0,CD_M20262640202,2,2026-08-22,Richmond,CD_R202626402
CD_I1021884,16,MEDIUM_FORWARD,"https://s.afl.com.au/staticfile/AFL Tenant/AFL/Players/ChampIDImages/AFLW/2026264/1021884.png?im=Scale,width=0.6,height=0.6",Sarah,Grunden,CD_T9408,SYD,Sydney Swans,Swans,2,64.39999999999999,0,0,0,0,4,0,0,0,7,0,0,4,9,43,3,2,1,0,1,50,0,1,6,3,0,0,0,0,4,0,0,6,0,0,0,139,2,11,0,0,2,0,1,0,2,2,0,3,1,0,9,5,2,2026-08-23,data//AFLW_2026-08-23.csv,NA,NA,0.7777777777777778,0.3333333333333333,1,0.3333333333333333,0.3333333333333333,NA,NA,2,0.2727272727272727,NA,0,0,0,CD_M20262640209,2,2026-08-23,Essendon,CD_R202626402
CD_I1021894,23,MIDFIELDER,"https://s.afl.com.au/staticfile/AFL Tenant/AFL/Players/ChampIDImages/AFLW/2026264/1021894.png?im=Scale,width=0.6,height=0.6",Madison,Brazendale,CD_T7889,GWS,GWS GIANTS,GIANTS,2,79,0,0,0,0,2,0,0,0,5,0,0,4,21,77,10,3,0,0,0,0,0,0,5,9,0,0,3,0,4,0,0,12,5,1,0,332,3,8,0,0,2,0,2,0,0,3,1,2,0,1,20,5,15,2026-08-23,data//AFLW_2026-08-23.csv,NA,NA,0.25,0.47619047619047616,7,0.25,0.7777777777777778,NA,NA,1.3333333333333333,0.25,NA,0,0,0,CD_M20262640206,2,2026-08-23,Melbourne,CD_R202626402
CD_I1021898,37,KEY_FORWARD,"https://s.afl.com.au/staticfile/AFL Tenant/AFL/Players/ChampIDImages/AFLW/2026264/1021898.png?im=Scale,width=0.6,height=0.6",Tunisha,Kikoak,CD_T7886,FRE,Fremantle,Freo,2,67.1,0,0,2,0,3,0,0,0,2,2,0,2,4,19,1,0,0,0,1,0,1,0,1,2,1,1,0,0,1,0,0,2,1,0,0,55,0,9,0,0,2,9,1,0,0,0,1,1,0,1,4,3,2,2026-08-23,data//AFLW_2026-08-23.csv,NA,0,0.5,0.25,1,0,0.5,0.1111111111111111,0.1111111111111111,1,0.1111111111111111,NA,0.16363636363636364,0.125,0,CD_M20262640204,2,2026-08-23,Collingwood,CD_R202626402
CD_I1021923,6,MIDFIELDER_FORWARD,"https://s.afl.com.au/staticfile/AFL Tenant/AFL/Players/ChampIDImages/AFLW/2026264/1021923.png?im=Scale,width=0.6,height=0.6",Sierra,Grieves,CD_T8788,RICH,Richmond,Richmond,2,72.60000000000001,0,0,6,1,5,0,0,0,9,0,0,4,15,43,7,2,2,0,1,0,0,0,7,9,0,0,1,0,2,0,0,6,2,0,0,118,1,13,0,0,1,0,0,0,1,0,2,0,0,3,16,4,7,2026-08-23,data//AFLW_2026-08-23.csv,NA,NA,0.5625,0.4666666666666667,5,0.3333333333333333,0.5555555555555556,NA,NA,0.6666666666666666,0,NA,0,0.4,0,CD_M20262640202,2,2026-08-22,Western Bulldogs,CD_R202626402
CD_I1021924,23,MIDFIELDER,"https://s.afl.com.au/staticfile/AFL Tenant/AFL/Players/ChampIDImages/AFLW/2026264/1021924.png?im=Scale,width=0.6,height=0.6",Lila,Keck,CD_T8096,CARL,Carlton,Blues,2,76.69999999999999,0,0,0,0,2,0,0,0,3,1,0,3,8,39,4,2,2,1,0,50,0,0,3,4,0,0,1,0,0,0,0,4,2,0,0,116,1,13,0,0,0,0,3,0,0,1,0,4,1,0,9,3,6,2026-08-23,data//AFLW_2026-08-23.csv,NA,0,0.3333333333333333,0.5,2,0.5,0.5,NA,NA,1,0.3076923076923077,NA,0,0,0,CD_M20262640205,2,2026-08-23,Adelaide Crows,CD_R202626402
CD_I1021927,23,MEDIUM_FORWARD,"https://s.afl.com.au/staticfile/AFL Tenant/AFL/Players/ChampIDImages/AFLW/2026264/1021927.png?im=Scale,width=0.6,height=0.6",Bryde,O'Rourke,CD_T8467,GEEL,Geelong Cats,Cats,2,77.69999999999999,1,1,0,0,2,0,0,1,5,0,0,7,17,68,11,7,0,1,0,50,0,0,3,6,0,0,2,0,4,0,0,11,7,1,0,274,1,10,0,0,4,0,2,0,1,0,0,1,0,0,18,4,13,2026-08-23,data//AFLW_2026-08-23.csv,NA,NA,0.2777777777777778,0.6470588235294118,4,0.6363636363636364,0.6666666666666666,NA,NA,1.8333333333333333,0.1,NA,0,0,0,CD_M20262640201,2,2026-08-22,St Kilda,CD_R202626402
CD_I1021933,30,KEY_FORWARD,"https://s.afl.com.au/staticfile/AFL Tenant/AFL/Players/ChampIDImages/AFLW/2026264/1021933.png?im=Scale,width=0.6,height=0.6",Alexis,Gregor,CD_T8467,GEEL,Geelong Cats,Cats,2,87.89999999999999,0,0,0,0,0,0,3,0,2,0,0,6,7,37,7,4,0,0,1,0,0,0,2,3,0,0,0,0,4,0,0,4,2,0,0,93,5,9,0,0,3,1,2,0,0,4,0,3,0,0,7,1,5,2026-08-23,data//AFLW_2026-08-23.csv,0,NA,0.2857142857142857,1,3,1,1,0,0,1.3333333333333333,0.3333333333333333,NA,0.0196078431372549,0,0,CD_M20262640201,2,2026-08-22,St Kilda,CD_R202626402
CD_I1022111,2,MIDFIELDER,"https://s.afl.com.au/staticfile/AFL Tenant/AFL/Players/ChampIDImages/AFLW/2026264/1022111.png?im=Scale,width=0.6,height=0.6",Eliza,West,CD_T9407,HAW,Hawthorn,Hawks,2,77.1,0,0,16,3,2,0,0,0,18,0,0,9,24,98,15,4,2,0,1,0,0,0,14,13,0,0,2,0,3,0,0,11,2,0,0,179,1,20,0,0,1,0,4,0,0,0,4,8,1,7,26,4,8,2026-08-23,data//AFLW_2026-08-23.csv,NA,NA,0.6923076923076923,0.625,11,0.36363636363636365,0.8461538461538461,NA,NA,0.8461538461538461,0.4,NA,0,0.8421052631578947,0,CD_M20262640207,2,2026-08-23,Port Adelaide,CD_R202626402
CD_I1022112,4,KEY_FORWARD,"https://s.afl.com.au/staticfile/AFL Tenant/AFL/Players/ChampIDImages/AFLW/2026264/1022112.png?im=Scale,width=0.6,height=0.6",Imogen,Barnett,CD_T8097,COLL,Collingwood,Magpies,1,73.8,0,0,10,0,3,0,0,0,4,1,1,4,9,50,6,3,0,1,1,0,0,0,3,5,10,2,1,0,4,0,0,4,4,0,0,86,1,7,0,0,0,26,2,0,1,1,0,2,0,0,11,1,7,2026-08-23,data//AFLW_2026-08-23.csv,NA,1,0.36363636363636365,0.6666666666666666,3,0.75,0.6,0.38461538461538464,0.07692307692307693,0.8,0.2857142857142857,NA,0.4727272727272727,0.625,0,CD_M20262640204,2,2026-08-23,Fremantle,CD_R202626402
CD_I1022127,26,KEY_DEFENDER,"https://s.afl.com.au/staticfile/AFL Tenant/AFL/Players/ChampIDImages/AFLW/2026264/1022127.png?im=Scale,width=0.6,height=0.6",Claudia,Gunjaca,CD_T8467,GEEL,Geelong Cats,Cats,2,80.89999999999999,0,0,0,0,2,0,0,0,7,0,0,7,13,60,11,6,0,2,2,0,0,0,5,6,0,0,0,0,6,0,0,7,5,0,0,98,2,11,0,0,1,1,2,0,0,2,0,4,0,0,13,1,6,2026-08-23,data//AFLW_2026-08-23.csv,NA,NA,0.5384615384615384,0.8461538461538461,5,0.8571428571428571,0.8333333333333334,0,0,1.1666666666666667,0.36363636363636365,NA,0.0196078431372549,0,0,CD_M20262640201,2,2026-08-22,St Kilda,CD_R202626402
CD_I1022181,16,MIDFIELDER,"https://s.afl.com.au/staticfile/AFL Tenant/AFL/Players/ChampIDImages/AFLW/2026264/1022181.png?im=Scale,width=0.6,height=0.6",Shineah,Goody,CD_T9409,PORT,Port Adelaide,Power,2,77.19999999999999,0,0,14,1,4,0,0,0,6,0,0,17,13,86,7,2,0,1,1,0,0,0,5,6,0,0,1,0,2,0,0,7,1,0,1,112,0,26,0,0,2,0,1,0,0,0,2,13,0,3,12,4,6,2026-08-23,data//AFLW_2026-08-23.csv,NA,NA,0.5,0.5384615384615384,5,0.2857142857142857,0.8333333333333334,NA,NA,1.1666666666666667,0.5,NA,0,0.7368421052631579,0,CD_M20262640207,2,2026-08-23,Hawthorn,CD_R202626402
CD_I1022193,11,MEDIUM_DEFENDER,"https://s.afl.com.au/staticfile/AFL Tenant/AFL/Players/ChampIDImages/AFLW/2026264/1022193.png?im=Scale,width=0.6,height=0.6",Sarah,Goodwin,CD_T8098,ADEL,Adelaide Crows,Crows,2,82.39999999999999,1,0,11,2,1,0,0,0,12,0,0,8,21,76,15,5,0,1,0,33.3,0,1,7,12,0,0,4,0,4,0,0,9,3,0,0,266,1,21,0,0,1,0,4,0,2,0,4,3,0,6,22,3,10,2026-08-23,data//AFLW_2026-08-23.csv,NA,NA,0.5454545454545454,0.7142857142857143,10,0.5555555555555556,0.8333333333333334,NA,NA,0.75,0.14285714285714285,NA,0,0.7857142857142857,0,CD_M20262640205,2,2026-08-23,Carlton,CD_R202626402
CD_I1022203,5,MEDIUM_FORWARD,"https://s.afl.com.au/staticfile/AFL Tenant/AFL/Players/ChampIDImages/AFLW/2026264/1022203.png?im=Scale,width=0.6,height=0.6",Elaine,Grigg,CD_T7387,WB,Western Bulldogs,Bulldogs,2,78.4,0,0,0,0,4,0,0,0,5,0,0,6,13,46,8,1,1,2,0,0,0,0,5,9,0,0,0,0,2,0,0,4,2,0,0,117,0,13,0,0,1,0,2,0,0,0,1,4,0,1,13,4,8,2026-08-23,data//AFLW_2026-08-23.csv,NA,NA,0.38461538461538464,0.6153846153846154,7,0.25,0.7777777777777778,NA,NA,0.4444444444444444,0.3076923076923077,NA,0,0,0,CD_M20262640202,2,2026-08-22,Richmond,CD_R202626402
CD_I1022220,6,MEDIUM_DEFENDER,"https://s.afl.com.au/staticfile/AFL Tenant/AFL/Players/ChampIDImages/AFLW/2026264/1022220.png?im=Scale,width=0.6,height=0.6",Molly,Brooksby,CD_T9409,PORT,Port Adelaide,Power,2,73.70000000000002,0,0,0,0,2,0,0,0,3,0,0,3,14,83,9,9,0,0,0,0,0,0,3,1,0,0,0,0,3,2,2,13,6,1,0,246,1,13,0,0,2,0,3,0,1,1,0,6,1,0,13,2,10,2026-08-23,data//AFLW_2026-08-23.csv,NA,NA,0.23076923076923078,0.6428571428571429,0,0.6923076923076923,0,NA,NA,13,0.46153846153846156,1,0,0,0.4,CD_M20262640207,2,2026-08-23,Hawthorn,CD_R202626402
CD_I1022236,12,RUCK,"https://s.afl.com.au/staticfile/AFL Tenant/AFL/Players/ChampIDImages/AFLW/2026264/1022236.png?im=Scale,width=0.6,height=0.6",Jessica,Good,CD_T8096,CARL,Carlton,Blues,2,90.3,0,0,12,0,1,0,1,0,8,2,1,9,14,60,11,4,0,1,2,0,0,0,3,7,16,6,1,0,5,0,0,7,2,0,0,137,1,15,0,0,3,41,4,0,0,1,4,1,0,4,15,3,7,2026-08-23,data//AFLW_2026-08-23.csv,0,0.5,0.5333333333333333,0.7857142857142857,7,0.5714285714285714,1,0.3902439024390244,0.14634146341463414,1,0.06666666666666667,NA,0.8723404255319149,0.8571428571428571,0,CD_M20262640205,2,2026-08-23,Adelaide Crows,CD_R202626402
CD_I1022248,22,MEDIUM_FORWARD,"https://s.afl.com.au/staticfile/AFL Tenant/AFL/Players/ChampIDImages/AFLW/2026264/1022248.png?im=Scale,width=0.6,height=0.6",Lauren,Young,CD_T9409,PORT,Port Adelaide,Power,2,99.1,0,0,0,0,4,0,0,1,5,2,0,2,14,63,7,3,1,1,0,50,0,1,4,6,0,0,2,0,2,0,0,8,4,1,2,158,0,9,0,0,0,1,3,0,2,0,0,3,2,0,13,4,8,2026-08-23,data//AFLW_2026-08-23.csv,NA,0,0.38461538461538464,0.5,4,0.375,0.6666666666666666,0,0,1.3333333333333333,0.3333333333333333,NA,0.013888888888888888,0,0,CD_M20262640207,2,2026-08-23,Hawthorn,CD_R202626402
CD_I1022299,21,KEY_DEFENDER,"https://s.afl.com.au/staticfile/AFL Tenant/AFL/Players/ChampIDImages/AFLW/2026264/1022299.png?im=Scale,width=0.6,height=0.6",Amelie,Borg,CD_T9409,PORT,Port Adelaide,Power,2,87.4,0,0,0,0,1,0,1,0,4,0,0,4,7,22,3,2,0,0,1,0,0,0,3,3,0,0,0,0,5,0,0,4,1,0,0,83,1,5,0,0,1,0,0,0,0,1,0,0,0,0,6,3,2,2026-08-23,data//AFLW_2026-08-23.csv,0,NA,0.6666666666666666,0.42857142857142855,1,0.5,0.3333333333333333,NA,NA,1.3333333333333333,0,NA,0,0,0,CD_M20262640207,2,2026-08-23,Hawthorn,CD_R202626402
CD_I1022350,10,MIDFIELDER_FORWARD,"https://s.afl.com.au/staticfile/AFL Tenant/AFL/Players/ChampIDImages/AFLW/2026264/1022350.png?im=Scale,width=0.6,height=0.6",Cynthia,Hamilton,CD_T9408,SYD,Sydney Swans,Swans,2,68.89999999999999,0,0,0,0,0,0,0,0,6,0,0,1,10,28,8,3,4,0,0,66.7,0,0,6,6,0,0,1,0,1,0,0,4,0,0,0,136,0,11,0,0,0,0,3,0,1,0,2,1,1,2,10,2,4,2026-08-23,data//AFLW_2026-08-23.csv,NA,NA,0.6,0.8,5,0.75,0.8333333333333334,NA,NA,0.6666666666666666,0.09090909090909091,NA,0,0,0,CD_M20262640209,2,2026-08-23,Essendon,CD_R202626402
CD_I1022695,10,MIDFIELDER,"https://s.afl.com.au/staticfile/AFL Tenant/AFL/Players/ChampIDImages/AFLW/2026264/1022695.png?im=Scale,width=0.6,height=0.6",Jasmyn,Smith,CD_T7387,WB,Western Bulldogs,Bulldogs,2,89.60000000000001,0,0,0,0,2,0,0,0,7,0,0,6,15,54,13,4,1,0,0,100,0,0,6,9,0,0,1,0,3,0,0,6,2,0,0,194,2,14,0,0,0,0,2,0,0,1,2,3,1,2,16,2,9,2026-08-23,data//AFLW_2026-08-23.csv,NA,NA,0.4375,0.8666666666666667,9,0.6666666666666666,1,NA,NA,0.6666666666666666,0.21428571428571427,NA,0,0,0,CD_M20262640202,2,2026-08-22,Richmond,CD_R202626402
CD_I1022701,24,MIDFIELDER,"https://s.afl.com.au/staticfile/AFL Tenant/AFL/Players/ChampIDImages/AFLW/2026264/1022701.png?im=Scale,width=0.6,height=0.6",Alana,Gee,CD_T8796,STK,St Kilda,St Kilda,2,68.5,0,0,8,2,0,0,0,0,6,0,0,6,14,62,9,4,0,0,1,0,0,0,5,7,0,0,4,0,3,0,0,7,2,0,0,225,3,16,0,0,1,0,0,0,0,2,1,5,0,3,14,2,8,2026-08-23,data//AFLW_2026-08-23.csv,NA,NA,0.42857142857142855,0.6428571428571429,5,0.5714285714285714,0.7142857142857143,NA,NA,1,0.3125,NA,0,0.4,0,CD_M20262640201,2,2026-08-22,Geelong Cats,CD_R202626402
CD_I1022723,31,MEDIUM_FORWARD,"https://s.afl.com.au/staticfile/AFL Tenant/AFL/Players/ChampIDImages/AFLW/2026264/1022723.png?im=Scale,width=0.6,height=0.6",Brodee,Mowbray,CD_T7889,GWS,GWS GIANTS,GIANTS,2,97.9,0,0,0,0,3,0,0,0,9,0,0,17,17,68,12,3,0,0,2,0,0,0,6,11,0,0,1,0,4,0,0,6,2,0,0,157,2,22,0,0,2,0,0,0,0,1,2,5,0,2,17,5,8,2026-08-23,data//AFLW_2026-08-23.csv,NA,NA,0.5294117647058824,0.7058823529411765,9,0.5,0.8181818181818182,NA,NA,0.5454545454545454,0.22727272727272727,NA,0,0,0,CD_M20262640206,2,2026-08-23,Melbourne,CD_R202626402
CD_I1022726,30,KEY_DEFENDER,"https://s.afl.com.au/staticfile/AFL Tenant/AFL/Players/ChampIDImages/AFLW/2026264/1022726.png?im=Scale,width=0.6,height=0.6",Teagan,Germech,CD_T9409,PORT,Port Adelaide,Power,2,79.6,0,0,0,0,0,2,4,0,9,0,0,3,14,49,8,4,0,0,0,0,0,0,8,6,0,0,0,0,9,0,0,8,3,0,0,175,5,5,0,0,3,0,1,0,0,4,2,1,0,2,15,2,6,2026-08-23,data//AFLW_2026-08-23.csv,0.5,NA,0.6,0.5714285714285714,4,0.5,0.6666666666666666,NA,NA,1.3333333333333333,0.2,NA,0,0,0,CD_M20262640207,2,2026-08-23,Hawthorn,CD_R202626402
CD_I1022736,5,MEDIUM_FORWARD,"https://s.afl.com.au/staticfile/AFL Tenant/AFL/Players/ChampIDImages/AFLW/2026264/1022736.png?im=Scale,width=0.6,height=0.6",Jessica,Doyle,CD_T7889,GWS,GWS GIANTS,GIANTS,2,84.6,1,0,1,0,3,0,0,0,3,1,0,6,6,33,1,0,0,2,0,0,0,0,1,1,4,0,1,0,1,0,0,5,3,1,2,113,2,10,0,0,1,14,2,0,1,1,1,2,0,1,7,5,4,2026-08-23,data//AFLW_2026-08-23.csv,NA,0,0.42857142857142855,0.16666666666666666,1,0,1,0.2857142857142857,0,5,0.2,NA,0.23333333333333334,0.07142857142857142,0,CD_M20262640206,2,2026-08-23,Melbourne,CD_R202626402
CD_I1022744,49,RUCK,"https://s.afl.com.au/staticfile/AFL Tenant/AFL/Players/ChampIDImages/AFLW/2026264/1022744.png?im=Scale,width=0.6,height=0.6",Madeline,Hendrie,CD_T8096,CARL,Carlton,Blues,2,99.4,0,0,0,0,1,1,1,0,2,0,0,10,4,25,3,1,0,0,0,0,0,0,2,3,0,0,0,0,3,0,0,1,0,0,0,40,3,10,0,0,0,0,0,0,0,2,0,4,0,0,3,1,1,2026-08-23,data//AFLW_2026-08-23.csv,1,NA,0.6666666666666666,0.75,2,1,0.6666666666666666,NA,NA,0.3333333333333333,0.4,NA,0,0,0,CD_M20262640205,2,2026-08-23,Adelaide Crows,CD_R202626402
CD_I1022745,12,MEDIUM_DEFENDER,"https://s.afl.com.au/staticfile/AFL Tenant/AFL/Players/ChampIDImages/AFLW/2026264/1022745.png?im=Scale,width=0.6,height=0.6",Ella,Heads,CD_T9409,PORT,Port Adelaide,Power,2,74.49999999999999,0,0,0,1,6,0,1,0,13,0,0,12,23,93,15,6,1,3,1,0,0,0,12,10,0,0,1,0,7,3,3,13,2,0,0,237,0,17,0,0,2,0,1,0,0,0,3,9,0,4,20,8,7,2026-08-23,data//AFLW_2026-08-23.csv,0,NA,0.65,0.6521739130434783,9,0.46153846153846156,0.9,NA,NA,1.3,0.5294117647058824,1,0,0,0.6,CD_M20262640207,2,2026-08-23,Hawthorn,CD_R202626402
CD_I1022756,34,MEDIUM_DEFENDER,"https://s.afl.com.au/staticfile/AFL Tenant/AFL/Players/ChampIDImages/AFLW/2026264/1022756.png?im=Scale,width=0.6,height=0.6",Jemmika,Douglas,CD_T8098,ADEL,Adelaide Crows,Crows,1,69.7,0,0,0,0,3,1,1,0,3,0,0,3,13,36,10,6,0,2,0,0,0,0,2,6,0,0,0,0,4,1,1,7,3,0,0,104,1,9,0,0,0,0,2,0,0,0,1,0,0,1,13,1,10,2026-08-23,data//AFLW_2026-08-23.csv,1,NA,0.23076923076923078,0.7692307692307693,4,0.8571428571428571,0.6666666666666666,NA,NA,1.1666666666666667,0,1,0,0,0.14285714285714285,CD_M20262640205,2,2026-08-23,Carlton,CD_R202626402
CD_I1022775,8,MIDFIELDER,"https://s.afl.com.au/staticfile/AFL Tenant/AFL/Players/ChampIDImages/AFLW/2026264/1022775.png?im=Scale,width=0.6,height=0.6",Lucia,Painter,CD_T8787,WCE,West Coast Eagles,Eagles,2,77.8,0,0,13,0,5,0,0,2,8,0,0,13,16,79,11,8,0,2,3,0,0,0,3,3,0,0,0,0,4,0,0,13,3,0,0,313,0,20,0,0,4,0,1,0,0,0,3,7,0,3,16,5,8,2026-08-23,data//AFLW_2026-08-23.csv,NA,NA,0.5,0.6875,3,0.6153846153846154,1,NA,NA,4.333333333333333,0.35,NA,0,0.7647058823529411,0,CD_M20262640208,2,2026-08-22,Gold Coast SUNS,CD_R202626402
CD_I1022818,23,RUCK,"https://s.afl.com.au/staticfile/AFL Tenant/AFL/Players/ChampIDImages/AFLW/2026264/1022818.png?im=Scale,width=0.6,height=0.6",Sarah,Lakay,CD_T8787,WCE,West Coast Eagles,Eagles,1,55,0,0,7,0,1,0,1,1,4,0,0,3,6,27,4,1,0,1,0,0,0,0,2,4,9,1,1,0,2,0,0,2,1,0,0,108,1,4,0,0,0,18,0,0,0,1,1,1,0,1,7,2,3,2026-08-23,data//AFLW_2026-08-23.csv,0,NA,0.5714285714285714,0.6666666666666666,3,0.5,0.75,0.5,0.05555555555555555,0.5,0.25,NA,0.391304347826087,0.4117647058823529,0,CD_M20262640208,2,2026-08-22,Gold Coast SUNS,CD_R202626402
CD_I1022823,4,MIDFIELDER,"https://s.afl.com.au/staticfile/AFL Tenant/AFL/Players/ChampIDImages/AFLW/2026264/1022823.png?im=Scale,width=0.6,height=0.6",Ella,Roberts,CD_T8787,WCE,West Coast Eagles,Eagles,2,93.19999999999999,1,0,14,3,2,0,0,0,8,0,0,8,24,86,18,8,0,1,3,50,0,0,5,12,0,0,4,0,4,1,1,12,3,0,1,301,2,15,0,0,1,0,2,0,1,0,4,4,0,7,21,3,13,2026-08-23,data//AFLW_2026-08-23.csv,NA,NA,0.38095238095238093,0.75,10,0.6666666666666666,0.8333333333333334,NA,NA,1,0.26666666666666666,1,0,0.8235294117647058,0.1111111111111111,CD_M20262640208,2,2026-08-22,Gold Coast SUNS,CD_R202626402
CD_I1022825,1,RUCK,"https://s.afl.com.au/staticfile/AFL Tenant/AFL/Players/ChampIDImages/AFLW/2026264/1022825.png?im=Scale,width=0.6,height=0.6",Lauren,Wakfer,CD_T8787,WCE,West Coast Eagles,Eagles,2,80.6,0,0,7,1,1,0,0,0,1,1,0,3,5,23,3,1,0,0,0,0,0,0,1,2,6,3,1,0,0,0,0,3,0,0,0,70,1,9,0,0,0,17,1,0,0,1,0,1,0,1,5,1,4,2026-08-23,data//AFLW_2026-08-23.csv,NA,0,0.2,0.6,2,0.3333333333333333,1,0.35294117647058826,0.17647058823529413,1.5,0.1111111111111111,NA,0.3695652173913043,0.4117647058823529,0,CD_M20262640208,2,2026-08-22,Gold Coast SUNS,CD_R202626402
CD_I1023389,15,MIDFIELDER,"https://s.afl.com.au/staticfile/AFL Tenant/AFL/Players/ChampIDImages/AFLW/2026264/1023389.png?im=Scale,width=0.6,height=0.6",Chloe,Adams,CD_T9406,ESS,Essendon,Bombers,2,61.89999999999999,0,0,0,0,0,0,0,0,1,0,0,6,5,22,4,1,0,0,0,0,0,0,1,4,0,0,0,0,2,0,0,1,1,0,0,3,0,10,0,0,0,0,1,0,0,0,0,2,0,0,5,1,4,2026-08-23,data//AFLW_2026-08-23.csv,NA,NA,0.2,0.8,3,1,0.75,NA,NA,0.25,0.2,NA,0,0,0,CD_M20262640209,2,2026-08-23,Sydney Swans,CD_R202626402
CD_I1023433,9,MIDFIELDER,"https://s.afl.com.au/staticfile/AFL Tenant/AFL/Players/ChampIDImages/AFLW/2026264/1023433.png?im=Scale,width=0.6,height=0.6",Sara,Howley,CD_T7889,GWS,GWS GIANTS,GIANTS,2,46.5,0,1,6,0,2,0,0,0,2,0,0,8,10,45,5,2,0,0,1,0,0,0,1,4,0,0,2,0,2,0,0,6,2,1,0,181,0,14,0,0,2,0,2,0,0,0,1,3,0,1,10,3,8,2026-08-23,data//AFLW_2026-08-23.csv,NA,NA,0.2,0.5,3,0.3333333333333333,0.75,NA,NA,1.5,0.21428571428571427,NA,0,0.42857142857142855,0,CD_M20262640206,2,2026-08-23,Melbourne,CD_R202626402
CD_I1023815,15,MIDFIELDER_FORWARD,"https://s.afl.com.au/staticfile/AFL Tenant/AFL/Players/ChampIDImages/AFLW/2026264/1023815.png?im=Scale,width=0.6,height=0.6",Abbygail,Bushby,CD_T8787,WCE,West Coast Eagles,Eagles,2,67,0,2,7,0,2,0,0,0,4,0,0,2,17,62,11,6,1,0,2,0,1,0,3,6,0,0,3,0,0,0,0,11,1,0,0,321,0,6,0,0,2,0,3,0,1,0,2,3,0,2,17,3,13,2026-08-23,data//AFLW_2026-08-23.csv,NA,NA,0.23529411764705882,0.6470588235294118,5,0.5454545454545454,0.8333333333333334,NA,NA,1.8333333333333333,0.5,NA,0,0.4117647058823529,0,CD_M20262640208,2,2026-08-22,Gold Coast SUNS,CD_R202626402
CD_I1023842,23,MIDFIELDER,"https://s.afl.com.au/staticfile/AFL Tenant/AFL/Players/ChampIDImages/AFLW/2026264/1023842.png?im=Scale,width=0.6,height=0.6",Zippy,Fish,CD_T9408,SYD,Sydney Swans,Swans,2,100,0,3,0,0,4,0,0,0,5,0,0,11,26,111,20,16,1,1,1,0,0,0,4,5,0,0,3,0,9,3,3,21,4,0,0,491,3,17,0,0,10,0,1,0,0,3,0,7,0,0,21,3,16,2026-08-23,data//AFLW_2026-08-23.csv,NA,NA,0.23809523809523808,0.7692307692307693,4,0.7619047619047619,0.8,NA,NA,4.2,0.4117647058823529,1,0,0,0.6,CD_M20262640209,2,2026-08-23,Essendon,CD_R202626402
CD_I1023854,29,MIDFIELDER,"https://s.afl.com.au/staticfile/AFL Tenant/AFL/Players/ChampIDImages/AFLW/2026264/1023854.png?im=Scale,width=0.6,height=0.6",Natasha,Entwistle,CD_T8787,WCE,West Coast Eagles,Eagles,1,58.5,0,0,0,0,0,1,1,1,2,0,0,7,3,23,2,1,0,0,1,0,0,0,0,1,0,0,0,0,2,0,0,2,2,0,0,13,1,8,0,0,0,0,0,0,0,1,0,2,0,0,4,1,2,2026-08-23,data//AFLW_2026-08-23.csv,1,NA,0.5,0.6666666666666666,1,0.5,1,NA,NA,2,0.25,NA,0,0,0,CD_M20262640208,2,2026-08-22,Gold Coast SUNS,CD_R202626402
CD_I1023857,22,KEY_DEFENDER,"https://s.afl.com.au/staticfile/AFL Tenant/AFL/Players/ChampIDImages/AFLW/2026264/1023857.png?im=Scale,width=0.6,height=0.6",Georgie,Cleaver,CD_T8787,WCE,West Coast Eagles,Eagles,2,99.99999999999999,0,0,0,0,1,1,3,0,5,0,0,4,15,52,9,7,0,0,0,0,0,0,4,3,0,0,0,0,5,1,1,12,2,0,0,305,2,4,0,0,4,0,1,0,0,2,1,1,0,1,13,4,8,2026-08-23,data//AFLW_2026-08-23.csv,0.3333333333333333,NA,0.38461538461538464,0.6,2,0.5833333333333334,0.6666666666666666,NA,NA,4,0.25,1,0,0,0.1111111111111111,CD_M20262640208,2,2026-08-22,Gold Coast SUNS,CD_R202626402
CD_I1023943,29,RUCK,"https://s.afl.com.au/staticfile/AFL Tenant/AFL/Players/ChampIDImages/AFLW/2026264/1023943.png?im=Scale,width=0.6,height=0.6",Matilda,Scholz,CD_T9409,PORT,Port Adelaide,Power,2,88.89999999999999,0,0,18,2,5,0,1,1,11,2,1,6,24,121,12,8,1,1,0,0,0,0,8,11,34,6,4,0,4,0,0,13,7,0,2,275,3,9,0,0,2,56,1,0,0,2,0,2,0,2,25,6,14,2026-08-23,data//AFLW_2026-08-23.csv,0,0.5,0.44,0.5,4,0.6153846153846154,0.36363636363636365,0.6071428571428571,0.10714285714285714,1.1818181818181819,0.2222222222222222,NA,0.7777777777777778,0.9473684210526315,0,CD_M20262640207,2,2026-08-23,Hawthorn,CD_R202626402
CD_I1023948,7,KEY_DEFENDER,"https://s.afl.com.au/staticfile/AFL Tenant/AFL/Players/ChampIDImages/AFLW/2026264/1023948.png?im=Scale,width=0.6,height=0.6",Poppy,Scholz,CD_T8096,CARL,Carlton,Blues,2,96.5,2,0,2,0,2,0,0,0,3,2,1,1,13,57,10,5,0,0,1,14.3,1,0,2,5,1,0,3,0,3,0,0,8,5,0,3,320,3,8,0,0,1,6,8,0,2,1,0,1,1,0,13,2,10,2026-08-23,data//AFLW_2026-08-23.csv,NA,0.5,0.23076923076923078,0.7692307692307693,5,0.625,1,0.16666666666666666,0,1.6,0.125,NA,0.1276595744680851,0.14285714285714285,0,CD_M20262640205,2,2026-08-23,Adelaide Crows,CD_R202626402
CD_I1024296,22,MEDIUM_DEFENDER,"https://s.afl.com.au/staticfile/AFL Tenant/AFL/Players/ChampIDImages/AFLW/2026264/1024296.png?im=Scale,width=0.6,height=0.6",Rachel,Kearns,CD_T8467,GEEL,Geelong Cats,Cats,2,78.70000000000002,0,0,0,0,5,0,1,0,5,0,0,8,14,66,8,4,3,1,2,33.3,1,1,4,5,0,0,3,0,2,0,0,9,4,0,0,231,1,14,0,0,1,0,5,0,1,1,1,3,1,1,13,3,8,2026-08-23,data//AFLW_2026-08-23.csv,0,NA,0.38461538461538464,0.5714285714285714,4,0.4444444444444444,0.8,NA,NA,1.8,0.21428571428571427,NA,0,0,0,CD_M20262640201,2,2026-08-22,St Kilda,CD_R202626402
CD_I1024299,26,RUCK,"https://s.afl.com.au/staticfile/AFL Tenant/AFL/Players/ChampIDImages/AFLW/2026264/1024299.png?im=Scale,width=0.6,height=0.6",Paige,Price,CD_T8786,GCFC,Gold Coast SUNS,SUNS,2,39.599999999999994,0,0,5,0,1,0,0,0,1,1,0,2,7,32,5,3,0,0,1,0,0,0,0,3,4,1,2,0,2,0,0,4,3,0,1,119,0,4,0,0,0,11,1,0,0,0,0,0,0,0,6,2,5,2026-08-23,data//AFLW_2026-08-23.csv,NA,0,0.16666666666666666,0.7142857142857143,2,0.75,0.6666666666666666,0.36363636363636365,0.09090909090909091,1.3333333333333333,0,NA,0.2391304347826087,0.29411764705882354,0,CD_M20262640208,2,2026-08-22,West Coast Eagles,CD_R202626402
CD_I1024535,3,RUCK,"https://s.afl.com.au/staticfile/AFL Tenant/AFL/Players/ChampIDImages/AFLW/2026264/1024535.png?im=Scale,width=0.6,height=0.6",Darcie,Davies,CD_T8786,GCFC,Gold Coast SUNS,SUNS,2,75.39999999999999,0,0,12,2,4,0,0,2,10,2,2,4,19,89,14,7,1,1,2,50,0,1,7,12,12,2,3,0,6,0,0,7,5,2,0,152,1,8,0,0,0,23,6,0,1,0,1,3,1,3,18,3,8,2026-08-23,data//AFLW_2026-08-23.csv,NA,1,0.5555555555555556,0.7368421052631579,7,1,0.5833333333333334,0.5217391304347826,0.08695652173913043,0.5833333333333334,0.375,NA,0.5,0.7058823529411765,0,CD_M20262640208,2,2026-08-22,West Coast Eagles,CD_R202626402
CD_I1024552,12,RUCK,"https://s.afl.com.au/staticfile/AFL Tenant/AFL/Players/ChampIDImages/AFLW/2026264/1024552.png?im=Scale,width=0.6,height=0.6",Havana,Harris,CD_T8786,GCFC,Gold Coast SUNS,SUNS,2,87.30000000000001,2,0,0,0,3,0,0,0,6,2,0,1,14,68,9,7,2,1,2,14.3,2,0,2,3,2,0,3,0,1,0,0,11,6,2,4,178,0,8,0,0,0,12,6,0,2,0,2,2,1,2,14,3,8,2026-08-23,data//AFLW_2026-08-23.csv,NA,0,0.42857142857142855,0.6428571428571429,2,0.6363636363636364,0.6666666666666666,0.16666666666666666,0,3.6666666666666665,0.25,NA,0.2608695652173913,0,0,CD_M20262640208,2,2026-08-22,West Coast Eagles,CD_R202626402
CD_I1024642,15,MIDFIELDER,"https://s.afl.com.au/staticfile/AFL Tenant/AFL/Players/ChampIDImages/AFLW/2026264/1024642.png?im=Scale,width=0.6,height=0.6",Priya,Bowering,CD_T8467,GEEL,Geelong Cats,Cats,2,77.80000000000001,0,0,7,1,3,0,0,0,10,1,1,1,13,42,9,6,1,2,4,0,0,0,5,5,0,0,3,0,2,0,0,8,2,1,1,213,0,4,0,0,0,0,2,0,0,0,1,1,1,2,14,3,4,2026-08-23,data//AFLW_2026-08-23.csv,NA,1,0.7142857142857143,0.6923076923076923,3,0.75,0.6,NA,NA,1.6,0.25,NA,0,0.35,0,CD_M20262640201,2,2026-08-22,St Kilda,CD_R202626402
CD_I1024984,30,MIDFIELDER,"https://s.afl.com.au/staticfile/AFL Tenant/AFL/Players/ChampIDImages/AFLW/2026264/1024984.png?im=Scale,width=0.6,height=0.6",Ally,Dallaway,CD_T8788,RICH,Richmond,Richmond,2,95.3,0,0,0,0,0,0,0,0,8,0,0,4,14,50,8,2,0,0,0,0,0,0,8,7,0,0,1,0,5,0,0,7,1,0,0,211,0,12,0,0,1,0,1,0,0,0,0,3,0,0,14,2,6,2026-08-23,data//AFLW_2026-08-23.csv,NA,NA,0.5714285714285714,0.5714285714285714,6,0.2857142857142857,0.8571428571428571,NA,NA,1,0.25,NA,0,0,0,CD_M20262640202,2,2026-08-22,Western Bulldogs,CD_R202626402
CD_I1025163,38,KEY_FORWARD,"https://s.afl.com.au/staticfile/AFL Tenant/AFL/Players/ChampIDImages/AFLW/2026264/1025163.png?im=Scale,width=0.6,height=0.6",Jacqueline,Dupuy,CD_T9407,HAW,Hawthorn,Hawks,2,99.9,0,0,0,0,4,0,0,2,13,4,1,1,19,80,9,6,5,2,1,14.3,2,0,9,6,3,1,2,0,5,0,0,13,5,3,2,330,2,7,0,0,0,14,5,0,3,1,1,4,2,1,20,7,7,2026-08-23,data//AFLW_2026-08-23.csv,NA,0.25,0.65,0.47368421052631576,3,0.46153846153846156,0.5,0.21428571428571427,0.07142857142857142,2.1666666666666665,0.5714285714285714,NA,0.1917808219178082,0,0,CD_M20262640207,2,2026-08-23,Port Adelaide,CD_R202626402
CD_I1025419,16,MIDFIELDER,"https://s.afl.com.au/staticfile/AFL Tenant/AFL/Players/ChampIDImages/AFLW/2026264/1025419.png?im=Scale,width=0.6,height=0.6",Ashley,Centra,CD_T8097,COLL,Collingwood,Magpies,2,78.79999999999998,0,0,0,0,5,0,0,1,8,3,0,1,16,48,13,5,2,1,1,100,1,1,5,10,0,0,3,0,4,0,0,6,2,0,0,164,2,10,0,0,1,0,5,0,1,1,1,0,0,1,18,4,10,2026-08-23,data//AFLW_2026-08-23.csv,NA,0,0.4444444444444444,0.8125,8,0.8333333333333334,0.8,NA,NA,0.6,0,NA,0,0,0,CD_M20262640204,2,2026-08-23,Fremantle,CD_R202626402
CD_I1025421,21,MEDIUM_DEFENDER,"https://s.afl.com.au/staticfile/AFL Tenant/AFL/Players/ChampIDImages/AFLW/2026264/1025421.png?im=Scale,width=0.6,height=0.6",Amber,Schutte,CD_T8097,COLL,Collingwood,Magpies,2,80.80000000000001,0,0,0,0,2,0,1,0,3,0,0,4,16,60,10,5,0,0,1,0,0,0,2,8,0,0,0,0,6,0,0,8,5,0,0,281,3,5,0,0,5,0,0,0,0,3,0,1,0,0,16,5,13,2026-08-23,data//AFLW_2026-08-23.csv,0,NA,0.1875,0.625,5,0.625,0.625,NA,NA,1,0.2,NA,0,0,0,CD_M20262640204,2,2026-08-23,Fremantle,CD_R202626402
CD_I1025517,19,MEDIUM_FORWARD,"https://s.afl.com.au/staticfile/AFL Tenant/AFL/Players/ChampIDImages/AFLW/2026264/1025517.png?im=Scale,width=0.6,height=0.6",Heidi,Woodley,CD_T7387,WB,Western Bulldogs,Bulldogs,2,80.4,0,0,0,0,0,0,0,0,6,0,0,2,14,62,7,4,1,0,1,100,0,1,5,4,0,0,7,0,1,0,0,10,3,0,0,376,0,9,0,0,0,0,3,0,1,0,1,2,2,1,14,7,8,2026-08-23,data//AFLW_2026-08-23.csv,NA,NA,0.42857142857142855,0.5,3,0.4,0.75,NA,NA,2.5,0.2222222222222222,NA,0,0,0,CD_M20262640202,2,2026-08-22,Richmond,CD_R202626402
CD_I1025525,23,MIDFIELDER,"https://s.afl.com.au/staticfile/AFL Tenant/AFL/Players/ChampIDImages/AFLW/2026264/1025525.png?im=Scale,width=0.6,height=0.6",Amy,Gaylor,CD_T9406,ESS,Essendon,Bombers,2,78.89999999999999,2,0,17,0,4,0,0,2,10,0,0,5,22,89,12,7,1,1,1,0,0,0,7,9,0,0,4,0,4,0,0,13,4,0,0,429,1,13,0,0,3,0,4,0,2,0,1,5,1,1,22,5,12,2026-08-23,data//AFLW_2026-08-23.csv,NA,NA,0.45454545454545453,0.5454545454545454,5,0.5384615384615384,0.5555555555555556,NA,NA,1.4444444444444444,0.38461538461538464,NA,0,0.8947368421052632,0,CD_M20262640209,2,2026-08-23,Sydney Swans,CD_R202626402
CD_I1025564,26,MEDIUM_FORWARD,"https://s.afl.com.au/staticfile/AFL Tenant/AFL/Players/ChampIDImages/AFLW/2026264/1025564.png?im=Scale,width=0.6,height=0.6",Mia,Austin,CD_T7386,MELB,Melbourne,Demons,2,49.500000000000014,0,0,0,0,1,0,0,0,3,2,0,0,9,48,5,3,0,0,1,83.3,0,1,2,2,0,0,4,0,1,0,0,7,4,2,2,210,0,4,0,0,0,1,3,0,2,0,0,1,1,0,9,2,6,2026-08-23,data//AFLW_2026-08-23.csv,NA,0,0.3333333333333333,0.5555555555555556,2,0.42857142857142855,1,0,0,3.5,0.25,NA,0.016666666666666666,0,0,CD_M20262640206,2,2026-08-23,GWS GIANTS,CD_R202626402
CD_I1025565,7,MIDFIELDER,"https://s.afl.com.au/staticfile/AFL Tenant/AFL/Players/ChampIDImages/AFLW/2026264/1025565.png?im=Scale,width=0.6,height=0.6",Grace,Belloni,CD_T9406,ESS,Essendon,Bombers,2,68.30000000000001,0,0,0,0,1,0,0,0,5,1,0,2,12,40,5,2,1,0,0,50,0,0,5,6,0,0,3,0,1,0,0,6,2,0,0,118,0,6,0,0,0,0,3,0,1,0,0,1,0,0,13,3,8,2026-08-23,data//AFLW_2026-08-23.csv,NA,0,0.38461538461538464,0.4166666666666667,3,0.3333333333333333,0.5,NA,NA,1,0.16666666666666666,NA,0,0,0,CD_M20262640209,2,2026-08-23,Sydney Swans,CD_R202626402
CD_I1025611,1,MIDFIELDER,"https://s.afl.com.au/staticfile/AFL Tenant/AFL/Players/ChampIDImages/AFLW/2026264/1025611.png?im=Scale,width=0.6,height=0.6",Sarah,Poustie,CD_T7387,WB,Western Bulldogs,Bulldogs,2,64.80000000000001,0,0,4,0,1,0,0,0,6,0,0,8,12,72,9,2,3,0,2,0,0,0,5,8,0,0,2,0,4,0,0,4,2,0,1,97,0,17,0,0,0,0,4,0,1,0,0,9,3,0,12,2,6,2026-08-23,data//AFLW_2026-08-23.csv,NA,NA,0.5,0.75,7,0.5,0.875,NA,NA,0.5,0.5294117647058824,NA,0,0.26666666666666666,0,CD_M20262640202,2,2026-08-22,Richmond,CD_R202626402
CD_I1025616,26,MEDIUM_DEFENDER,"https://s.afl.com.au/staticfile/AFL Tenant/AFL/Players/ChampIDImages/AFLW/2026264/1025616.png?im=Scale,width=0.6,height=0.6",Lara,Hausegger,CD_T9408,SYD,Sydney Swans,Swans,2,80.5,0,0,0,0,1,0,0,0,2,0,0,9,9,47,7,6,0,0,0,0,0,0,2,2,0,0,0,0,3,0,0,7,6,0,0,126,0,14,0,0,1,0,0,0,0,0,0,1,0,0,9,3,7,2026-08-23,data//AFLW_2026-08-23.csv,NA,NA,0.2222222222222222,0.7777777777777778,1,0.8571428571428571,0.5,NA,NA,3.5,0.07142857142857142,NA,0,0,0,CD_M20262640209,2,2026-08-23,Essendon,CD_R202626402
CD_I1025669,32,KEY_DEFENDER,"https://s.afl.com.au/staticfile/AFL Tenant/AFL/Players/ChampIDImages/AFLW/2026264/1025669.png?im=Scale,width=0.6,height=0.6",Annabelle,Embelton,CD_T9407,HAW,Hawthorn,Hawks,2,100,0,0,0,0,0,0,1,0,2,0,0,4,4,19,3,3,0,0,0,0,0,0,2,1,1,0,1,0,2,0,0,3,1,0,0,48,3,5,0,0,0,1,0,0,0,2,0,1,0,0,4,1,2,2026-08-23,data//AFLW_2026-08-23.csv,0,NA,0.5,0.75,0,1,0,1,0,3,0.2,NA,0.0136986301369863,0,0,CD_M20262640207,2,2026-08-23,Port Adelaide,CD_R202626402
CD_I1025671,14,MIDFIELDER,"https://s.afl.com.au/staticfile/AFL Tenant/AFL/Players/ChampIDImages/AFLW/2026264/1025671.png?im=Scale,width=0.6,height=0.6",Daisy,Flockart,CD_T9407,HAW,Hawthorn,Hawks,2,66.89999999999999,1,0,10,0,2,0,0,0,13,1,0,7,14,68,4,2,5,1,0,0,0,0,10,9,1,1,1,0,3,0,0,5,0,0,0,113,0,16,0,0,1,1,2,0,1,0,1,9,1,1,15,2,2,2026-08-23,data//AFLW_2026-08-23.csv,NA,0,0.8666666666666667,0.2857142857142857,2,0.4,0.2222222222222222,1,1,0.5555555555555556,0.5625,NA,0.0136986301369863,0.5263157894736842,0,CD_M20262640207,2,2026-08-23,Port Adelaide,CD_R202626402
CD_I1025674,1,MEDIUM_FORWARD,"https://s.afl.com.au/staticfile/AFL Tenant/AFL/Players/ChampIDImages/AFLW/2026264/1025674.png?im=Scale,width=0.6,height=0.6",Emily,Gough,CD_T9406,ESS,Essendon,Bombers,2,71.19999999999999,1,0,0,0,0,0,0,1,5,0,0,1,8,37,6,2,2,0,0,40,1,1,4,4,0,0,2,0,4,0,0,4,2,2,0,162,1,11,0,0,0,0,5,0,2,1,0,1,0,0,7,0,2,2026-08-23,data//AFLW_2026-08-23.csv,NA,NA,0.7142857142857143,0.75,4,0.5,1,NA,NA,1,0.09090909090909091,NA,0,0,0,CD_M20262640209,2,2026-08-23,Sydney Swans,CD_R202626402
CD_I1025677,55,MIDFIELDER,"https://s.afl.com.au/staticfile/AFL Tenant/AFL/Players/ChampIDImages/AFLW/2026264/1025677.png?im=Scale,width=0.6,height=0.6",Sophie,McKay,CD_T8096,CARL,Carlton,Blues,1,68.8,2,0,0,0,5,0,0,0,3,2,0,1,10,30,5,1,1,3,1,0,0,0,2,4,0,0,2,0,0,0,0,6,2,0,0,131,1,4,0,0,1,0,3,0,3,1,0,1,0,0,9,4,6,2026-08-23,data//AFLW_2026-08-23.csv,NA,0,0.3333333333333333,0.5,4,0.16666666666666666,1,NA,NA,1.5,0.25,NA,0,0,0,CD_M20262640205,2,2026-08-23,Adelaide Crows,CD_R202626402
CD_I1025819,19,MEDIUM_DEFENDER,"https://s.afl.com.au/staticfile/AFL Tenant/AFL/Players/ChampIDImages/AFLW/2026264/1025819.png?im=Scale,width=0.6,height=0.6",Laela,Ebert,CD_T7386,MELB,Melbourne,Demons,1,83.4,0,0,0,0,1,0,2,1,3,0,0,2,9,30,7,5,0,0,0,0,0,0,2,3,0,0,1,0,4,0,0,6,2,0,0,143,1,4,0,0,2,0,2,0,0,1,0,0,0,0,9,2,6,2026-08-23,data//AFLW_2026-08-23.csv,0,NA,0.3333333333333333,0.7777777777777778,2,0.8333333333333334,0.6666666666666666,NA,NA,2,0,NA,0,0,0,CD_M20262640206,2,2026-08-23,GWS GIANTS,CD_R202626402
CD_I1025893,17,MIDFIELDER,"https://s.afl.com.au/staticfile/AFL Tenant/AFL/Players/ChampIDImages/AFLW/2026264/1025893.png?im=Scale,width=0.6,height=0.6",Ella,Boag,CD_T9409,PORT,Port Adelaide,Power,2,77.19999999999999,0,0,0,0,2,0,0,0,3,0,0,8,13,72,7,5,0,0,0,0,0,0,3,2,0,0,3,0,4,0,0,11,5,1,1,294,0,9,0,0,1,0,0,0,0,0,0,5,0,0,12,5,9,2026-08-23,data//AFLW_2026-08-23.csv,NA,NA,0.25,0.5384615384615384,2,0.45454545454545453,1,NA,NA,5.5,0.5555555555555556,NA,0,0,0,CD_M20262640207,2,2026-08-23,Hawthorn,CD_R202626402
CD_I1025895,26,MIDFIELDER,"https://s.afl.com.au/staticfile/AFL Tenant/AFL/Players/ChampIDImages/AFLW/2026264/1025895.png?im=Scale,width=0.6,height=0.6",Violet,Patterson,CD_T8097,COLL,Collingwood,Magpies,2,74.4,0,0,0,0,4,0,1,0,2,0,0,7,9,33,4,1,0,1,1,0,0,0,1,3,0,0,2,0,2,0,0,6,1,0,0,193,0,7,0,0,3,0,1,0,0,0,0,2,0,0,8,4,6,2026-08-23,data//AFLW_2026-08-23.csv,0,NA,0.25,0.4444444444444444,3,0.16666666666666666,1,NA,NA,2,0.2857142857142857,NA,0,0,0,CD_M20262640204,2,2026-08-23,Fremantle,CD_R202626402
CD_I1025924,1,MIDFIELDER,"https://s.afl.com.au/staticfile/AFL Tenant/AFL/Players/ChampIDImages/AFLW/2026264/1025924.png?im=Scale,width=0.6,height=0.6",Grace,Martin,CD_T7889,GWS,GWS GIANTS,GIANTS,2,68,0,0,0,0,1,0,0,0,1,0,0,5,10,44,8,5,0,0,1,0,0,0,1,3,0,0,0,0,5,0,0,7,4,0,0,136,0,6,0,0,3,0,0,0,0,0,0,1,0,0,9,1,8,2026-08-23,data//AFLW_2026-08-23.csv,NA,NA,0.1111111111111111,0.8,3,0.7142857142857143,1,NA,NA,2.3333333333333335,0.16666666666666666,NA,0,0,0,CD_M20262640206,2,2026-08-23,Melbourne,CD_R202626402
CD_I1025962,12,RUCK,"https://s.afl.com.au/staticfile/AFL Tenant/AFL/Players/ChampIDImages/AFLW/2026264/1025962.png?im=Scale,width=0.6,height=0.6",Charlotte,Riggs,CD_T8787,WCE,West Coast Eagles,Eagles,2,79.9,1,0,6,1,1,0,0,1,5,0,0,6,12,49,7,1,0,0,0,0,1,0,4,9,2,0,1,0,4,0,0,3,1,0,0,117,2,9,0,0,0,9,2,0,1,1,0,4,0,1,12,4,7,2026-08-23,data//AFLW_2026-08-23.csv,NA,NA,0.4166666666666667,0.5833333333333334,6,0.3333333333333333,0.6666666666666666,0.2222222222222222,0,0.3333333333333333,0.4444444444444444,NA,0.1956521739130435,0.35294117647058826,0,CD_M20262640208,2,2026-08-22,Gold Coast SUNS,CD_R202626402
CD_I1025995,20,MIDFIELDER,"https://s.afl.com.au/staticfile/AFL Tenant/AFL/Players/ChampIDImages/AFLW/2026264/1025995.png?im=Scale,width=0.6,height=0.6",Lily,Goss,CD_T8096,CARL,Carlton,Blues,2,75.30000000000001,0,0,7,0,3,0,1,0,5,0,0,11,12,46,7,3,0,1,0,100,0,0,5,4,0,0,3,0,2,0,0,8,3,0,1,156,0,18,0,0,1,0,5,0,0,0,1,2,0,1,13,3,8,2026-08-23,data//AFLW_2026-08-23.csv,0,NA,0.38461538461538464,0.5833333333333334,4,0.375,1,NA,NA,2,0.1111111111111111,NA,0,0.5,0,CD_M20262640205,2,2026-08-23,Adelaide Crows,CD_R202626402
CD_I1026016,8,MIDFIELDER_FORWARD,"https://s.afl.com.au/staticfile/AFL Tenant/AFL/Players/ChampIDImages/AFLW/2026264/1026016.png?im=Scale,width=0.6,height=0.6",Montana,Beruldsen,CD_T8788,RICH,Richmond,Richmond,2,66.10000000000001,0,0,0,0,3,0,0,0,5,0,0,7,13,40,10,7,0,0,2,0,0,0,3,4,0,0,1,0,4,4,4,9,1,0,0,337,3,8,0,0,4,0,1,0,0,2,0,0,0,0,9,4,4,2026-08-23,data//AFLW_2026-08-23.csv,NA,NA,0.5555555555555556,0.7692307692307693,3,0.7777777777777778,0.75,NA,NA,2.25,0,1,0,0,0.6666666666666666,CD_M20262640202,2,2026-08-22,Western Bulldogs,CD_R202626402
CD_I1026053,27,MIDFIELDER,"https://s.afl.com.au/staticfile/AFL Tenant/AFL/Players/ChampIDImages/AFLW/2026264/1026053.png?im=Scale,width=0.6,height=0.6",Emma,Kilpatrick,CD_T8467,GEEL,Geelong Cats,Cats,2,77.4,0,0,0,0,3,0,0,0,7,0,0,6,18,75,8,4,0,0,0,0,0,0,7,7,0,0,4,0,6,0,0,11,4,0,0,322,2,8,0,0,2,0,2,0,0,1,0,4,0,0,18,6,11,2026-08-23,data//AFLW_2026-08-23.csv,NA,NA,0.3888888888888889,0.4444444444444444,4,0.36363636363636365,0.5714285714285714,NA,NA,1.5714285714285714,0.5,NA,0,0,0,CD_M20262640201,2,2026-08-22,St Kilda,CD_R202626402
CD_I1026111,22,MEDIUM_DEFENDER,"https://s.afl.com.au/staticfile/AFL Tenant/AFL/Players/ChampIDImages/AFLW/2026264/1026111.png?im=Scale,width=0.6,height=0.6",Sophie,Peters,CD_T7887,BL,Brisbane Lions,Lions,2,41.50000000000001,0,0,0,0,0,0,0,0,2,0,0,0,4,25,2,0,1,0,0,100,0,0,2,3,0,0,1,0,1,0,0,1,0,0,0,41,0,10,0,0,0,0,1,0,0,0,1,4,4,1,4,2,2,2026-08-23,data//AFLW_2026-08-23.csv,NA,NA,0.5,0.5,2,0,0.6666666666666666,NA,NA,0.3333333333333333,0.4,NA,0,0,0,CD_M20262640203,2,2026-08-22,North Melbourne,CD_R202626402
CD_I1026137,24,MEDIUM_DEFENDER,"https://s.afl.com.au/staticfile/AFL Tenant/AFL/Players/ChampIDImages/AFLW/2026264/1026137.png?im=Scale,width=0.6,height=0.6",Claudia,Wright,CD_T7887,BL,Brisbane Lions,Lions,2,46.3,0,0,0,0,4,0,0,0,2,0,0,2,6,21,2,2,0,0,1,0,0,0,2,1,0,0,0,0,3,0,0,5,1,0,0,111,0,3,0,0,0,0,0,0,0,0,0,0,0,0,7,3,5,2026-08-23,data//AFLW_2026-08-23.csv,NA,NA,0.2857142857142857,0.3333333333333333,0,0.4,0,NA,NA,5,0,NA,0,0,0,CD_M20262640203,2,2026-08-22,North Melbourne,CD_R202626402
CD_I1026141,24,MIDFIELDER,"https://s.afl.com.au/staticfile/AFL Tenant/AFL/Players/ChampIDImages/AFLW/2026264/1026141.png?im=Scale,width=0.6,height=0.6",Ella,Slocombe,CD_T8787,WCE,West Coast Eagles,Eagles,2,78.3,0,0,0,0,3,0,0,0,6,1,1,8,8,40,2,1,1,0,2,33.3,0,1,3,3,0,0,1,0,2,0,0,5,1,0,0,193,1,9,0,0,2,0,1,0,1,0,1,2,0,1,9,4,3,2026-08-23,data//AFLW_2026-08-23.csv,NA,1,0.6666666666666666,0.25,1,0.2,0.3333333333333333,NA,NA,1.6666666666666667,0.2222222222222222,NA,0,0,0,CD_M20262640208,2,2026-08-22,Gold Coast SUNS,CD_R202626402
CD_I1026143,26,MIDFIELDER,"https://s.afl.com.au/staticfile/AFL Tenant/AFL/Players/ChampIDImages/AFLW/2026264/1026143.png?im=Scale,width=0.6,height=0.6",Emily,Elkington,CD_T9409,PORT,Port Adelaide,Power,2,73.2,0,0,0,0,0,0,0,0,2,0,0,2,5,22,5,0,0,0,0,100,0,0,2,5,0,0,0,0,0,0,0,0,0,0,0,-9,1,5,0,0,0,0,3,0,0,1,0,3,1,0,5,0,3,2026-08-23,data//AFLW_2026-08-23.csv,NA,NA,0.4,1,5,NA,1,NA,NA,0,0.6,NA,0,0,0,CD_M20262640207,2,2026-08-23,Hawthorn,CD_R202626402
CD_I1026159,30,MIDFIELDER,"https://s.afl.com.au/staticfile/AFL Tenant/AFL/Players/ChampIDImages/AFLW/2026264/1026159.png?im=Scale,width=0.6,height=0.6",Juliet,Kelly,CD_T8098,ADEL,Adelaide Crows,Crows,2,68.7,0,0,11,1,3,0,0,0,5,0,0,3,12,54,8,3,1,0,1,0,0,0,3,8,0,0,1,0,3,0,0,4,3,0,0,76,0,16,0,0,0,0,0,0,0,0,0,4,0,1,12,3,7,2026-08-23,data//AFLW_2026-08-23.csv,NA,NA,0.4166666666666667,0.6666666666666666,5,0.75,0.625,NA,NA,0.5,0.25,NA,0,0.7857142857142857,0,CD_M20262640205,2,2026-08-23,Carlton,CD_R202626402
CD_I1026281,11,MEDIUM_DEFENDER,"https://s.afl.com.au/staticfile/AFL Tenant/AFL/Players/ChampIDImages/AFLW/2026264/1026281.png?im=Scale,width=0.6,height=0.6",Evie,Cowcher,CD_T8467,GEEL,Geelong Cats,Cats,2,75.2,0,0,0,0,0,0,1,1,6,0,0,10,9,38,8,4,0,0,0,0,0,0,5,4,0,0,2,0,6,0,0,5,1,0,0,91,4,10,0,0,1,0,0,0,0,4,0,3,0,0,10,1,4,2026-08-23,data//AFLW_2026-08-23.csv,0,NA,0.6,0.8888888888888888,4,0.8,1,NA,NA,1.25,0.3,NA,0,0,0,CD_M20262640201,2,2026-08-22,St Kilda,CD_R202626402
CD_I1026294,11,KEY_FORWARD,"https://s.afl.com.au/staticfile/AFL Tenant/AFL/Players/ChampIDImages/AFLW/2026264/1026294.png?im=Scale,width=0.6,height=0.6",Ariana,Hetherington,CD_T8097,COLL,Collingwood,Magpies,2,64.1,0,0,0,0,1,0,1,1,3,0,0,3,4,26,4,3,0,0,1,100,0,0,1,1,0,0,0,0,3,0,0,3,2,0,0,-7,4,3,0,0,1,0,0,0,0,3,0,2,0,0,4,0,1,2026-08-23,data//AFLW_2026-08-23.csv,0,NA,0.75,1,1,1,1,NA,NA,3,0.6666666666666666,NA,0,0,0,CD_M20262640204,2,2026-08-23,Fremantle,CD_R202626402
CD_I1026372,11,MIDFIELDER,"https://s.afl.com.au/staticfile/AFL Tenant/AFL/Players/ChampIDImages/AFLW/2026264/1026372.png?im=Scale,width=0.6,height=0.6",Molly,O'Hehir,CD_T7386,MELB,Melbourne,Demons,2,75.19999999999999,1,0,0,0,2,0,0,1,1,0,0,6,8,35,5,4,0,0,0,0,1,0,0,3,0,0,3,0,0,0,0,5,3,0,0,132,2,11,0,0,0,0,2,0,1,1,0,1,1,0,8,2,7,2026-08-23,data//AFLW_2026-08-23.csv,NA,NA,0.125,0.625,1,0.8,0.3333333333333333,NA,NA,1.6666666666666667,0.09090909090909091,NA,0,0,0,CD_M20262640206,2,2026-08-23,GWS GIANTS,CD_R202626402
CD_I1026384,26,KEY_DEFENDER,"https://s.afl.com.au/staticfile/AFL Tenant/AFL/Players/ChampIDImages/AFLW/2026264/1026384.png?im=Scale,width=0.6,height=0.6",Indi,Strom,CD_T7886,FRE,Fremantle,Freo,2,81.50000000000001,0,0,0,0,1,0,1,0,0,0,0,0,8,24,6,3,0,0,0,0,0,0,0,3,0,0,0,0,0,0,0,5,1,0,0,102,1,0,0,0,0,0,0,0,0,0,0,0,0,0,9,0,9,2026-08-23,data//AFLW_2026-08-23.csv,0,NA,0,0.75,3,0.6,1,NA,NA,1.6666666666666667,NA,NA,0,0,0,CD_M20262640204,2,2026-08-23,Collingwood,CD_R202626402
CD_I1026412,19,KEY_DEFENDER,"https://s.afl.com.au/staticfile/AFL Tenant/AFL/Players/ChampIDImages/AFLW/2026264/1026412.png?im=Scale,width=0.6,height=0.6",Olivia,Crane,CD_T9409,PORT,Port Adelaide,Power,2,85.7,0,0,0,0,1,0,2,1,4,0,0,3,7,38,6,3,0,0,0,0,0,0,3,3,0,0,0,0,5,0,0,4,4,0,0,69,4,6,0,0,2,0,1,0,0,4,0,2,0,0,8,2,4,2026-08-23,data//AFLW_2026-08-23.csv,0,NA,0.5,0.8571428571428571,3,0.75,1,NA,NA,1.3333333333333333,0.3333333333333333,NA,0,0,0,CD_M20262640207,2,2026-08-23,Hawthorn,CD_R202626402
CD_I1026479,12,KEY_FORWARD,"https://s.afl.com.au/staticfile/AFL Tenant/AFL/Players/ChampIDImages/AFLW/2026264/1026479.png?im=Scale,width=0.6,height=0.6",Olivia,Wolmarans,CD_T8788,RICH,Richmond,Richmond,2,85.1,0,0,0,0,3,0,0,1,1,0,0,1,7,68,5,5,0,0,0,57.1,0,3,0,0,0,0,3,0,0,0,0,7,7,4,2,202,0,7,0,0,0,0,4,0,3,0,0,2,2,0,7,2,6,2026-08-23,data//AFLW_2026-08-23.csv,NA,NA,0.14285714285714285,0.7142857142857143,0,0.7142857142857143,NA,NA,NA,Inf,0.2857142857142857,NA,0,0,0,CD_M20262640202,2,2026-08-22,Western Bulldogs,CD_R202626402
CD_I1026531,24,MIDFIELDER_FORWARD,"https://s.afl.com.au/staticfile/AFL Tenant/AFL/Players/ChampIDImages/AFLW/2026264/1026531.png?im=Scale,width=0.6,height=0.6",Charli,Wicksteed,CD_T8788,RICH,Richmond,Richmond,2,62.5,0,0,0,0,0,0,0,0,1,0,0,1,3,14,2,2,0,0,0,33.3,0,0,0,1,0,0,0,0,0,0,0,2,2,0,0,51,0,9,0,0,0,0,0,0,0,0,0,0,0,0,3,0,2,2026-08-23,data//AFLW_2026-08-23.csv,NA,NA,0.3333333333333333,0.6666666666666666,0,1,0,NA,NA,2,0,NA,0,0,0,CD_M20262640202,2,2026-08-22,Western Bulldogs,CD_R202626402
CD_I1026929,31,RUCK,"https://s.afl.com.au/staticfile/AFL Tenant/AFL/Players/ChampIDImages/AFLW/2026264/1026929.png?im=Scale,width=0.6,height=0.6",Lucy,Wales,CD_T9407,HAW,Hawthorn,Hawks,2,89.3,0,0,17,0,2,1,4,1,9,0,0,4,23,123,18,12,0,0,0,50,0,1,7,8,18,7,4,0,10,0,0,15,10,1,0,352,9,14,0,0,3,52,2,0,1,6,1,2,0,1,24,3,15,2026-08-23,data//AFLW_2026-08-23.csv,0.25,NA,0.375,0.782608695652174,6,0.8,0.75,0.34615384615384615,0.1346153846153846,1.875,0.14285714285714285,NA,0.7123287671232876,0.8947368421052632,0,CD_M20262640207,2,2026-08-23,Port Adelaide,CD_R202626402
CD_I1026937,23,KEY_FORWARD,"https://s.afl.com.au/staticfile/AFL Tenant/AFL/Players/ChampIDImages/AFLW/2026264/1026937.png?im=Scale,width=0.6,height=0.6",Rania,Crozier,CD_T7887,BL,Brisbane Lions,Lions,1,46.2,0,0,0,0,2,0,0,0,1,0,0,2,1,11,1,1,0,1,1,100,0,1,0,0,0,0,0,0,1,0,0,1,0,0,0,13,0,8,0,0,0,0,1,0,1,0,0,1,1,0,1,1,0,2026-08-23,data//AFLW_2026-08-23.csv,NA,NA,1,1,0,1,NA,NA,NA,Inf,0.125,NA,0,0,0,CD_M20262640203,2,2026-08-22,North Melbourne,CD_R202626402
CD_I1026947,24,MEDIUM_FORWARD,"https://s.afl.com.au/staticfile/AFL Tenant/AFL/Players/ChampIDImages/AFLW/2026264/1026947.png?im=Scale,width=0.6,height=0.6",Chantal,Mason,CD_T8467,GEEL,Geelong Cats,Cats,2,70.19999999999999,1,0,5,0,1,0,0,0,8,3,2,3,11,41,7,3,3,1,4,50,0,1,4,6,2,0,1,0,0,0,0,5,0,0,0,104,0,6,0,0,0,13,5,0,2,0,2,1,0,2,11,2,3,2026-08-23,data//AFLW_2026-08-23.csv,NA,0.6666666666666666,0.7272727272727273,0.6363636363636364,4,0.6,0.6666666666666666,0.15384615384615385,0,0.8333333333333334,0.16666666666666666,NA,0.2549019607843137,0.25,0,CD_M20262640201,2,2026-08-22,St Kilda,CD_R202626402
CD_I1027057,11,MIDFIELDER,"https://s.afl.com.au/staticfile/AFL Tenant/AFL/Players/ChampIDImages/AFLW/2026264/1027057.png?im=Scale,width=0.6,height=0.6",Mia,Russo,CD_T8787,WCE,West Coast Eagles,Eagles,2,54.1,0,0,0,0,2,0,0,0,0,0,0,0,8,23,6,3,0,1,0,0,0,0,0,4,0,0,2,0,0,0,0,4,2,0,0,122,0,1,0,0,0,0,2,0,0,0,0,0,0,0,8,2,8,2026-08-23,data//AFLW_2026-08-23.csv,NA,NA,0,0.75,3,0.75,0.75,NA,NA,1,0,NA,0,0,0,CD_M20262640208,2,2026-08-22,Gold Coast SUNS,CD_R202626402
CD_I1027544,11,RUCK,"https://s.afl.com.au/staticfile/AFL Tenant/AFL/Players/ChampIDImages/AFLW/2026264/1027544.png?im=Scale,width=0.6,height=0.6",Zoe,Besanko,CD_T8796,STK,St Kilda,St Kilda,2,89.6,1,0,7,1,0,0,0,0,3,1,0,3,9,42,7,2,1,0,0,0,0,0,2,6,6,1,1,0,0,0,0,3,2,1,0,116,1,14,0,0,0,15,3,0,1,0,0,2,0,1,10,2,7,2026-08-23,data//AFLW_2026-08-23.csv,NA,0,0.3,0.7777777777777778,5,0.6666666666666666,0.8333333333333334,0.4,0.06666666666666667,0.5,0.14285714285714285,NA,0.28846153846153844,0.35,0,CD_M20262640201,2,2026-08-22,Geelong Cats,CD_R202626402
CD_I1027611,16,KEY_DEFENDER,"https://s.afl.com.au/staticfile/AFL Tenant/AFL/Players/ChampIDImages/AFLW/2026264/1027611.png?im=Scale,width=0.6,height=0.6",Zoe,Wakfer,CD_T8787,WCE,West Coast Eagles,Eagles,2,76.1,0,0,0,0,3,0,0,0,3,0,0,9,11,46,9,4,0,1,1,0,0,0,3,6,0,0,0,0,4,1,0,5,3,0,0,113,2,9,0,0,2,1,1,0,0,2,0,3,0,0,11,2,8,2026-08-23,data//AFLW_2026-08-23.csv,NA,NA,0.2727272727272727,0.8181818181818182,5,0.8,0.8333333333333334,0,0,0.8333333333333334,0.3333333333333333,0,0.021739130434782608,0,0.1111111111111111,CD_M20262640208,2,2026-08-22,Gold Coast SUNS,CD_R202626402
CD_I1027783,30,RUCK,"https://s.afl.com.au/staticfile/AFL Tenant/AFL/Players/ChampIDImages/AFLW/2026264/1027783.png?im=Scale,width=0.6,height=0.6",Stephanie,Wales,CD_T9406,ESS,Essendon,Bombers,2,79.30000000000001,0,0,16,1,4,0,0,1,5,0,0,12,13,69,10,6,0,3,1,0,0,0,3,4,11,0,1,0,1,0,0,9,5,2,0,199,1,19,0,0,0,46,2,0,1,0,2,4,0,3,13,3,8,2026-08-23,data//AFLW_2026-08-23.csv,NA,NA,0.38461538461538464,0.7692307692307693,4,0.6666666666666666,1,0.2391304347826087,0,2.25,0.21052631578947367,NA,0.8070175438596491,0.8421052631578947,0,CD_M20262640209,2,2026-08-23,Sydney Swans,CD_R202626402
CD_I1028464,8,MIDFIELDER_FORWARD,"https://s.afl.com.au/staticfile/AFL Tenant/AFL/Players/ChampIDImages/AFLW/2026264/1028464.png?im=Scale,width=0.6,height=0.6",Dominique,Carruthers,CD_T7387,WB,Western Bulldogs,Bulldogs,2,79.79999999999998,0,0,8,0,4,0,0,0,1,0,0,3,9,29,7,5,0,4,0,0,1,0,1,3,0,0,1,0,0,0,0,6,3,0,0,134,0,5,0,0,0,0,1,0,0,0,0,2,1,0,10,1,9,2026-08-23,data//AFLW_2026-08-23.csv,NA,NA,0.1,0.7777777777777778,2,0.8333333333333334,0.6666666666666666,NA,NA,2,0.4,NA,0,0.5333333333333333,0,CD_M20262640202,2,2026-08-22,Richmond,CD_R202626402
CD_I1028846,21,MIDFIELDER,"https://s.afl.com.au/staticfile/AFL Tenant/AFL/Players/ChampIDImages/AFLW/2026264/1028846.png?im=Scale,width=0.6,height=0.6",Heidi,Talbot,CD_T8786,GCFC,Gold Coast SUNS,SUNS,2,49.400000000000006,0,2,0,0,2,0,0,0,2,0,0,3,5,25,3,2,1,1,0,0,1,0,2,1,0,0,2,0,2,0,0,4,2,2,0,136,0,10,0,0,0,0,2,0,0,0,0,2,1,0,5,2,3,2026-08-23,data//AFLW_2026-08-23.csv,NA,NA,0.4,0.6,1,0.5,1,NA,NA,4,0.2,NA,0,0,0,CD_M20262640208,2,2026-08-22,West Coast Eagles,CD_R202626402
CD_I1029279,2,MIDFIELDER_FORWARD,"https://s.afl.com.au/staticfile/AFL Tenant/AFL/Players/ChampIDImages/AFLW/2026264/1029279.png?im=Scale,width=0.6,height=0.6",Holly,Cooper,CD_T9408,SYD,Sydney Swans,Swans,2,82.30000000000001,0,0,0,0,2,0,0,0,3,0,0,0,9,39,6,3,2,0,0,50,1,0,3,5,0,0,2,0,1,0,0,4,3,0,1,141,0,13,0,0,1,0,3,0,0,0,0,2,0,0,9,2,6,2026-08-23,data//AFLW_2026-08-23.csv,NA,NA,0.3333333333333333,0.6666666666666666,3,0.75,0.6,NA,NA,0.8,0.15384615384615385,NA,0,0,0,CD_M20262640209,2,2026-08-23,Essendon,CD_R202626402
CD_I1029614,1,RUCK,"https://s.afl.com.au/staticfile/AFL Tenant/AFL/Players/ChampIDImages/AFLW/2026264/1029614.png?im=Scale,width=0.6,height=0.6",Eleanor,Hartill,CD_T7887,BL,Brisbane Lions,Lions,2,69.39999999999999,0,0,5,2,1,0,0,0,6,1,1,5,7,32,5,2,1,0,2,0,0,0,4,4,5,2,2,0,2,0,0,3,0,0,0,140,0,8,0,0,0,14,1,0,0,0,0,2,0,2,7,4,1,2026-08-23,data//AFLW_2026-08-23.csv,NA,1,0.8571428571428571,0.7142857142857143,3,0.6666666666666666,0.75,0.35714285714285715,0.14285714285714285,0.75,0.25,NA,0.23333333333333334,0.3333333333333333,0,CD_M20262640203,2,2026-08-22,North Melbourne,CD_R202626402
CD_I1029615,14,MEDIUM_DEFENDER,"https://s.afl.com.au/staticfile/AFL Tenant/AFL/Players/ChampIDImages/AFLW/2026264/1029615.png?im=Scale,width=0.6,height=0.6",Erika,O'Shea,CD_T8466,NMFC,North Melbourne,Kangaroos,2,93.80000000000001,0,0,0,0,4,0,4,0,11,0,0,10,25,84,13,5,0,1,0,0,0,0,10,11,0,0,1,0,13,0,0,14,1,0,0,438,2,18,0,0,3,0,2,0,0,1,0,5,0,0,24,4,13,2026-08-23,data//AFLW_2026-08-23.csv,0,NA,0.4583333333333333,0.52,8,0.35714285714285715,0.7272727272727273,NA,NA,1.2727272727272727,0.2777777777777778,NA,0,0,0,CD_M20262640203,2,2026-08-22,Brisbane Lions,CD_R202626402
CD_I1029617,25,KEY_DEFENDER,"https://s.afl.com.au/staticfile/AFL Tenant/AFL/Players/ChampIDImages/AFLW/2026264/1029617.png?im=Scale,width=0.6,height=0.6",Cambridge,McCormick,CD_T7889,GWS,GWS GIANTS,GIANTS,2,91,0,0,0,0,2,0,1,0,6,0,0,9,19,59,14,3,0,0,0,0,0,0,6,13,0,0,1,0,5,3,3,6,1,0,0,262,2,13,0,0,6,0,0,0,0,2,1,3,0,1,16,4,10,2026-08-23,data//AFLW_2026-08-23.csv,0,NA,0.375,0.7368421052631579,11,0.5,0.8461538461538461,NA,NA,0.46153846153846156,0.23076923076923078,1,0,0,0.6,CD_M20262640206,2,2026-08-23,Melbourne,CD_R202626402
CD_I1029618,13,MEDIUM_FORWARD,"https://s.afl.com.au/staticfile/AFL Tenant/AFL/Players/ChampIDImages/AFLW/2026264/1029618.png?im=Scale,width=0.6,height=0.6",Vikki,Wall,CD_T8466,NMFC,North Melbourne,Kangaroos,2,84.00000000000001,1,0,0,0,5,0,0,1,14,4,1,0,16,48,9,4,4,3,1,25,0,0,10,10,0,0,2,0,1,0,0,6,3,2,1,165,4,13,0,0,0,0,5,0,1,1,0,2,2,0,18,6,4,2026-08-23,data//AFLW_2026-08-23.csv,NA,0.25,0.7777777777777778,0.5625,5,0.6666666666666666,0.5,NA,NA,0.6,0.15384615384615385,NA,0,0,0,CD_M20262640203,2,2026-08-22,Brisbane Lions,CD_R202626402
CD_I1029621,25,MIDFIELDER_FORWARD,"https://s.afl.com.au/staticfile/AFL Tenant/AFL/Players/ChampIDImages/AFLW/2026264/1029621.png?im=Scale,width=0.6,height=0.6",Megan,Kauffman,CD_T7886,FRE,Fremantle,Freo,2,88.49999999999999,0,0,0,0,4,0,0,0,2,0,0,2,19,77,13,5,1,1,0,0,1,0,2,10,0,0,5,0,0,0,0,9,7,1,1,256,0,7,0,0,1,0,3,0,0,0,0,3,0,0,19,6,17,2026-08-23,data//AFLW_2026-08-23.csv,NA,NA,0.10526315789473684,0.6842105263157895,8,0.5555555555555556,0.8,NA,NA,0.9,0.42857142857142855,NA,0,0,0,CD_M20262640204,2,2026-08-23,Collingwood,CD_R202626402
CD_I1029623,14,MIDFIELDER,"https://s.afl.com.au/staticfile/AFL Tenant/AFL/Players/ChampIDImages/AFLW/2026264/1029623.png?im=Scale,width=0.6,height=0.6",Orlagh,Lally,CD_T7886,FRE,Fremantle,Freo,2,81.00000000000001,0,0,0,0,6,0,0,0,5,0,0,3,24,79,14,6,0,1,0,0,0,0,4,9,0,0,4,0,2,0,0,15,5,1,2,424,1,12,0,0,4,0,3,0,0,0,2,1,1,2,24,8,19,2026-08-23,data//AFLW_2026-08-23.csv,NA,NA,0.20833333333333334,0.5833333333333334,8,0.4,0.8888888888888888,NA,NA,1.6666666666666667,0.08333333333333333,NA,0,0,0,CD_M20262640204,2,2026-08-23,Collingwood,CD_R202626402
CD_I1029626,13,KEY_FORWARD,"https://s.afl.com.au/staticfile/AFL Tenant/AFL/Players/ChampIDImages/AFLW/2026264/1029626.png?im=Scale,width=0.6,height=0.6",Aine,McDonagh,CD_T9407,HAW,Hawthorn,Hawks,2,100,1,0,0,0,4,0,0,1,7,3,1,2,11,75,7,7,2,2,1,85.7,1,3,3,0,0,0,2,0,4,0,0,11,4,2,0,170,2,11,0,0,0,0,6,0,4,1,1,4,3,1,11,5,4,2026-08-23,data//AFLW_2026-08-23.csv,NA,0.3333333333333333,0.6363636363636364,0.6363636363636364,0,0.6363636363636364,NA,NA,NA,Inf,0.36363636363636365,NA,0,0,0,CD_M20262640207,2,2026-08-23,Port Adelaide,CD_R202626402
CD_I1029938,30,MIDFIELDER,"https://s.afl.com.au/staticfile/AFL Tenant/AFL/Players/ChampIDImages/AFLW/2026264/1029938.png?im=Scale,width=0.6,height=0.6",Marlo,Graham,CD_T7887,BL,Brisbane Lions,Lions,2,63.400000000000006,0,0,3,0,3,0,0,0,5,1,0,11,10,48,5,2,0,0,0,50,0,0,5,6,0,0,4,0,2,0,0,4,0,0,0,122,1,19,0,0,1,0,1,0,0,0,0,6,2,0,10,3,5,2026-08-23,data//AFLW_2026-08-23.csv,NA,0,0.5,0.5,3,0.5,0.5,NA,NA,0.6666666666666666,0.3157894736842105,NA,0,0.2,0,CD_M20262640203,2,2026-08-22,North Melbourne,CD_R202626402
CD_I1030188,2,MIDFIELDER,"https://s.afl.com.au/staticfile/AFL Tenant/AFL/Players/ChampIDImages/AFLW/2026264/1030188.png?im=Scale,width=0.6,height=0.6",Sunny,Lappin,CD_T8786,GCFC,Gold Coast SUNS,SUNS,2,66.99999999999999,1,0,2,0,0,0,0,1,2,1,1,2,10,49,5,3,0,0,1,33.3,0,1,0,2,0,0,4,0,0,0,0,8,3,1,2,237,1,7,0,0,0,0,3,0,2,1,0,1,0,0,10,1,8,2026-08-23,data//AFLW_2026-08-23.csv,NA,1,0.2,0.5,2,0.375,1,NA,NA,4,0.14285714285714285,NA,0,0.11764705882352941,0,CD_M20262640208,2,2026-08-22,West Coast Eagles,CD_R202626402
CD_I1030189,10,MIDFIELDER,"https://s.afl.com.au/staticfile/AFL Tenant/AFL/Players/ChampIDImages/AFLW/2026264/1030189.png?im=Scale,width=0.6,height=0.6",Ava,Usher,CD_T8786,GCFC,Gold Coast SUNS,SUNS,2,91.2,2,5,1,0,4,0,0,0,5,0,0,3,12,47,8,4,2,2,0,25,0,2,5,4,0,0,4,0,2,0,0,8,1,1,0,380,0,12,0,0,0,0,5,0,5,0,0,1,1,0,13,2,8,2026-08-23,data//AFLW_2026-08-23.csv,NA,NA,0.38461538461538464,0.6666666666666666,4,0.5,1,NA,NA,2,0.08333333333333333,NA,0,0.058823529411764705,0,CD_M20262640208,2,2026-08-22,West Coast Eagles,CD_R202626402
CD_I1030195,16,MIDFIELDER,"https://s.afl.com.au/staticfile/AFL Tenant/AFL/Players/ChampIDImages/AFLW/2026264/1030195.png?im=Scale,width=0.6,height=0.6",Mikayla,Nurse,CD_T8786,GCFC,Gold Coast SUNS,SUNS,2,73.9,0,0,0,0,5,0,0,0,5,0,0,6,15,45,10,5,3,2,0,0,0,0,5,6,0,0,1,0,4,0,0,9,4,0,0,223,0,10,0,0,1,0,1,0,1,0,0,0,0,0,15,7,10,2026-08-23,data//AFLW_2026-08-23.csv,NA,NA,0.3333333333333333,0.6666666666666666,5,0.5555555555555556,0.8333333333333334,NA,NA,1.5,0,NA,0,0,0,CD_M20262640208,2,2026-08-22,West Coast Eagles,CD_R202626402
CD_I1030199,15,MEDIUM_FORWARD,"https://s.afl.com.au/staticfile/AFL Tenant/AFL/Players/ChampIDImages/AFLW/2026264/1030199.png?im=Scale,width=0.6,height=0.6",Alannah,Welsh,CD_T8786,GCFC,Gold Coast SUNS,SUNS,2,87.6,0,0,0,0,0,0,0,0,6,1,0,0,12,86,8,7,3,0,1,62.5,0,5,5,2,0,0,1,0,2,0,0,10,3,2,2,200,1,6,0,0,0,0,6,0,7,1,0,3,3,0,11,2,5,2026-08-23,data//AFLW_2026-08-23.csv,NA,0,0.5454545454545454,0.6666666666666666,1,0.7,0.5,NA,NA,5,0.5,NA,0,0,0,CD_M20262640208,2,2026-08-22,West Coast Eagles,CD_R202626402
CD_I1030201,4,KEY_DEFENDER,"https://s.afl.com.au/staticfile/AFL Tenant/AFL/Players/ChampIDImages/AFLW/2026264/1030201.png?im=Scale,width=0.6,height=0.6",Georja,Davies,CD_T8786,GCFC,Gold Coast SUNS,SUNS,2,73.50000000000001,0,0,0,0,1,1,1,0,3,0,0,7,7,25,6,3,0,1,0,0,0,0,3,4,0,0,1,0,4,0,0,3,1,0,0,34,2,9,0,0,0,0,1,0,0,2,1,2,0,1,6,1,3,2026-08-23,data//AFLW_2026-08-23.csv,1,NA,0.5,0.8571428571428571,3,1,0.75,NA,NA,0.75,0.2222222222222222,NA,0,0,0,CD_M20262640208,2,2026-08-22,West Coast Eagles,CD_R202626402
CD_I1030373,9,MIDFIELDER_FORWARD,"https://s.afl.com.au/staticfile/AFL Tenant/AFL/Players/ChampIDImages/AFLW/2026264/1030373.png?im=Scale,width=0.6,height=0.6",Mischa,Barwin,CD_T8097,COLL,Collingwood,Magpies,2,81.99999999999999,0,0,0,0,7,0,0,0,1,1,0,4,7,19,6,1,0,3,0,100,0,1,1,5,0,0,0,0,2,0,0,2,2,1,0,30,1,8,0,0,1,0,1,0,1,0,0,0,0,0,5,4,4,2026-08-23,data//AFLW_2026-08-23.csv,NA,0,0.2,0.8571428571428571,5,0.5,1,NA,NA,0.4,0,NA,0,0,0,CD_M20262640204,2,2026-08-23,Fremantle,CD_R202626402
CD_I1030962,23,MIDFIELDER,"https://s.afl.com.au/staticfile/AFL Tenant/AFL/Players/ChampIDImages/AFLW/2026264/1030962.png?im=Scale,width=0.6,height=0.6",Sophie,Eaton,CD_T9409,PORT,Port Adelaide,Power,2,74.70000000000002,0,0,0,0,3,0,1,0,5,1,0,13,14,79,9,6,0,0,2,0,0,0,3,3,0,0,0,0,4,0,0,11,6,0,1,264,1,15,0,0,2,0,0,0,0,1,1,5,0,1,14,5,9,2026-08-23,data//AFLW_2026-08-23.csv,0,0,0.35714285714285715,0.6428571428571429,3,0.5454545454545454,1,NA,NA,3.6666666666666665,0.3333333333333333,NA,0,0,0,CD_M20262640207,2,2026-08-23,Hawthorn,CD_R202626402
CD_I1031080,19,MIDFIELDER,"https://s.afl.com.au/staticfile/AFL Tenant/AFL/Players/ChampIDImages/AFLW/2026264/1031080.png?im=Scale,width=0.6,height=0.6",Christina,Leuzzi,CD_T8098,ADEL,Adelaide Crows,Crows,2,77.1,1,0,0,0,3,0,0,0,4,3,1,0,7,26,2,0,0,2,0,50,0,0,4,4,0,0,3,0,1,0,0,3,2,1,1,68,0,12,0,0,0,0,1,0,1,0,0,2,2,0,7,5,3,2026-08-23,data//AFLW_2026-08-23.csv,NA,0.3333333333333333,0.5714285714285714,0.2857142857142857,2,0,0.5,NA,NA,0.75,0.16666666666666666,NA,0,0,0,CD_M20262640205,2,2026-08-23,Carlton,CD_R202626402
CD_I1031248,37,KEY_FORWARD,"https://s.afl.com.au/staticfile/AFL Tenant/AFL/Players/ChampIDImages/AFLW/2026264/1031248.png?im=Scale,width=0.6,height=0.6",Fina,Dethlefsen,CD_T8788,RICH,Richmond,Richmond,1,58.8,0,0,0,0,2,0,0,1,3,0,0,10,5,19,3,1,0,1,0,0,0,0,2,3,0,0,0,0,3,0,0,2,2,0,0,80,0,10,0,0,1,0,0,0,0,0,0,1,0,0,6,1,3,2026-08-23,data//AFLW_2026-08-23.csv,NA,NA,0.5,0.6,2,0.5,0.6666666666666666,NA,NA,0.6666666666666666,0.1,NA,0,0,0,CD_M20262640202,2,2026-08-22,Western Bulldogs,CD_R202626402
CD_I1031272,29,MIDFIELDER,"https://s.afl.com.au/staticfile/AFL Tenant/AFL/Players/ChampIDImages/AFLW/2026264/1031272.png?im=Scale,width=0.6,height=0.6",Indiana,West,CD_T7886,FRE,Fremantle,Freo,2,74.8,0,0,0,0,1,0,0,0,4,0,0,2,7,35,6,0,2,1,0,0,0,0,4,6,0,0,1,0,1,0,0,1,1,0,0,40,0,10,0,0,0,0,2,0,0,0,1,5,2,1,7,1,3,2026-08-23,data//AFLW_2026-08-23.csv,NA,NA,0.5714285714285714,0.8571428571428571,6,0,1,NA,NA,0.16666666666666666,0.5,NA,0,0,0,CD_M20262640204,2,2026-08-23,Collingwood,CD_R202626402
CD_I1031354,22,KEY_FORWARD,"https://s.afl.com.au/staticfile/AFL Tenant/AFL/Players/ChampIDImages/AFLW/2026264/1031354.png?im=Scale,width=0.6,height=0.6",Claire,Mahony,CD_T8466,NMFC,North Melbourne,Kangaroos,2,70.50000000000001,0,0,0,0,0,1,1,1,3,0,0,3,12,45,6,5,0,0,0,0,0,0,2,3,0,0,2,0,4,2,2,9,4,0,0,243,0,3,0,0,3,0,1,0,0,0,0,0,0,0,10,4,7,2026-08-23,data//AFLW_2026-08-23.csv,1,NA,0.3,0.5,1,0.5555555555555556,0.3333333333333333,NA,NA,3,0,1,0,0,0.6666666666666666,CD_M20262640203,2,2026-08-22,Brisbane Lions,CD_R202626402
CD_I1031378,10,MIDFIELDER,"https://s.afl.com.au/staticfile/AFL Tenant/AFL/Players/ChampIDImages/AFLW/2026264/1031378.png?im=Scale,width=0.6,height=0.6",Holly,Ridewood,CD_T9406,ESS,Essendon,Bombers,2,70.60000000000001,0,0,0,0,0,0,0,0,5,0,0,8,6,37,5,4,0,0,1,0,0,0,3,2,0,0,0,0,4,0,0,4,0,0,0,113,1,11,0,0,1,0,0,0,0,0,0,5,0,0,7,3,2,2026-08-23,data//AFLW_2026-08-23.csv,NA,NA,0.7142857142857143,0.8333333333333334,1,1,0.5,NA,NA,2,0.45454545454545453,NA,0,0,0,CD_M20262640209,2,2026-08-23,Sydney Swans,CD_R202626402
CD_I1031390,9,KEY_FORWARD,"https://s.afl.com.au/staticfile/AFL Tenant/AFL/Players/ChampIDImages/AFLW/2026264/1031390.png?im=Scale,width=0.6,height=0.6",Emma,McDonald,CD_T7387,WB,Western Bulldogs,Bulldogs,2,95.80000000000001,0,0,0,0,0,0,0,1,6,1,0,2,13,73,11,7,1,0,2,100,0,3,3,6,0,0,1,0,1,0,0,7,4,1,1,67,1,4,0,0,0,0,4,0,3,1,0,2,0,0,13,1,7,2026-08-23,data//AFLW_2026-08-23.csv,NA,0,0.46153846153846156,0.8461538461538461,4,1,0.6666666666666666,NA,NA,1.1666666666666667,0.5,NA,0,0,0,CD_M20262640202,2,2026-08-22,Richmond,CD_R202626402
CD_I1031398,11,MIDFIELDER,"https://s.afl.com.au/staticfile/AFL Tenant/AFL/Players/ChampIDImages/AFLW/2026264/1031398.png?im=Scale,width=0.6,height=0.6",Isabel,Bacon,CD_T8788,RICH,Richmond,Richmond,2,69.8,0,0,6,1,0,0,0,0,4,0,0,3,7,45,5,1,0,0,0,0,0,0,4,4,0,0,1,0,1,0,0,3,0,0,0,78,0,19,0,0,2,0,0,0,0,0,1,7,1,2,6,0,2,2026-08-23,data//AFLW_2026-08-23.csv,NA,NA,0.6666666666666666,0.7142857142857143,4,0.3333333333333333,1,NA,NA,0.75,0.3684210526315789,NA,0,0.4,0,CD_M20262640202,2,2026-08-22,Western Bulldogs,CD_R202626402
CD_I1031412,33,MEDIUM_FORWARD,"https://s.afl.com.au/staticfile/AFL Tenant/AFL/Players/ChampIDImages/AFLW/2026264/1031412.png?im=Scale,width=0.6,height=0.6",Mackenzie,Ford,CD_T8788,RICH,Richmond,Richmond,2,70.10000000000001,0,0,0,0,2,0,0,0,4,0,0,3,9,39,5,1,1,0,1,0,0,0,3,5,0,0,3,0,2,0,0,4,0,0,0,115,0,16,0,0,0,0,1,0,0,0,0,4,1,0,9,2,5,2026-08-23,data//AFLW_2026-08-23.csv,NA,NA,0.4444444444444444,0.5555555555555556,4,0.25,0.8,NA,NA,0.8,0.25,NA,0,0,0,CD_M20262640202,2,2026-08-22,Western Bulldogs,CD_R202626402
CD_I1031784,20,MEDIUM_DEFENDER,"https://s.afl.com.au/staticfile/AFL Tenant/AFL/Players/ChampIDImages/AFLW/2026264/1031784.png?im=Scale,width=0.6,height=0.6",Cleo,Buttifant,CD_T7387,WB,Western Bulldogs,Bulldogs,2,63.999999999999986,0,0,0,0,2,0,0,0,3,0,0,3,7,31,4,1,0,1,0,0,0,0,3,3,0,0,0,0,2,0,0,4,4,0,0,137,1,4,0,0,2,0,1,0,0,1,1,1,0,1,8,3,5,2026-08-23,data//AFLW_2026-08-23.csv,NA,NA,0.375,0.5714285714285714,3,0.25,1,NA,NA,1.3333333333333333,0.25,NA,0,0,0,CD_M20262640202,2,2026-08-22,Richmond,CD_R202626402
CD_I1032499,32,MIDFIELDER,"https://s.afl.com.au/staticfile/AFL Tenant/AFL/Players/ChampIDImages/AFLW/2026264/1032499.png?im=Scale,width=0.6,height=0.6",Bronte,Parker,CD_T8786,GCFC,Gold Coast SUNS,SUNS,2,68,0,0,0,0,5,0,0,0,2,0,0,2,12,43,7,4,0,1,0,0,0,0,2,3,0,0,1,0,3,0,0,9,3,0,0,281,0,7,0,0,1,0,2,0,1,0,0,1,0,0,11,6,9,2026-08-23,data//AFLW_2026-08-23.csv,NA,NA,0.18181818181818182,0.5833333333333334,3,0.4444444444444444,1,NA,NA,3,0.14285714285714285,NA,0,0,0,CD_M20262640208,2,2026-08-22,West Coast Eagles,CD_R202626402
CD_I1032556,19,RUCK,"https://s.afl.com.au/staticfile/AFL Tenant/AFL/Players/ChampIDImages/AFLW/2026264/1032556.png?im=Scale,width=0.6,height=0.6",Maddie,Quinn,CD_T9408,SYD,Sydney Swans,Swans,2,83.69999999999999,0,0,0,0,2,0,0,2,5,1,0,2,12,70,7,2,1,0,1,33.3,0,1,2,6,4,1,1,0,1,0,0,6,7,2,0,100,1,6,0,0,0,11,6,0,2,1,1,2,1,1,12,2,7,2026-08-23,data//AFLW_2026-08-23.csv,NA,0,0.4166666666666667,0.5833333333333334,5,0.3333333333333333,0.8333333333333334,0.36363636363636365,0.09090909090909091,1,0.3333333333333333,NA,0.1896551724137931,0,0,CD_M20262640209,2,2026-08-23,Essendon,CD_R202626402
CD_I1032563,6,MIDFIELDER,"https://s.afl.com.au/staticfile/AFL Tenant/AFL/Players/ChampIDImages/AFLW/2026264/1032563.png?im=Scale,width=0.6,height=0.6",Molly,Thomas,CD_T9408,SYD,Sydney Swans,Swans,1,37.6,0,0,3,0,0,0,0,0,2,1,0,0,5,20,5,2,0,0,0,0,0,0,2,3,0,0,3,0,2,0,0,2,0,0,0,117,2,6,0,0,0,0,2,0,0,1,0,2,0,0,5,1,3,2026-08-23,data//AFLW_2026-08-23.csv,NA,0,0.4,1,3,1,1,NA,NA,0.6666666666666666,0.3333333333333333,NA,0,0.15789473684210525,0,CD_M20262640209,2,2026-08-23,Essendon,CD_R202626402
CD_I1032565,16,RUCK,"https://s.afl.com.au/staticfile/AFL Tenant/AFL/Players/ChampIDImages/AFLW/2026264/1032565.png?im=Scale,width=0.6,height=0.6",Amaia,Wain,CD_T7387,WB,Western Bulldogs,Bulldogs,2,72.7,0,0,1,0,1,1,1,0,2,0,0,2,2,20,2,1,0,0,2,100,0,1,0,1,3,0,0,0,0,0,0,1,0,0,0,35,1,7,0,0,0,14,1,0,1,1,1,1,1,1,3,0,1,2026-08-23,data//AFLW_2026-08-23.csv,1,NA,0.6666666666666666,1,1,1,1,0.21428571428571427,0,1,0.14285714285714285,NA,0.23333333333333334,0.06666666666666667,0,CD_M20262640202,2,2026-08-22,Richmond,CD_R202626402
CD_I1032569,4,MIDFIELDER,"https://s.afl.com.au/staticfile/AFL Tenant/AFL/Players/ChampIDImages/AFLW/2026264/1032569.png?im=Scale,width=0.6,height=0.6",Kiera,Yerbury,CD_T7889,GWS,GWS GIANTS,GIANTS,2,39.300000000000004,0,0,0,0,2,0,0,0,6,0,0,7,14,48,7,3,1,1,2,0,0,0,5,8,0,0,2,0,4,0,0,6,1,0,0,187,0,12,0,0,4,0,1,0,0,0,0,3,2,0,13,2,7,2026-08-23,data//AFLW_2026-08-23.csv,NA,NA,0.46153846153846156,0.5,4,0.5,0.5,NA,NA,0.75,0.25,NA,0,0,0,CD_M20262640206,2,2026-08-23,Melbourne,CD_R202626402
CD_I1032571,16,MEDIUM_DEFENDER,"https://s.afl.com.au/staticfile/AFL Tenant/AFL/Players/ChampIDImages/AFLW/2026264/1032571.png?im=Scale,width=0.6,height=0.6",Mikaylah,Antony,CD_T9407,HAW,Hawthorn,Hawks,1,69.3,0,0,0,1,0,0,0,0,3,1,0,1,6,50,3,2,2,0,0,0,0,0,3,2,0,0,1,0,0,0,0,4,2,0,0,39,1,11,0,0,0,0,1,0,0,0,0,7,3,1,6,2,3,2026-08-23,data//AFLW_2026-08-23.csv,NA,0,0.5,0.5,1,0.5,0.5,NA,NA,2,0.6363636363636364,NA,0,0,0,CD_M20262640207,2,2026-08-23,Port Adelaide,CD_R202626402
CD_I1032590,5,MIDFIELDER,"https://s.afl.com.au/staticfile/AFL Tenant/AFL/Players/ChampIDImages/AFLW/2026264/1032590.png?im=Scale,width=0.6,height=0.6",Chloe,Bown,CD_T8098,ADEL,Adelaide Crows,Crows,2,72.9,1,0,0,0,0,0,0,0,6,1,0,3,14,72,11,7,1,0,2,0,1,0,4,4,0,0,2,0,2,0,0,10,5,1,0,167,2,12,0,0,0,0,3,0,1,2,0,4,1,0,14,2,8,2026-08-23,data//AFLW_2026-08-23.csv,NA,0,0.42857142857142855,0.7857142857142857,4,0.7,1,NA,NA,2.5,0.3333333333333333,NA,0,0,0,CD_M20262640205,2,2026-08-23,Carlton,CD_R202626402
CD_I1032594,37,RUCK,"https://s.afl.com.au/staticfile/AFL Tenant/AFL/Players/ChampIDImages/AFLW/2026264/1032594.png?im=Scale,width=0.6,height=0.6",Josephine,Bamford,CD_T8097,COLL,Collingwood,Magpies,2,70.69999999999999,0,0,6,1,2,0,0,0,4,0,0,8,8,43,5,1,0,0,0,0,0,0,3,5,5,2,2,0,2,0,0,3,1,0,0,84,3,18,0,0,1,27,2,0,1,2,2,4,0,3,8,4,4,2026-08-23,data//AFLW_2026-08-23.csv,NA,NA,0.5,0.625,4,0.3333333333333333,0.8,0.18518518518518517,0.07407407407407407,0.6,0.2222222222222222,NA,0.4909090909090909,0.375,0,CD_M20262640204,2,2026-08-23,Fremantle,CD_R202626402
CD_I1032967,32,MIDFIELDER,"https://s.afl.com.au/staticfile/AFL Tenant/AFL/Players/ChampIDImages/AFLW/2026264/1032967.png?im=Scale,width=0.6,height=0.6",Jordyn,Allen,CD_T7386,MELB,Melbourne,Demons,2,83.30000000000001,0,8,0,0,1,0,0,0,8,0,0,8,22,95,18,12,0,0,2,0,0,0,6,6,0,0,3,0,3,2,2,16,3,0,0,450,2,16,0,0,1,0,3,0,0,1,2,6,0,2,21,3,13,2026-08-23,data//AFLW_2026-08-23.csv,NA,NA,0.38095238095238093,0.8181818181818182,6,0.75,1,NA,NA,2.6666666666666665,0.375,1,0,0,0.3333333333333333,CD_M20262640206,2,2026-08-23,GWS GIANTS,CD_R202626402
CD_I1032974,14,MIDFIELDER,"https://s.afl.com.au/staticfile/AFL Tenant/AFL/Players/ChampIDImages/AFLW/2026264/1032974.png?im=Scale,width=0.6,height=0.6",Maggie,Johnstone,CD_T9406,ESS,Essendon,Bombers,2,72.4,0,0,6,1,1,0,0,1,7,0,0,8,11,47,8,6,2,1,2,50,0,1,4,2,0,0,1,0,3,0,0,9,1,0,0,250,0,11,0,0,0,0,1,0,2,0,1,2,0,2,11,3,4,2026-08-23,data//AFLW_2026-08-23.csv,NA,NA,0.6363636363636364,0.7272727272727273,2,0.6666666666666666,1,NA,NA,4.5,0.18181818181818182,NA,0,0.3157894736842105,0,CD_M20262640209,2,2026-08-23,Sydney Swans,CD_R202626402
CD_I1033016,33,MIDFIELDER,"https://s.afl.com.au/staticfile/AFL Tenant/AFL/Players/ChampIDImages/AFLW/2026264/1033016.png?im=Scale,width=0.6,height=0.6",Olivia,Gorman,CD_T8098,ADEL,Adelaide Crows,Crows,2,59.900000000000006,0,0,0,0,2,0,0,0,2,0,0,1,5,23,2,0,0,0,0,0,0,0,2,3,0,0,0,0,2,0,0,2,1,0,0,59,0,9,0,0,0,0,0,0,0,0,0,2,0,0,5,3,3,2026-08-23,data//AFLW_2026-08-23.csv,NA,NA,0.4,0.4,2,0,0.6666666666666666,NA,NA,0.6666666666666666,0.2222222222222222,NA,0,0,0,CD_M20262640205,2,2026-08-23,Carlton,CD_R202626402
CD_I1033157,8,KEY_DEFENDER,"https://s.afl.com.au/staticfile/AFL Tenant/AFL/Players/ChampIDImages/AFLW/2026264/1033157.png?im=Scale,width=0.6,height=0.6",Jennifer,Dunne,CD_T7887,BL,Brisbane Lions,Lions,2,99.6,0,0,0,0,1,2,7,1,8,0,0,5,17,65,9,5,1,0,0,0,0,0,6,6,0,0,0,0,8,5,4,11,4,0,0,340,6,7,0,0,7,0,0,0,0,5,1,2,0,1,14,6,6,2026-08-23,data//AFLW_2026-08-23.csv,0.2857142857142857,NA,0.5714285714285714,0.5294117647058824,4,0.45454545454545453,0.6666666666666666,NA,NA,1.8333333333333333,0.2857142857142857,0.8,0,0,0.625,CD_M20262640203,2,2026-08-22,North Melbourne,CD_R202626402
CD_I1033158,17,MIDFIELDER,"https://s.afl.com.au/staticfile/AFL Tenant/AFL/Players/ChampIDImages/AFLW/2026264/1033158.png?im=Scale,width=0.6,height=0.6",Dayna,Finn,CD_T8096,CARL,Carlton,Blues,2,88.80000000000001,0,0,0,0,3,0,0,0,10,1,0,12,28,107,19,10,1,0,1,100,0,1,8,11,0,0,2,0,7,0,0,17,5,0,1,403,0,16,0,0,4,0,4,0,1,0,2,3,0,2,28,6,18,2026-08-23,data//AFLW_2026-08-23.csv,NA,0,0.35714285714285715,0.6785714285714286,9,0.5882352941176471,0.8181818181818182,NA,NA,1.5454545454545454,0.1875,NA,0,0,0,CD_M20262640205,2,2026-08-23,Adelaide Crows,CD_R202626402
CD_I1033159,19,MIDFIELDER,"https://s.afl.com.au/staticfile/AFL Tenant/AFL/Players/ChampIDImages/AFLW/2026264/1033159.png?im=Scale,width=0.6,height=0.6",Erone,Fitzpatrick,CD_T8096,CARL,Carlton,Blues,2,92.6,3,1,2,1,3,0,0,0,11,1,0,15,30,132,18,9,4,1,1,0,2,0,10,12,0,0,4,0,3,0,0,18,7,0,1,532,0,23,0,0,1,0,8,0,3,0,2,8,0,3,30,5,19,2026-08-23,data//AFLW_2026-08-23.csv,NA,0,0.36666666666666664,0.6,9,0.5,0.75,NA,NA,1.5,0.34782608695652173,NA,0,0.14285714285714285,0,CD_M20262640205,2,2026-08-23,Adelaide Crows,CD_R202626402
CD_I1033164,15,MEDIUM_FORWARD,"https://s.afl.com.au/staticfile/AFL Tenant/AFL/Players/ChampIDImages/AFLW/2026264/1033164.png?im=Scale,width=0.6,height=0.6",Paris,McCarthy,CD_T9408,SYD,Sydney Swans,Swans,2,56.099999999999994,1,0,0,0,0,0,0,0,3,1,0,0,7,40,5,3,3,0,0,50,0,1,3,3,0,0,1,0,1,0,0,4,1,1,0,78,0,6,0,0,0,0,2,0,2,0,0,3,3,0,7,2,4,2026-08-23,data//AFLW_2026-08-23.csv,NA,0,0.42857142857142855,0.7142857142857143,2,0.75,0.6666666666666666,NA,NA,1.3333333333333333,0.5,NA,0,0,0,CD_M20262640209,2,2026-08-23,Essendon,CD_R202626402
CD_I1033165,11,MEDIUM_DEFENDER,"https://s.afl.com.au/staticfile/AFL Tenant/AFL/Players/ChampIDImages/AFLW/2026264/1033165.png?im=Scale,width=0.6,height=0.6",Niamh,McLaughlin,CD_T8786,GCFC,Gold Coast SUNS,SUNS,2,91.10000000000001,0,1,0,0,2,0,0,0,7,0,0,9,22,75,17,11,0,0,2,0,0,0,6,8,0,0,2,0,9,2,2,14,5,0,1,351,2,10,0,0,4,0,2,0,0,2,0,0,0,0,19,5,12,2026-08-23,data//AFLW_2026-08-23.csv,NA,NA,0.3684210526315789,0.7727272727272727,6,0.7857142857142857,0.75,NA,NA,1.75,0,1,0,0,0.5,CD_M20262640208,2,2026-08-22,West Coast Eagles,CD_R202626402
CD_I1033166,45,KEY_FORWARD,"https://s.afl.com.au/staticfile/AFL Tenant/AFL/Players/ChampIDImages/AFLW/2026264/1033166.png?im=Scale,width=0.6,height=0.6",Aishling,Moloney,CD_T8467,GEEL,Geelong Cats,Cats,2,72,0,0,0,0,2,0,0,2,3,3,0,5,13,69,8,6,0,1,1,25,1,1,0,3,0,0,3,0,2,0,0,10,7,2,2,262,1,10,0,0,1,0,3,0,2,1,0,2,0,0,14,5,11,2026-08-23,data//AFLW_2026-08-23.csv,NA,0,0.21428571428571427,0.6153846153846154,2,0.6,0.6666666666666666,NA,NA,3.3333333333333335,0.2,NA,0,0,0,CD_M20262640201,2,2026-08-22,St Kilda,CD_R202626402
CD_I1033168,24,MEDIUM_DEFENDER,"https://s.afl.com.au/staticfile/AFL Tenant/AFL/Players/ChampIDImages/AFLW/2026264/1033168.png?im=Scale,width=0.6,height=0.6",Julie,O'Sullivan,CD_T9408,SYD,Sydney Swans,Swans,2,66.80000000000001,1,0,0,1,2,0,0,0,5,0,0,2,10,48,7,4,2,0,0,50,0,1,5,3,0,0,1,0,2,0,0,7,2,0,0,164,0,9,0,0,0,0,4,0,2,0,1,2,0,2,10,2,5,2026-08-23,data//AFLW_2026-08-23.csv,NA,NA,0.5,0.7,3,0.5714285714285714,1,NA,NA,2.3333333333333335,0.2222222222222222,NA,0,0,0,CD_M20262640209,2,2026-08-23,Essendon,CD_R202626402
CD_I1033348,1,MIDFIELDER,"https://s.afl.com.au/staticfile/AFL Tenant/AFL/Players/ChampIDImages/AFLW/2026264/1033348.png?im=Scale,width=0.6,height=0.6",Imogen,Brown,CD_T9408,SYD,Sydney Swans,Swans,2,61.19999999999999,0,1,0,0,2,0,0,0,3,0,0,3,7,34,5,2,1,1,1,50,0,0,2,3,0,0,0,0,1,0,0,4,2,0,0,124,0,11,0,0,1,0,1,0,0,0,1,3,1,1,8,1,5,2026-08-23,data//AFLW_2026-08-23.csv,NA,NA,0.375,0.7142857142857143,3,0.5,1,NA,NA,1.3333333333333333,0.2727272727272727,NA,0,0,0,CD_M20262640209,2,2026-08-23,Essendon,CD_R202626402
CD_I1033876,22,MEDIUM_DEFENDER,"https://s.afl.com.au/staticfile/AFL Tenant/AFL/Players/ChampIDImages/AFLW/2026264/1033876.png?im=Scale,width=0.6,height=0.6",Mizuki,Brothwell,CD_T7387,WB,Western Bulldogs,Bulldogs,1,30.6,0,0,0,0,1,0,0,0,0,0,0,3,4,14,2,1,0,0,0,0,0,0,0,1,0,0,1,0,0,0,0,3,1,0,0,76,0,4,0,0,0,0,0,0,0,0,0,0,0,0,4,2,4,2026-08-23,data//AFLW_2026-08-23.csv,NA,NA,0,0.5,1,0.3333333333333333,1,NA,NA,3,0,NA,0,0,0,CD_M20262640202,2,2026-08-22,Richmond,CD_R202626402
CD_I1033877,11,MEDIUM_FORWARD,"https://s.afl.com.au/staticfile/AFL Tenant/AFL/Players/ChampIDImages/AFLW/2026264/1033877.png?im=Scale,width=0.6,height=0.6",Nalu,Brothwell,CD_T9406,ESS,Essendon,Bombers,2,64.89999999999999,0,0,0,0,4,0,0,0,1,0,0,2,6,22,2,1,1,1,0,0,1,0,1,2,0,0,3,0,0,0,0,4,3,0,1,130,0,4,0,0,0,0,2,0,0,0,0,0,0,0,7,4,6,2026-08-23,data//AFLW_2026-08-23.csv,NA,NA,0.14285714285714285,0.3333333333333333,1,0.25,0.5,NA,NA,2,0,NA,0,0,0,CD_M20262640209,2,2026-08-23,Sydney Swans,CD_R202626402
CD_I1035371,12,MIDFIELDER,"https://s.afl.com.au/staticfile/AFL Tenant/AFL/Players/ChampIDImages/AFLW/2026264/1035371.png?im=Scale,width=0.6,height=0.6",Ryleigh,Wotherspoon,CD_T7386,MELB,Melbourne,Demons,2,74,1,0,0,0,4,0,0,1,5,0,0,1,12,69,8,5,3,2,0,60,1,3,4,3,0,0,3,0,3,0,0,9,5,3,1,173,1,9,0,0,0,0,6,0,4,1,0,2,1,0,12,4,7,2026-08-23,data//AFLW_2026-08-23.csv,NA,NA,0.4166666666666667,0.6666666666666666,3,0.5555555555555556,1,NA,NA,3,0.2222222222222222,NA,0,0,0,CD_M20262640206,2,2026-08-23,GWS GIANTS,CD_R202626402
CD_I1035375,24,MEDIUM_FORWARD,"https://s.afl.com.au/staticfile/AFL Tenant/AFL/Players/ChampIDImages/AFLW/2026264/1035375.png?im=Scale,width=0.6,height=0.6",Amy,Boyle-Carr,CD_T8098,ADEL,Adelaide Crows,Crows,2,60.00000000000001,0,0,0,0,3,0,0,0,5,0,0,0,9,26,8,1,0,2,1,20,0,0,4,7,0,0,1,0,3,0,0,2,1,0,1,95,0,11,0,0,0,0,2,0,1,0,1,2,2,1,11,3,6,2026-08-23,data//AFLW_2026-08-23.csv,NA,NA,0.45454545454545453,0.8888888888888888,7,0.5,1,NA,NA,0.2857142857142857,0.18181818181818182,NA,0,0,0,CD_M20262640205,2,2026-08-23,Carlton,CD_R202626402
CD_I1035558,22,MIDFIELDER_FORWARD,"https://s.afl.com.au/staticfile/AFL Tenant/AFL/Players/ChampIDImages/AFLW/2026264/1035558.png?im=Scale,width=0.6,height=0.6",Imogen,Trengove,CD_T8097,COLL,Collingwood,Magpies,2,68.10000000000001,1,0,0,0,1,0,0,0,2,0,0,5,5,23,2,1,1,0,1,0,0,0,1,2,0,0,3,0,1,0,0,3,0,0,0,101,2,10,0,0,0,0,2,0,1,2,1,2,1,1,6,1,4,2026-08-23,data//AFLW_2026-08-23.csv,NA,NA,0.3333333333333333,0.4,1,0.3333333333333333,0.5,NA,NA,1.5,0.2,NA,0,0,0,CD_M20262640204,2,2026-08-23,Fremantle,CD_R202626402
CD_I1036083,15,RUCK,"https://s.afl.com.au/staticfile/AFL Tenant/AFL/Players/ChampIDImages/AFLW/2026264/1036083.png?im=Scale,width=0.6,height=0.6",Eilish,O'Dowd,CD_T7889,GWS,GWS GIANTS,GIANTS,2,100,0,1,0,0,1,0,0,0,6,0,0,8,18,49,12,1,0,1,0,0,0,0,5,15,0,0,2,0,1,0,0,3,3,0,0,121,1,18,0,0,0,1,3,0,0,0,0,1,0,0,17,3,11,2026-08-23,data//AFLW_2026-08-23.csv,NA,NA,0.35294117647058826,0.6666666666666666,11,0.3333333333333333,0.7333333333333333,0,0,0.2,0.05555555555555555,NA,0.016666666666666666,0,0,CD_M20262640206,2,2026-08-23,Melbourne,CD_R202626402
CD_I1036297,18,RUCK,"https://s.afl.com.au/staticfile/AFL Tenant/AFL/Players/ChampIDImages/AFLW/2026264/1036297.png?im=Scale,width=0.6,height=0.6",Piper,Dunlop,CD_T8467,GEEL,Geelong Cats,Cats,2,84.2,0,0,15,0,0,0,1,2,9,4,1,10,9,68,8,3,1,0,0,100,1,1,4,6,23,9,0,0,2,0,0,3,2,0,0,58,0,16,0,0,1,36,3,0,1,0,4,3,2,4,9,0,0,2026-08-23,data//AFLW_2026-08-23.csv,0,0.25,1,0.8888888888888888,5,1,0.8333333333333334,0.6388888888888888,0.25,0.5,0.1875,NA,0.7058823529411765,0.75,0,CD_M20262640201,2,2026-08-22,St Kilda,CD_R202626402
CD_I1036298,11,MIDFIELDER,"https://s.afl.com.au/staticfile/AFL Tenant/AFL/Players/ChampIDImages/AFLW/2026264/1036298.png?im=Scale,width=0.6,height=0.6",Caitlin,Fletcher,CD_T7889,GWS,GWS GIANTS,GIANTS,2,88.1,0,0,0,0,2,0,2,0,0,0,0,5,2,14,2,1,0,2,0,0,0,0,0,1,0,0,0,0,1,0,0,1,1,0,0,-15,3,5,0,0,0,0,0,0,0,3,0,3,0,0,2,1,2,2026-08-23,data//AFLW_2026-08-23.csv,0,NA,0,1,1,1,1,NA,NA,1,0.6,NA,0,0,0,CD_M20262640206,2,2026-08-23,Melbourne,CD_R202626402
CD_I1036302,10,MEDIUM_FORWARD,"https://s.afl.com.au/staticfile/AFL Tenant/AFL/Players/ChampIDImages/AFLW/2026264/1036302.png?im=Scale,width=0.6,height=0.6",Blaithin,Bogue,CD_T8466,NMFC,North Melbourne,Kangaroos,2,87.69999999999999,1,0,0,0,0,0,0,0,4,5,0,1,10,37,4,3,3,0,0,60,0,0,3,1,0,0,1,0,2,0,0,9,1,0,1,151,3,6,0,0,0,0,3,0,2,2,0,1,1,0,9,1,5,2026-08-23,data//AFLW_2026-08-23.csv,NA,0,0.4444444444444444,0.4,1,0.3333333333333333,1,NA,NA,9,0.16666666666666666,NA,0,0,0,CD_M20262640203,2,2026-08-22,Brisbane Lions,CD_R202626402
CD_I1037133,20,MIDFIELDER_FORWARD,"https://s.afl.com.au/staticfile/AFL Tenant/AFL/Players/ChampIDImages/AFLW/2026264/1037133.png?im=Scale,width=0.6,height=0.6",Sanne,Bakker,CD_T8787,WCE,West Coast Eagles,Eagles,2,76.5,0,0,0,0,5,0,0,0,5,0,0,7,8,25,6,3,0,3,0,0,0,0,5,3,0,0,0,0,6,0,0,5,3,0,0,120,2,11,0,0,0,0,0,0,0,2,0,1,0,0,9,3,4,2026-08-23,data//AFLW_2026-08-23.csv,NA,NA,0.5555555555555556,0.75,3,0.6,1,NA,NA,1.6666666666666667,0.09090909090909091,NA,0,0,0,CD_M20262640208,2,2026-08-22,Gold Coast SUNS,CD_R202626402
CD_I1037629,29,RUCK,"https://s.afl.com.au/staticfile/AFL Tenant/AFL/Players/ChampIDImages/AFLW/2026264/1037629.png?im=Scale,width=0.6,height=0.6",Yasmeen,Janschek,CD_T7889,GWS,GWS GIANTS,GIANTS,2,90.50000000000001,1,0,13,0,5,0,0,1,5,2,1,7,8,62,2,1,1,1,1,0,0,0,2,4,20,4,2,0,1,0,0,4,1,0,0,139,0,10,0,0,1,45,2,0,1,0,1,5,0,1,9,4,4,2026-08-23,data//AFLW_2026-08-23.csv,NA,0.5,0.5555555555555556,0.25,1,0.25,0.25,0.4444444444444444,0.08888888888888889,1,0.5,NA,0.75,0.9285714285714286,0,CD_M20262640206,2,2026-08-23,Melbourne,CD_R202626402
CD_I1037639,35,MIDFIELDER,"https://s.afl.com.au/staticfile/AFL Tenant/AFL/Players/ChampIDImages/AFLW/2026264/1037639.png?im=Scale,width=0.6,height=0.6",Lily,Quigley,CD_T8786,GCFC,Gold Coast SUNS,SUNS,2,86.9,2,0,0,0,2,0,0,0,3,0,0,3,11,68,7,4,1,0,1,25,0,1,2,3,0,0,1,0,2,0,0,8,3,1,1,155,1,13,0,0,1,0,4,0,4,0,1,5,4,1,10,1,7,2026-08-23,data//AFLW_2026-08-23.csv,NA,NA,0.3,0.6363636363636364,3,0.5,1,NA,NA,2.6666666666666665,0.38461538461538464,NA,0,0,0,CD_M20262640208,2,2026-08-22,West Coast Eagles,CD_R202626402
CD_I1042237,14,KEY_DEFENDER,"https://s.afl.com.au/staticfile/AFL Tenant/AFL/Players/ChampIDImages/AFLW/2026264/1042237.png?im=Scale,width=0.6,height=0.6",Siofra,O'Connell,CD_T8096,CARL,Carlton,Blues,2,61.400000000000006,0,0,0,0,2,0,1,0,3,0,0,5,6,20,3,2,0,1,0,0,0,0,3,2,0,0,0,0,4,0,0,4,1,0,0,43,2,5,0,0,3,0,0,0,0,2,0,1,0,0,6,4,3,2026-08-23,data//AFLW_2026-08-23.csv,0,NA,0.5,0.5,1,0.5,0.5,NA,NA,2,0.2,NA,0,0,0,CD_M20262640205,2,2026-08-23,Adelaide Crows,CD_R202626402
CD_I1042246,24,MEDIUM_FORWARD,"https://s.afl.com.au/staticfile/AFL Tenant/AFL/Players/ChampIDImages/AFLW/2026264/1042246.png?im=Scale,width=0.6,height=0.6",Kellyann,Hogan,CD_T8097,COLL,Collingwood,Magpies,1,86.6,1,0,0,0,3,0,0,0,4,0,0,6,11,49,6,0,0,1,0,0,0,0,3,8,0,0,1,0,3,0,0,3,2,0,1,83,1,17,0,0,0,0,1,0,1,0,0,5,2,0,13,2,9,2026-08-23,data//AFLW_2026-08-23.csv,NA,NA,0.3076923076923077,0.5454545454545454,6,0,0.75,NA,NA,0.375,0.29411764705882354,NA,0,0,0,CD_M20262640204,2,2026-08-23,Fremantle,CD_R202626402
CD_I1042264,21,MEDIUM_FORWARD,"https://s.afl.com.au/staticfile/AFL Tenant/AFL/Players/ChampIDImages/AFLW/2026264/1042264.png?im=Scale,width=0.6,height=0.6",Amy,Gavin Mangan,CD_T8466,NMFC,North Melbourne,Kangaroos,2,68.5,0,0,0,0,1,0,1,0,4,0,0,8,13,72,10,5,0,0,1,0,0,0,3,5,0,0,3,0,3,0,0,8,3,0,0,177,1,20,0,0,0,0,3,0,0,1,0,7,0,0,13,6,9,2026-08-23,data//AFLW_2026-08-23.csv,0,NA,0.3076923076923077,0.7692307692307693,5,0.625,1,NA,NA,1.6,0.35,NA,0,0,0,CD_M20262640203,2,2026-08-22,Brisbane Lions,CD_R202626402
CD_I1042277,16,MEDIUM_FORWARD,"https://s.afl.com.au/staticfile/AFL Tenant/AFL/Players/ChampIDImages/AFLW/2026264/1042277.png?im=Scale,width=0.6,height=0.6",Matilda,Banfield,CD_T7886,FRE,Fremantle,Freo,2,83.60000000000001,0,0,0,0,2,0,0,0,10,1,0,8,23,68,18,8,0,2,0,100,0,0,10,11,0,0,4,0,4,0,0,12,4,1,0,243,0,18,0,0,1,0,2,0,0,0,2,1,0,2,24,4,14,2026-08-23,data//AFLW_2026-08-23.csv,NA,0,0.4166666666666667,0.782608695652174,10,0.6666666666666666,0.9090909090909091,NA,NA,1.0909090909090908,0.05555555555555555,NA,0,0,0,CD_M20262640204,2,2026-08-23,Collingwood,CD_R202626402
CD_I1042707,22,MEDIUM_DEFENDER,"https://s.afl.com.au/staticfile/AFL Tenant/AFL/Players/ChampIDImages/AFLW/2026264/1042707.png?im=Scale,width=0.6,height=0.6",Kayleigh,Cronin,CD_T8098,ADEL,Adelaide Crows,Crows,2,60.8,0,0,2,0,2,1,1,0,3,0,0,2,9,39,6,3,1,1,0,0,0,0,2,4,2,1,3,0,1,0,0,5,3,1,3,121,2,15,0,0,0,6,3,0,0,1,0,2,1,0,9,5,6,2026-08-23,data//AFLW_2026-08-23.csv,1,NA,0.3333333333333333,0.6666666666666666,3,0.6,0.75,0.3333333333333333,0.16666666666666666,1.25,0.13333333333333333,NA,0.125,0.14285714285714285,0,CD_M20262640205,2,2026-08-23,Carlton,CD_R202626402
CD_I1042794,13,MEDIUM_DEFENDER,"https://s.afl.com.au/staticfile/AFL Tenant/AFL/Players/ChampIDImages/AFLW/2026264/1042794.png?im=Scale,width=0.6,height=0.6",Aoibhin,Cleary,CD_T8788,RICH,Richmond,Richmond,2,66.1,1,0,0,0,1,0,0,0,2,0,0,1,6,33,4,2,1,0,0,50,0,1,2,2,0,0,1,0,1,0,0,4,2,0,0,114,0,5,0,0,0,0,2,0,2,0,0,1,0,0,6,1,4,2026-08-23,data//AFLW_2026-08-23.csv,NA,NA,0.3333333333333333,0.6666666666666666,2,0.5,1,NA,NA,2,0.2,NA,0,0,0,CD_M20262640202,2,2026-08-22,Western Bulldogs,CD_R202626402
CD_I1042795,13,MEDIUM_FORWARD,"https://s.afl.com.au/staticfile/AFL Tenant/AFL/Players/ChampIDImages/AFLW/2026264/1042795.png?im=Scale,width=0.6,height=0.6",Neasa,Dooley,CD_T7887,BL,Brisbane Lions,Lions,2,88,0,0,0,0,4,0,0,0,2,2,0,2,4,18,1,0,1,0,0,50,0,0,2,2,0,0,1,0,1,0,0,2,0,0,0,44,1,15,0,0,0,0,1,0,1,1,0,2,1,0,3,3,1,2026-08-23,data//AFLW_2026-08-23.csv,NA,0,0.6666666666666666,0.25,1,0,0.5,NA,NA,1,0.13333333333333333,NA,0,0,0,CD_M20262640203,2,2026-08-22,North Melbourne,CD_R202626402
CD_I1042797,27,MEDIUM_FORWARD,"https://s.afl.com.au/staticfile/AFL Tenant/AFL/Players/ChampIDImages/AFLW/2026264/1042797.png?im=Scale,width=0.6,height=0.6",Grace,Kos,CD_T7889,GWS,GWS GIANTS,GIANTS,2,88.49999999999999,0,0,9,1,1,0,0,0,6,0,0,6,7,27,3,0,1,0,0,0,0,0,6,6,0,0,0,0,1,0,0,1,0,0,0,-2,1,12,0,0,0,0,1,0,0,0,0,3,1,1,6,0,0,2026-08-23,data//AFLW_2026-08-23.csv,NA,NA,1,0.42857142857142855,3,0,0.5,NA,NA,0.16666666666666666,0.25,NA,0,0.6428571428571429,0,CD_M20262640206,2,2026-08-23,Melbourne,CD_R202626402
CD_I1048156,28,MEDIUM_DEFENDER,"https://s.afl.com.au/staticfile/AFL Tenant/AFL/Players/ChampIDImages/AFLW/2026264/1048156.png?im=Scale,width=0.6,height=0.6",Emma,Murray,CD_T8467,GEEL,Geelong Cats,Cats,2,71.19999999999999,0,0,3,0,1,0,0,0,6,0,0,5,11,40,10,5,1,1,1,0,0,0,5,6,0,0,1,0,4,0,0,5,1,0,0,132,3,11,0,0,1,0,1,0,0,1,0,3,1,0,11,1,5,2026-08-23,data//AFLW_2026-08-23.csv,NA,NA,0.5454545454545454,0.9090909090909091,5,1,0.8333333333333334,NA,NA,0.8333333333333334,0.2727272727272727,NA,0,0.15,0,CD_M20262640201,2,2026-08-22,St Kilda,CD_R202626402
CD_I1048494,33,MEDIUM_DEFENDER,"https://s.afl.com.au/staticfile/AFL Tenant/AFL/Players/ChampIDImages/AFLW/2026264/1048494.png?im=Scale,width=0.6,height=0.6",Aoife,Healy,CD_T7886,FRE,Fremantle,Freo,2,74.30000000000001,0,0,0,0,2,0,0,1,10,0,0,7,16,63,9,3,1,1,0,0,0,0,8,9,0,0,1,0,10,0,0,7,5,0,0,134,2,8,0,0,2,0,1,0,0,1,2,3,0,2,17,4,7,2026-08-23,data//AFLW_2026-08-23.csv,NA,NA,0.5882352941176471,0.5625,6,0.42857142857142855,0.6666666666666666,NA,NA,0.7777777777777778,0.375,NA,0,0,0,CD_M20262640204,2,2026-08-23,Collingwood,CD_R202626402
CD_I1048496,18,MIDFIELDER,"https://s.afl.com.au/staticfile/AFL Tenant/AFL/Players/ChampIDImages/AFLW/2026264/1048496.png?im=Scale,width=0.6,height=0.6",Saoirse,Lally,CD_T8796,STK,St Kilda,St Kilda,1,72.7,0,0,0,0,3,0,0,0,3,0,0,2,2,3,2,0,0,3,0,0,0,0,2,2,0,0,0,0,1,0,0,0,0,0,0,-1,0,8,0,0,0,0,0,0,0,0,1,2,1,1,3,1,0,2026-08-23,data//AFLW_2026-08-23.csv,NA,NA,1,1,2,NA,1,NA,NA,0,0.25,NA,0,0,0,CD_M20262640201,2,2026-08-22,Geelong Cats,CD_R202626402
CD_I296154,25,MIDFIELDER,"https://s.afl.com.au/staticfile/AFL Tenant/AFL/Players/ChampIDImages/AFLW/2026264/296154.png?im=Scale,width=0.6,height=0.6",Jasmine,Garner,CD_T8466,NMFC,North Melbourne,Kangaroos,2,78.3,1,0,11,3,7,0,0,0,12,0,0,7,31,115,17,9,1,0,1,50,0,1,10,9,0,0,7,0,4,0,0,22,1,0,0,510,1,15,0,0,2,0,4,0,3,0,0,5,3,3,30,10,18,2026-08-23,data//AFLW_2026-08-23.csv,NA,NA,0.4,0.5483870967741935,8,0.4090909090909091,0.8888888888888888,NA,NA,2.4444444444444446,0.3333333333333333,NA,0,0.7333333333333333,0,CD_M20262640203,2,2026-08-22,Brisbane Lions,CD_R202626402
CD_I296158,35,MEDIUM_DEFENDER,"https://s.afl.com.au/staticfile/AFL Tenant/AFL/Players/ChampIDImages/AFLW/2026264/296158.png?im=Scale,width=0.6,height=0.6",Bianca,Jakobsson,CD_T8796,STK,St Kilda,St Kilda,2,74.6,0,0,0,0,2,1,4,0,3,0,0,8,6,20,3,0,0,2,0,0,0,0,3,4,0,0,1,0,2,0,0,2,0,0,0,74,3,8,0,0,1,0,0,0,0,3,0,3,0,0,6,2,3,2026-08-23,data//AFLW_2026-08-23.csv,0.25,NA,0.5,0.5,3,0,0.75,NA,NA,0.5,0.375,NA,0,0,0,CD_M20262640201,2,2026-08-22,Geelong Cats,CD_R202626402
CD_I997649,10,MIDFIELDER_FORWARD,"https://s.afl.com.au/staticfile/AFL Tenant/AFL/Players/ChampIDImages/AFLW/2026264/997649.png?im=Scale,width=0.6,height=0.6",Kaitlyn,Ashmore,CD_T9407,HAW,Hawthorn,Hawks,2,66.4,1,0,9,1,2,0,1,0,4,1,0,5,17,72,6,3,0,0,0,50,0,0,4,5,0,0,2,0,4,0,0,12,3,0,0,261,0,12,0,0,0,0,2,0,1,0,1,4,2,2,13,5,9,2026-08-23,data//AFLW_2026-08-23.csv,0,0,0.3076923076923077,0.35294117647058826,3,0.25,0.6,NA,NA,2.4,0.3333333333333333,NA,0,0.47368421052631576,0,CD_M20262640207,2,2026-08-23,Port Adelaide,CD_R202626402
CD_I997663,3,MEDIUM_DEFENDER,"https://s.afl.com.au/staticfile/AFL Tenant/AFL/Players/ChampIDImages/AFLW/2026264/997663.png?im=Scale,width=0.6,height=0.6",Darcy,Vescio,CD_T8096,CARL,Carlton,Blues,2,75.8,1,0,0,0,1,0,0,2,7,0,0,2,11,49,9,6,3,0,1,50,0,1,3,4,0,0,0,0,0,0,0,7,4,1,1,194,2,7,0,0,0,0,4,0,2,1,0,0,0,0,12,2,5,2026-08-23,data//AFLW_2026-08-23.csv,NA,NA,0.5833333333333334,0.8181818181818182,3,0.8571428571428571,0.75,NA,NA,1.75,0,NA,0,0,0,CD_M20262640205,2,2026-08-23,Adelaide Crows,CD_R202626402
CD_I997686,35,MIDFIELDER_FORWARD,"https://s.afl.com.au/staticfile/AFL Tenant/AFL/Players/ChampIDImages/AFLW/2026264/997686.png?im=Scale,width=0.6,height=0.6",Kirsty,Lamb,CD_T9409,PORT,Port Adelaide,Power,2,71.99999999999999,0,0,0,0,2,0,0,0,4,1,0,11,9,39,5,2,2,0,1,0,1,0,3,5,0,0,1,0,1,0,0,4,0,0,0,20,0,13,0,0,0,7,3,0,1,0,1,4,0,1,9,2,5,2026-08-23,data//AFLW_2026-08-23.csv,NA,0,0.4444444444444444,0.5555555555555556,3,0.5,0.6,0,0,0.8,0.3076923076923077,NA,0.09722222222222222,0,0,CD_M20262640207,2,2026-08-23,Hawthorn,CD_R202626402
CD_I997700,11,MEDIUM_DEFENDER,"https://s.afl.com.au/staticfile/AFL Tenant/AFL/Players/ChampIDImages/AFLW/2026264/997700.png?im=Scale,width=0.6,height=0.6",Eliza,Shannon,CD_T8466,NMFC,North Melbourne,Kangaroos,2,73,0,0,0,0,4,0,0,2,6,0,0,5,8,28,6,3,0,2,0,0,0,0,2,3,0,0,0,0,6,0,0,5,3,0,0,53,3,5,0,0,1,0,0,0,0,1,0,1,0,0,11,3,5,2026-08-23,data//AFLW_2026-08-23.csv,NA,NA,0.5454545454545454,0.75,3,0.6,1,NA,NA,1.6666666666666667,0.2,NA,0,0,0,CD_M20262640203,2,2026-08-22,Brisbane Lions,CD_R202626402
CD_I997708,14,MIDFIELDER,"https://s.afl.com.au/staticfile/AFL Tenant/AFL/Players/ChampIDImages/AFLW/2026264/997708.png?im=Scale,width=0.6,height=0.6",Lily,Mithen,CD_T8786,GCFC,Gold Coast SUNS,SUNS,2,58.10000000000001,0,0,0,0,0,1,1,0,5,0,0,3,14,70,10,6,0,0,1,0,0,0,2,4,0,0,2,0,5,0,0,10,5,1,0,200,1,8,0,0,2,0,2,0,0,0,1,4,0,1,16,1,11,2026-08-23,data//AFLW_2026-08-23.csv,1,NA,0.3125,0.7142857142857143,4,0.6,1,NA,NA,2.5,0.5,NA,0,0,0,CD_M20262640208,2,2026-08-22,West Coast Eagles,CD_R202626402
CD_I997709,3,MIDFIELDER,"https://s.afl.com.au/staticfile/AFL Tenant/AFL/Players/ChampIDImages/AFLW/2026264/997709.png?im=Scale,width=0.6,height=0.6",Amy,McDonald,CD_T8467,GEEL,Geelong Cats,Cats,2,30.099999999999994,0,0,7,4,0,0,0,0,5,0,0,0,14,52,11,7,0,0,0,100,2,1,3,5,0,0,3,0,1,0,0,9,3,0,0,264,0,2,0,0,0,0,4,0,1,0,0,0,0,4,14,1,9,2026-08-23,data//AFLW_2026-08-23.csv,NA,NA,0.35714285714285715,0.7857142857142857,4,0.7777777777777778,0.8,NA,NA,1.8,0,NA,0,0.35,0,CD_M20262640201,2,2026-08-22,St Kilda,CD_R202626402
CD_I997725,12,KEY_DEFENDER,"https://s.afl.com.au/staticfile/AFL Tenant/AFL/Players/ChampIDImages/AFLW/2026264/997725.png?im=Scale,width=0.6,height=0.6",Isabel,Huntington,CD_T7889,GWS,GWS GIANTS,GIANTS,2,42.6,0,0,0,0,0,0,0,1,2,0,0,5,5,30,5,3,0,0,0,0,0,0,1,2,0,0,0,0,4,0,0,3,3,0,0,6,0,7,0,0,0,0,0,0,0,0,0,2,0,0,5,0,3,2026-08-23,data//AFLW_2026-08-23.csv,NA,NA,0.4,1,2,1,1,NA,NA,1.5,0.2857142857142857,NA,0,0,0,CD_M20262640206,2,2026-08-23,Melbourne,CD_R202626402
CD_I997728,7,MIDFIELDER,"https://s.afl.com.au/staticfile/AFL Tenant/AFL/Players/ChampIDImages/AFLW/2026264/997728.png?im=Scale,width=0.6,height=0.6",Deanna,Berry,CD_T7387,WB,Western Bulldogs,Bulldogs,2,4.5,0,0,0,0,0,0,0,0,0,0,0,0,2,17,2,2,0,0,0,0,0,0,0,0,0,0,1,0,0,0,0,2,1,0,1,63,0,2,0,0,0,0,0,0,0,0,0,2,2,0,2,1,2,2026-08-23,data//AFLW_2026-08-23.csv,NA,NA,0,1,0,1,NA,NA,NA,Inf,1,NA,0,0,0,CD_M20262640202,2,2026-08-22,Richmond,CD_R202626402
CD_I997729,8,MIDFIELDER,"https://s.afl.com.au/staticfile/AFL Tenant/AFL/Players/ChampIDImages/AFLW/2026264/997729.png?im=Scale,width=0.6,height=0.6",Brittany,Bonnici,CD_T8097,COLL,Collingwood,Magpies,2,84.00000000000001,0,0,13,1,4,0,0,0,6,0,0,12,13,51,9,4,0,2,2,0,0,0,3,6,0,0,1,0,4,0,0,7,2,0,0,198,1,19,0,0,1,0,0,0,0,0,1,4,0,2,14,3,8,2026-08-23,data//AFLW_2026-08-23.csv,NA,NA,0.42857142857142855,0.6923076923076923,5,0.5714285714285714,0.8333333333333334,NA,NA,1.1666666666666667,0.21052631578947367,NA,0,0.8125,0,CD_M20262640204,2,2026-08-23,Fremantle,CD_R202626402
CD_I997736,6,MEDIUM_DEFENDER,"https://s.afl.com.au/staticfile/AFL Tenant/AFL/Players/ChampIDImages/AFLW/2026264/997736.png?im=Scale,width=0.6,height=0.6",Jordyn,Allen,CD_T8097,COLL,Collingwood,Magpies,1,69.2,0,1,0,0,1,0,1,1,6,0,0,4,15,57,12,5,0,0,0,0,0,0,4,7,0,0,0,0,7,0,0,8,5,0,0,204,2,5,0,0,5,0,2,0,0,0,0,1,0,0,16,2,10,2026-08-23,data//AFLW_2026-08-23.csv,0,NA,0.375,0.8,7,0.625,1,NA,NA,1.1428571428571428,0.2,NA,0,0,0,CD_M20262640204,2,2026-08-23,Fremantle,CD_R202626402
CD_I997745,2,MIDFIELDER_FORWARD,"https://s.afl.com.au/staticfile/AFL Tenant/AFL/Players/ChampIDImages/AFLW/2026264/997745.png?im=Scale,width=0.6,height=0.6",Georgia,Gee,CD_T9406,ESS,Essendon,Bombers,2,62.19999999999999,0,0,0,0,1,0,0,0,5,0,0,8,12,51,8,3,1,1,0,0,0,0,4,7,0,0,1,0,4,0,0,5,3,0,0,148,2,16,0,0,2,0,2,0,0,1,1,4,0,1,13,2,8,2026-08-23,data//AFLW_2026-08-23.csv,NA,NA,0.38461538461538464,0.6666666666666666,5,0.6,0.7142857142857143,NA,NA,0.7142857142857143,0.25,NA,0,0,0,CD_M20262640209,2,2026-08-23,Sydney Swans,CD_R202626402
CD_I998029,2,MEDIUM_FORWARD,"https://s.afl.com.au/staticfile/AFL Tenant/AFL/Players/ChampIDImages/AFLW/2026264/998029.png?im=Scale,width=0.6,height=0.6",Alicia,Eva,CD_T7889,GWS,GWS GIANTS,GIANTS,2,100,0,0,0,0,1,0,0,0,4,1,0,10,14,63,6,4,2,0,1,33.3,0,1,3,4,0,0,3,0,4,0,0,10,2,0,1,205,0,21,0,0,1,0,3,0,2,0,0,3,2,0,13,3,9,2026-08-23,data//AFLW_2026-08-23.csv,NA,0,0.3076923076923077,0.42857142857142855,2,0.4,0.5,NA,NA,2.5,0.14285714285714285,NA,0,0,0,CD_M20262640206,2,2026-08-23,Melbourne,CD_R202626402
CD_I998030,2,MIDFIELDER,"https://s.afl.com.au/staticfile/AFL Tenant/AFL/Players/ChampIDImages/AFLW/2026264/998030.png?im=Scale,width=0.6,height=0.6",Kiara,Bowers,CD_T7886,FRE,Fremantle,Freo,2,78.60000000000001,1,0,13,1,3,0,0,0,13,0,0,3,26,121,20,11,0,2,5,0,1,0,6,9,0,0,4,0,4,0,0,17,8,0,2,314,0,13,0,0,1,0,5,0,1,0,2,7,0,3,27,2,14,2026-08-23,data//AFLW_2026-08-23.csv,NA,NA,0.48148148148148145,0.7692307692307693,9,0.6470588235294118,1,NA,NA,1.8888888888888888,0.5384615384615384,NA,0,0.8125,0,CD_M20262640204,2,2026-08-23,Collingwood,CD_R202626402
CD_I998032,13,MEDIUM_DEFENDER,"https://s.afl.com.au/staticfile/AFL Tenant/AFL/Players/ChampIDImages/AFLW/2026264/998032.png?im=Scale,width=0.6,height=0.6",Emma,Swanson,CD_T8787,WCE,West Coast Eagles,Eagles,2,78,0,0,0,0,3,0,0,1,9,0,0,9,26,122,18,14,0,0,4,0,0,0,3,5,0,0,2,0,7,4,4,21,7,0,0,471,1,12,0,0,9,0,2,0,0,0,2,6,0,2,22,7,13,2026-08-23,data//AFLW_2026-08-23.csv,NA,NA,0.4090909090909091,0.6923076923076923,4,0.6666666666666666,0.8,NA,NA,4.2,0.5,1,0,0,0.4444444444444444,CD_M20262640208,2,2026-08-22,Gold Coast SUNS,CD_R202626402
CD_I998039,7,KEY_FORWARD,"https://s.afl.com.au/staticfile/AFL Tenant/AFL/Players/ChampIDImages/AFLW/2026264/998039.png?im=Scale,width=0.6,height=0.6",Tayla,Harris,CD_T7386,MELB,Melbourne,Demons,2,79.00000000000001,0,0,3,0,2,0,0,2,9,0,0,3,10,62,5,2,1,1,1,0,0,0,5,5,10,2,1,0,3,0,0,5,3,0,0,128,2,9,0,0,1,22,2,0,0,1,3,5,2,3,11,4,2,2026-08-23,data//AFLW_2026-08-23.csv,NA,NA,0.8181818181818182,0.5,3,0.4,0.6,0.45454545454545453,0.09090909090909091,1,0.5555555555555556,NA,0.36666666666666664,0.21428571428571427,0,CD_M20262640206,2,2026-08-23,GWS GIANTS,CD_R202626402
CD_I998040,19,MIDFIELDER,"https://s.afl.com.au/staticfile/AFL Tenant/AFL/Players/ChampIDImages/AFLW/2026264/998040.png?im=Scale,width=0.6,height=0.6",Hayley,Miller,CD_T7886,FRE,Fremantle,Freo,2,64.50000000000001,1,0,1,0,4,0,0,0,6,0,0,1,14,72,7,4,1,0,2,25,0,0,4,4,0,0,3,0,2,0,0,10,5,0,4,218,0,11,0,0,0,0,1,0,3,0,0,4,2,0,14,5,8,2026-08-23,data//AFLW_2026-08-23.csv,NA,NA,0.42857142857142855,0.5,3,0.4,0.75,NA,NA,2.5,0.36363636363636365,NA,0,0.0625,0,CD_M20262640204,2,2026-08-23,Collingwood,CD_R202626402
CD_I998041,2,MEDIUM_FORWARD,"https://s.afl.com.au/staticfile/AFL Tenant/AFL/Players/ChampIDImages/AFLW/2026264/998041.png?im=Scale,width=0.6,height=0.6",Kellie,Gibson,CD_T8787,WCE,West Coast Eagles,Eagles,2,90.99999999999999,1,0,0,0,4,0,0,0,5,0,0,7,14,47,9,4,2,3,0,25,0,0,4,5,0,0,1,0,1,0,0,9,2,0,1,145,1,15,0,0,0,0,2,0,1,0,1,3,0,1,14,2,9,2026-08-23,data//AFLW_2026-08-23.csv,NA,NA,0.35714285714285715,0.6428571428571429,5,0.4444444444444444,1,NA,NA,1.8,0.2,NA,0,0,0,CD_M20262640208,2,2026-08-22,Gold Coast SUNS,CD_R202626402
CD_I998149,4,MEDIUM_DEFENDER,"https://s.afl.com.au/staticfile/AFL Tenant/AFL/Players/ChampIDImages/AFLW/2026264/998149.png?im=Scale,width=0.6,height=0.6",Paxy,Paxman,CD_T7386,MELB,Melbourne,Demons,2,47.3,0,0,0,0,1,0,0,0,3,0,0,3,6,20,6,2,0,1,2,0,0,0,1,4,0,0,0,0,2,0,0,2,1,1,0,55,2,8,0,0,1,0,2,0,0,2,1,1,0,1,7,1,4,2026-08-23,data//AFLW_2026-08-23.csv,NA,NA,0.42857142857142855,1,4,1,1,NA,NA,0.5,0.125,NA,0,0,0,CD_M20262640206,2,2026-08-23,GWS GIANTS,CD_R202626402
CD_I998150,9,MEDIUM_DEFENDER,"https://s.afl.com.au/staticfile/AFL Tenant/AFL/Players/ChampIDImages/AFLW/2026264/998150.png?im=Scale,width=0.6,height=0.6",Emma,Kearney,CD_T8466,NMFC,North Melbourne,Kangaroos,1,62.8,0,0,0,0,1,0,1,1,7,0,0,13,15,60,12,6,0,0,1,0,0,0,3,7,0,0,2,0,6,0,0,8,3,0,0,157,1,14,0,0,2,0,2,0,0,0,2,3,0,2,16,2,9,2026-08-23,data//AFLW_2026-08-23.csv,0,NA,0.4375,0.8,6,0.75,0.8571428571428571,NA,NA,1.1428571428571428,0.21428571428571427,NA,0,0,0,CD_M20262640203,2,2026-08-22,Brisbane Lions,CD_R202626402
CD_I998155,1,MIDFIELDER,"https://s.afl.com.au/staticfile/AFL Tenant/AFL/Players/ChampIDImages/AFLW/2026264/998155.png?im=Scale,width=0.6,height=0.6",Emily,Bates,CD_T9407,HAW,Hawthorn,Hawks,2,75,0,0,10,1,3,0,0,0,9,0,0,9,19,82,16,1,1,2,0,0,0,0,8,17,0,0,2,0,3,0,0,2,0,0,0,107,0,18,0,0,2,0,3,0,0,0,2,12,1,3,19,1,10,2026-08-23,data//AFLW_2026-08-23.csv,NA,NA,0.47368421052631576,0.8421052631578947,15,0.5,0.8823529411764706,NA,NA,0.11764705882352941,0.6666666666666666,NA,0,0.5263157894736842,0,CD_M20262640207,2,2026-08-23,Port Adelaide,CD_R202626402
CD_I998157,3,MEDIUM_FORWARD,"https://s.afl.com.au/staticfile/AFL Tenant/AFL/Players/ChampIDImages/AFLW/2026264/998157.png?im=Scale,width=0.6,height=0.6",Katie,Brennan,CD_T8788,RICH,Richmond,Richmond,2,79.89999999999999,0,0,0,0,3,0,0,0,6,0,0,9,10,33,3,2,1,1,2,33.3,0,0,2,3,0,0,3,0,2,0,0,7,1,1,0,225,0,14,0,0,1,0,3,0,1,0,3,1,1,3,10,3,4,2026-08-23,data//AFLW_2026-08-23.csv,NA,NA,0.6,0.3,1,0.2857142857142857,0.3333333333333333,NA,NA,2.3333333333333335,0.07142857142857142,NA,0,0,0,CD_M20262640202,2,2026-08-22,Western Bulldogs,CD_R202626402
