playerId,jumperNumber,playerPosition,photoURL,playerName.givenName,playerName.surname,team.teamId,team.teamAbbr,team.teamName,team.teamNickname,matchesPlayed,timeOnGroundPercentage,behinds,bounces,centreBounceAttendances,centreClearances,clangers,contestDefLosses,contestDefOneOnOnes,contestedMarks,contestedPossessions,contestOffOneOnOnes,contestOffWins,defHalfPressureActs,disposals,dreamTeamPoints,effectiveDisposals,effectiveKicks,f50GroundBallGets,freesAgainst,freesFor,goalAccuracy,goalAssists,goals,groundBallGets,handballs,hitouts,hitoutsToAdvantage,inside50s,interceptMarks,intercepts,kickins,kickinsPlayon,kicks,marks,marksInside50,marksOnLead,metresGained,onePercenters,pressureActs,ranking,ratingPoints,rebound50s,ruckContests,scoreInvolvements,scoreLaunches,shotsAtGoal,spoils,stoppageClearances,tackles,tacklesInside50,totalClearances,totalPossessions,turnovers,uncontestedPossessions,datePulled,filename,contestDefLossPercentage,contestOffWinsPercentage,contestedPossessionRate,disposalEfficiency,effectiveHandballs,kickEfficiency,handballEfficiency,hitoutWinPercentage,contestsToHTARate,kickToHandballRatio,effectiveTacklePerPressureAct,kickinPlayonRate,ruckContestShare,cbaAttendanceRate,kickInShare,matchId,round,date,opponent,roundId
CD_I1001686,60,RUCK,"https://s.afl.com.au/staticfile/AFL Tenant/AFL/Players/ChampIDImages/AFLW/2026264/1001686.png?im=Scale,width=0.6,height=0.6",Emma,King,CD_T8466,NMFC,North Melbourne,Kangaroos,2,64.70000000000002,0,0,0,0,2,0,0,1,2,4,1,1,4,34,3,3,1,1,0,50,0,1,1,1,7,3,2,0,1,0,0,3,3,1,0,88,1,3,0,0,0,9,1,0,1,1,0,1,0,0,4,3,2,2026-08-30,data//AFLW_2026-08-30.csv,NA,0.25,0.5,0.75,0,1,0,0.7777777777777778,0.3333333333333333,3,0.3333333333333333,NA,0.1323529411764706,0,0,CD_M20262640301,3,2026-08-29,Western Bulldogs,CD_R202626403
CD_I1003018,35,MEDIUM_FORWARD,"https://s.afl.com.au/staticfile/AFL Tenant/AFL/Players/ChampIDImages/AFLW/2026264/1003018.png?im=Scale,width=0.6,height=0.6",Jenna,Bruton,CD_T8466,NMFC,North Melbourne,Kangaroos,3,64.00000000000003,0,0,0,0,4,0,0,0,7,1,0,2,14,49,11,8,1,1,3,0,0,0,5,4,0,0,4,0,3,0,0,10,1,0,0,279,0,4,0,0,0,0,5,0,0,0,3,2,1,3,14,4,7,2026-08-30,data//AFLW_2026-08-30.csv,NA,0,0.5,0.7857142857142857,3,0.8,0.75,NA,NA,2.5,0.5,NA,0,0,0,CD_M20262640301,3,2026-08-29,Western Bulldogs,CD_R202626403
CD_I1003019,1,KEY_FORWARD,"https://s.afl.com.au/staticfile/AFL Tenant/AFL/Players/ChampIDImages/AFLW/2026264/1003019.png?im=Scale,width=0.6,height=0.6",Sabrina,Frederick,CD_T8097,COLL,Collingwood,Magpies,2,35.800000000000004,0,0,3,0,2,0,0,1,3,1,1,1,4,26,2,1,0,0,2,0,0,0,0,1,10,4,0,0,1,0,0,3,1,0,0,32,2,5,0,0,0,19,0,0,0,2,0,0,0,0,4,1,1,2026-08-30,data//AFLW_2026-08-30.csv,NA,1,0.75,0.5,1,0.3333333333333333,1,0.5263157894736842,0.21052631578947367,3,0,NA,0.3220338983050847,0.19672131147540983,0,CD_M20262640307,3,2026-08-30,Hawthorn,CD_R202626403
CD_I1003020,3,MIDFIELDER,"https://s.afl.com.au/staticfile/AFL Tenant/AFL/Players/ChampIDImages/AFLW/2026264/1003020.png?im=Scale,width=0.6,height=0.6",Brianna,Davey,CD_T8097,COLL,Collingwood,Magpies,2,55.99999999999999,0,0,8,1,3,0,0,0,3,0,0,11,7,32,5,2,0,2,2,0,1,0,0,4,0,0,1,0,1,0,0,3,1,0,0,110,0,16,0,0,0,0,2,0,0,0,0,4,0,1,6,1,3,2026-08-30,data//AFLW_2026-08-30.csv,NA,NA,0.5,0.7142857142857143,3,0.6666666666666666,0.75,NA,NA,0.75,0.25,NA,0,0.5245901639344263,0,CD_M20262640307,3,2026-08-30,Hawthorn,CD_R202626403
CD_I1003023,16,MEDIUM_FORWARD,"https://s.afl.com.au/staticfile/AFL Tenant/AFL/Players/ChampIDImages/AFLW/2026264/1003023.png?im=Scale,width=0.6,height=0.6",Tahlia,Randall,CD_T8466,NMFC,North Melbourne,Kangaroos,3,81.10000000000002,0,0,0,0,3,0,0,1,7,1,1,2,13,73,7,5,2,0,1,42.9,3,1,3,4,2,0,2,0,1,0,0,9,7,3,0,199,0,6,0,0,0,8,6,0,3,0,0,2,1,0,13,2,6,2026-08-30,data//AFLW_2026-08-30.csv,NA,1,0.5384615384615384,0.5384615384615384,2,0.5555555555555556,0.5,0.25,0,2.25,0.3333333333333333,NA,0.11764705882352941,0,0,CD_M20262640301,3,2026-08-29,Western Bulldogs,CD_R202626403
CD_I1004415,9,MEDIUM_DEFENDER,"https://s.afl.com.au/staticfile/AFL Tenant/AFL/Players/ChampIDImages/AFLW/2026264/1004415.png?im=Scale,width=0.6,height=0.6",Jaimee,Lambert,CD_T8796,EUR,St Kilda,St Kilda,3,77.69999999999999,0,0,0,0,6,0,1,0,6,0,0,9,13,47,7,4,0,1,2,0,0,0,4,4,0,0,2,0,6,1,1,9,3,0,0,157,0,12,0,0,2,0,3,0,0,0,2,1,0,2,13,6,7,2026-08-30,data//AFLW_2026-08-30.csv,0,NA,0.46153846153846156,0.5384615384615384,3,0.4444444444444444,0.75,NA,NA,2.25,0.08333333333333333,1,0,0,0.125,CD_M20262640303,3,2026-08-29,Sydney Swans,CD_R202626403
CD_I1005258,2,MEDIUM_DEFENDER,"https://s.afl.com.au/staticfile/AFL Tenant/AFL/Players/ChampIDImages/AFLW/2026264/1005258.png?im=Scale,width=0.6,height=0.6",Eloise,Jones,CD_T8098,KUW,Adelaide Crows,Crows,3,83.09999999999997,0,0,0,0,1,0,0,0,3,0,0,10,11,55,9,5,0,0,1,0,0,0,2,4,0,0,0,0,4,1,1,7,3,0,0,178,4,12,0,0,4,0,0,0,0,4,0,4,0,0,10,2,7,2026-08-30,data//AFLW_2026-08-30.csv,NA,NA,0.3,0.8181818181818182,4,0.7142857142857143,1,NA,NA,1.75,0.3333333333333333,1,0,0,0.14285714285714285,CD_M20262640302,3,2026-08-29,West Coast Eagles,CD_R202626403
CD_I1005264,8,MIDFIELDER,"https://s.afl.com.au/staticfile/AFL Tenant/AFL/Players/ChampIDImages/AFLW/2026264/1005264.png?im=Scale,width=0.6,height=0.6",Ashleigh,Woodland,CD_T9409,YAR,Port Adelaide,Power,3,98.00000000000003,0,0,16,2,4,0,0,0,10,0,0,3,19,77,8,4,1,1,2,50,1,1,7,7,0,0,4,0,2,0,0,12,2,0,0,283,2,12,0,0,2,0,5,0,2,1,1,4,3,3,19,5,9,2026-08-30,data//AFLW_2026-08-30.csv,NA,NA,0.5263157894736842,0.42105263157894735,4,0.3333333333333333,0.5714285714285714,NA,NA,1.7142857142857142,0.3333333333333333,NA,0,0.8421052631578947,NA,CD_M20262640304,3,2026-08-30,GWS GIANTS,CD_R202626403
CD_I1005269,34,MIDFIELDER,"https://s.afl.com.au/staticfile/AFL Tenant/AFL/Players/ChampIDImages/AFLW/2026264/1005269.png?im=Scale,width=0.6,height=0.6",Anne,Hatchard,CD_T8786,GCFC,Gold Coast SUNS,SUNS,3,83.50000000000003,3,0,17,1,4,0,0,1,11,0,0,4,28,118,16,4,1,0,1,0,1,0,9,16,0,0,7,0,6,0,0,12,6,1,1,469,0,17,0,0,1,0,11,0,3,0,0,7,2,1,28,3,17,2026-08-30,data//AFLW_2026-08-30.csv,NA,NA,0.39285714285714285,0.5714285714285714,12,0.3333333333333333,0.75,NA,NA,0.75,0.4117647058823529,NA,0,0.8095238095238095,0,CD_M20262640306,3,2026-08-30,Geelong Cats,CD_R202626403
CD_I1005279,10,MIDFIELDER,"https://s.afl.com.au/staticfile/AFL Tenant/AFL/Players/ChampIDImages/AFLW/2026264/1005279.png?im=Scale,width=0.6,height=0.6",Ebony,Marinoff,CD_T8098,KUW,Adelaide Crows,Crows,3,81.5,0,0,14,2,4,0,0,0,15,0,0,11,26,149,13,7,3,1,3,100,0,1,12,7,0,0,6,0,5,0,0,19,4,0,1,563,0,28,0,0,4,1,7,0,1,0,3,15,0,5,26,5,11,2026-08-30,data//AFLW_2026-08-30.csv,NA,NA,0.5769230769230769,0.5,6,0.3684210526315789,0.8571428571428571,0,0,2.7142857142857144,0.5357142857142857,NA,0.017241379310344827,0.7777777777777778,0,CD_M20262640302,3,2026-08-29,West Coast Eagles,CD_R202626403
CD_I1005285,39,KEY_DEFENDER,"https://s.afl.com.au/staticfile/AFL Tenant/AFL/Players/ChampIDImages/AFLW/2026264/1005285.png?im=Scale,width=0.6,height=0.6",Sarah,Allan,CD_T8098,KUW,Adelaide Crows,Crows,3,86,0,0,0,0,0,1,2,0,3,0,0,7,11,45,9,7,0,0,0,0,1,0,2,3,0,0,1,0,3,4,4,8,1,0,0,262,4,8,0,0,6,0,1,0,0,2,0,3,0,0,7,2,4,2026-08-30,data//AFLW_2026-08-30.csv,0.5,NA,0.42857142857142855,0.8181818181818182,2,0.875,0.6666666666666666,NA,NA,2.6666666666666665,0.375,1,0,0,0.5714285714285714,CD_M20262640302,3,2026-08-29,West Coast Eagles,CD_R202626403
CD_I1005453,6,MIDFIELDER,"https://s.afl.com.au/staticfile/AFL Tenant/AFL/Players/ChampIDImages/AFLW/2026264/1005453.png?im=Scale,width=0.6,height=0.6",Rebecca,Beeson,CD_T7889,GWS,GWS GIANTS,GIANTS,3,84.90000000000003,0,0,18,2,4,0,0,0,9,0,0,7,15,60,9,0,0,2,0,75,0,0,7,10,0,0,1,0,0,0,0,5,1,1,0,209,0,13,0,0,1,0,2,0,0,0,3,7,0,5,15,4,6,2026-08-30,data//AFLW_2026-08-30.csv,NA,NA,0.6,0.6,9,0,0.9,NA,NA,0.5,0.5384615384615384,NA,0,0.9473684210526315,0,CD_M20262640304,3,2026-08-30,Port Adelaide,CD_R202626403
CD_I1005661,3,MEDIUM_DEFENDER,"https://s.afl.com.au/staticfile/AFL Tenant/AFL/Players/ChampIDImages/AFLW/2026264/1005661.png?im=Scale,width=0.6,height=0.6",Breanna,Koenen,CD_T7887,BL,Brisbane Lions,Lions,3,89.79999999999998,0,0,4,1,1,0,2,1,4,0,0,9,9,45,6,4,0,0,0,0,0,0,1,2,0,0,1,0,5,0,0,7,4,1,0,142,6,12,0,0,1,0,1,0,1,4,0,2,0,1,11,3,7,2026-08-30,data//AFLW_2026-08-30.csv,0,NA,0.36363636363636365,0.6666666666666666,2,0.5714285714285714,1,NA,NA,3.5,0.16666666666666666,NA,0,0.18181818181818182,0,CD_M20262640305,3,2026-08-30,Melbourne,CD_R202626403
CD_I1005863,15,RUCK,"https://s.afl.com.au/staticfile/AFL Tenant/AFL/Players/ChampIDImages/AFLW/2026264/1005863.png?im=Scale,width=0.6,height=0.6",Lauren,Pearce,CD_T7386,NAR,Melbourne,Demons,1,24.8,0,0,5,0,0,0,0,0,3,0,0,2,5,27,5,0,1,0,0,0,0,0,3,5,3,2,0,0,2,0,0,0,2,0,0,-5,1,3,0,0,0,12,2,0,0,0,0,2,0,0,5,1,2,2026-08-30,data//AFLW_2026-08-30.csv,NA,NA,0.6,1,5,NA,1,0.25,0.16666666666666666,0,0.6666666666666666,NA,0.19047619047619047,0.22727272727272727,0,CD_M20262640305,3,2026-08-30,Brisbane Lions,CD_R202626403
CD_I1005955,1,MEDIUM_FORWARD,"https://s.afl.com.au/staticfile/AFL Tenant/AFL/Players/ChampIDImages/AFLW/2026264/1005955.png?im=Scale,width=0.6,height=0.6",Justine,Mules-Robinson,CD_T9409,YAR,Port Adelaide,Power,3,74.19999999999999,0,0,0,0,0,0,0,0,2,0,0,1,4,16,3,1,1,0,0,0,0,0,2,3,0,0,0,0,0,0,0,1,1,0,1,16,1,10,0,0,0,0,2,0,0,1,0,1,0,0,4,1,2,2026-08-30,data//AFLW_2026-08-30.csv,NA,NA,0.5,0.75,2,1,0.6666666666666666,NA,NA,0.3333333333333333,0.1,NA,0,0,NA,CD_M20262640304,3,2026-08-30,GWS GIANTS,CD_R202626403
CD_I1006997,20,MIDFIELDER,"https://s.afl.com.au/staticfile/AFL Tenant/AFL/Players/ChampIDImages/AFLW/2026264/1006997.png?im=Scale,width=0.6,height=0.6",Stephanie,Cain,CD_T9406,ESS,Essendon,Bombers,3,73.4,0,0,0,0,3,0,2,0,3,0,0,6,15,63,9,6,1,0,1,0,0,0,2,5,0,0,1,0,2,1,1,10,2,0,0,334,2,6,0,0,6,0,0,0,0,2,1,4,0,1,12,2,9,2026-08-30,data//AFLW_2026-08-30.csv,0,NA,0.25,0.6,3,0.6,0.6,NA,NA,2,0.6666666666666666,1,0,0,0.125,CD_M20262640309,3,2026-08-30,Richmond,CD_R202626403
CD_I1007011,8,MEDIUM_DEFENDER,"https://s.afl.com.au/staticfile/AFL Tenant/AFL/Players/ChampIDImages/AFLW/2026264/1007011.png?im=Scale,width=0.6,height=0.6",Sarah,Lampard,CD_T7386,NAR,Melbourne,Demons,3,96.99999999999994,0,0,0,0,1,0,0,0,5,0,0,5,17,74,12,9,0,0,1,0,0,0,3,4,0,0,0,0,8,1,0,13,6,0,0,234,1,6,0,0,3,0,3,0,0,0,0,2,0,0,17,3,12,2026-08-30,data//AFLW_2026-08-30.csv,NA,NA,0.29411764705882354,0.7058823529411765,3,0.6923076923076923,0.75,NA,NA,3.25,0.3333333333333333,0,0,0,0.1111111111111111,CD_M20262640305,3,2026-08-30,Brisbane Lions,CD_R202626403
CD_I1007017,22,MIDFIELDER,"https://s.afl.com.au/staticfile/AFL Tenant/AFL/Players/ChampIDImages/AFLW/2026264/1007017.png?im=Scale,width=0.6,height=0.6",Tilly,Lucas-Rodd,CD_T7889,GWS,GWS GIANTS,GIANTS,3,98.80000000000001,0,0,0,1,3,0,0,0,8,0,0,8,20,62,14,6,0,1,1,0,0,0,6,10,0,0,1,0,3,4,3,10,2,0,0,181,0,8,0,0,6,0,1,0,0,0,1,2,0,2,17,4,9,2026-08-30,data//AFLW_2026-08-30.csv,NA,NA,0.47058823529411764,0.7,8,0.6,0.8,NA,NA,1,0.25,0.75,0,0,0.4,CD_M20262640304,3,2026-08-30,Port Adelaide,CD_R202626403
CD_I1007026,6,MEDIUM_DEFENDER,"https://s.afl.com.au/staticfile/AFL Tenant/AFL/Players/ChampIDImages/AFLW/2026264/1007026.png?im=Scale,width=0.6,height=0.6",Gabriella,Pound,CD_T8096,CARL,Carlton,Blues,3,53.70000000000002,0,0,0,0,2,0,1,0,0,0,0,7,7,28,6,5,0,1,0,0,0,0,0,1,0,0,0,0,0,4,4,6,1,0,0,174,2,11,0,0,2,0,0,0,0,2,0,2,0,0,3,2,3,2026-08-30,data//AFLW_2026-08-30.csv,0,NA,0,0.8571428571428571,1,0.8333333333333334,1,NA,NA,6,0.18181818181818182,1,0,0,0.6666666666666666,CD_M20262640308,3,2026-08-30,Fremantle,CD_R202626403
CD_I1007027,18,MEDIUM_FORWARD,"https://s.afl.com.au/staticfile/AFL Tenant/AFL/Players/ChampIDImages/AFLW/2026264/1007027.png?im=Scale,width=0.6,height=0.6",Ruby,Schleicher,CD_T8097,COLL,Collingwood,Magpies,3,96.19999999999996,1,0,0,1,3,0,1,0,3,1,1,0,10,52,6,4,1,1,0,66.7,0,1,2,2,0,0,2,0,0,0,0,8,4,3,1,227,4,7,0,0,0,4,7,0,2,3,1,2,2,2,11,3,8,2026-08-30,data//AFLW_2026-08-30.csv,0,1,0.2727272727272727,0.6,2,0.5,1,0,0,4,0.2857142857142857,NA,0.06779661016949153,0,0,CD_M20262640307,3,2026-08-30,Hawthorn,CD_R202626403
CD_I1007029,14,MEDIUM_DEFENDER,"https://s.afl.com.au/staticfile/AFL Tenant/AFL/Players/ChampIDImages/AFLW/2026264/1007029.png?im=Scale,width=0.6,height=0.6",Belinda,Smith,CD_T8787,WAA,West Coast Eagles,Eagles,3,80.40000000000003,0,1,0,0,1,1,1,0,4,0,0,5,11,43,8,3,0,1,1,0,0,0,3,5,0,0,0,0,7,0,0,6,3,0,0,80,1,5,0,0,0,0,2,0,0,0,0,2,0,0,10,2,6,2026-08-30,data//AFLW_2026-08-30.csv,1,NA,0.4,0.7272727272727273,5,0.5,1,NA,NA,1.2,0.4,NA,0,0,0,CD_M20262640302,3,2026-08-29,Adelaide Crows,CD_R202626403
CD_I1007130,20,MEDIUM_DEFENDER,"https://s.afl.com.au/staticfile/AFL Tenant/AFL/Players/ChampIDImages/AFLW/2026264/1007130.png?im=Scale,width=0.6,height=0.6",Shannon,Campbell,CD_T7887,BL,Brisbane Lions,Lions,3,87.90000000000003,0,1,0,0,3,1,5,2,5,0,0,15,12,54,7,6,0,0,2,0,0,0,2,1,0,0,1,0,5,2,1,11,3,0,0,229,2,15,0,0,3,0,1,0,0,2,0,2,0,0,11,5,6,2026-08-30,data//AFLW_2026-08-30.csv,0.2,NA,0.45454545454545453,0.5833333333333334,1,0.5454545454545454,1,NA,NA,11,0.13333333333333333,0.5,0,0,0.4,CD_M20262640305,3,2026-08-30,Melbourne,CD_R202626403
CD_I1007138,33,MEDIUM_DEFENDER,"https://s.afl.com.au/staticfile/AFL Tenant/AFL/Players/ChampIDImages/AFLW/2026264/1007138.png?im=Scale,width=0.6,height=0.6",Kate,Shierlaw,CD_T8466,NMFC,North Melbourne,Kangaroos,3,74.09999999999997,2,0,0,0,3,0,0,1,3,3,1,2,12,79,7,6,2,0,0,50,1,2,2,3,0,0,4,0,2,0,0,9,8,5,2,215,0,5,0,0,0,0,6,0,4,0,0,2,0,0,13,4,10,2026-08-30,data//AFLW_2026-08-30.csv,NA,0.3333333333333333,0.23076923076923078,0.5833333333333334,1,0.6666666666666666,0.3333333333333333,NA,NA,3,0.4,NA,0,0,0,CD_M20262640301,3,2026-08-29,Western Bulldogs,CD_R202626403
CD_I1007141,27,KEY_FORWARD,"https://s.afl.com.au/staticfile/AFL Tenant/AFL/Players/ChampIDImages/AFLW/2026264/1007141.png?im=Scale,width=0.6,height=0.6",Gemma,Houghton,CD_T9409,YAR,Port Adelaide,Power,3,71.59999999999997,1,0,0,0,2,0,0,0,0,5,0,0,1,1,0,0,0,2,0,14.3,0,0,0,0,0,0,0,0,0,0,0,1,1,1,0,24,1,8,0,0,0,0,1,0,1,1,0,0,0,0,1,1,1,2026-08-30,data//AFLW_2026-08-30.csv,NA,0,0,0,0,0,NA,NA,NA,Inf,0,NA,0,0,NA,CD_M20262640304,3,2026-08-30,GWS GIANTS,CD_R202626403
CD_I1007144,9,MEDIUM_FORWARD,"https://s.afl.com.au/staticfile/AFL Tenant/AFL/Players/ChampIDImages/AFLW/2026264/1007144.png?im=Scale,width=0.6,height=0.6",Gabby,O'Sullivan,CD_T7886,WAL,Fremantle,Dockers,3,69.69999999999999,0,0,0,0,4,0,0,0,4,1,0,1,16,73,13,8,2,2,0,60,0,2,4,7,0,0,1,0,1,0,0,9,6,1,3,167,1,11,0,0,1,0,4,0,2,1,1,2,2,1,16,6,12,2026-08-30,data//AFLW_2026-08-30.csv,NA,0,0.25,0.8125,5,0.8888888888888888,0.7142857142857143,NA,NA,1.2857142857142858,0.18181818181818182,NA,0,0,0,CD_M20262640308,3,2026-08-30,Carlton,CD_R202626403
CD_I1007152,21,KEY_DEFENDER,"https://s.afl.com.au/staticfile/AFL Tenant/AFL/Players/ChampIDImages/AFLW/2026264/1007152.png?im=Scale,width=0.6,height=0.6",Harriet,Cordner,CD_T8096,CARL,Carlton,Blues,3,97.89999999999998,0,0,0,0,5,0,0,0,7,0,0,7,10,32,6,4,0,2,0,0,0,0,6,6,0,0,0,0,6,0,0,4,2,0,0,57,5,8,0,0,1,0,1,0,0,3,0,2,0,0,11,3,4,2026-08-30,data//AFLW_2026-08-30.csv,NA,NA,0.6363636363636364,0.6,2,1,0.3333333333333333,NA,NA,0.6666666666666666,0.25,NA,0,0,0,CD_M20262640308,3,2026-08-30,Fremantle,CD_R202626403
CD_I1007157,2,KEY_DEFENDER,"https://s.afl.com.au/staticfile/AFL Tenant/AFL/Players/ChampIDImages/AFLW/2026264/1007157.png?im=Scale,width=0.6,height=0.6",Libby,Birch,CD_T8466,NMFC,North Melbourne,Kangaroos,3,100,0,0,0,0,2,0,1,0,2,0,0,4,17,69,13,9,0,0,0,0,0,0,2,5,0,0,0,0,5,1,1,12,5,0,0,206,2,4,0,0,3,0,3,0,0,2,0,2,0,0,15,4,13,2026-08-30,data//AFLW_2026-08-30.csv,0,NA,0.13333333333333333,0.7647058823529411,4,0.75,0.8,NA,NA,2.4,0.5,1,0,0,0.2,CD_M20262640301,3,2026-08-29,Western Bulldogs,CD_R202626403
CD_I1007313,32,RUCK,"https://s.afl.com.au/staticfile/AFL Tenant/AFL/Players/ChampIDImages/AFLW/2026264/1007313.png?im=Scale,width=0.6,height=0.6",Jess,Allan,CD_T8098,KUW,Adelaide Crows,Crows,3,71.6,0,0,15,0,1,0,0,0,3,1,0,3,5,52,4,2,0,1,0,0,0,0,2,2,23,6,2,0,1,0,0,3,1,0,0,130,3,9,0,0,1,39,3,0,0,2,2,4,0,2,6,1,3,2026-08-30,data//AFLW_2026-08-30.csv,NA,0,0.5,0.8,2,0.6666666666666666,1,0.5897435897435898,0.15384615384615385,1.5,0.4444444444444444,NA,0.6724137931034483,0.8333333333333334,0,CD_M20262640302,3,2026-08-29,West Coast Eagles,CD_R202626403
CD_I1007342,14,MEDIUM_FORWARD,"https://s.afl.com.au/staticfile/AFL Tenant/AFL/Players/ChampIDImages/AFLW/2026264/1007342.png?im=Scale,width=0.6,height=0.6",Chloe,Scheer,CD_T8467,GEEL,Geelong Cats,Cats,3,79.70000000000002,0,0,0,0,0,0,0,2,5,3,3,1,12,66,11,8,2,0,0,55.6,1,3,3,3,0,0,2,0,1,0,0,9,5,4,2,214,1,6,0,0,0,0,8,0,4,1,0,0,0,0,12,1,7,2026-08-30,data//AFLW_2026-08-30.csv,NA,1,0.4166666666666667,0.9166666666666666,3,0.8888888888888888,1,NA,NA,3,0,NA,0,0,0,CD_M20262640306,3,2026-08-30,Gold Coast SUNS,CD_R202626403
CD_I1007360,2,MEDIUM_DEFENDER,"https://s.afl.com.au/staticfile/AFL Tenant/AFL/Players/ChampIDImages/AFLW/2026264/1007360.png?im=Scale,width=0.6,height=0.6",Ebony,O'Dea,CD_T9409,YAR,Port Adelaide,Power,3,77.60000000000002,0,0,0,0,0,1,1,0,6,0,0,2,7,38,5,3,0,0,4,0,0,0,2,3,0,0,0,0,5,0,0,4,0,0,0,38,1,7,0,0,1,0,2,0,0,1,1,4,0,1,7,1,1,2026-08-30,data//AFLW_2026-08-30.csv,1,NA,0.8571428571428571,0.7142857142857143,2,0.75,0.6666666666666666,NA,NA,1.3333333333333333,0.5714285714285714,NA,0,0,NA,CD_M20262640304,3,2026-08-30,GWS GIANTS,CD_R202626403
CD_I1007523,40,MIDFIELDER,"https://s.afl.com.au/staticfile/AFL Tenant/AFL/Players/ChampIDImages/AFLW/2026264/1007523.png?im=Scale,width=0.6,height=0.6",Lisa,Steane,CD_T8787,WAA,West Coast Eagles,Eagles,1,41.6,0,1,0,0,0,0,0,0,0,0,0,2,5,20,5,4,0,0,0,0,0,0,0,1,0,0,0,0,0,0,0,4,2,0,0,108,0,4,0,0,0,0,2,0,0,0,0,0,0,0,5,0,5,2026-08-30,data//AFLW_2026-08-30.csv,NA,NA,0,1,1,1,1,NA,NA,4,0,NA,0,0,0,CD_M20262640302,3,2026-08-29,Adelaide Crows,CD_R202626403
CD_I1009764,35,KEY_FORWARD,"https://s.afl.com.au/staticfile/AFL Tenant/AFL/Players/ChampIDImages/AFLW/2026264/1009764.png?im=Scale,width=0.6,height=0.6",Eden,Zanker,CD_T7886,WAL,Fremantle,Dockers,3,87.1,1,0,0,0,0,0,0,0,2,3,0,2,5,25,3,3,0,0,1,66.7,0,0,1,1,0,0,2,0,0,0,0,4,3,1,1,130,0,10,0,0,0,4,1,0,1,0,0,0,0,0,5,1,3,2026-08-30,data//AFLW_2026-08-30.csv,NA,0,0.4,0.6,0,0.75,0,0,0,4,0,NA,0.0625,0,0,CD_M20262640308,3,2026-08-30,Carlton,CD_R202626403
CD_I1009765,27,MEDIUM_DEFENDER,"https://s.afl.com.au/staticfile/AFL Tenant/AFL/Players/ChampIDImages/AFLW/2026264/1009765.png?im=Scale,width=0.6,height=0.6",Sophie,Van De Heuvel,CD_T9406,ESS,Essendon,Bombers,1,67.1,0,0,0,0,2,0,0,0,6,0,0,0,13,44,10,7,1,1,0,0,1,0,6,4,0,0,2,0,5,0,0,9,4,0,0,215,1,1,0,0,0,0,3,0,0,1,0,0,0,0,15,3,9,2026-08-30,data//AFLW_2026-08-30.csv,NA,NA,0.4,0.7692307692307693,3,0.7777777777777778,0.75,NA,NA,2.25,0,NA,0,0,0,CD_M20262640309,3,2026-08-30,Richmond,CD_R202626403
CD_I1009799,3,MIDFIELDER,"https://s.afl.com.au/staticfile/AFL Tenant/AFL/Players/ChampIDImages/AFLW/2026264/1009799.png?im=Scale,width=0.6,height=0.6",Alyce,Parker,CD_T7889,GWS,GWS GIANTS,GIANTS,3,77.69999999999999,0,0,15,2,7,0,0,0,14,0,0,9,21,76,11,9,0,5,3,0,0,0,10,5,0,0,2,0,4,0,0,16,2,0,1,417,0,14,0,0,3,0,3,0,0,0,3,6,1,5,24,7,10,2026-08-30,data//AFLW_2026-08-30.csv,NA,NA,0.5833333333333334,0.5238095238095238,2,0.5625,0.4,NA,NA,3.2,0.42857142857142855,NA,0,0.7894736842105263,0,CD_M20262640304,3,2026-08-30,Port Adelaide,CD_R202626403
CD_I1009803,30,KEY_DEFENDER,"https://s.afl.com.au/staticfile/AFL Tenant/AFL/Players/ChampIDImages/AFLW/2026264/1009803.png?im=Scale,width=0.6,height=0.6",Alexia,Hamilton,CD_T9408,SYD,Sydney Swans,Swans,3,84.60000000000002,0,0,0,0,0,0,0,0,3,0,0,2,10,31,7,4,0,0,1,0,0,0,2,3,0,0,1,0,4,1,1,7,1,0,0,169,2,2,0,0,2,0,0,0,0,2,0,0,0,0,7,0,4,2026-08-30,data//AFLW_2026-08-30.csv,NA,NA,0.42857142857142855,0.7,3,0.5714285714285714,1,NA,NA,2.3333333333333335,0,1,0,0,0.1111111111111111,CD_M20262640303,3,2026-08-29,St Kilda,CD_R202626403
CD_I1009813,20,KEY_DEFENDER,"https://s.afl.com.au/staticfile/AFL Tenant/AFL/Players/ChampIDImages/AFLW/2026264/1009813.png?im=Scale,width=0.6,height=0.6",Brenna,Tarrant,CD_T9408,SYD,Sydney Swans,Swans,3,98.79999999999998,0,0,0,0,1,1,1,1,3,0,0,7,6,20,4,3,0,1,0,0,0,0,2,1,0,0,0,0,3,0,0,5,2,0,0,75,0,7,0,0,2,0,0,0,0,0,0,0,0,0,6,2,3,2026-08-30,data//AFLW_2026-08-30.csv,1,NA,0.5,0.6666666666666666,1,0.6,1,NA,NA,5,0,NA,0,0,0,CD_M20262640303,3,2026-08-29,St Kilda,CD_R202626403
CD_I1009822,17,MEDIUM_FORWARD,"https://s.afl.com.au/staticfile/AFL Tenant/AFL/Players/ChampIDImages/AFLW/2026264/1009822.png?im=Scale,width=0.6,height=0.6",Georgia,Garnett,CD_T7889,GWS,GWS GIANTS,GIANTS,3,76.20000000000002,0,0,0,0,2,0,0,2,6,0,0,2,11,68,8,7,1,0,0,100,0,2,4,2,0,0,4,0,1,0,0,9,7,2,2,267,1,6,0,0,2,0,4,0,2,1,0,1,1,0,12,2,6,2026-08-30,data//AFLW_2026-08-30.csv,NA,NA,0.5,0.7272727272727273,1,0.7777777777777778,0.5,NA,NA,4.5,0.16666666666666666,NA,0,0,0,CD_M20262640304,3,2026-08-30,Port Adelaide,CD_R202626403
CD_I1009824,6,MEDIUM_DEFENDER,"https://s.afl.com.au/staticfile/AFL Tenant/AFL/Players/ChampIDImages/AFLW/2026264/1009824.png?im=Scale,width=0.6,height=0.6",Lily,Postlethwaite,CD_T7887,BL,Brisbane Lions,Lions,3,87.80000000000001,0,0,7,1,3,0,1,0,3,0,0,11,16,59,9,2,0,1,0,0,0,0,3,8,0,0,1,0,1,0,0,8,2,0,0,148,0,16,0,0,3,0,2,0,0,0,0,4,3,1,13,2,10,2026-08-30,data//AFLW_2026-08-30.csv,0,NA,0.23076923076923078,0.5625,7,0.25,0.875,NA,NA,1,0.25,NA,0,0.3181818181818182,0,CD_M20262640305,3,2026-08-30,Melbourne,CD_R202626403
CD_I1009828,5,MEDIUM_DEFENDER,"https://s.afl.com.au/staticfile/AFL Tenant/AFL/Players/ChampIDImages/AFLW/2026264/1009828.png?im=Scale,width=0.6,height=0.6",Jade,Ellenger,CD_T7887,BL,Brisbane Lions,Lions,3,94.39999999999998,0,0,1,0,1,0,2,0,6,0,0,11,19,90,13,6,0,0,0,0,0,0,6,9,0,0,1,0,7,0,0,10,6,0,0,248,6,15,0,0,4,0,3,0,0,6,0,6,0,0,20,5,14,2026-08-30,data//AFLW_2026-08-30.csv,0,NA,0.3,0.6842105263157895,7,0.6,0.7777777777777778,NA,NA,1.1111111111111112,0.4,NA,0,0.045454545454545456,0,CD_M20262640305,3,2026-08-30,Melbourne,CD_R202626403
CD_I1009831,29,MEDIUM_DEFENDER,"https://s.afl.com.au/staticfile/AFL Tenant/AFL/Players/ChampIDImages/AFLW/2026264/1009831.png?im=Scale,width=0.6,height=0.6",Tarni,White,CD_T8097,COLL,Collingwood,Magpies,3,100.10000000000002,0,0,0,0,4,1,3,0,3,0,0,2,16,68,9,8,0,0,2,100,0,0,1,2,0,0,2,0,5,4,4,14,4,0,0,414,3,4,0,0,2,0,1,0,0,3,0,2,0,0,12,6,9,2026-08-30,data//AFLW_2026-08-30.csv,0.3333333333333333,NA,0.25,0.5625,1,0.5714285714285714,0.5,NA,NA,7,0.5,1,0,0,0.6666666666666666,CD_M20262640307,3,2026-08-30,Hawthorn,CD_R202626403
CD_I1009833,17,MIDFIELDER,"https://s.afl.com.au/staticfile/AFL Tenant/AFL/Players/ChampIDImages/AFLW/2026264/1009833.png?im=Scale,width=0.6,height=0.6",Isabel,Dawes,CD_T7887,BL,Brisbane Lions,Lions,3,77.80000000000001,1,1,16,0,2,0,0,0,8,0,0,6,24,97,16,9,0,0,1,25,1,1,5,11,0,0,3,0,2,0,0,13,4,0,1,266,2,10,0,0,0,0,6,0,2,1,2,4,0,2,23,2,15,2026-08-30,data//AFLW_2026-08-30.csv,NA,NA,0.34782608695652173,0.6666666666666666,7,0.6923076923076923,0.6363636363636364,NA,NA,1.1818181818181819,0.4,NA,0,0.7272727272727273,0,CD_M20262640305,3,2026-08-30,Melbourne,CD_R202626403
CD_I1009836,10,MEDIUM_DEFENDER,"https://s.afl.com.au/staticfile/AFL Tenant/AFL/Players/ChampIDImages/AFLW/2026264/1009836.png?im=Scale,width=0.6,height=0.6",Natalie,Grider,CD_T7887,BL,Brisbane Lions,Lions,3,87.6,0,2,5,0,2,0,1,0,9,0,0,11,17,54,14,3,0,1,0,0,2,0,8,12,0,0,1,0,9,0,0,5,2,0,0,142,1,16,0,0,2,0,3,0,0,1,1,3,0,1,16,2,7,2026-08-30,data//AFLW_2026-08-30.csv,0,NA,0.5625,0.8235294117647058,11,0.6,0.9166666666666666,NA,NA,0.4166666666666667,0.1875,NA,0,0.22727272727272727,0,CD_M20262640305,3,2026-08-30,Melbourne,CD_R202626403
CD_I1009838,30,KEY_FORWARD,"https://s.afl.com.au/staticfile/AFL Tenant/AFL/Players/ChampIDImages/AFLW/2026264/1009838.png?im=Scale,width=0.6,height=0.6",Jesse,Tawhiao-Wardlaw,CD_T8796,EUR,St Kilda,St Kilda,3,91.20000000000005,3,0,1,0,2,0,0,3,7,1,0,2,15,65,4,1,2,0,1,12.5,0,0,3,5,2,0,1,0,0,0,0,10,5,4,1,180,2,8,0,0,1,11,4,0,5,2,1,1,1,1,14,3,7,2026-08-30,data//AFLW_2026-08-30.csv,NA,0,0.5,0.26666666666666666,3,0.1,0.6,0.18181818181818182,0,2,0.125,NA,0.2558139534883721,0.1111111111111111,0,CD_M20262640303,3,2026-08-29,Sydney Swans,CD_R202626403
CD_I1009844,2,RUCK,"https://s.afl.com.au/staticfile/AFL Tenant/AFL/Players/ChampIDImages/AFLW/2026264/1009844.png?im=Scale,width=0.6,height=0.6",Tahlia,Hickie,CD_T7887,BL,Brisbane Lions,Lions,3,94.1,1,0,16,0,3,0,0,1,9,0,0,11,18,78,10,0,0,0,0,0,0,0,4,15,25,9,4,0,3,0,0,3,3,0,0,168,5,16,0,0,0,42,3,0,1,2,1,1,0,1,20,5,11,2026-08-30,data//AFLW_2026-08-30.csv,NA,NA,0.45,0.5555555555555556,10,0,0.6666666666666666,0.5952380952380952,0.21428571428571427,0.2,0.0625,NA,0.6666666666666666,0.7272727272727273,0,CD_M20262640305,3,2026-08-30,Melbourne,CD_R202626403
CD_I1009845,35,MEDIUM_DEFENDER,"https://s.afl.com.au/staticfile/AFL Tenant/AFL/Players/ChampIDImages/AFLW/2026264/1009845.png?im=Scale,width=0.6,height=0.6",Kalinda,Howarth,CD_T8097,COLL,Collingwood,Magpies,2,66.19999999999999,0,0,0,0,2,0,2,0,4,0,0,5,11,48,6,4,0,0,2,0,0,0,2,4,0,0,0,0,5,0,0,7,3,0,0,237,2,6,0,0,3,0,0,0,0,2,0,2,0,0,12,5,8,2026-08-30,data//AFLW_2026-08-30.csv,0,NA,0.3333333333333333,0.5454545454545454,2,0.5714285714285714,0.5,NA,NA,1.75,0.3333333333333333,NA,0,0,0,CD_M20262640307,3,2026-08-30,Hawthorn,CD_R202626403
CD_I1009847,12,MIDFIELDER,"https://s.afl.com.au/staticfile/AFL Tenant/AFL/Players/ChampIDImages/AFLW/2026264/1009847.png?im=Scale,width=0.6,height=0.6",Sophie,Conway,CD_T7887,BL,Brisbane Lions,Lions,3,81.29999999999998,1,0,2,0,2,0,0,0,6,0,0,8,18,80,9,5,1,0,2,33.3,0,0,4,5,0,0,2,0,2,0,0,13,4,0,0,360,0,14,0,0,4,0,3,0,1,0,1,4,0,1,17,3,11,2026-08-30,data//AFLW_2026-08-30.csv,NA,NA,0.35294117647058826,0.5,4,0.38461538461538464,0.8,NA,NA,2.6,0.2857142857142857,NA,0,0.09090909090909091,0,CD_M20262640305,3,2026-08-30,Melbourne,CD_R202626403
CD_I1009853,5,MIDFIELDER,"https://s.afl.com.au/staticfile/AFL Tenant/AFL/Players/ChampIDImages/AFLW/2026264/1009853.png?im=Scale,width=0.6,height=0.6",Tyla,Hanks,CD_T7386,NAR,Melbourne,Demons,3,92.60000000000002,0,0,17,3,2,0,0,0,6,0,0,9,24,107,18,9,0,0,0,100,2,1,6,9,0,0,5,0,3,0,0,15,2,0,1,430,2,26,0,0,1,0,6,0,1,1,2,8,1,5,22,5,16,2026-08-30,data//AFLW_2026-08-30.csv,NA,NA,0.2727272727272727,0.75,9,0.6,1,NA,NA,1.6666666666666667,0.3076923076923077,NA,0,0.7727272727272727,0,CD_M20262640305,3,2026-08-30,Brisbane Lions,CD_R202626403
CD_I1009855,5,MEDIUM_FORWARD,"https://s.afl.com.au/staticfile/AFL Tenant/AFL/Players/ChampIDImages/AFLW/2026264/1009855.png?im=Scale,width=0.6,height=0.6",Darcy,Guttridge,CD_T8796,EUR,St Kilda,St Kilda,2,74.9,0,0,0,0,0,0,0,0,2,0,0,3,4,37,4,3,0,0,1,50,0,1,0,1,0,0,0,0,2,0,0,3,1,1,0,47,1,11,0,0,0,0,1,0,1,0,1,4,2,1,4,1,2,2026-08-30,data//AFLW_2026-08-30.csv,NA,NA,0.5,1,1,1,1,NA,NA,3,0.36363636363636365,NA,0,0,0,CD_M20262640303,3,2026-08-29,Sydney Swans,CD_R202626403
CD_I1009856,3,MEDIUM_FORWARD,"https://s.afl.com.au/staticfile/AFL Tenant/AFL/Players/ChampIDImages/AFLW/2026264/1009856.png?im=Scale,width=0.6,height=0.6",Grace,Egan,CD_T8098,KUW,Adelaide Crows,Crows,3,67.49999999999997,0,0,0,0,2,0,0,0,5,1,0,9,8,58,6,3,1,1,0,50,0,2,5,4,0,0,1,0,1,0,0,4,3,1,1,110,2,17,0,0,0,0,2,0,2,2,0,5,1,0,9,1,4,2026-08-30,data//AFLW_2026-08-30.csv,NA,0,0.5555555555555556,0.75,3,0.75,0.75,NA,NA,1,0.29411764705882354,NA,0,0,0,CD_M20262640302,3,2026-08-29,West Coast Eagles,CD_R202626403
CD_I1009857,17,MEDIUM_DEFENDER,"https://s.afl.com.au/staticfile/AFL Tenant/AFL/Players/ChampIDImages/AFLW/2026264/1009857.png?im=Scale,width=0.6,height=0.6",Georgia,Clarke,CD_T9406,ESS,Essendon,Bombers,2,78.6,0,0,0,0,4,0,0,1,4,0,0,5,14,52,9,5,0,3,0,0,0,0,2,6,0,0,1,0,5,0,0,8,7,0,0,287,1,7,0,0,1,0,0,0,0,1,1,1,0,1,15,4,11,2026-08-30,data//AFLW_2026-08-30.csv,NA,NA,0.26666666666666666,0.6428571428571429,4,0.625,0.6666666666666666,NA,NA,1.3333333333333333,0.14285714285714285,NA,0,0,0,CD_M20262640309,3,2026-08-30,Richmond,CD_R202626403
CD_I1009860,21,MEDIUM_DEFENDER,"https://s.afl.com.au/staticfile/AFL Tenant/AFL/Players/ChampIDImages/AFLW/2026264/1009860.png?im=Scale,width=0.6,height=0.6",Rebecca,Webster,CD_T8467,GEEL,Geelong Cats,Cats,3,92.89999999999995,0,0,0,0,4,0,0,0,5,0,0,6,23,71,16,10,0,4,0,0,0,0,5,9,0,0,1,0,2,3,3,14,5,0,0,370,1,9,0,0,6,0,5,0,0,1,2,2,0,2,20,9,15,2026-08-30,data//AFLW_2026-08-30.csv,NA,NA,0.25,0.6956521739130435,6,0.7142857142857143,0.6666666666666666,NA,NA,1.5555555555555556,0.2222222222222222,1,0,0,0.375,CD_M20262640306,3,2026-08-30,Gold Coast SUNS,CD_R202626403
CD_I1009861,2,MIDFIELDER,"https://s.afl.com.au/staticfile/AFL Tenant/AFL/Players/ChampIDImages/AFLW/2026264/1009861.png?im=Scale,width=0.6,height=0.6",Olivia,Purcell,CD_T7386,NAR,Melbourne,Demons,3,83.1,0,0,18,2,3,0,0,0,14,0,0,5,32,104,22,8,2,0,1,0,0,0,11,18,0,0,5,0,0,0,0,14,3,0,0,342,1,12,0,0,0,0,9,0,0,0,4,4,0,6,32,6,18,2026-08-30,data//AFLW_2026-08-30.csv,NA,NA,0.4375,0.6875,14,0.5714285714285714,0.7777777777777778,NA,NA,0.7777777777777778,0.3333333333333333,NA,0,0.8181818181818182,0,CD_M20262640305,3,2026-08-30,Brisbane Lions,CD_R202626403
CD_I1009863,9,MIDFIELDER,"https://s.afl.com.au/staticfile/AFL Tenant/AFL/Players/ChampIDImages/AFLW/2026264/1009863.png?im=Scale,width=0.6,height=0.6",Nina,Morrison,CD_T8467,GEEL,Geelong Cats,Cats,3,85.59999999999997,0,0,19,2,3,0,0,0,11,0,0,15,21,102,14,10,0,0,3,100,2,1,8,7,0,0,4,0,4,0,0,14,3,0,0,436,0,27,0,0,1,0,5,0,1,0,2,7,2,4,21,7,10,2026-08-30,data//AFLW_2026-08-30.csv,NA,NA,0.5238095238095238,0.6666666666666666,4,0.7142857142857143,0.5714285714285714,NA,NA,2,0.25925925925925924,NA,0,0.9047619047619048,0,CD_M20262640306,3,2026-08-30,Gold Coast SUNS,CD_R202626403
CD_I1009865,9,MIDFIELDER,"https://s.afl.com.au/staticfile/AFL Tenant/AFL/Players/ChampIDImages/AFLW/2026264/1009865.png?im=Scale,width=0.6,height=0.6",Lucy,McEvoy,CD_T9408,SYD,Sydney Swans,Swans,3,77.4,0,0,8,1,1,0,0,0,3,0,0,2,11,42,9,4,0,1,0,0,0,0,3,6,0,0,1,0,0,0,0,5,2,0,0,121,0,9,0,0,0,0,1,0,0,0,0,3,1,1,12,2,9,2026-08-30,data//AFLW_2026-08-30.csv,NA,NA,0.25,0.8181818181818182,5,0.8,0.8333333333333334,NA,NA,0.8333333333333334,0.3333333333333333,NA,0,0.8888888888888888,0,CD_M20262640303,3,2026-08-29,St Kilda,CD_R202626403
CD_I1009867,21,MIDFIELDER,"https://s.afl.com.au/staticfile/AFL Tenant/AFL/Players/ChampIDImages/AFLW/2026264/1009867.png?im=Scale,width=0.6,height=0.6",Georgia,Patrikios,CD_T8796,EUR,St Kilda,St Kilda,3,81.60000000000002,1,0,5,1,5,0,0,0,4,0,0,3,16,61,8,4,0,0,0,0,0,0,3,5,0,0,4,0,2,0,0,11,3,1,0,282,0,11,0,0,1,0,4,0,1,0,1,2,0,2,14,7,10,2026-08-30,data//AFLW_2026-08-30.csv,NA,NA,0.2857142857142857,0.5,4,0.36363636363636365,0.8,NA,NA,2.2,0.18181818181818182,NA,0,0.5555555555555556,0,CD_M20262640303,3,2026-08-29,Sydney Swans,CD_R202626403
CD_I1009868,5,MIDFIELDER,"https://s.afl.com.au/staticfile/AFL Tenant/AFL/Players/ChampIDImages/AFLW/2026264/1009868.png?im=Scale,width=0.6,height=0.6",Maddy,Brancatisano,CD_T8786,GCFC,Gold Coast SUNS,SUNS,2,68.7,1,0,6,0,1,0,0,0,8,0,0,3,15,70,12,2,2,0,1,0,0,0,7,10,0,0,3,0,3,0,0,5,3,1,0,211,1,16,0,0,0,0,3,0,2,0,1,6,3,1,15,2,7,2026-08-30,data//AFLW_2026-08-30.csv,NA,NA,0.5333333333333333,0.8,10,0.4,1,NA,NA,0.5,0.375,NA,0,0.2857142857142857,0,CD_M20262640306,3,2026-08-30,Geelong Cats,CD_R202626403
CD_I1009873,23,MIDFIELDER_FORWARD,"https://s.afl.com.au/staticfile/AFL Tenant/AFL/Players/ChampIDImages/AFLW/2026264/1009873.png?im=Scale,width=0.6,height=0.6",Olivia,Vesely,CD_T8796,EUR,St Kilda,St Kilda,3,67.39999999999999,0,0,7,0,0,0,0,0,5,0,0,6,14,53,7,3,1,0,1,0,0,0,4,6,0,0,0,0,3,0,0,8,4,1,1,108,1,11,0,0,1,0,0,0,1,0,2,1,0,2,14,4,9,2026-08-30,data//AFLW_2026-08-30.csv,NA,NA,0.35714285714285715,0.5,4,0.375,0.6666666666666666,NA,NA,1.3333333333333333,0.09090909090909091,NA,0,0.7777777777777778,0,CD_M20262640303,3,2026-08-29,Sydney Swans,CD_R202626403
CD_I1009882,1,MIDFIELDER,"https://s.afl.com.au/staticfile/AFL Tenant/AFL/Players/ChampIDImages/AFLW/2026264/1009882.png?im=Scale,width=0.6,height=0.6",Gabrielle,Newton,CD_T7886,WAL,Fremantle,Dockers,3,88.39999999999998,0,0,15,1,0,0,0,0,13,0,0,7,28,114,22,13,1,0,3,33.3,1,1,9,11,0,0,5,0,6,0,0,17,4,1,1,403,3,16,0,0,1,0,4,0,1,1,5,5,0,6,27,4,14,2026-08-30,data//AFLW_2026-08-30.csv,NA,NA,0.48148148148148145,0.7857142857142857,9,0.7647058823529411,0.8181818181818182,NA,NA,1.5454545454545454,0.3125,NA,0,0.8823529411764706,0,CD_M20262640308,3,2026-08-30,Carlton,CD_R202626403
CD_I1009885,4,MIDFIELDER,"https://s.afl.com.au/staticfile/AFL Tenant/AFL/Players/ChampIDImages/AFLW/2026264/1009885.png?im=Scale,width=0.6,height=0.6",Madison,Prespakis,CD_T9406,ESS,Essendon,Bombers,3,90.79999999999995,0,0,11,1,4,0,0,0,7,0,0,4,32,118,22,14,1,2,3,66.7,0,2,3,11,0,0,1,0,0,7,7,21,4,1,1,474,0,8,0,0,2,0,3,0,2,0,2,3,1,3,24,6,17,2026-08-30,data//AFLW_2026-08-30.csv,NA,NA,0.2916666666666667,0.6875,8,0.6666666666666666,0.7272727272727273,NA,NA,1.9090909090909092,0.375,1,0,0.8461538461538461,0.875,CD_M20262640309,3,2026-08-30,Richmond,CD_R202626403
CD_I1009906,1,MIDFIELDER,"https://s.afl.com.au/staticfile/AFL Tenant/AFL/Players/ChampIDImages/AFLW/2026264/1009906.png?im=Scale,width=0.6,height=0.6",Mikayla,Bowen,CD_T8467,GEEL,Geelong Cats,Cats,3,85.09999999999997,0,0,18,1,2,0,0,0,7,0,0,20,25,117,18,7,0,2,1,100,0,0,7,15,0,0,2,0,2,0,0,10,6,0,0,206,0,32,0,0,2,0,7,0,0,0,2,11,2,3,25,5,18,2026-08-30,data//AFLW_2026-08-30.csv,NA,NA,0.28,0.72,11,0.7,0.7333333333333333,NA,NA,0.6666666666666666,0.34375,NA,0,0.8571428571428571,0,CD_M20262640306,3,2026-08-30,Gold Coast SUNS,CD_R202626403
CD_I1009962,21,MEDIUM_DEFENDER,"https://s.afl.com.au/staticfile/AFL Tenant/AFL/Players/ChampIDImages/AFLW/2026264/1009962.png?im=Scale,width=0.6,height=0.6",Poppy,Boltz,CD_T7889,GWS,GWS GIANTS,GIANTS,3,74.29999999999998,0,0,0,0,2,0,3,2,13,0,0,8,17,71,10,6,0,0,2,0,1,0,9,5,1,0,2,0,13,0,0,12,2,0,0,284,0,9,0,0,4,3,3,0,0,0,0,4,0,0,18,6,5,2026-08-30,data//AFLW_2026-08-30.csv,0,NA,0.7222222222222222,0.5882352941176471,4,0.5,0.8,0.3333333333333333,0,2.4,0.4444444444444444,NA,0.04918032786885246,0,0,CD_M20262640304,3,2026-08-30,Port Adelaide,CD_R202626403
CD_I1009980,10,MEDIUM_FORWARD,"https://s.afl.com.au/staticfile/AFL Tenant/AFL/Players/ChampIDImages/AFLW/2026264/1009980.png?im=Scale,width=0.6,height=0.6",Kate,Hore,CD_T7386,NAR,Melbourne,Demons,3,94.60000000000002,1,0,13,3,3,0,0,0,10,0,0,5,24,80,12,2,1,1,1,22.2,1,0,6,13,0,0,2,0,0,0,0,11,2,1,1,204,0,10,0,0,2,0,5,0,2,0,1,4,1,4,24,5,14,2026-08-30,data//AFLW_2026-08-30.csv,NA,NA,0.4166666666666667,0.5,10,0.18181818181818182,0.7692307692307693,NA,NA,0.8461538461538461,0.4,NA,0,0.5909090909090909,0,CD_M20262640305,3,2026-08-30,Brisbane Lions,CD_R202626403
CD_I1010096,23,MEDIUM_FORWARD,"https://s.afl.com.au/staticfile/AFL Tenant/AFL/Players/ChampIDImages/AFLW/2026264/1010096.png?im=Scale,width=0.6,height=0.6",Lauren,Butler,CD_T8097,COLL,Collingwood,Magpies,1,51.6,0,0,0,0,2,0,0,0,1,0,0,4,9,34,5,2,0,0,0,0,0,0,1,4,0,0,0,0,2,1,0,5,1,0,0,67,1,4,0,0,1,0,0,0,0,1,0,2,0,0,9,3,8,2026-08-30,data//AFLW_2026-08-30.csv,NA,NA,0.1111111111111111,0.5555555555555556,3,0.4,0.75,NA,NA,1.25,0.5,0,0,0,0.16666666666666666,CD_M20262640307,3,2026-08-30,Hawthorn,CD_R202626403
CD_I1010097,31,MIDFIELDER,"https://s.afl.com.au/staticfile/AFL Tenant/AFL/Players/ChampIDImages/AFLW/2026264/1010097.png?im=Scale,width=0.6,height=0.6",Isabella,Shannon,CD_T8787,WAA,West Coast Eagles,Eagles,3,63,2,0,11,0,2,0,0,1,5,0,0,6,13,47,4,2,0,0,0,33.3,0,0,2,4,0,0,1,0,0,0,0,9,2,1,0,157,0,6,0,0,0,0,3,0,2,0,1,1,0,1,13,3,8,2026-08-30,data//AFLW_2026-08-30.csv,NA,NA,0.38461538461538464,0.3076923076923077,2,0.2222222222222222,0.5,NA,NA,2.25,0.16666666666666666,NA,0,0.6111111111111112,0,CD_M20262640302,3,2026-08-29,Adelaide Crows,CD_R202626403
CD_I1010102,35,MEDIUM_FORWARD,"https://s.afl.com.au/staticfile/AFL Tenant/AFL/Players/ChampIDImages/AFLW/2026264/1010102.png?im=Scale,width=0.6,height=0.6",Nell,Morris-Dalton,CD_T8096,CARL,Carlton,Blues,3,65.4,1,0,0,0,1,0,0,0,1,2,0,2,3,19,2,0,1,0,0,80,0,0,1,2,0,0,0,0,0,0,0,1,1,1,1,33,1,7,0,0,0,0,3,0,1,1,0,2,1,0,3,1,2,2026-08-30,data//AFLW_2026-08-30.csv,NA,0,0.3333333333333333,0.6666666666666666,2,0,1,NA,NA,0.5,0.2857142857142857,NA,0,0,0,CD_M20262640308,3,2026-08-30,Fremantle,CD_R202626403
CD_I1010103,3,MEDIUM_DEFENDER,"https://s.afl.com.au/staticfile/AFL Tenant/AFL/Players/ChampIDImages/AFLW/2026264/1010103.png?im=Scale,width=0.6,height=0.6",Isabella,Grant,CD_T7387,WB,Western Bulldogs,Bulldogs,3,67.69999999999999,0,0,0,0,1,0,0,0,4,0,0,5,11,49,11,9,1,0,0,0,0,0,3,2,0,0,0,0,7,0,0,9,6,0,0,244,2,5,0,0,5,0,0,0,0,1,0,0,0,0,12,4,8,2026-08-30,data//AFLW_2026-08-30.csv,NA,NA,0.3333333333333333,1,2,1,1,NA,NA,4.5,0,NA,0,0,0,CD_M20262640301,3,2026-08-29,North Melbourne,CD_R202626403
CD_I1010104,4,MIDFIELDER,"https://s.afl.com.au/staticfile/AFL Tenant/AFL/Players/ChampIDImages/AFLW/2026264/1010104.png?im=Scale,width=0.6,height=0.6",Monique,Conti,CD_T8788,RICH,Richmond,Richmond,3,85.70000000000002,0,1,11,4,4,0,0,0,20,0,0,10,29,113,19,12,1,2,4,40,0,1,12,8,0,0,6,0,5,0,0,21,2,0,0,769,1,21,0,0,4,0,6,0,1,0,6,6,2,10,31,5,11,2026-08-30,data//AFLW_2026-08-30.csv,NA,NA,0.6451612903225806,0.6551724137931034,7,0.5714285714285714,0.875,NA,NA,2.625,0.2857142857142857,NA,0,0.8461538461538461,0,CD_M20262640309,3,2026-08-30,Essendon,CD_R202626403
CD_I1010257,9,KEY_DEFENDER,"https://s.afl.com.au/staticfile/AFL Tenant/AFL/Players/ChampIDImages/AFLW/2026264/1010257.png?im=Scale,width=0.6,height=0.6",Clara,Fitzpatrick,CD_T8786,GCFC,Gold Coast SUNS,SUNS,3,91.20000000000002,0,0,0,0,0,1,2,1,5,0,0,2,7,25,7,5,0,0,0,0,0,0,4,2,0,0,0,0,4,0,0,5,2,0,0,57,3,4,0,0,0,0,1,0,0,3,1,0,0,1,7,0,2,2026-08-30,data//AFLW_2026-08-30.csv,0.5,NA,0.7142857142857143,1,2,1,1,NA,NA,2.5,0,NA,0,0,0,CD_M20262640306,3,2026-08-30,Geelong Cats,CD_R202626403
CD_I1010263,5,MEDIUM_FORWARD,"https://s.afl.com.au/staticfile/AFL Tenant/AFL/Players/ChampIDImages/AFLW/2026264/1010263.png?im=Scale,width=0.6,height=0.6",Chloe,Molloy,CD_T9408,SYD,Sydney Swans,Swans,3,95.19999999999999,1,2,0,0,4,0,0,0,5,1,0,3,12,51,7,2,3,2,1,27.3,0,1,3,5,0,0,2,0,0,0,0,7,2,1,1,116,1,9,0,0,0,0,3,0,2,0,0,3,2,0,13,4,8,2026-08-30,data//AFLW_2026-08-30.csv,NA,0,0.38461538461538464,0.5833333333333334,5,0.2857142857142857,1,NA,NA,1.4,0.3333333333333333,NA,0,0,0,CD_M20262640303,3,2026-08-29,St Kilda,CD_R202626403
CD_I1010264,25,MEDIUM_DEFENDER,"https://s.afl.com.au/staticfile/AFL Tenant/AFL/Players/ChampIDImages/AFLW/2026264/1010264.png?im=Scale,width=0.6,height=0.6",Alexandra,Morcom,CD_T9406,ESS,Essendon,Bombers,3,89.59999999999997,0,0,0,1,5,0,0,0,9,0,0,8,15,53,6,3,1,2,1,0,0,0,7,4,0,0,0,0,7,0,0,11,3,0,0,306,2,8,0,0,5,0,2,0,0,2,1,2,0,2,14,5,5,2026-08-30,data//AFLW_2026-08-30.csv,NA,NA,0.6428571428571429,0.4,3,0.2727272727272727,0.75,NA,NA,2.75,0.25,NA,0,0,0,CD_M20262640309,3,2026-08-30,Richmond,CD_R202626403
CD_I1010265,7,MIDFIELDER,"https://s.afl.com.au/staticfile/AFL Tenant/AFL/Players/ChampIDImages/AFLW/2026264/1010265.png?im=Scale,width=0.6,height=0.6",Ash,Riddell,CD_T8466,NMFC,North Melbourne,Kangaroos,3,84.4,0,0,16,2,7,0,0,0,9,0,0,6,32,115,20,10,0,1,0,0,0,0,5,13,0,0,5,0,4,0,0,19,5,0,1,595,1,16,0,0,2,0,6,0,0,0,2,5,0,4,32,6,23,2026-08-30,data//AFLW_2026-08-30.csv,NA,NA,0.28125,0.625,10,0.5263157894736842,0.7692307692307693,NA,NA,1.4615384615384615,0.3125,NA,0,0.8888888888888888,0,CD_M20262640301,3,2026-08-29,Western Bulldogs,CD_R202626403
CD_I1010662,4,MIDFIELDER,"https://s.afl.com.au/staticfile/AFL Tenant/AFL/Players/ChampIDImages/AFLW/2026264/1010662.png?im=Scale,width=0.6,height=0.6",Claudia,Whitfort,CD_T8096,CARL,Carlton,Blues,3,67.80000000000001,1,0,11,4,5,0,0,0,10,0,0,4,14,71,8,3,1,3,2,66.7,0,1,8,5,0,0,1,0,6,0,0,9,2,0,0,286,0,12,0,0,1,0,2,0,2,0,0,7,1,4,16,5,6,2026-08-30,data//AFLW_2026-08-30.csv,NA,NA,0.625,0.5714285714285714,5,0.3333333333333333,1,NA,NA,1.8,0.5833333333333334,NA,0,0.6470588235294118,0,CD_M20262640308,3,2026-08-30,Fremantle,CD_R202626403
CD_I1010677,26,RUCK,"https://s.afl.com.au/staticfile/AFL Tenant/AFL/Players/ChampIDImages/AFLW/2026264/1010677.png?im=Scale,width=0.6,height=0.6",Kim,Rennie,CD_T8466,NMFC,North Melbourne,Kangaroos,3,79.80000000000001,0,0,18,0,1,0,0,0,4,0,0,4,13,73,8,2,0,0,0,0,0,0,2,6,22,8,1,0,3,0,0,7,2,0,0,163,5,4,0,0,0,51,2,0,0,3,3,3,0,3,14,3,10,2026-08-30,data//AFLW_2026-08-30.csv,NA,NA,0.2857142857142857,0.6153846153846154,6,0.2857142857142857,1,0.43137254901960786,0.1568627450980392,1.1666666666666667,0.75,NA,0.75,1,0,CD_M20262640301,3,2026-08-29,Western Bulldogs,CD_R202626403
CD_I1010686,11,MEDIUM_DEFENDER,"https://s.afl.com.au/staticfile/AFL Tenant/AFL/Players/ChampIDImages/AFLW/2026264/1010686.png?im=Scale,width=0.6,height=0.6",Elle,Bennetts,CD_T7387,WB,Western Bulldogs,Bulldogs,3,80.10000000000002,0,0,0,0,1,1,2,0,5,0,0,2,16,42,14,4,0,1,0,0,0,0,5,10,0,0,0,0,6,3,3,6,1,0,0,201,3,4,0,0,1,0,0,0,0,3,0,1,1,0,12,2,7,2026-08-30,data//AFLW_2026-08-30.csv,0.5,NA,0.4166666666666667,0.875,10,0.6666666666666666,1,NA,NA,0.6,0.25,1,0,0,0.75,CD_M20262640301,3,2026-08-29,North Melbourne,CD_R202626403
CD_I1010690,8,KEY_FORWARD,"https://s.afl.com.au/staticfile/AFL Tenant/AFL/Players/ChampIDImages/AFLW/2026264/1010690.png?im=Scale,width=0.6,height=0.6",Bonnie,Toogood,CD_T9406,ESS,Essendon,Bombers,3,82.79999999999995,2,0,0,0,5,0,0,0,6,2,1,2,17,74,9,8,2,1,1,71.4,0,2,5,5,0,0,2,0,0,0,0,12,4,2,1,229,1,3,0,0,0,0,8,0,4,1,0,1,0,0,16,4,10,2026-08-30,data//AFLW_2026-08-30.csv,NA,0.5,0.375,0.5294117647058824,1,0.6666666666666666,0.2,NA,NA,2.4,0.3333333333333333,NA,0,0,0,CD_M20262640309,3,2026-08-30,Richmond,CD_R202626403
CD_I1011057,25,MIDFIELDER,"https://s.afl.com.au/staticfile/AFL Tenant/AFL/Players/ChampIDImages/AFLW/2026264/1011057.png?im=Scale,width=0.6,height=0.6",Teah,Charlton,CD_T8098,KUW,Adelaide Crows,Crows,3,70.80000000000001,0,0,14,1,3,0,0,0,10,0,0,6,20,98,11,6,1,0,3,33.3,1,0,6,10,0,0,3,0,7,0,0,10,3,0,0,219,1,20,0,0,0,0,6,0,1,0,0,9,2,1,20,3,10,2026-08-30,data//AFLW_2026-08-30.csv,NA,NA,0.5,0.55,5,0.6,0.5,NA,NA,1,0.45,NA,0,0.7777777777777778,0,CD_M20262640302,3,2026-08-29,West Coast Eagles,CD_R202626403
CD_I1011062,28,MEDIUM_DEFENDER,"https://s.afl.com.au/staticfile/AFL Tenant/AFL/Players/ChampIDImages/AFLW/2026264/1011062.png?im=Scale,width=0.6,height=0.6",Cheyenne,Hammond,CD_T9409,YAR,Port Adelaide,Power,3,77.90000000000003,0,0,0,0,2,0,0,0,6,0,0,3,10,36,8,2,3,0,1,0,0,0,5,6,0,0,3,0,5,0,0,4,1,0,0,93,0,6,0,0,0,0,1,0,0,0,0,2,1,0,10,2,4,2026-08-30,data//AFLW_2026-08-30.csv,NA,NA,0.6,0.8,6,0.5,1,NA,NA,0.6666666666666666,0.3333333333333333,NA,0,0,NA,CD_M20262640304,3,2026-08-30,GWS GIANTS,CD_R202626403
CD_I1011069,6,MEDIUM_FORWARD,"https://s.afl.com.au/staticfile/AFL Tenant/AFL/Players/ChampIDImages/AFLW/2026264/1011069.png?im=Scale,width=0.6,height=0.6",Hannah,Munyard,CD_T8098,KUW,Adelaide Crows,Crows,3,76.00000000000003,0,1,0,0,3,0,0,0,2,0,0,4,9,43,5,3,2,1,0,0,0,0,2,3,0,0,3,0,1,0,0,6,2,0,1,136,1,14,0,0,1,0,3,0,0,1,1,4,1,1,10,3,8,2026-08-30,data//AFLW_2026-08-30.csv,NA,NA,0.2,0.5555555555555556,2,0.5,0.6666666666666666,NA,NA,2,0.2857142857142857,NA,0,0,0,CD_M20262640302,3,2026-08-29,West Coast Eagles,CD_R202626403
CD_I1011080,12,KEY_DEFENDER,"https://s.afl.com.au/staticfile/AFL Tenant/AFL/Players/ChampIDImages/AFLW/2026264/1011080.png?im=Scale,width=0.6,height=0.6",Chelsea,Biddell,CD_T8098,KUW,Adelaide Crows,Crows,3,93.9,0,0,0,0,1,1,5,2,6,0,0,10,15,64,14,9,0,1,0,0,0,0,4,5,0,0,1,0,7,1,1,10,5,0,0,143,4,12,0,0,2,0,3,0,0,4,0,3,0,0,13,1,7,2026-08-30,data//AFLW_2026-08-30.csv,0.2,NA,0.46153846153846156,0.9333333333333333,5,0.9,1,NA,NA,2,0.25,1,0,0,0.14285714285714285,CD_M20262640302,3,2026-08-29,West Coast Eagles,CD_R202626403
CD_I1011095,17,MIDFIELDER,"https://s.afl.com.au/staticfile/AFL Tenant/AFL/Players/ChampIDImages/AFLW/2026264/1011095.png?im=Scale,width=0.6,height=0.6",Madison,Newman,CD_T8098,KUW,Adelaide Crows,Crows,3,75.40000000000003,0,0,0,0,3,0,0,0,7,0,0,7,23,83,13,7,0,0,1,75,0,1,7,7,0,0,2,0,2,0,0,16,2,0,0,332,0,11,0,0,4,0,3,0,1,0,0,2,0,0,22,5,15,2026-08-30,data//AFLW_2026-08-30.csv,NA,NA,0.3181818181818182,0.5652173913043478,6,0.4375,0.8571428571428571,NA,NA,2.2857142857142856,0.18181818181818182,NA,0,0,0,CD_M20262640302,3,2026-08-29,West Coast Eagles,CD_R202626403
CD_I1012236,5,MIDFIELDER,"https://s.afl.com.au/staticfile/AFL Tenant/AFL/Players/ChampIDImages/AFLW/2026264/1012236.png?im=Scale,width=0.6,height=0.6",Sarah,Verrier,CD_T7886,WAL,Fremantle,Dockers,3,88.80000000000001,0,0,0,0,4,0,0,0,3,0,0,4,20,64,15,10,0,1,1,0,0,0,2,7,0,0,0,0,4,6,5,13,3,0,0,239,1,7,0,0,3,0,1,0,0,1,0,1,0,0,15,2,12,2026-08-30,data//AFLW_2026-08-30.csv,NA,NA,0.2,0.75,5,0.7692307692307693,0.7142857142857143,NA,NA,1.8571428571428572,0.14285714285714285,0.8333333333333334,0,0,1,CD_M20262640308,3,2026-08-30,Carlton,CD_R202626403
CD_I1012241,5,MIDFIELDER,"https://s.afl.com.au/staticfile/AFL Tenant/AFL/Players/ChampIDImages/AFLW/2026264/1012241.png?im=Scale,width=0.6,height=0.6",Abbey,Dowrick,CD_T9409,YAR,Port Adelaide,Power,3,78.29999999999998,0,1,14,5,3,0,0,0,13,0,0,6,17,74,15,11,1,2,1,75,0,1,4,5,0,0,6,0,0,0,0,12,1,1,0,484,1,17,0,0,0,0,3,0,1,0,4,6,1,9,19,8,6,2026-08-30,data//AFLW_2026-08-30.csv,NA,NA,0.6842105263157895,0.8823529411764706,4,0.9166666666666666,0.8,NA,NA,2.4,0.35294117647058826,NA,0,0.7368421052631579,NA,CD_M20262640304,3,2026-08-30,GWS GIANTS,CD_R202626403
CD_I1012242,3,MEDIUM_DEFENDER,"https://s.afl.com.au/staticfile/AFL Tenant/AFL/Players/ChampIDImages/AFLW/2026264/1012242.png?im=Scale,width=0.6,height=0.6",Emma,O'Driscoll,CD_T7886,WAL,Fremantle,Dockers,2,81.80000000000001,0,0,0,0,4,0,2,0,4,0,0,10,18,81,13,10,0,2,0,0,0,0,4,4,0,0,0,0,7,0,0,14,7,0,0,330,2,14,0,0,5,0,3,0,0,2,0,4,0,0,18,6,14,2026-08-30,data//AFLW_2026-08-30.csv,0,NA,0.2222222222222222,0.7222222222222222,3,0.7142857142857143,0.75,NA,NA,3.5,0.2857142857142857,NA,0,0,0,CD_M20262640308,3,2026-08-30,Carlton,CD_R202626403
CD_I1012259,18,MIDFIELDER,"https://s.afl.com.au/staticfile/AFL Tenant/AFL/Players/ChampIDImages/AFLW/2026264/1012259.png?im=Scale,width=0.6,height=0.6",Jaide,Britton,CD_T8787,WAA,West Coast Eagles,Eagles,3,83.29999999999995,0,0,0,0,0,0,0,0,4,0,0,5,14,63,9,3,0,0,1,0,0,0,4,8,0,0,2,0,3,0,0,6,4,0,1,136,0,9,0,0,1,0,1,0,0,0,1,4,1,1,13,1,9,2026-08-30,data//AFLW_2026-08-30.csv,NA,NA,0.3076923076923077,0.6428571428571429,6,0.5,0.75,NA,NA,0.75,0.4444444444444444,NA,0,0,0,CD_M20262640302,3,2026-08-29,Adelaide Crows,CD_R202626403
CD_I1012558,9,MIDFIELDER,"https://s.afl.com.au/staticfile/AFL Tenant/AFL/Players/ChampIDImages/AFLW/2026264/1012558.png?im=Scale,width=0.6,height=0.6",Brooke,Walker,CD_T9406,ESS,Essendon,Bombers,1,50.1,0,0,0,0,1,0,0,0,1,0,0,2,5,24,2,0,0,0,1,0,0,0,0,2,0,0,1,0,0,0,0,3,2,0,1,72,0,3,0,0,0,0,1,0,0,0,0,1,1,0,5,2,4,2026-08-30,data//AFLW_2026-08-30.csv,NA,NA,0.2,0.4,2,0,1,NA,NA,1.5,0.3333333333333333,NA,0,0,0,CD_M20262640309,3,2026-08-30,Richmond,CD_R202626403
CD_I1012560,16,MEDIUM_DEFENDER,"https://s.afl.com.au/staticfile/AFL Tenant/AFL/Players/ChampIDImages/AFLW/2026264/1012560.png?im=Scale,width=0.6,height=0.6",Chantel,Emonson,CD_T8467,GEEL,Geelong Cats,Cats,3,88.80000000000001,0,0,0,0,0,0,0,1,7,0,0,7,15,72,13,11,0,0,2,0,0,0,4,3,0,0,0,0,7,5,4,12,4,0,0,355,2,15,0,0,5,0,2,0,0,1,0,4,0,0,11,3,4,2026-08-30,data//AFLW_2026-08-30.csv,NA,NA,0.6363636363636364,0.8666666666666667,2,0.9166666666666666,0.6666666666666666,NA,NA,4,0.26666666666666666,0.8,0,0,0.625,CD_M20262640306,3,2026-08-30,Gold Coast SUNS,CD_R202626403
CD_I1012575,12,MEDIUM_DEFENDER,"https://s.afl.com.au/staticfile/AFL Tenant/AFL/Players/ChampIDImages/AFLW/2026264/1012575.png?im=Scale,width=0.6,height=0.6",Casey,Sherriff,CD_T9407,HAW,Hawthorn,Hawks,3,90.49999999999997,0,0,0,0,9,0,0,0,3,0,0,12,14,66,7,6,0,2,1,0,0,0,2,5,0,0,0,0,3,0,0,9,2,0,0,107,1,17,0,0,3,0,1,0,0,1,0,7,1,0,14,7,11,2026-08-30,data//AFLW_2026-08-30.csv,NA,NA,0.21428571428571427,0.5,1,0.6666666666666666,0.2,NA,NA,1.8,0.4117647058823529,NA,0,0,0,CD_M20262640307,3,2026-08-30,Collingwood,CD_R202626403
CD_I1012580,24,KEY_FORWARD,"https://s.afl.com.au/staticfile/AFL Tenant/AFL/Players/ChampIDImages/AFLW/2026264/1012580.png?im=Scale,width=0.6,height=0.6",Sophie,Alexander,CD_T9406,ESS,Essendon,Bombers,3,76.6,1,0,0,0,0,0,0,0,3,1,0,1,13,46,11,2,1,0,0,71.4,0,0,2,10,2,1,1,0,0,0,0,3,2,1,1,44,0,5,0,0,0,6,3,0,1,0,1,2,2,1,13,1,10,2026-08-30,data//AFLW_2026-08-30.csv,NA,0,0.23076923076923078,0.8461538461538461,9,0.6666666666666666,0.9,0.3333333333333333,0.16666666666666666,0.3,0.4,NA,0.1276595744680851,0,0,CD_M20262640309,3,2026-08-30,Richmond,CD_R202626403
CD_I1012595,32,MEDIUM_DEFENDER,"https://s.afl.com.au/staticfile/AFL Tenant/AFL/Players/ChampIDImages/AFLW/2026264/1012595.png?im=Scale,width=0.6,height=0.6",Vaomua,Laloifi,CD_T7387,WB,Western Bulldogs,Bulldogs,3,66.6,0,0,0,0,1,4,8,1,5,0,0,8,10,60,6,5,0,0,1,0,0,0,1,1,0,0,0,0,8,0,0,9,6,0,0,156,3,8,0,0,5,0,1,0,0,2,0,3,0,0,11,2,6,2026-08-30,data//AFLW_2026-08-30.csv,0.5,NA,0.45454545454545453,0.6,1,0.5555555555555556,1,NA,NA,9,0.375,NA,0,0,0,CD_M20262640301,3,2026-08-29,North Melbourne,CD_R202626403
CD_I1012637,21,MIDFIELDER,"https://s.afl.com.au/staticfile/AFL Tenant/AFL/Players/ChampIDImages/AFLW/2026264/1012637.png?im=Scale,width=0.6,height=0.6",Mikala,Cann,CD_T7387,WB,Western Bulldogs,Bulldogs,3,78.79999999999998,0,0,11,1,4,0,0,1,10,0,0,9,14,55,8,0,2,1,1,33.3,1,0,8,11,0,0,2,0,0,0,0,3,2,0,0,63,0,17,0,0,0,0,2,0,0,0,4,5,1,5,14,3,4,2026-08-30,data//AFLW_2026-08-30.csv,NA,NA,0.7142857142857143,0.5714285714285714,8,0,0.7272727272727273,NA,NA,0.2727272727272727,0.29411764705882354,NA,0,0.6111111111111112,0,CD_M20262640301,3,2026-08-29,North Melbourne,CD_R202626403
CD_I1012640,6,MEDIUM_FORWARD,"https://s.afl.com.au/staticfile/AFL Tenant/AFL/Players/ChampIDImages/AFLW/2026264/1012640.png?im=Scale,width=0.6,height=0.6",Julia,Crockett-Grills,CD_T8467,GEEL,Geelong Cats,Cats,3,84.10000000000002,0,0,6,1,2,0,0,0,1,1,0,2,10,43,6,2,0,1,0,66.7,0,1,1,4,0,0,2,0,0,0,0,6,2,0,1,149,0,8,0,0,0,0,4,0,2,0,0,2,1,1,10,2,9,2026-08-30,data//AFLW_2026-08-30.csv,NA,0,0.1,0.6,4,0.3333333333333333,1,NA,NA,1.5,0.25,NA,0,0.2857142857142857,0,CD_M20262640306,3,2026-08-30,Gold Coast SUNS,CD_R202626403
CD_I1012661,27,KEY_DEFENDER,"https://s.afl.com.au/staticfile/AFL Tenant/AFL/Players/ChampIDImages/AFLW/2026264/1012661.png?im=Scale,width=0.6,height=0.6",Lauren,Ahrens,CD_T7387,WB,Western Bulldogs,Bulldogs,2,66,0,0,0,0,1,0,1,1,3,0,0,2,5,20,3,2,0,1,0,0,0,0,2,2,0,0,0,0,3,0,0,3,2,0,0,104,4,2,0,0,1,0,0,0,0,4,0,1,0,0,5,2,2,2026-08-30,data//AFLW_2026-08-30.csv,0,NA,0.6,0.6,1,0.6666666666666666,0.5,NA,NA,1.5,0.5,NA,0,0,0,CD_M20262640301,3,2026-08-29,North Melbourne,CD_R202626403
CD_I1012662,36,MIDFIELDER,"https://s.afl.com.au/staticfile/AFL Tenant/AFL/Players/ChampIDImages/AFLW/2026264/1012662.png?im=Scale,width=0.6,height=0.6",Airlie,Runnalls,CD_T8097,COLL,Collingwood,Magpies,3,100.20000000000002,0,0,3,0,3,0,0,0,11,0,0,8,22,94,12,2,2,0,0,0,0,0,10,14,0,0,2,0,5,0,0,8,2,1,0,154,1,22,0,0,2,0,3,0,0,0,1,9,1,1,23,4,12,2026-08-30,data//AFLW_2026-08-30.csv,NA,NA,0.4782608695652174,0.5454545454545454,10,0.25,0.7142857142857143,NA,NA,0.5714285714285714,0.4090909090909091,NA,0,0.19672131147540983,0,CD_M20262640307,3,2026-08-30,Hawthorn,CD_R202626403
CD_I1012668,9,KEY_FORWARD,"https://s.afl.com.au/staticfile/AFL Tenant/AFL/Players/ChampIDImages/AFLW/2026264/1012668.png?im=Scale,width=0.6,height=0.6",Caitlin,Greiser,CD_T8788,RICH,Richmond,Richmond,3,79.60000000000002,1,0,0,0,1,0,0,0,3,0,0,0,10,68,8,6,1,0,1,33.3,0,3,2,2,0,0,2,0,1,0,0,8,4,3,1,232,0,5,0,0,0,2,6,0,4,0,0,2,1,0,10,1,7,2026-08-30,data//AFLW_2026-08-30.csv,NA,NA,0.3,0.8,2,0.75,1,0,0,4,0.4,NA,0.043478260869565216,0,0,CD_M20262640309,3,2026-08-30,Essendon,CD_R202626403
CD_I1012694,33,RUCK,"https://s.afl.com.au/staticfile/AFL Tenant/AFL/Players/ChampIDImages/AFLW/2026264/1012694.png?im=Scale,width=0.6,height=0.6",Alice,Edmonds,CD_T7387,WB,Western Bulldogs,Bulldogs,3,100.19999999999996,1,0,17,1,1,0,0,2,6,0,0,6,12,78,8,3,1,0,0,0,0,0,3,7,23,5,0,0,3,0,0,5,3,0,0,127,0,16,0,0,2,53,1,0,1,0,0,4,1,1,12,2,6,2026-08-30,data//AFLW_2026-08-30.csv,NA,NA,0.5,0.6666666666666666,5,0.6,0.7142857142857143,0.4339622641509434,0.09433962264150944,0.7142857142857143,0.25,NA,0.7794117647058824,0.9444444444444444,0,CD_M20262640301,3,2026-08-29,North Melbourne,CD_R202626403
CD_I1012700,20,MEDIUM_DEFENDER,"https://s.afl.com.au/staticfile/AFL Tenant/AFL/Players/ChampIDImages/AFLW/2026264/1012700.png?im=Scale,width=0.6,height=0.6",Beth,Lynch,CD_T8788,RICH,Richmond,Richmond,3,66.30000000000001,0,1,0,0,1,1,1,1,2,0,0,5,7,37,4,3,0,1,0,0,0,0,1,1,0,0,3,0,3,0,0,6,4,0,0,217,1,8,0,0,0,0,2,0,0,1,0,2,0,0,7,2,5,2026-08-30,data//AFLW_2026-08-30.csv,1,NA,0.2857142857142857,0.5714285714285714,1,0.5,1,NA,NA,6,0.25,NA,0,0,0,CD_M20262640309,3,2026-08-30,Essendon,CD_R202626403
CD_I1012709,42,KEY_FORWARD,"https://s.afl.com.au/staticfile/AFL Tenant/AFL/Players/ChampIDImages/AFLW/2026264/1012709.png?im=Scale,width=0.6,height=0.6",Tara,Bohanna,CD_T8096,CARL,Carlton,Blues,2,32.2,0,0,0,0,0,0,0,0,2,0,0,0,5,20,4,2,1,0,0,0,0,0,2,3,1,1,1,0,0,0,0,2,1,1,0,57,0,4,0,0,0,5,1,0,0,0,0,1,1,0,5,0,3,2026-08-30,data//AFLW_2026-08-30.csv,NA,NA,0.4,0.8,2,1,0.6666666666666666,0.2,0.2,0.6666666666666666,0.25,NA,0.078125,0,0,CD_M20262640308,3,2026-08-30,Fremantle,CD_R202626403
CD_I1012713,30,MIDFIELDER,"https://s.afl.com.au/staticfile/AFL Tenant/AFL/Players/ChampIDImages/AFLW/2026264/1012713.png?im=Scale,width=0.6,height=0.6",Shelley,Heath-Barker,CD_T7386,NAR,Melbourne,Demons,3,71.20000000000002,0,0,7,1,2,0,0,0,9,0,0,12,17,91,11,3,3,0,2,100,0,1,7,9,0,0,3,0,4,0,0,8,3,0,1,280,1,19,0,0,0,0,3,0,1,1,1,8,0,2,17,2,8,2026-08-30,data//AFLW_2026-08-30.csv,NA,NA,0.5294117647058824,0.6470588235294118,8,0.375,0.8888888888888888,NA,NA,0.8888888888888888,0.42105263157894735,NA,0,0.3181818181818182,0,CD_M20262640305,3,2026-08-30,Brisbane Lions,CD_R202626403
CD_I1012964,17,MIDFIELDER,"https://s.afl.com.au/staticfile/AFL Tenant/AFL/Players/ChampIDImages/AFLW/2026264/1012964.png?im=Scale,width=0.6,height=0.6",Dominique,Carbone,CD_T8097,COLL,Collingwood,Magpies,2,54.8,0,0,9,1,2,0,0,0,9,0,0,5,14,64,7,1,0,0,3,100,0,1,4,6,0,0,1,0,3,0,0,8,1,0,0,168,0,8,0,0,0,0,2,0,1,0,3,4,0,4,14,2,5,2026-08-30,data//AFLW_2026-08-30.csv,NA,NA,0.6428571428571429,0.5,6,0.125,1,NA,NA,1.3333333333333333,0.5,NA,0,0.5901639344262295,0,CD_M20262640307,3,2026-08-30,Hawthorn,CD_R202626403
CD_I1012987,12,MEDIUM_DEFENDER,"https://s.afl.com.au/staticfile/AFL Tenant/AFL/Players/ChampIDImages/AFLW/2026264/1012987.png?im=Scale,width=0.6,height=0.6",Serene,Watson,CD_T8796,EUR,St Kilda,St Kilda,3,94.89999999999998,0,0,0,0,3,0,0,1,6,0,0,8,21,91,14,11,0,1,0,0,0,0,3,4,0,0,0,0,6,6,6,17,5,0,0,411,1,11,0,0,8,0,2,0,0,1,2,5,0,2,15,6,9,2026-08-30,data//AFLW_2026-08-30.csv,NA,NA,0.4,0.6666666666666666,3,0.6470588235294118,0.75,NA,NA,4.25,0.45454545454545453,1,0,0,0.75,CD_M20262640303,3,2026-08-29,Sydney Swans,CD_R202626403
CD_I1012994,22,KEY_FORWARD,"https://s.afl.com.au/staticfile/AFL Tenant/AFL/Players/ChampIDImages/AFLW/2026264/1012994.png?im=Scale,width=0.6,height=0.6",Bella,Smith,CD_T7886,WAL,Fremantle,Dockers,3,71.89999999999999,0,0,0,0,2,0,0,1,4,1,0,0,13,51,10,7,0,0,0,60,0,0,3,4,1,0,1,0,2,0,0,9,5,1,2,119,0,6,0,0,0,2,3,0,0,0,0,0,0,0,12,3,8,2026-08-30,data//AFLW_2026-08-30.csv,NA,0,0.3333333333333333,0.7692307692307693,3,0.7777777777777778,0.75,0.5,0,2.25,0,NA,0.03125,0,0,CD_M20262640308,3,2026-08-30,Carlton,CD_R202626403
CD_I1013015,24,MEDIUM_DEFENDER,"https://s.afl.com.au/staticfile/AFL Tenant/AFL/Players/ChampIDImages/AFLW/2026264/1013015.png?im=Scale,width=0.6,height=0.6",Tamara,Smith,CD_T9407,HAW,Hawthorn,Hawks,3,82.6,0,0,0,0,2,1,1,0,8,0,0,15,16,72,13,7,0,1,1,0,0,0,7,6,0,0,0,0,9,0,0,10,4,0,0,158,2,15,0,0,4,0,2,0,0,1,0,5,0,0,16,2,8,2026-08-30,data//AFLW_2026-08-30.csv,1,NA,0.5,0.8125,6,0.7,1,NA,NA,1.6666666666666667,0.3333333333333333,NA,0,0,0,CD_M20262640307,3,2026-08-30,Collingwood,CD_R202626403
CD_I1013026,17,MEDIUM_DEFENDER,"https://s.afl.com.au/staticfile/AFL Tenant/AFL/Players/ChampIDImages/AFLW/2026264/1013026.png?im=Scale,width=0.6,height=0.6",Elisabeth,Georgostathis,CD_T7387,WB,Western Bulldogs,Bulldogs,1,45.2,0,0,5,0,2,0,0,0,2,0,0,4,11,44,10,6,0,2,0,100,0,1,2,4,0,0,0,0,1,0,0,7,1,0,0,104,1,9,0,0,0,0,1,0,1,1,1,3,0,1,11,2,9,2026-08-30,data//AFLW_2026-08-30.csv,NA,NA,0.18181818181818182,0.9090909090909091,4,0.8571428571428571,1,NA,NA,1.75,0.3333333333333333,NA,0,0.2777777777777778,0,CD_M20262640301,3,2026-08-29,North Melbourne,CD_R202626403
CD_I1013027,5,MIDFIELDER,"https://s.afl.com.au/staticfile/AFL Tenant/AFL/Players/ChampIDImages/AFLW/2026264/1013027.png?im=Scale,width=0.6,height=0.6",Abbie,McKay,CD_T8096,CARL,Carlton,Blues,3,83.80000000000001,0,0,15,2,1,0,0,0,16,0,0,7,26,80,19,3,1,0,0,0,1,0,14,17,0,0,4,0,7,0,0,9,1,0,0,282,1,11,0,0,2,1,3,0,0,0,4,4,1,6,26,4,10,2026-08-30,data//AFLW_2026-08-30.csv,NA,NA,0.6153846153846154,0.7307692307692307,16,0.3333333333333333,0.9411764705882353,0,0,0.5294117647058824,0.36363636363636365,NA,0.015625,0.8823529411764706,0,CD_M20262640308,3,2026-08-30,Fremantle,CD_R202626403
CD_I1013028,7,KEY_DEFENDER,"https://s.afl.com.au/staticfile/AFL Tenant/AFL/Players/ChampIDImages/AFLW/2026264/1013028.png?im=Scale,width=0.6,height=0.6",Katie,Lynch,CD_T8786,GCFC,Gold Coast SUNS,SUNS,2,58.500000000000014,0,0,0,0,1,0,2,1,3,0,0,7,6,14,5,2,0,1,0,0,0,0,2,4,0,0,0,0,2,0,0,2,1,0,0,29,2,8,0,0,0,0,1,0,0,2,0,0,0,0,7,1,4,2026-08-30,data//AFLW_2026-08-30.csv,0,NA,0.42857142857142855,0.8333333333333334,3,1,0.75,NA,NA,0.5,0,NA,0,0,0,CD_M20262640306,3,2026-08-30,Geelong Cats,CD_R202626403
CD_I1013032,18,MEDIUM_DEFENDER,"https://s.afl.com.au/staticfile/AFL Tenant/AFL/Players/ChampIDImages/AFLW/2026264/1013032.png?im=Scale,width=0.6,height=0.6",Britney,Gutknecht,CD_T7387,WB,Western Bulldogs,Bulldogs,3,80.69999999999999,0,0,0,1,3,0,0,1,9,0,0,4,18,67,11,9,0,1,3,0,0,0,4,4,0,0,3,0,8,0,0,14,3,0,0,453,2,7,0,0,1,0,0,0,0,1,1,2,0,2,16,6,7,2026-08-30,data//AFLW_2026-08-30.csv,NA,NA,0.5625,0.6111111111111112,2,0.6428571428571429,0.5,NA,NA,3.5,0.2857142857142857,NA,0,0,0,CD_M20262640301,3,2026-08-29,North Melbourne,CD_R202626403
CD_I1013442,20,MEDIUM_DEFENDER,"https://s.afl.com.au/staticfile/AFL Tenant/AFL/Players/ChampIDImages/AFLW/2026264/1013442.png?im=Scale,width=0.6,height=0.6",Jasmine,Ferguson,CD_T8466,NMFC,North Melbourne,Kangaroos,3,100,0,0,0,0,0,0,0,0,1,0,0,3,4,14,4,2,0,0,1,0,0,0,1,2,0,0,0,0,2,0,0,2,1,0,0,47,2,3,0,0,0,0,1,0,0,2,0,0,0,0,3,0,2,2026-08-30,data//AFLW_2026-08-30.csv,NA,NA,0.3333333333333333,1,2,1,1,NA,NA,1,0,NA,0,0,0,CD_M20262640301,3,2026-08-29,Western Bulldogs,CD_R202626403
CD_I1013522,5,MIDFIELDER,"https://s.afl.com.au/staticfile/AFL Tenant/AFL/Players/ChampIDImages/AFLW/2026264/1013522.png?im=Scale,width=0.6,height=0.6",Georgia,Nanscawen,CD_T9406,ESS,Essendon,Bombers,3,87.19999999999999,0,0,11,1,3,0,0,0,11,0,0,11,17,87,13,7,0,0,5,0,0,0,7,8,0,0,0,0,5,0,0,9,1,1,0,113,1,20,0,0,1,0,3,0,0,1,2,9,3,3,18,2,7,2026-08-30,data//AFLW_2026-08-30.csv,NA,NA,0.6111111111111112,0.7647058823529411,6,0.7777777777777778,0.75,NA,NA,1.125,0.45,NA,0,0.8461538461538461,0,CD_M20262640309,3,2026-08-30,Richmond,CD_R202626403
CD_I1013706,7,MEDIUM_DEFENDER,"https://s.afl.com.au/staticfile/AFL Tenant/AFL/Players/ChampIDImages/AFLW/2026264/1013706.png?im=Scale,width=0.6,height=0.6",Sarah,Rowe,CD_T8097,COLL,Collingwood,Magpies,3,59.50000000000003,0,0,0,0,5,0,0,0,2,0,0,0,10,34,6,2,0,1,1,0,0,0,1,5,0,0,3,0,0,0,0,5,1,0,0,167,1,5,0,0,1,0,1,0,0,1,0,2,1,0,10,4,8,2026-08-30,data//AFLW_2026-08-30.csv,NA,NA,0.2,0.6,4,0.4,0.8,NA,NA,1,0.4,NA,0,0,0,CD_M20262640307,3,2026-08-30,Hawthorn,CD_R202626403
CD_I1013937,4,MEDIUM_FORWARD,"https://s.afl.com.au/staticfile/AFL Tenant/AFL/Players/ChampIDImages/AFLW/2026264/1013937.png?im=Scale,width=0.6,height=0.6",Angelique,Stannett,CD_T7886,WAL,Fremantle,Dockers,3,77.79999999999998,1,0,12,0,2,0,0,0,8,0,0,8,9,40,4,0,0,1,1,0,1,0,4,5,0,0,0,0,3,0,0,4,1,0,0,84,2,15,0,0,0,0,2,0,1,0,0,4,1,0,11,1,3,2026-08-30,data//AFLW_2026-08-30.csv,NA,NA,0.7272727272727273,0.4444444444444444,4,0,0.8,NA,NA,0.8,0.26666666666666666,NA,0,0.7058823529411765,0,CD_M20262640308,3,2026-08-30,Carlton,CD_R202626403
CD_I1013943,24,MEDIUM_DEFENDER,"https://s.afl.com.au/staticfile/AFL Tenant/AFL/Players/ChampIDImages/AFLW/2026264/1013943.png?im=Scale,width=0.6,height=0.6",Tessa,Boyd,CD_T8466,NMFC,North Melbourne,Kangaroos,1,75.3,0,1,0,0,0,0,0,0,3,0,0,4,15,63,11,8,0,0,0,0,0,0,3,5,0,0,0,0,5,2,2,10,5,0,0,159,0,6,0,0,2,0,3,0,0,0,0,2,0,0,12,0,9,2026-08-30,data//AFLW_2026-08-30.csv,NA,NA,0.25,0.7333333333333333,3,0.8,0.6,NA,NA,2,0.3333333333333333,1,0,0,0.4,CD_M20262640301,3,2026-08-29,Western Bulldogs,CD_R202626403
CD_I1014034,7,MIDFIELDER,"https://s.afl.com.au/staticfile/AFL Tenant/AFL/Players/ChampIDImages/AFLW/2026264/1014034.png?im=Scale,width=0.6,height=0.6",Aisling,McCarthy,CD_T7886,WAL,Fremantle,Dockers,3,63.50000000000003,0,0,8,0,5,1,1,0,7,0,0,2,12,56,8,6,1,3,1,20,0,0,3,3,0,0,4,0,1,0,0,9,5,0,1,215,0,15,0,0,1,0,0,0,0,0,3,4,1,3,15,6,8,2026-08-30,data//AFLW_2026-08-30.csv,1,NA,0.4666666666666667,0.6666666666666666,2,0.6666666666666666,0.6666666666666666,NA,NA,3,0.26666666666666666,NA,0,0.47058823529411764,0,CD_M20262640308,3,2026-08-30,Carlton,CD_R202626403
CD_I1014359,31,MIDFIELDER,"https://s.afl.com.au/staticfile/AFL Tenant/AFL/Players/ChampIDImages/AFLW/2026264/1014359.png?im=Scale,width=0.6,height=0.6",Laura,Gardiner,CD_T9408,SYD,Sydney Swans,Swans,3,93.9,0,0,2,0,4,0,0,0,14,1,0,8,23,95,12,1,1,1,4,50,0,1,8,16,0,0,0,0,5,0,0,7,1,0,0,169,0,17,0,0,1,0,4,0,1,0,1,8,2,1,25,5,11,2026-08-30,data//AFLW_2026-08-30.csv,NA,0,0.56,0.5217391304347826,11,0.14285714285714285,0.6875,NA,NA,0.4375,0.47058823529411764,NA,0,0.2222222222222222,0,CD_M20262640303,3,2026-08-29,St Kilda,CD_R202626403
CD_I1014367,6,MIDFIELDER,"https://s.afl.com.au/staticfile/AFL Tenant/AFL/Players/ChampIDImages/AFLW/2026264/1014367.png?im=Scale,width=0.6,height=0.6",Alyssa,Bannan,CD_T7386,NAR,Melbourne,Demons,3,72.69999999999999,0,0,0,1,0,0,0,1,7,0,0,3,11,49,7,2,1,0,0,0,0,0,5,6,0,0,1,0,3,0,0,5,2,0,0,86,2,10,0,0,0,0,4,0,0,1,0,4,0,1,12,1,5,2026-08-30,data//AFLW_2026-08-30.csv,NA,NA,0.5833333333333334,0.6363636363636364,5,0.4,0.8333333333333334,NA,NA,0.8333333333333334,0.4,NA,0,0,0,CD_M20262640305,3,2026-08-30,Brisbane Lions,CD_R202626403
CD_I1014372,23,MIDFIELDER,"https://s.afl.com.au/staticfile/AFL Tenant/AFL/Players/ChampIDImages/AFLW/2026264/1014372.png?im=Scale,width=0.6,height=0.6",Jess,Fitzgerald,CD_T7387,WB,Western Bulldogs,Bulldogs,3,82.70000000000002,0,2,10,0,3,0,1,0,7,0,0,5,22,67,16,8,0,0,0,0,0,0,7,8,0,0,3,0,4,1,1,14,3,0,0,295,1,11,0,0,5,0,1,0,0,1,1,0,0,1,20,5,13,2026-08-30,data//AFLW_2026-08-30.csv,0,NA,0.35,0.7272727272727273,8,0.5714285714285714,1,NA,NA,1.75,0,1,0,0.5555555555555556,0.25,CD_M20262640301,3,2026-08-29,North Melbourne,CD_R202626403
CD_I1014373,36,MEDIUM_DEFENDER,"https://s.afl.com.au/staticfile/AFL Tenant/AFL/Players/ChampIDImages/AFLW/2026264/1014373.png?im=Scale,width=0.6,height=0.6",Ciara,Fitzgerald,CD_T8096,CARL,Carlton,Blues,3,90.29999999999998,0,0,0,0,2,0,0,0,2,0,0,10,11,45,7,3,0,0,0,0,0,0,1,6,0,0,1,0,3,0,0,5,2,0,0,149,4,12,0,0,3,0,0,0,0,3,0,3,0,0,12,2,10,2026-08-30,data//AFLW_2026-08-30.csv,NA,NA,0.16666666666666666,0.6363636363636364,4,0.6,0.6666666666666666,NA,NA,0.8333333333333334,0.25,NA,0,0,0,CD_M20262640308,3,2026-08-30,Fremantle,CD_R202626403
CD_I1014556,14,MEDIUM_FORWARD,"https://s.afl.com.au/staticfile/AFL Tenant/AFL/Players/ChampIDImages/AFLW/2026264/1014556.png?im=Scale,width=0.6,height=0.6",Hannah,Priest,CD_T8796,EUR,St Kilda,St Kilda,3,94.59999999999997,1,0,0,0,1,0,0,1,3,0,0,5,10,46,6,2,1,1,1,0,0,0,1,4,0,0,2,0,4,0,0,6,3,1,1,101,1,12,0,0,1,0,5,0,1,1,0,3,0,0,9,3,6,2026-08-30,data//AFLW_2026-08-30.csv,NA,NA,0.3333333333333333,0.6,4,0.3333333333333333,1,NA,NA,1.5,0.25,NA,0,0,0,CD_M20262640303,3,2026-08-29,Sydney Swans,CD_R202626403
CD_I1014599,1,KEY_FORWARD,"https://s.afl.com.au/staticfile/AFL Tenant/AFL/Players/ChampIDImages/AFLW/2026264/1014599.png?im=Scale,width=0.6,height=0.6",Caitlin,Gould,CD_T8098,KUW,Adelaide Crows,Crows,3,92.50000000000003,1,2,3,0,0,0,0,1,8,2,0,1,11,55,7,2,4,0,1,37.5,2,1,6,6,4,0,2,0,2,0,0,5,4,1,2,262,3,4,0,0,0,16,6,0,2,2,0,1,1,0,13,0,5,2026-08-30,data//AFLW_2026-08-30.csv,NA,0,0.6153846153846154,0.6363636363636364,5,0.4,0.8333333333333334,0.25,0,0.8333333333333334,0.25,NA,0.27586206896551724,0.16666666666666666,0,CD_M20262640302,3,2026-08-29,West Coast Eagles,CD_R202626403
CD_I1014624,10,MEDIUM_FORWARD,"https://s.afl.com.au/staticfile/AFL Tenant/AFL/Players/ChampIDImages/AFLW/2026264/1014624.png?im=Scale,width=0.6,height=0.6",Indy,Tahau,CD_T9409,YAR,Port Adelaide,Power,3,45.39999999999998,1,0,0,0,1,0,0,0,2,2,1,0,2,14,1,1,1,1,1,40,1,0,1,0,1,0,1,0,0,0,0,2,0,0,0,68,2,4,0,0,0,2,2,0,1,2,0,2,2,0,2,1,0,2026-08-30,data//AFLW_2026-08-30.csv,NA,0.5,1,0.5,0,0.5,NA,0.5,0,Inf,0.5,NA,0.03278688524590164,0,NA,CD_M20262640304,3,2026-08-30,GWS GIANTS,CD_R202626403
CD_I1014663,26,KEY_DEFENDER,"https://s.afl.com.au/staticfile/AFL Tenant/AFL/Players/ChampIDImages/AFLW/2026264/1014663.png?im=Scale,width=0.6,height=0.6",Zoe,Prowse,CD_T9406,ESS,Essendon,Bombers,3,91.19999999999999,0,0,0,0,1,0,0,0,5,0,0,7,8,40,7,4,0,1,1,0,0,0,4,4,0,0,0,0,7,0,0,4,2,0,0,73,2,9,0,0,4,0,0,0,0,2,0,4,0,0,7,1,2,2026-08-30,data//AFLW_2026-08-30.csv,NA,NA,0.7142857142857143,0.875,3,1,0.75,NA,NA,1,0.4444444444444444,NA,0,0,0,CD_M20262640309,3,2026-08-30,Richmond,CD_R202626403
CD_I1014781,2,MIDFIELDER,"https://s.afl.com.au/staticfile/AFL Tenant/AFL/Players/ChampIDImages/AFLW/2026264/1014781.png?im=Scale,width=0.6,height=0.6",Emelia,Yassir,CD_T8788,RICH,Richmond,Richmond,3,75.29999999999998,0,0,2,0,4,0,0,0,4,0,0,3,10,40,5,3,3,1,1,50,1,0,3,3,0,0,1,0,2,0,0,7,1,0,0,176,1,10,0,0,0,0,3,0,0,1,0,3,1,0,10,3,6,2026-08-30,data//AFLW_2026-08-30.csv,NA,NA,0.4,0.5,2,0.42857142857142855,0.6666666666666666,NA,NA,2.3333333333333335,0.3,NA,0,0.15384615384615385,0,CD_M20262640309,3,2026-08-30,Essendon,CD_R202626403
CD_I1014785,8,MIDFIELDER_FORWARD,"https://s.afl.com.au/staticfile/AFL Tenant/AFL/Players/ChampIDImages/AFLW/2026264/1014785.png?im=Scale,width=0.6,height=0.6",Zali,Friswell,CD_T8467,GEEL,Geelong Cats,Cats,3,79.59999999999997,0,0,0,0,0,0,0,0,1,1,0,6,9,39,9,3,0,0,0,0,0,0,1,6,0,0,1,0,0,0,0,3,2,0,0,83,0,15,0,0,0,0,4,0,0,0,0,3,1,0,10,0,9,2026-08-30,data//AFLW_2026-08-30.csv,NA,0,0.1,1,6,1,1,NA,NA,0.5,0.2,NA,0,0,0,CD_M20262640306,3,2026-08-30,Gold Coast SUNS,CD_R202626403
CD_I1014793,17,KEY_DEFENDER,"https://s.afl.com.au/staticfile/AFL Tenant/AFL/Players/ChampIDImages/AFLW/2026264/1014793.png?im=Scale,width=0.6,height=0.6",Tahlia,Gillard,CD_T7386,NAR,Melbourne,Demons,3,100.09999999999997,0,0,0,0,3,0,2,2,3,0,0,5,18,91,17,15,0,1,0,0,0,0,1,2,0,0,0,0,11,5,3,16,10,0,0,367,5,7,0,0,7,0,4,0,0,5,0,3,0,0,15,4,12,2026-08-30,data//AFLW_2026-08-30.csv,0,NA,0.2,0.9444444444444444,2,0.9375,1,NA,NA,8,0.42857142857142855,0.6,0,0,0.5555555555555556,CD_M20262640305,3,2026-08-30,Brisbane Lions,CD_R202626403
CD_I1014810,41,MIDFIELDER,"https://s.afl.com.au/staticfile/AFL Tenant/AFL/Players/ChampIDImages/AFLW/2026264/1014810.png?im=Scale,width=0.6,height=0.6",Georgie,Prespakis,CD_T8467,GEEL,Geelong Cats,Cats,3,90.69999999999999,0,0,16,5,3,0,0,0,22,0,0,9,33,124,23,9,2,1,3,0,0,0,15,20,0,0,3,0,8,0,0,13,3,1,0,408,1,18,0,0,3,0,6,0,0,0,3,9,2,8,33,7,11,2026-08-30,data//AFLW_2026-08-30.csv,NA,NA,0.6666666666666666,0.696969696969697,14,0.6923076923076923,0.7,NA,NA,0.65,0.5,NA,0,0.7619047619047619,0,CD_M20262640306,3,2026-08-30,Gold Coast SUNS,CD_R202626403
CD_I1014835,6,MIDFIELDER,"https://s.afl.com.au/staticfile/AFL Tenant/AFL/Players/ChampIDImages/AFLW/2026264/1014835.png?im=Scale,width=0.6,height=0.6",Tyanna,Smith,CD_T8796,EUR,St Kilda,St Kilda,3,82.6,0,1,8,0,4,0,0,0,5,0,0,13,14,56,10,6,0,3,1,50,0,0,4,4,0,0,4,0,1,0,0,10,2,0,1,362,1,25,0,0,2,0,4,0,0,0,2,5,1,2,14,6,9,2026-08-30,data//AFLW_2026-08-30.csv,NA,NA,0.35714285714285715,0.7142857142857143,4,0.6,1,NA,NA,2.5,0.2,NA,0,0.8888888888888888,0,CD_M20262640303,3,2026-08-29,Sydney Swans,CD_R202626403
CD_I1014841,22,MIDFIELDER,"https://s.afl.com.au/staticfile/AFL Tenant/AFL/Players/ChampIDImages/AFLW/2026264/1014841.png?im=Scale,width=0.6,height=0.6",Ashleigh,Richards,CD_T8796,EUR,St Kilda,St Kilda,3,64.10000000000002,0,0,5,1,0,0,0,0,6,0,0,5,12,52,9,4,1,0,1,0,0,0,5,6,0,0,1,0,4,0,0,6,3,0,0,149,0,11,0,0,1,0,1,0,0,0,2,3,1,3,12,0,6,2026-08-30,data//AFLW_2026-08-30.csv,NA,NA,0.5,0.75,5,0.6666666666666666,0.8333333333333334,NA,NA,1,0.2727272727272727,NA,0,0.5555555555555556,0,CD_M20262640303,3,2026-08-29,Sydney Swans,CD_R202626403
CD_I1014869,11,MEDIUM_DEFENDER,"https://s.afl.com.au/staticfile/AFL Tenant/AFL/Players/ChampIDImages/AFLW/2026264/1014869.png?im=Scale,width=0.6,height=0.6",Jenna,Richardson,CD_T9407,HAW,Hawthorn,Hawks,3,81.80000000000001,0,0,0,0,0,1,1,1,3,0,0,3,12,58,10,6,0,0,1,100,0,1,1,4,0,0,1,0,8,1,1,8,5,0,0,215,2,3,0,0,5,0,3,0,1,2,0,1,0,0,10,1,7,2026-08-30,data//AFLW_2026-08-30.csv,1,NA,0.3,0.8333333333333334,4,0.75,1,NA,NA,2,0.3333333333333333,1,0,0,0.125,CD_M20262640307,3,2026-08-30,Collingwood,CD_R202626403
CD_I1014882,16,KEY_DEFENDER,"https://s.afl.com.au/staticfile/AFL Tenant/AFL/Players/ChampIDImages/AFLW/2026264/1014882.png?im=Scale,width=0.6,height=0.6",Laura,McClelland,CD_T8788,RICH,Richmond,Richmond,3,92.50000000000003,0,0,0,0,1,0,0,0,3,0,0,7,10,34,9,5,0,0,0,0,0,0,3,5,0,0,0,0,5,0,0,5,3,0,0,48,0,8,0,0,1,0,1,0,0,0,0,0,0,0,10,0,7,2026-08-30,data//AFLW_2026-08-30.csv,NA,NA,0.3,0.9,4,1,0.8,NA,NA,1,0,NA,0,0,0,CD_M20262640309,3,2026-08-30,Essendon,CD_R202626403
CD_I1014904,24,MIDFIELDER,"https://s.afl.com.au/staticfile/AFL Tenant/AFL/Players/ChampIDImages/AFLW/2026264/1014904.png?im=Scale,width=0.6,height=0.6",Megan,Fitzsimon,CD_T7386,NAR,Melbourne,Demons,3,76.00000000000003,1,0,3,0,3,0,0,0,5,3,0,3,12,63,5,4,2,1,0,50,2,2,3,1,0,0,3,0,1,0,0,11,2,1,1,221,1,19,0,0,1,0,5,0,3,0,2,3,1,2,11,4,6,2026-08-30,data//AFLW_2026-08-30.csv,NA,0,0.45454545454545453,0.4166666666666667,1,0.36363636363636365,1,NA,NA,11,0.15789473684210525,NA,0,0.13636363636363635,0,CD_M20262640305,3,2026-08-30,Brisbane Lions,CD_R202626403
CD_I1014917,15,MIDFIELDER,"https://s.afl.com.au/staticfile/AFL Tenant/AFL/Players/ChampIDImages/AFLW/2026264/1014917.png?im=Scale,width=0.6,height=0.6",Lily-Rose,Williamson,CD_T7887,BL,Brisbane Lions,Lions,3,78.1,0,0,8,0,3,0,0,0,4,0,0,5,10,40,6,2,0,0,0,0,0,0,3,5,0,0,0,0,1,0,0,5,1,0,0,98,2,15,0,0,0,0,1,0,0,1,1,3,2,1,10,2,6,2026-08-30,data//AFLW_2026-08-30.csv,NA,NA,0.4,0.6,4,0.4,0.8,NA,NA,1,0.2,NA,0,0.36363636363636365,0,CD_M20262640305,3,2026-08-30,Melbourne,CD_R202626403
CD_I1014962,16,KEY_DEFENDER,"https://s.afl.com.au/staticfile/AFL Tenant/AFL/Players/ChampIDImages/AFLW/2026264/1014962.png?im=Scale,width=0.6,height=0.6",Ella,Friend,CD_T8796,EUR,St Kilda,St Kilda,3,81.49999999999994,0,0,0,0,0,0,1,0,0,0,0,2,4,22,3,3,0,0,0,0,0,0,0,0,0,0,0,0,0,1,1,4,2,0,0,94,2,4,0,0,2,0,0,0,0,2,0,1,0,0,4,2,4,2026-08-30,data//AFLW_2026-08-30.csv,0,NA,0,0.75,0,0.75,NA,NA,NA,Inf,0.25,1,0,0,0.125,CD_M20262640303,3,2026-08-29,Sydney Swans,CD_R202626403
CD_I1014982,28,MIDFIELDER,"https://s.afl.com.au/staticfile/AFL Tenant/AFL/Players/ChampIDImages/AFLW/2026264/1014982.png?im=Scale,width=0.6,height=0.6",Abby,Favell,CD_T8466,NMFC,North Melbourne,Kangaroos,1,65.2,0,0,0,0,0,0,0,0,1,0,0,5,6,25,5,2,0,0,0,0,1,0,0,3,0,0,1,0,0,0,0,3,2,0,1,117,0,8,0,0,0,0,2,0,0,0,1,1,0,1,6,1,5,2026-08-30,data//AFLW_2026-08-30.csv,NA,NA,0.16666666666666666,0.8333333333333334,3,0.6666666666666666,1,NA,NA,1,0.125,NA,0,0,0,CD_M20262640301,3,2026-08-29,Western Bulldogs,CD_R202626403
CD_I1014991,17,MEDIUM_FORWARD,"https://s.afl.com.au/staticfile/AFL Tenant/AFL/Players/ChampIDImages/AFLW/2026264/1014991.png?im=Scale,width=0.6,height=0.6",Keeley,Skepper,CD_T8787,WAA,West Coast Eagles,Eagles,3,64.10000000000002,0,0,0,0,2,0,0,0,4,0,0,1,7,23,4,1,1,0,0,50,0,0,3,5,0,0,1,0,0,0,0,2,1,0,1,103,4,6,0,0,0,0,0,0,0,1,0,1,0,0,8,3,4,2026-08-30,data//AFLW_2026-08-30.csv,NA,NA,0.5,0.5714285714285714,3,0.5,0.6,NA,NA,0.4,0.16666666666666666,NA,0,0,0,CD_M20262640302,3,2026-08-29,Adelaide Crows,CD_R202626403
CD_I1015012,7,RUCK,"https://s.afl.com.au/staticfile/AFL Tenant/AFL/Players/ChampIDImages/AFLW/2026264/1015012.png?im=Scale,width=0.6,height=0.6",Ally,Morphett,CD_T9408,SYD,Sydney Swans,Swans,3,82.1,1,0,9,0,2,0,0,3,7,1,0,5,10,69,7,6,1,2,0,0,0,0,3,3,20,3,4,0,4,0,0,7,5,1,0,283,1,10,0,0,1,30,3,0,1,0,1,3,0,1,10,3,3,2026-08-30,data//AFLW_2026-08-30.csv,NA,0,0.7,0.7,1,0.8571428571428571,0.3333333333333333,0.6666666666666666,0.1,2.3333333333333335,0.3,NA,0.6976744186046512,1,0,CD_M20262640303,3,2026-08-29,St Kilda,CD_R202626403
CD_I1015025,9,KEY_FORWARD,"https://s.afl.com.au/staticfile/AFL Tenant/AFL/Players/ChampIDImages/AFLW/2026264/1015025.png?im=Scale,width=0.6,height=0.6",Georgia,Gall,CD_T7386,NAR,Melbourne,Demons,3,61.099999999999994,0,0,1,0,0,0,0,0,2,2,0,0,7,43,7,4,1,0,0,80,2,2,2,3,1,1,1,0,0,0,0,4,4,1,4,116,0,1,0,0,0,4,6,0,2,0,0,0,0,0,7,1,5,2026-08-30,data//AFLW_2026-08-30.csv,NA,0,0.2857142857142857,1,3,1,1,0.25,0.25,1.3333333333333333,0,NA,0.06349206349206349,0.045454545454545456,0,CD_M20262640305,3,2026-08-30,Brisbane Lions,CD_R202626403
CD_I1015029,13,MEDIUM_DEFENDER,"https://s.afl.com.au/staticfile/AFL Tenant/AFL/Players/ChampIDImages/AFLW/2026264/1015029.png?im=Scale,width=0.6,height=0.6",Maeve,Chaplin,CD_T7386,NAR,Melbourne,Demons,1,55.7,0,0,0,0,2,0,0,0,1,0,0,6,15,61,12,9,0,1,1,0,0,0,1,4,0,0,4,0,4,3,3,11,6,0,0,346,0,6,0,0,0,0,3,0,0,0,0,1,0,0,13,2,12,2026-08-30,data//AFLW_2026-08-30.csv,NA,NA,0.07692307692307693,0.8,3,0.8181818181818182,0.75,NA,NA,2.75,0.16666666666666666,1,0,0,0.3333333333333333,CD_M20262640305,3,2026-08-30,Brisbane Lions,CD_R202626403
CD_I1015047,10,MIDFIELDER,"https://s.afl.com.au/staticfile/AFL Tenant/AFL/Players/ChampIDImages/AFLW/2026264/1015047.png?im=Scale,width=0.6,height=0.6",Mimi,Hill,CD_T8096,CARL,Carlton,Blues,3,90.00000000000003,0,0,13,0,2,0,0,0,8,1,1,10,23,77,11,6,1,0,0,50,0,1,5,12,0,0,3,0,2,0,0,11,2,0,0,293,1,19,0,0,2,0,4,0,1,0,0,2,0,0,22,4,14,2026-08-30,data//AFLW_2026-08-30.csv,NA,1,0.36363636363636365,0.4782608695652174,5,0.5454545454545454,0.4166666666666667,NA,NA,0.9166666666666666,0.10526315789473684,NA,0,0.7647058823529411,0,CD_M20262640308,3,2026-08-30,Fremantle,CD_R202626403
CD_I1015068,8,MIDFIELDER,"https://s.afl.com.au/staticfile/AFL Tenant/AFL/Players/ChampIDImages/AFLW/2026264/1015068.png?im=Scale,width=0.6,height=0.6",Charlie,Rowbottom,CD_T8786,GCFC,Gold Coast SUNS,SUNS,3,86.00000000000003,0,0,18,2,5,0,0,0,15,0,0,9,39,117,25,9,1,3,0,0,0,0,8,19,0,0,7,0,6,0,0,20,4,0,0,420,1,16,0,0,1,0,5,0,0,1,3,4,0,5,38,8,23,2026-08-30,data//AFLW_2026-08-30.csv,NA,NA,0.39473684210526316,0.6410256410256411,16,0.45,0.8421052631578947,NA,NA,1.0526315789473684,0.25,NA,0,0.8571428571428571,0,CD_M20262640306,3,2026-08-30,Geelong Cats,CD_R202626403
CD_I1015088,22,MIDFIELDER,"https://s.afl.com.au/staticfile/AFL Tenant/AFL/Players/ChampIDImages/AFLW/2026264/1015088.png?im=Scale,width=0.6,height=0.6",Eliza,McNamara,CD_T7386,NAR,Melbourne,Demons,3,94.10000000000002,0,0,8,2,3,0,0,0,4,1,0,4,16,70,11,7,0,2,1,100,1,1,2,4,0,0,5,0,0,0,0,12,3,0,0,345,0,13,0,0,1,0,4,0,1,0,0,4,2,2,17,2,13,2026-08-30,data//AFLW_2026-08-30.csv,NA,0,0.23529411764705882,0.6875,4,0.5833333333333334,1,NA,NA,3,0.3076923076923077,NA,0,0.36363636363636365,0,CD_M20262640305,3,2026-08-30,Brisbane Lions,CD_R202626403
CD_I1015091,15,MEDIUM_FORWARD,"https://s.afl.com.au/staticfile/AFL Tenant/AFL/Players/ChampIDImages/AFLW/2026264/1015091.png?im=Scale,width=0.6,height=0.6",Sarah,Hartwig,CD_T7387,WB,Western Bulldogs,Bulldogs,3,93.19999999999996,1,1,0,0,3,0,0,0,0,0,0,0,8,37,4,1,0,1,0,57.1,0,1,0,3,0,0,0,0,0,0,0,5,4,2,0,122,1,2,0,0,0,0,3,0,2,1,0,0,0,0,8,1,8,2026-08-30,data//AFLW_2026-08-30.csv,NA,NA,0,0.5,3,0.2,1,NA,NA,1.6666666666666667,0,NA,0,0,0,CD_M20262640301,3,2026-08-29,North Melbourne,CD_R202626403
CD_I1015094,3,MEDIUM_DEFENDER,"https://s.afl.com.au/staticfile/AFL Tenant/AFL/Players/ChampIDImages/AFLW/2026264/1015094.png?im=Scale,width=0.6,height=0.6",Alice,Burke,CD_T8796,EUR,St Kilda,St Kilda,3,49.400000000000006,1,0,0,0,2,1,2,0,3,0,0,6,5,32,3,2,0,1,1,0,0,0,2,1,0,0,0,0,2,0,0,4,1,0,0,99,1,6,0,0,0,0,1,0,1,1,0,4,0,0,5,2,2,2026-08-30,data//AFLW_2026-08-30.csv,0.5,NA,0.6,0.6,1,0.5,1,NA,NA,4,0.6666666666666666,NA,0,0,0,CD_M20262640303,3,2026-08-29,Sydney Swans,CD_R202626403
CD_I1015097,3,MIDFIELDER_FORWARD,"https://s.afl.com.au/staticfile/AFL Tenant/AFL/Players/ChampIDImages/AFLW/2026264/1015097.png?im=Scale,width=0.6,height=0.6",Bella,Eddey,CD_T8466,NMFC,North Melbourne,Kangaroos,3,57.400000000000006,0,0,9,3,3,0,0,0,9,0,0,3,16,59,13,4,0,1,1,100,0,0,6,9,0,0,2,0,4,0,0,7,2,1,0,157,0,7,0,0,0,0,4,0,0,0,3,4,1,6,15,3,6,2026-08-30,data//AFLW_2026-08-30.csv,NA,NA,0.6,0.8125,9,0.5714285714285714,1,NA,NA,0.7777777777777778,0.5714285714285714,NA,0,0.5,0,CD_M20262640301,3,2026-08-29,Western Bulldogs,CD_R202626403
CD_I1015124,19,MIDFIELDER_FORWARD,"https://s.afl.com.au/staticfile/AFL Tenant/AFL/Players/ChampIDImages/AFLW/2026264/1015124.png?im=Scale,width=0.6,height=0.6",Ruby,Tripodi,CD_T8466,NMFC,North Melbourne,Kangaroos,3,77.00000000000003,0,0,13,1,1,0,0,0,9,0,0,12,12,72,9,4,1,0,1,100,0,1,7,7,0,0,0,0,2,0,0,5,0,0,0,94,0,25,0,0,2,0,2,0,1,0,4,9,1,5,12,4,3,2026-08-30,data//AFLW_2026-08-30.csv,NA,NA,0.75,0.75,5,0.8,0.7142857142857143,NA,NA,0.7142857142857143,0.36,NA,0,0.7222222222222222,0,CD_M20262640301,3,2026-08-29,Western Bulldogs,CD_R202626403
CD_I1015137,4,MIDFIELDER,"https://s.afl.com.au/staticfile/AFL Tenant/AFL/Players/ChampIDImages/AFLW/2026264/1015137.png?im=Scale,width=0.6,height=0.6",Isabelle,Pritchard,CD_T7387,WB,Western Bulldogs,Bulldogs,3,84.20000000000002,0,0,10,1,6,0,0,0,7,0,0,5,21,75,12,6,1,0,0,40,0,0,5,9,0,0,4,0,0,0,0,12,3,0,0,446,0,13,0,0,4,0,3,0,1,0,2,3,1,3,21,6,14,2026-08-30,data//AFLW_2026-08-30.csv,NA,NA,0.3333333333333333,0.5714285714285714,6,0.5,0.6666666666666666,NA,NA,1.3333333333333333,0.23076923076923078,NA,0,0.5555555555555556,0,CD_M20262640301,3,2026-08-29,North Melbourne,CD_R202626403
CD_I1015147,26,MIDFIELDER,"https://s.afl.com.au/staticfile/AFL Tenant/AFL/Players/ChampIDImages/AFLW/2026264/1015147.png?im=Scale,width=0.6,height=0.6",Charlotte,Baskaran,CD_T8796,EUR,St Kilda,St Kilda,3,83.6,0,0,0,0,1,0,0,0,2,0,0,7,10,43,8,5,1,1,0,0,0,0,2,3,0,0,1,0,2,0,0,7,1,0,0,109,2,18,0,0,1,0,3,0,0,1,1,4,0,1,8,2,6,2026-08-30,data//AFLW_2026-08-30.csv,NA,NA,0.25,0.8,3,0.7142857142857143,1,NA,NA,2.3333333333333335,0.2222222222222222,NA,0,0,0,CD_M20262640303,3,2026-08-29,Sydney Swans,CD_R202626403
CD_I1015152,18,MIDFIELDER,"https://s.afl.com.au/staticfile/AFL Tenant/AFL/Players/ChampIDImages/AFLW/2026264/1015152.png?im=Scale,width=0.6,height=0.6",Montana,Ham,CD_T9408,SYD,Sydney Swans,Swans,3,77.40000000000003,1,0,8,2,7,0,0,0,16,0,0,6,27,101,14,8,2,3,2,33.3,1,1,13,10,0,0,8,0,6,0,0,17,2,0,0,382,0,11,0,0,0,0,5,0,2,0,2,6,0,4,27,8,11,2026-08-30,data//AFLW_2026-08-30.csv,NA,NA,0.5925925925925926,0.5185185185185185,6,0.47058823529411764,0.6,NA,NA,1.7,0.5454545454545454,NA,0,0.8888888888888888,0,CD_M20262640303,3,2026-08-29,St Kilda,CD_R202626403
CD_I1015174,17,MEDIUM_DEFENDER,"https://s.afl.com.au/staticfile/AFL Tenant/AFL/Players/ChampIDImages/AFLW/2026264/1015174.png?im=Scale,width=0.6,height=0.6",Ash,Van Loon,CD_T9408,SYD,Sydney Swans,Swans,3,71.1,0,0,0,0,1,1,2,0,2,0,0,1,5,17,4,2,0,0,1,0,0,0,1,2,0,0,0,0,2,0,0,3,1,0,0,30,3,1,0,0,2,0,0,0,0,3,0,0,0,0,5,1,3,2026-08-30,data//AFLW_2026-08-30.csv,0.5,NA,0.4,0.8,2,0.6666666666666666,1,NA,NA,1.5,0,NA,0,0,0,CD_M20262640303,3,2026-08-29,St Kilda,CD_R202626403
CD_I1015175,5,MIDFIELDER,"https://s.afl.com.au/staticfile/AFL Tenant/AFL/Players/ChampIDImages/AFLW/2026264/1015175.png?im=Scale,width=0.6,height=0.6",Tess,Craven,CD_T8466,NMFC,North Melbourne,Kangaroos,3,65.79999999999998,0,0,0,0,3,0,0,0,7,0,0,4,13,66,10,9,1,0,2,75,0,1,4,1,0,0,1,0,1,1,1,12,4,1,0,270,0,10,0,0,2,0,1,0,1,0,3,2,1,3,13,4,6,2026-08-30,data//AFLW_2026-08-30.csv,NA,NA,0.5384615384615384,0.7692307692307693,1,0.75,1,NA,NA,12,0.2,1,0,0,0.2,CD_M20262640301,3,2026-08-29,Western Bulldogs,CD_R202626403
CD_I1015181,4,MEDIUM_DEFENDER,"https://s.afl.com.au/staticfile/AFL Tenant/AFL/Players/ChampIDImages/AFLW/2026264/1015181.png?im=Scale,width=0.6,height=0.6",Darcy,Moloney,CD_T9408,SYD,Sydney Swans,Swans,3,74.49999999999997,0,0,0,0,3,0,1,0,5,0,0,3,17,55,10,4,0,0,1,0,0,0,5,10,0,0,3,0,5,3,3,7,3,0,0,175,1,3,0,0,2,0,1,0,0,1,1,1,0,1,14,5,9,2026-08-30,data//AFLW_2026-08-30.csv,0,NA,0.35714285714285715,0.5882352941176471,6,0.5714285714285714,0.6,NA,NA,0.7,0.3333333333333333,1,0,0,0.3333333333333333,CD_M20262640303,3,2026-08-29,St Kilda,CD_R202626403
CD_I1015189,24,RUCK,"https://s.afl.com.au/staticfile/AFL Tenant/AFL/Players/ChampIDImages/AFLW/2026264/1015189.png?im=Scale,width=0.6,height=0.6",Keeley,Hardingham,CD_T7387,WB,Western Bulldogs,Bulldogs,1,55.6,1,0,1,0,0,0,0,0,2,0,0,2,5,27,4,1,0,0,0,0,0,0,1,3,4,2,1,0,1,0,0,2,2,1,1,86,2,8,0,0,0,15,3,0,1,1,1,1,1,1,6,0,4,2026-08-30,data//AFLW_2026-08-30.csv,NA,NA,0.3333333333333333,0.8,3,0.5,1,0.26666666666666666,0.13333333333333333,0.6666666666666666,0.125,NA,0.22058823529411764,0.05555555555555555,0,CD_M20262640301,3,2026-08-29,North Melbourne,CD_R202626403
CD_I1016865,14,RUCK,"https://s.afl.com.au/staticfile/AFL Tenant/AFL/Players/ChampIDImages/AFLW/2026264/1016865.png?im=Scale,width=0.6,height=0.6",Poppy,Kelly,CD_T8788,RICH,Richmond,Richmond,3,81.19999999999999,0,0,11,0,1,0,0,1,4,0,0,4,4,33,4,1,1,1,0,100,0,0,3,3,16,4,1,0,2,0,0,1,1,0,0,30,0,8,0,0,0,32,1,0,0,0,0,2,0,0,4,2,0,2026-08-30,data//AFLW_2026-08-30.csv,NA,NA,1,1,3,1,1,0.5,0.125,0.3333333333333333,0.25,NA,0.6956521739130435,0.8461538461538461,0,CD_M20262640309,3,2026-08-30,Essendon,CD_R202626403
CD_I1016938,29,MEDIUM_FORWARD,"https://s.afl.com.au/staticfile/AFL Tenant/AFL/Players/ChampIDImages/AFLW/2026264/1016938.png?im=Scale,width=0.6,height=0.6",Ruby,Svarc,CD_T7887,BL,Brisbane Lions,Lions,3,20.600000000000023,0,0,0,0,1,0,0,0,0,0,0,0,3,14,0,0,0,0,0,50,0,0,0,1,0,0,0,0,1,0,0,2,2,0,1,17,2,3,0,0,0,0,0,0,0,1,0,0,0,0,3,1,3,2026-08-30,data//AFLW_2026-08-30.csv,NA,NA,0,0,0,0,0,NA,NA,2,0,NA,0,0,0,CD_M20262640305,3,2026-08-30,Melbourne,CD_R202626403
CD_I1017023,15,KEY_DEFENDER,"https://s.afl.com.au/staticfile/AFL Tenant/AFL/Players/ChampIDImages/AFLW/2026264/1017023.png?im=Scale,width=0.6,height=0.6",Rebecca,Miller,CD_T8788,RICH,Richmond,Richmond,3,60.20000000000002,0,0,0,0,3,0,0,0,2,0,0,4,11,45,8,5,0,2,0,0,0,0,2,4,0,0,0,0,6,1,1,7,6,0,1,93,0,5,0,0,2,0,0,0,0,0,0,1,0,0,10,2,8,2026-08-30,data//AFLW_2026-08-30.csv,NA,NA,0.2,0.7272727272727273,3,0.7142857142857143,0.75,NA,NA,1.75,0.2,1,0,0,0.1111111111111111,CD_M20262640309,3,2026-08-30,Essendon,CD_R202626403
CD_I1017025,28,KEY_FORWARD,"https://s.afl.com.au/staticfile/AFL Tenant/AFL/Players/ChampIDImages/AFLW/2026264/1017025.png?im=Scale,width=0.6,height=0.6",Gabby,Seymour,CD_T8788,RICH,Richmond,Richmond,3,75.50000000000003,0,0,2,0,1,0,0,0,2,0,0,4,7,40,4,2,0,0,1,0,0,0,1,2,6,1,1,0,1,0,0,5,2,0,0,67,0,11,0,0,0,11,1,0,1,0,1,2,0,1,7,0,5,2026-08-30,data//AFLW_2026-08-30.csv,NA,NA,0.2857142857142857,0.5714285714285714,2,0.4,1,0.5454545454545454,0.09090909090909091,2.5,0.18181818181818182,NA,0.2391304347826087,0.15384615384615385,0,CD_M20262640309,3,2026-08-30,Essendon,CD_R202626403
CD_I1017286,33,MEDIUM_DEFENDER,"https://s.afl.com.au/staticfile/AFL Tenant/AFL/Players/ChampIDImages/AFLW/2026264/1017286.png?im=Scale,width=0.6,height=0.6",Emily,Pease,CD_T7889,GWS,GWS GIANTS,GIANTS,1,75.8,0,0,0,0,1,0,2,0,3,0,0,4,7,23,5,1,0,0,1,0,0,0,1,4,1,1,0,0,3,2,1,3,0,0,0,95,2,4,0,0,2,1,0,0,0,1,0,1,0,0,7,1,4,2026-08-30,data//AFLW_2026-08-30.csv,0,NA,0.42857142857142855,0.7142857142857143,4,0.3333333333333333,1,1,1,0.75,0.25,0.5,0.01639344262295082,0,0.2,CD_M20262640304,3,2026-08-30,Port Adelaide,CD_R202626403
CD_I1017292,18,MEDIUM_FORWARD,"https://s.afl.com.au/staticfile/AFL Tenant/AFL/Players/ChampIDImages/AFLW/2026264/1017292.png?im=Scale,width=0.6,height=0.6",Tarni,Evans,CD_T7889,GWS,GWS GIANTS,GIANTS,3,83.89999999999998,0,0,0,0,4,0,0,0,5,1,0,1,9,49,3,3,2,1,1,60,0,0,4,2,0,0,2,0,2,0,0,7,2,0,0,112,2,10,0,0,1,0,2,0,1,1,0,5,3,0,9,5,4,2026-08-30,data//AFLW_2026-08-30.csv,NA,0,0.5555555555555556,0.3333333333333333,0,0.42857142857142855,0,NA,NA,3.5,0.5,NA,0,0,0,CD_M20262640304,3,2026-08-30,Port Adelaide,CD_R202626403
CD_I1017314,20,MEDIUM_DEFENDER,"https://s.afl.com.au/staticfile/AFL Tenant/AFL/Players/ChampIDImages/AFLW/2026264/1017314.png?im=Scale,width=0.6,height=0.6",Daisy,D'Arcy,CD_T8786,GCFC,Gold Coast SUNS,SUNS,3,86.20000000000002,0,2,0,0,5,0,0,0,8,0,0,16,16,72,13,7,1,2,3,0,0,0,5,7,0,0,0,0,6,1,1,9,2,0,0,272,1,22,0,0,4,0,2,0,0,0,1,7,0,1,14,2,6,2026-08-30,data//AFLW_2026-08-30.csv,NA,NA,0.5714285714285714,0.8125,6,0.7777777777777778,0.8571428571428571,NA,NA,1.2857142857142858,0.3181818181818182,1,0,0,0.25,CD_M20262640306,3,2026-08-30,Geelong Cats,CD_R202626403
CD_I1017333,6,MIDFIELDER,"https://s.afl.com.au/staticfile/AFL Tenant/AFL/Players/ChampIDImages/AFLW/2026264/1017333.png?im=Scale,width=0.6,height=0.6",Isabella,Lewis,CD_T8787,WAA,West Coast Eagles,Eagles,3,82.30000000000001,0,2,15,3,3,0,0,0,9,0,0,4,19,53,8,4,1,1,1,0,1,0,5,8,0,0,6,0,2,0,0,11,2,0,0,378,0,8,0,0,1,0,3,0,0,0,1,0,0,4,19,4,10,2026-08-30,data//AFLW_2026-08-30.csv,NA,NA,0.47368421052631576,0.42105263157894735,4,0.36363636363636365,0.5,NA,NA,1.375,0,NA,0,0.8333333333333334,0,CD_M20262640302,3,2026-08-29,Adelaide Crows,CD_R202626403
CD_I1017347,21,RUCK,"https://s.afl.com.au/staticfile/AFL Tenant/AFL/Players/ChampIDImages/AFLW/2026264/1017347.png?im=Scale,width=0.6,height=0.6",Mim,Strom,CD_T7886,WAL,Fremantle,Dockers,3,94.70000000000005,0,0,15,1,2,0,0,0,14,4,0,4,16,84,10,3,2,1,1,66.7,0,1,7,7,27,7,1,0,3,0,0,9,0,0,0,156,2,10,0,0,0,54,3,0,2,1,7,3,1,8,18,2,4,2026-08-30,data//AFLW_2026-08-30.csv,NA,0,0.7777777777777778,0.625,7,0.3333333333333333,1,0.5,0.12962962962962962,1.2857142857142858,0.3,NA,0.84375,0.8823529411764706,0,CD_M20262640308,3,2026-08-30,Carlton,CD_R202626403
CD_I1018405,5,KEY_FORWARD,"https://s.afl.com.au/staticfile/AFL Tenant/AFL/Players/ChampIDImages/AFLW/2026264/1018405.png?im=Scale,width=0.6,height=0.6",Jacqueline,Parry,CD_T8467,GEEL,Geelong Cats,Cats,3,94,1,0,2,1,3,0,0,1,14,3,1,2,21,83,11,4,4,0,1,77.8,1,0,11,11,1,0,4,0,2,0,0,10,4,2,1,188,1,9,0,0,0,5,6,0,2,0,1,4,2,2,20,3,6,2026-08-30,data//AFLW_2026-08-30.csv,NA,0.3333333333333333,0.7,0.5238095238095238,7,0.4,0.6363636363636364,0.2,0,0.9090909090909091,0.4444444444444444,NA,0.09615384615384616,0.09523809523809523,0,CD_M20262640306,3,2026-08-30,Gold Coast SUNS,CD_R202626403
CD_I1018874,23,MIDFIELDER,"https://s.afl.com.au/staticfile/AFL Tenant/AFL/Players/ChampIDImages/AFLW/2026264/1018874.png?im=Scale,width=0.6,height=0.6",Niamh,Kelly,CD_T8098,KUW,Adelaide Crows,Crows,3,79.4,0,1,0,0,2,0,0,0,6,0,0,8,9,52,4,3,0,0,2,50,0,1,5,2,0,0,0,0,4,0,0,7,1,0,0,166,1,13,0,0,2,0,2,0,1,1,0,4,1,0,9,1,3,2026-08-30,data//AFLW_2026-08-30.csv,NA,NA,0.6666666666666666,0.4444444444444444,1,0.42857142857142855,0.5,NA,NA,3.5,0.3076923076923077,NA,0,0,0,CD_M20262640302,3,2026-08-29,West Coast Eagles,CD_R202626403
CD_I1018875,20,MIDFIELDER,"https://s.afl.com.au/staticfile/AFL Tenant/AFL/Players/ChampIDImages/AFLW/2026264/1018875.png?im=Scale,width=0.6,height=0.6",Grace,Kelly,CD_T8098,KUW,Adelaide Crows,Crows,1,82.1,0,1,0,0,4,0,0,0,4,1,0,2,12,54,6,4,2,3,1,50,0,1,3,5,0,0,2,0,4,0,0,7,3,1,2,105,0,9,0,0,0,0,2,0,2,0,0,4,3,0,12,5,8,2026-08-30,data//AFLW_2026-08-30.csv,NA,0,0.3333333333333333,0.5,2,0.5714285714285714,0.4,NA,NA,1.4,0.4444444444444444,NA,0,0,0,CD_M20262640302,3,2026-08-29,West Coast Eagles,CD_R202626403
CD_I1018966,23,MEDIUM_DEFENDER,"https://s.afl.com.au/staticfile/AFL Tenant/AFL/Players/ChampIDImages/AFLW/2026264/1018966.png?im=Scale,width=0.6,height=0.6",Sinead,Goldrick,CD_T7386,NAR,Melbourne,Demons,3,69.20000000000002,0,0,0,1,5,0,0,0,4,0,0,4,8,38,5,4,0,2,0,0,0,0,2,1,0,0,2,0,3,0,0,7,3,0,0,212,3,7,0,0,6,0,0,0,0,2,1,3,0,2,9,3,5,2026-08-30,data//AFLW_2026-08-30.csv,NA,NA,0.4444444444444444,0.625,1,0.5714285714285714,1,NA,NA,7,0.42857142857142855,NA,0,0,0,CD_M20262640305,3,2026-08-30,Brisbane Lions,CD_R202626403
CD_I1019034,9,MIDFIELDER,"https://s.afl.com.au/staticfile/AFL Tenant/AFL/Players/ChampIDImages/AFLW/2026264/1019034.png?im=Scale,width=0.6,height=0.6",Orla,O'Dwyer,CD_T7887,BL,Brisbane Lions,Lions,3,91.99999999999997,0,0,1,1,6,0,0,0,8,0,0,7,21,88,12,6,0,0,2,100,0,1,5,10,0,0,6,0,8,0,0,11,1,0,0,328,3,13,0,0,1,0,6,0,1,2,0,6,1,1,19,5,11,2026-08-30,data//AFLW_2026-08-30.csv,NA,NA,0.42105263157894735,0.5714285714285714,6,0.5454545454545454,0.6,NA,NA,1.1,0.46153846153846156,NA,0,0.045454545454545456,0,CD_M20262640305,3,2026-08-30,Melbourne,CD_R202626403
CD_I1019035,3,MEDIUM_FORWARD,"https://s.afl.com.au/staticfile/AFL Tenant/AFL/Players/ChampIDImages/AFLW/2026264/1019035.png?im=Scale,width=0.6,height=0.6",Greta,Bodey,CD_T9407,HAW,Hawthorn,Hawks,3,63.400000000000006,0,0,1,0,2,0,0,1,4,0,0,1,11,52,8,4,0,1,0,33.3,1,0,3,4,0,0,2,0,2,0,0,7,6,2,1,167,1,5,0,0,0,0,3,0,0,1,0,2,0,0,11,3,7,2026-08-30,data//AFLW_2026-08-30.csv,NA,NA,0.36363636363636365,0.7272727272727273,4,0.5714285714285714,1,NA,NA,1.75,0.4,NA,0,0.06666666666666667,0,CD_M20262640307,3,2026-08-30,Collingwood,CD_R202626403
CD_I1019053,25,MIDFIELDER,"https://s.afl.com.au/staticfile/AFL Tenant/AFL/Players/ChampIDImages/AFLW/2026264/1019053.png?im=Scale,width=0.6,height=0.6",Catherine,Svarc,CD_T7887,BL,Brisbane Lions,Lions,3,89.99999999999997,0,0,13,2,7,0,0,0,8,0,0,7,18,66,7,4,1,2,1,33.3,0,0,3,6,0,0,3,0,1,0,0,12,1,0,1,280,1,17,0,0,2,0,2,0,0,0,4,5,2,6,15,5,7,2026-08-30,data//AFLW_2026-08-30.csv,NA,NA,0.5333333333333333,0.3888888888888889,3,0.3333333333333333,0.5,NA,NA,2,0.29411764705882354,NA,0,0.5909090909090909,0,CD_M20262640305,3,2026-08-30,Melbourne,CD_R202626403
CD_I1019057,14,KEY_FORWARD,"https://s.afl.com.au/staticfile/AFL Tenant/AFL/Players/ChampIDImages/AFLW/2026264/1019057.png?im=Scale,width=0.6,height=0.6",Dakota,Davidson,CD_T7887,BL,Brisbane Lions,Lions,2,96.30000000000001,2,0,0,0,2,0,0,0,0,1,0,3,4,42,1,1,0,1,0,55.6,0,1,0,0,0,0,0,0,0,0,0,4,3,3,1,57,1,6,0,0,1,2,3,0,3,1,0,4,2,0,3,2,3,2026-08-30,data//AFLW_2026-08-30.csv,NA,0,0,0.25,0,0.25,NA,0,0,Inf,0.6666666666666666,NA,0.031746031746031744,0,0,CD_M20262640305,3,2026-08-30,Melbourne,CD_R202626403
CD_I1019059,9,MIDFIELDER,"https://s.afl.com.au/staticfile/AFL Tenant/AFL/Players/ChampIDImages/AFLW/2026264/1019059.png?im=Scale,width=0.6,height=0.6",Maria,Moloney,CD_T9409,YAR,Port Adelaide,Power,3,75.70000000000002,0,0,16,1,2,0,0,0,6,0,0,9,13,84,5,3,1,1,2,0,1,0,4,4,0,0,0,0,2,0,0,9,2,0,2,169,3,20,0,0,0,0,3,0,0,0,1,11,2,2,13,6,7,2026-08-30,data//AFLW_2026-08-30.csv,NA,NA,0.46153846153846156,0.38461538461538464,2,0.3333333333333333,0.5,NA,NA,2.25,0.55,NA,0,0.8421052631578947,NA,CD_M20262640304,3,2026-08-30,GWS GIANTS,CD_R202626403
CD_I1019456,7,MEDIUM_FORWARD,"https://s.afl.com.au/staticfile/AFL Tenant/AFL/Players/ChampIDImages/AFLW/2026264/1019456.png?im=Scale,width=0.6,height=0.6",Keeley,Kustermann,CD_T8098,KUW,Adelaide Crows,Crows,3,75.6,0,0,0,0,2,0,0,0,2,0,0,7,11,54,8,4,0,1,0,0,0,0,2,4,0,0,0,0,3,0,0,7,4,0,0,93,1,10,0,0,3,0,2,0,0,1,0,4,0,0,11,3,9,2026-08-30,data//AFLW_2026-08-30.csv,NA,NA,0.18181818181818182,0.7272727272727273,4,0.5714285714285714,1,NA,NA,1.75,0.4,NA,0,0,0,CD_M20262640302,3,2026-08-29,West Coast Eagles,CD_R202626403
CD_I1019509,44,MIDFIELDER_FORWARD,"https://s.afl.com.au/staticfile/AFL Tenant/AFL/Players/ChampIDImages/AFLW/2026264/1019509.png?im=Scale,width=0.6,height=0.6",Katelyn,Pope,CD_T9409,YAR,Port Adelaide,Power,3,77.50000000000003,1,0,0,1,1,0,0,0,4,0,0,2,8,37,5,2,0,1,0,50,1,0,4,4,0,0,2,0,3,0,0,4,1,0,0,136,0,10,0,0,0,0,3,0,1,0,0,4,1,1,8,2,4,2026-08-30,data//AFLW_2026-08-30.csv,NA,NA,0.5,0.625,3,0.5,0.75,NA,NA,1,0.4,NA,0,0,NA,CD_M20262640304,3,2026-08-30,GWS GIANTS,CD_R202626403
CD_I1019705,28,MEDIUM_DEFENDER,"https://s.afl.com.au/staticfile/AFL Tenant/AFL/Players/ChampIDImages/AFLW/2026264/1019705.png?im=Scale,width=0.6,height=0.6",Mia,Busch,CD_T9406,ESS,Essendon,Bombers,3,79.19999999999999,1,0,0,0,2,0,0,0,3,1,0,1,13,58,7,3,3,0,0,0,1,0,3,6,0,0,1,0,2,0,0,7,4,1,0,203,0,5,0,0,3,0,5,0,1,0,0,3,1,0,12,3,9,2026-08-30,data//AFLW_2026-08-30.csv,NA,0,0.25,0.5384615384615384,4,0.42857142857142855,0.6666666666666666,NA,NA,1.1666666666666667,0.6,NA,0,0,0,CD_M20262640309,3,2026-08-30,Richmond,CD_R202626403
CD_I1019711,25,MIDFIELDER,"https://s.afl.com.au/staticfile/AFL Tenant/AFL/Players/ChampIDImages/AFLW/2026264/1019711.png?im=Scale,width=0.6,height=0.6",Keeley,Sherar,CD_T8096,CARL,Carlton,Blues,2,74.29999999999998,0,0,8,0,5,0,0,0,3,0,0,6,14,65,9,2,0,3,1,0,1,0,1,7,0,0,2,0,0,0,0,7,2,0,1,143,2,13,0,0,2,0,2,0,0,2,1,8,0,1,13,3,10,2026-08-30,data//AFLW_2026-08-30.csv,NA,NA,0.23076923076923078,0.6428571428571429,7,0.2857142857142857,1,NA,NA,1,0.6153846153846154,NA,0,0.47058823529411764,0,CD_M20262640308,3,2026-08-30,Fremantle,CD_R202626403
CD_I1019713,1,RUCK,"https://s.afl.com.au/staticfile/AFL Tenant/AFL/Players/ChampIDImages/AFLW/2026264/1019713.png?im=Scale,width=0.6,height=0.6",Georgia,Campbell,CD_T7386,NAR,Melbourne,Demons,3,77.09999999999997,1,0,14,0,1,0,0,0,6,0,0,5,18,67,15,1,0,0,0,0,0,0,5,15,14,5,0,0,3,0,0,3,3,1,0,58,2,12,0,0,0,35,4,0,1,0,3,1,0,3,19,2,13,2026-08-30,data//AFLW_2026-08-30.csv,NA,NA,0.3157894736842105,0.8333333333333334,14,0.3333333333333333,0.9333333333333333,0.4,0.14285714285714285,0.2,0.08333333333333333,NA,0.5555555555555556,0.6363636363636364,0,CD_M20262640305,3,2026-08-30,Brisbane Lions,CD_R202626403
CD_I1019724,30,MIDFIELDER,"https://s.afl.com.au/staticfile/AFL Tenant/AFL/Players/ChampIDImages/AFLW/2026264/1019724.png?im=Scale,width=0.6,height=0.6",Carly,Remmos,CD_T8097,COLL,Collingwood,Magpies,3,82.70000000000002,0,0,4,1,4,0,0,0,6,0,0,6,10,49,6,2,0,2,1,0,0,0,4,4,0,0,1,0,2,0,0,6,0,0,0,91,1,17,0,0,0,0,3,0,0,0,2,7,0,3,11,3,5,2026-08-30,data//AFLW_2026-08-30.csv,NA,NA,0.5454545454545454,0.6,4,0.3333333333333333,1,NA,NA,1.5,0.4117647058823529,NA,0,0.26229508196721313,0,CD_M20262640307,3,2026-08-30,Hawthorn,CD_R202626403
CD_I1019736,11,MIDFIELDER,"https://s.afl.com.au/staticfile/AFL Tenant/AFL/Players/ChampIDImages/AFLW/2026264/1019736.png?im=Scale,width=0.6,height=0.6",Yasmin,Duursma,CD_T8096,CARL,Carlton,Blues,3,60.49999999999997,0,0,0,0,3,0,0,0,2,0,0,4,9,35,5,3,0,1,0,50,1,0,1,2,0,0,0,0,1,0,0,7,3,0,0,158,2,9,0,0,2,0,2,0,1,1,0,1,0,0,10,2,8,2026-08-30,data//AFLW_2026-08-30.csv,NA,NA,0.2,0.5555555555555556,2,0.42857142857142855,1,NA,NA,3.5,0.1111111111111111,NA,0,0,0,CD_M20262640308,3,2026-08-30,Fremantle,CD_R202626403
CD_I1019806,43,MEDIUM_DEFENDER,"https://s.afl.com.au/staticfile/AFL Tenant/AFL/Players/ChampIDImages/AFLW/2026264/1019806.png?im=Scale,width=0.6,height=0.6",Jemma,Rigoni,CD_T8097,COLL,Collingwood,Magpies,3,93.20000000000002,0,1,10,0,3,0,0,0,3,0,0,4,16,51,12,2,0,0,0,0,0,0,3,11,0,0,4,0,3,0,0,5,2,0,0,195,0,10,0,0,1,0,3,0,0,0,0,2,0,0,16,4,13,2026-08-30,data//AFLW_2026-08-30.csv,NA,NA,0.1875,0.75,10,0.4,0.9090909090909091,NA,NA,0.45454545454545453,0.2,NA,0,0.6557377049180327,0,CD_M20262640307,3,2026-08-30,Hawthorn,CD_R202626403
CD_I1019811,6,MEDIUM_FORWARD,"https://s.afl.com.au/staticfile/AFL Tenant/AFL/Players/ChampIDImages/AFLW/2026264/1019811.png?im=Scale,width=0.6,height=0.6",Alice,O'Loughlin,CD_T8466,NMFC,North Melbourne,Kangaroos,3,77.80000000000001,0,0,0,0,4,0,0,0,4,1,0,3,11,70,6,6,2,2,1,57.1,1,2,3,2,0,0,1,0,4,0,0,9,4,1,1,174,0,11,0,0,2,0,4,0,2,0,0,5,2,0,11,2,7,2026-08-30,data//AFLW_2026-08-30.csv,NA,0,0.36363636363636365,0.5454545454545454,0,0.6666666666666666,0,NA,NA,4.5,0.45454545454545453,NA,0,0,0,CD_M20262640301,3,2026-08-29,Western Bulldogs,CD_R202626403
CD_I1019821,5,MIDFIELDER_FORWARD,"https://s.afl.com.au/staticfile/AFL Tenant/AFL/Players/ChampIDImages/AFLW/2026264/1019821.png?im=Scale,width=0.6,height=0.6",Jasmine,Fleming,CD_T9407,HAW,Hawthorn,Hawks,2,69,0,1,8,0,1,0,0,0,5,0,0,5,13,55,9,8,1,0,0,50,1,1,4,1,0,0,2,0,2,0,0,12,1,0,1,378,1,14,0,0,3,0,3,0,2,0,1,2,0,1,14,2,9,2026-08-30,data//AFLW_2026-08-30.csv,NA,NA,0.35714285714285715,0.6923076923076923,1,0.6666666666666666,1,NA,NA,12,0.14285714285714285,NA,0,0.5333333333333333,0,CD_M20262640307,3,2026-08-30,Collingwood,CD_R202626403
CD_I1019830,19,MEDIUM_FORWARD,"https://s.afl.com.au/staticfile/AFL Tenant/AFL/Players/ChampIDImages/AFLW/2026264/1019830.png?im=Scale,width=0.6,height=0.6",Bridie,Hipwell,CD_T9407,HAW,Hawthorn,Hawks,3,59.30000000000001,0,0,0,0,2,0,0,0,0,0,0,2,8,35,6,4,0,0,0,0,0,0,0,2,0,0,1,0,1,0,0,6,3,0,0,127,0,5,0,0,2,0,1,0,0,0,0,1,0,0,8,2,8,2026-08-30,data//AFLW_2026-08-30.csv,NA,NA,0,0.75,2,0.6666666666666666,1,NA,NA,3,0.2,NA,0,0,0,CD_M20262640307,3,2026-08-30,Collingwood,CD_R202626403
CD_I1019834,25,MIDFIELDER,"https://s.afl.com.au/staticfile/AFL Tenant/AFL/Players/ChampIDImages/AFLW/2026264/1019834.png?im=Scale,width=0.6,height=0.6",Sofia,Hurley,CD_T9408,SYD,Sydney Swans,Swans,3,83.69999999999999,1,0,8,0,5,0,0,0,6,0,0,3,21,73,11,7,3,1,0,33.3,1,0,5,9,0,0,1,0,2,0,0,12,3,0,0,318,0,16,0,0,1,0,3,0,2,0,2,3,1,2,21,5,15,2026-08-30,data//AFLW_2026-08-30.csv,NA,NA,0.2857142857142857,0.5238095238095238,4,0.5833333333333334,0.4444444444444444,NA,NA,1.3333333333333333,0.1875,NA,0,0.8888888888888888,0,CD_M20262640303,3,2026-08-29,St Kilda,CD_R202626403
CD_I1019883,20,MEDIUM_DEFENDER,"https://s.afl.com.au/staticfile/AFL Tenant/AFL/Players/ChampIDImages/AFLW/2026264/1019883.png?im=Scale,width=0.6,height=0.6",Laura,Elliott,CD_T9407,HAW,Hawthorn,Hawks,3,86.00000000000003,0,0,0,0,4,1,1,0,5,0,0,5,17,54,12,9,1,0,0,0,0,0,5,3,0,0,1,0,3,7,7,14,2,0,0,308,0,8,0,0,6,0,1,0,0,0,0,0,0,0,10,4,5,2026-08-30,data//AFLW_2026-08-30.csv,1,NA,0.5,0.7058823529411765,3,0.6428571428571429,1,NA,NA,4.666666666666667,0,1,0,0,0.875,CD_M20262640307,3,2026-08-30,Collingwood,CD_R202626403
CD_I1019887,1,MEDIUM_DEFENDER,"https://s.afl.com.au/staticfile/AFL Tenant/AFL/Players/ChampIDImages/AFLW/2026264/1019887.png?im=Scale,width=0.6,height=0.6",Amelia,Velardo,CD_T8096,CARL,Carlton,Blues,3,74.59999999999998,1,0,0,1,2,0,0,0,6,0,0,7,22,68,14,6,1,0,0,0,0,0,6,10,0,0,3,0,4,2,2,12,1,0,0,309,3,9,0,0,3,0,1,0,1,3,0,2,0,1,20,2,14,2026-08-30,data//AFLW_2026-08-30.csv,NA,NA,0.3,0.6363636363636364,8,0.5,0.8,NA,NA,1.2,0.2222222222222222,1,0,0,0.3333333333333333,CD_M20262640308,3,2026-08-30,Fremantle,CD_R202626403
CD_I1021365,1,KEY_DEFENDER,"https://s.afl.com.au/staticfile/AFL Tenant/AFL/Players/ChampIDImages/AFLW/2026264/1021365.png?im=Scale,width=0.6,height=0.6",Annabel,Kievit,CD_T8786,GCFC,Gold Coast SUNS,SUNS,3,81.00000000000003,0,0,0,0,1,2,2,0,5,0,0,9,8,44,3,2,1,0,1,0,0,0,4,4,0,0,0,0,5,0,0,4,1,0,0,122,0,11,0,0,2,0,1,0,0,0,0,5,0,0,8,2,3,2026-08-30,data//AFLW_2026-08-30.csv,1,NA,0.625,0.375,1,0.5,0.25,NA,NA,1,0.45454545454545453,NA,0,0,0,CD_M20262640306,3,2026-08-30,Geelong Cats,CD_R202626403
CD_I1021399,30,MEDIUM_DEFENDER,"https://s.afl.com.au/staticfile/AFL Tenant/AFL/Players/ChampIDImages/AFLW/2026264/1021399.png?im=Scale,width=0.6,height=0.6",Jessica,Low,CD_T7886,WAL,Fremantle,Dockers,3,80.69999999999999,0,0,0,0,1,1,2,0,6,0,0,11,7,44,4,3,0,0,2,0,0,0,3,3,0,0,1,0,5,0,0,4,0,0,0,27,2,14,0,0,2,0,0,0,0,1,1,6,0,1,8,2,2,2026-08-30,data//AFLW_2026-08-30.csv,0.5,NA,0.75,0.5714285714285714,1,0.75,0.3333333333333333,NA,NA,1.3333333333333333,0.42857142857142855,NA,0,0,0,CD_M20262640308,3,2026-08-30,Carlton,CD_R202626403
CD_I1021409,16,KEY_DEFENDER,"https://s.afl.com.au/staticfile/AFL Tenant/AFL/Players/ChampIDImages/AFLW/2026264/1021409.png?im=Scale,width=0.6,height=0.6",Matilda,Dyke,CD_T9406,ESS,Essendon,Bombers,3,99.49999999999994,0,0,2,0,0,0,1,0,4,0,0,9,9,35,5,1,0,0,0,0,0,0,4,5,0,0,0,0,4,0,0,4,3,0,0,123,1,10,0,0,4,2,0,0,0,1,0,1,0,0,9,0,5,2026-08-30,data//AFLW_2026-08-30.csv,0,NA,0.4444444444444444,0.5555555555555556,4,0.25,0.8,0,0,0.8,0.1,NA,0.0425531914893617,0.15384615384615385,0,CD_M20262640309,3,2026-08-30,Richmond,CD_R202626403
CD_I1021410,21,MIDFIELDER,"https://s.afl.com.au/staticfile/AFL Tenant/AFL/Players/ChampIDImages/AFLW/2026264/1021410.png?im=Scale,width=0.6,height=0.6",Dana,East,CD_T8788,RICH,Richmond,Richmond,3,77.5,0,0,4,0,1,0,0,0,0,0,0,9,3,12,3,1,0,1,0,0,0,0,0,2,0,0,1,0,0,0,0,1,0,0,0,25,1,13,0,0,1,0,0,0,0,0,0,2,0,0,3,0,3,2026-08-30,data//AFLW_2026-08-30.csv,NA,NA,0,1,2,1,1,NA,NA,0.5,0.15384615384615385,NA,0,0.3076923076923077,0,CD_M20262640309,3,2026-08-30,Essendon,CD_R202626403
CD_I1021411,19,KEY_FORWARD,"https://s.afl.com.au/staticfile/AFL Tenant/AFL/Players/ChampIDImages/AFLW/2026264/1021411.png?im=Scale,width=0.6,height=0.6",Amy,Franklin,CD_T8787,WAA,West Coast Eagles,Eagles,3,96.10000000000002,1,0,0,0,3,0,0,0,6,4,1,2,11,51,6,2,4,1,1,83.3,0,1,6,7,0,0,0,0,2,0,0,4,0,0,0,112,1,9,0,0,0,0,3,0,2,1,1,5,2,1,9,5,3,2026-08-30,data//AFLW_2026-08-30.csv,NA,0.25,0.6666666666666666,0.5454545454545454,4,0.5,0.5714285714285714,NA,NA,0.5714285714285714,0.5555555555555556,NA,0,0,0,CD_M20262640302,3,2026-08-29,Adelaide Crows,CD_R202626403
CD_I1021412,21,MIDFIELDER,"https://s.afl.com.au/staticfile/AFL Tenant/AFL/Players/ChampIDImages/AFLW/2026264/1021412.png?im=Scale,width=0.6,height=0.6",Maggie,MacLachlan,CD_T9406,ESS,Essendon,Bombers,3,60.5,1,0,0,0,1,0,0,0,3,0,0,2,6,18,3,2,1,1,1,0,0,0,2,3,0,0,1,0,0,0,0,3,0,0,0,88,0,6,0,0,1,0,3,0,1,0,0,1,1,0,7,2,4,2026-08-30,data//AFLW_2026-08-30.csv,NA,NA,0.42857142857142855,0.5,1,0.6666666666666666,0.3333333333333333,NA,NA,1,0.16666666666666666,NA,0,0,0,CD_M20262640309,3,2026-08-30,Richmond,CD_R202626403
CD_I1021417,28,MEDIUM_FORWARD,"https://s.afl.com.au/staticfile/AFL Tenant/AFL/Players/ChampIDImages/AFLW/2026264/1021417.png?im=Scale,width=0.6,height=0.6",Poppy,Stockwell,CD_T9407,HAW,Hawthorn,Hawks,3,78.50000000000003,2,0,0,0,5,0,0,0,3,2,0,2,5,27,2,1,3,2,0,62.5,0,1,3,1,0,0,0,0,0,0,0,4,1,1,0,63,1,5,0,0,0,0,3,0,4,1,0,2,1,0,5,2,2,2026-08-30,data//AFLW_2026-08-30.csv,NA,0,0.6,0.4,1,0.25,1,NA,NA,4,0.4,NA,0,0,0,CD_M20262640307,3,2026-08-30,Collingwood,CD_R202626403
CD_I1021419,3,MEDIUM_DEFENDER,"https://s.afl.com.au/staticfile/AFL Tenant/AFL/Players/ChampIDImages/AFLW/2026264/1021419.png?im=Scale,width=0.6,height=0.6",Charlotte,Thomas,CD_T8787,WAA,West Coast Eagles,Eagles,2,91.7,0,0,0,0,4,0,1,0,4,0,0,12,22,93,16,14,0,2,1,100,0,0,3,2,0,0,2,0,6,4,4,20,6,0,0,375,0,14,0,0,4,0,6,0,0,0,2,4,0,2,17,4,13,2026-08-30,data//AFLW_2026-08-30.csv,0,NA,0.23529411764705882,0.7272727272727273,2,0.7,1,NA,NA,10,0.2857142857142857,1,0,0,0.6666666666666666,CD_M20262640302,3,2026-08-29,Adelaide Crows,CD_R202626403
CD_I1021436,13,MEDIUM_FORWARD,"https://s.afl.com.au/staticfile/AFL Tenant/AFL/Players/ChampIDImages/AFLW/2026264/1021436.png?im=Scale,width=0.6,height=0.6",Mikayla,Pauga,CD_T7889,GWS,GWS GIANTS,GIANTS,3,69.20000000000002,0,0,0,0,3,0,0,0,3,0,0,3,7,33,2,2,2,1,1,50,1,0,2,1,0,0,2,0,1,0,0,6,1,0,0,144,0,5,0,0,2,0,1,0,0,0,1,3,0,1,7,1,4,2026-08-30,data//AFLW_2026-08-30.csv,NA,NA,0.42857142857142855,0.2857142857142857,0,0.3333333333333333,0,NA,NA,6,0.6,NA,0,0,0,CD_M20262640304,3,2026-08-30,Port Adelaide,CD_R202626403
CD_I1021441,28,MIDFIELDER_FORWARD,"https://s.afl.com.au/staticfile/AFL Tenant/AFL/Players/ChampIDImages/AFLW/2026264/1021441.png?im=Scale,width=0.6,height=0.6",Charlotte,Mullins,CD_T7887,BL,Brisbane Lions,Lions,3,87.6,1,2,9,1,5,0,0,0,8,0,0,4,19,71,10,6,1,2,2,33.3,0,0,6,4,0,0,5,0,1,0,0,15,3,0,0,319,0,8,0,0,0,0,4,0,1,0,2,3,0,3,18,5,10,2026-08-30,data//AFLW_2026-08-30.csv,NA,NA,0.4444444444444444,0.5263157894736842,4,0.4,1,NA,NA,3.75,0.375,NA,0,0.4090909090909091,0,CD_M20262640305,3,2026-08-30,Melbourne,CD_R202626403
CD_I1021456,13,MIDFIELDER,"https://s.afl.com.au/staticfile/AFL Tenant/AFL/Players/ChampIDImages/AFLW/2026264/1021456.png?im=Scale,width=0.6,height=0.6",Lucy,Single,CD_T8786,GCFC,Gold Coast SUNS,SUNS,3,88.79999999999998,0,0,18,2,3,0,0,0,6,0,0,6,15,48,8,1,0,2,0,0,0,0,6,11,0,0,2,0,5,0,0,4,0,0,0,104,0,16,0,0,1,0,0,0,0,0,0,5,2,2,15,3,9,2026-08-30,data//AFLW_2026-08-30.csv,NA,NA,0.4,0.5333333333333333,7,0.25,0.6363636363636364,NA,NA,0.36363636363636365,0.3125,NA,0,0.8571428571428571,0,CD_M20262640306,3,2026-08-30,Geelong Cats,CD_R202626403
CD_I1021524,18,KEY_DEFENDER,"https://s.afl.com.au/staticfile/AFL Tenant/AFL/Players/ChampIDImages/AFLW/2026264/1021524.png?im=Scale,width=0.6,height=0.6",Libby,Graham,CD_T8788,RICH,Richmond,Richmond,3,95.59999999999997,0,0,0,0,4,0,2,0,5,0,0,2,16,59,5,4,0,0,0,0,0,0,5,5,0,0,1,0,7,2,2,11,4,0,0,357,3,4,0,0,4,0,0,0,0,3,0,1,0,0,14,10,9,2026-08-30,data//AFLW_2026-08-30.csv,0,NA,0.35714285714285715,0.3125,1,0.36363636363636365,0.2,NA,NA,2.2,0.25,1,0,0,0.2222222222222222,CD_M20262640309,3,2026-08-30,Essendon,CD_R202626403
CD_I1021530,11,MEDIUM_FORWARD,"https://s.afl.com.au/staticfile/AFL Tenant/AFL/Players/ChampIDImages/AFLW/2026264/1021530.png?im=Scale,width=0.6,height=0.6",Shanae,Davison,CD_T7887,BL,Brisbane Lions,Lions,3,67.9,0,0,0,0,1,0,0,0,4,0,0,7,8,30,8,3,1,0,0,0,0,0,4,5,0,0,0,0,4,1,0,3,1,0,0,54,0,8,0,0,1,0,1,0,0,0,1,2,0,1,7,0,3,2026-08-30,data//AFLW_2026-08-30.csv,NA,NA,0.5714285714285714,1,5,1,1,NA,NA,0.6,0.25,0,0,0,0.2,CD_M20262640305,3,2026-08-30,Melbourne,CD_R202626403
CD_I1021793,10,KEY_DEFENDER,"https://s.afl.com.au/staticfile/AFL Tenant/AFL/Players/ChampIDImages/AFLW/2026264/1021793.png?im=Scale,width=0.6,height=0.6",Paige,Trudgeon,CD_T8796,EUR,St Kilda,St Kilda,3,98.6,0,0,0,0,4,0,1,0,5,0,0,9,7,33,6,4,0,4,3,0,0,0,2,2,0,0,0,0,4,0,0,5,1,0,0,54,7,11,0,0,3,0,0,0,0,6,1,5,0,1,7,3,2,2026-08-30,data//AFLW_2026-08-30.csv,0,NA,0.7142857142857143,0.8571428571428571,2,0.8,1,NA,NA,2.5,0.45454545454545453,NA,0,0,0,CD_M20262640303,3,2026-08-29,Sydney Swans,CD_R202626403
CD_I1021819,2,KEY_FORWARD,"https://s.afl.com.au/staticfile/AFL Tenant/AFL/Players/ChampIDImages/AFLW/2026264/1021819.png?im=Scale,width=0.6,height=0.6",Sophie,Butterworth,CD_T8796,EUR,St Kilda,St Kilda,3,63.00000000000003,2,0,0,0,1,0,0,1,4,3,2,1,5,19,3,1,0,1,1,50,0,0,2,2,0,0,1,0,1,0,0,3,2,1,0,115,1,1,0,0,0,2,3,0,2,1,0,0,0,0,5,1,1,2026-08-30,data//AFLW_2026-08-30.csv,NA,0.6666666666666666,0.8,0.6,2,0.3333333333333333,1,0,0,1.5,0,NA,0.046511627906976744,0,0,CD_M20262640303,3,2026-08-29,Sydney Swans,CD_R202626403
CD_I1021822,27,MIDFIELDER,"https://s.afl.com.au/staticfile/AFL Tenant/AFL/Players/ChampIDImages/AFLW/2026264/1021822.png?im=Scale,width=0.6,height=0.6",Mikayla,Williamson,CD_T9407,HAW,Hawthorn,Hawks,3,76.89999999999998,0,0,0,0,2,0,0,0,6,0,0,4,10,39,7,1,0,0,0,0,0,0,6,6,0,0,0,0,2,0,0,4,1,0,0,122,0,10,0,0,0,0,3,0,0,0,1,3,0,1,10,1,4,2026-08-30,data//AFLW_2026-08-30.csv,NA,NA,0.6,0.7,6,0.25,1,NA,NA,0.6666666666666666,0.3,NA,0,0,0,CD_M20262640307,3,2026-08-30,Collingwood,CD_R202626403
CD_I1021824,6,MIDFIELDER,"https://s.afl.com.au/staticfile/AFL Tenant/AFL/Players/ChampIDImages/AFLW/2026264/1021824.png?im=Scale,width=0.6,height=0.6",Hayley,McLaughlin,CD_T9407,HAW,Hawthorn,Hawks,3,67.80000000000001,0,1,0,0,2,0,0,0,3,0,0,11,10,40,7,2,0,0,1,0,0,0,2,6,0,0,0,0,1,0,0,4,1,0,0,89,1,17,0,0,1,0,0,0,0,0,0,3,0,0,10,1,7,2026-08-30,data//AFLW_2026-08-30.csv,NA,NA,0.3,0.7,5,0.5,0.8333333333333334,NA,NA,0.6666666666666666,0.17647058823529413,NA,0,0,0,CD_M20262640307,3,2026-08-30,Collingwood,CD_R202626403
CD_I1021834,27,MEDIUM_DEFENDER,"https://s.afl.com.au/staticfile/AFL Tenant/AFL/Players/ChampIDImages/AFLW/2026264/1021834.png?im=Scale,width=0.6,height=0.6",Georgia,Stubs,CD_T8788,RICH,Richmond,Richmond,1,67.2,0,0,3,0,3,0,0,0,5,0,0,9,5,15,4,2,0,1,1,0,0,0,3,2,0,0,2,0,3,0,0,3,0,0,0,79,1,13,0,0,0,0,2,0,0,0,0,1,0,0,7,2,2,2026-08-30,data//AFLW_2026-08-30.csv,NA,NA,0.7142857142857143,0.8,2,0.6666666666666666,1,NA,NA,1.5,0.07692307692307693,NA,0,0.23076923076923078,0,CD_M20262640309,3,2026-08-30,Essendon,CD_R202626403
CD_I1021837,22,MIDFIELDER,"https://s.afl.com.au/staticfile/AFL Tenant/AFL/Players/ChampIDImages/AFLW/2026264/1021837.png?im=Scale,width=0.6,height=0.6",Laura,Stone,CD_T9407,HAW,Hawthorn,Hawks,3,67.70000000000002,0,0,8,1,6,0,0,0,4,0,0,4,13,56,9,5,0,4,3,100,0,0,2,5,0,0,2,0,1,0,0,8,1,0,0,279,0,11,0,0,2,0,2,0,0,0,2,7,0,3,13,2,9,2026-08-30,data//AFLW_2026-08-30.csv,NA,NA,0.3076923076923077,0.6923076923076923,4,0.625,0.8,NA,NA,1.6,0.6363636363636364,NA,0,0.5333333333333333,0,CD_M20262640307,3,2026-08-30,Collingwood,CD_R202626403
CD_I1021844,23,MEDIUM_FORWARD,"https://s.afl.com.au/staticfile/AFL Tenant/AFL/Players/ChampIDImages/AFLW/2026264/1021844.png?im=Scale,width=0.6,height=0.6",Jess,Vukic,CD_T9407,HAW,Hawthorn,Hawks,2,43.199999999999996,0,0,3,1,3,0,0,0,2,1,0,4,5,28,2,2,0,1,0,0,0,0,1,1,2,1,1,0,2,0,0,4,1,0,0,107,4,8,0,0,2,12,0,0,0,1,0,3,0,1,6,3,4,2026-08-30,data//AFLW_2026-08-30.csv,NA,0,0.3333333333333333,0.4,0,0.5,0,0.16666666666666666,0.08333333333333333,4,0.375,NA,0.2033898305084746,0.2,0,CD_M20262640307,3,2026-08-30,Collingwood,CD_R202626403
CD_I1021853,37,MEDIUM_DEFENDER,"https://s.afl.com.au/staticfile/AFL Tenant/AFL/Players/ChampIDImages/AFLW/2026264/1021853.png?im=Scale,width=0.6,height=0.6",Rylie,Wilcox,CD_T7387,WB,Western Bulldogs,Bulldogs,3,83.6,1,0,0,2,4,0,0,0,3,0,0,1,9,35,3,1,0,0,1,0,0,0,2,2,0,0,1,0,0,0,0,7,0,0,0,146,1,5,0,0,3,0,1,0,1,0,1,2,0,3,8,5,5,2026-08-30,data//AFLW_2026-08-30.csv,NA,NA,0.375,0.3333333333333333,2,0.14285714285714285,1,NA,NA,3.5,0.4,NA,0,0,0,CD_M20262640301,3,2026-08-29,North Melbourne,CD_R202626403
CD_I1021884,16,MEDIUM_FORWARD,"https://s.afl.com.au/staticfile/AFL Tenant/AFL/Players/ChampIDImages/AFLW/2026264/1021884.png?im=Scale,width=0.6,height=0.6",Sarah,Grunden,CD_T9408,SYD,Sydney Swans,Swans,3,67.1,0,0,0,0,3,0,0,1,7,2,1,0,10,50,6,3,4,2,2,66.7,0,1,4,4,0,0,2,0,3,0,0,6,2,0,0,95,0,9,0,0,0,0,4,0,1,0,0,4,4,0,10,2,3,2026-08-30,data//AFLW_2026-08-30.csv,NA,0.5,0.7,0.6,3,0.5,0.75,NA,NA,1.5,0.4444444444444444,NA,0,0,0,CD_M20262640303,3,2026-08-29,St Kilda,CD_R202626403
CD_I1021894,23,MIDFIELDER,"https://s.afl.com.au/staticfile/AFL Tenant/AFL/Players/ChampIDImages/AFLW/2026264/1021894.png?im=Scale,width=0.6,height=0.6",Madison,Brazendale,CD_T7889,GWS,GWS GIANTS,GIANTS,3,79.10000000000002,0,0,0,0,1,0,0,0,8,0,0,7,16,58,7,1,2,0,0,0,0,0,7,11,0,0,2,0,5,0,0,5,3,0,0,174,0,14,0,0,0,0,2,0,0,0,0,3,0,0,16,3,8,2026-08-30,data//AFLW_2026-08-30.csv,NA,NA,0.5,0.4375,6,0.2,0.5454545454545454,NA,NA,0.45454545454545453,0.21428571428571427,NA,0,0,0,CD_M20262640304,3,2026-08-30,Port Adelaide,CD_R202626403
CD_I1021923,6,MIDFIELDER,"https://s.afl.com.au/staticfile/AFL Tenant/AFL/Players/ChampIDImages/AFLW/2026264/1021923.png?im=Scale,width=0.6,height=0.6",Sierra,Grieves,CD_T8788,RICH,Richmond,Richmond,3,83.80000000000001,0,0,3,0,5,0,0,0,2,0,0,10,8,44,7,4,1,3,0,50,0,1,2,3,0,0,2,0,1,0,0,5,2,0,0,130,1,22,0,0,0,0,1,0,1,1,0,5,1,0,8,3,6,2026-08-30,data//AFLW_2026-08-30.csv,NA,NA,0.25,0.875,3,0.8,1,NA,NA,1.6666666666666667,0.22727272727272727,NA,0,0.23076923076923078,0,CD_M20262640309,3,2026-08-30,Essendon,CD_R202626403
CD_I1021924,23,MEDIUM_FORWARD,"https://s.afl.com.au/staticfile/AFL Tenant/AFL/Players/ChampIDImages/AFLW/2026264/1021924.png?im=Scale,width=0.6,height=0.6",Lila,Keck,CD_T8096,CARL,Carlton,Blues,3,75.30000000000001,0,0,0,0,3,0,0,0,2,1,0,4,6,37,2,1,0,2,1,50,0,0,0,1,0,0,0,0,2,0,0,5,3,0,2,81,2,13,0,0,1,0,2,0,0,0,0,4,0,0,7,3,5,2026-08-30,data//AFLW_2026-08-30.csv,NA,0,0.2857142857142857,0.3333333333333333,1,0.2,1,NA,NA,5,0.3076923076923077,NA,0,0,0,CD_M20262640308,3,2026-08-30,Fremantle,CD_R202626403
CD_I1021927,23,MEDIUM_FORWARD,"https://s.afl.com.au/staticfile/AFL Tenant/AFL/Players/ChampIDImages/AFLW/2026264/1021927.png?im=Scale,width=0.6,height=0.6",Bryde,O'Rourke,CD_T8467,GEEL,Geelong Cats,Cats,3,93.60000000000002,0,1,0,0,4,0,0,0,5,1,0,5,11,41,6,3,0,1,1,66.7,0,1,4,6,0,0,2,0,2,0,0,5,2,1,1,224,0,11,0,0,0,0,3,0,1,0,0,1,1,0,11,5,6,2026-08-30,data//AFLW_2026-08-30.csv,NA,0,0.45454545454545453,0.5454545454545454,3,0.6,0.5,NA,NA,0.8333333333333334,0.09090909090909091,NA,0,0,0,CD_M20262640306,3,2026-08-30,Gold Coast SUNS,CD_R202626403
CD_I1021933,30,KEY_DEFENDER,"https://s.afl.com.au/staticfile/AFL Tenant/AFL/Players/ChampIDImages/AFLW/2026264/1021933.png?im=Scale,width=0.6,height=0.6",Alexis,Gregor,CD_T8467,GEEL,Geelong Cats,Cats,3,71.00000000000003,0,0,0,0,1,5,5,0,2,0,0,10,6,34,4,4,0,0,2,0,0,0,0,0,0,0,0,0,5,0,0,6,2,0,0,135,0,11,0,0,3,1,1,0,0,0,0,2,0,0,4,1,2,2026-08-30,data//AFLW_2026-08-30.csv,1,NA,0.5,0.6666666666666666,0,0.6666666666666666,NA,0,0,Inf,0.18181818181818182,NA,0.019230769230769232,0,0,CD_M20262640306,3,2026-08-30,Gold Coast SUNS,CD_R202626403
CD_I1022111,2,MIDFIELDER,"https://s.afl.com.au/staticfile/AFL Tenant/AFL/Players/ChampIDImages/AFLW/2026264/1022111.png?im=Scale,width=0.6,height=0.6",Eliza,West,CD_T9407,HAW,Hawthorn,Hawks,3,79.69999999999999,1,0,11,1,3,0,0,0,14,0,0,10,23,88,13,2,1,1,3,50,0,1,9,12,0,0,1,0,7,0,0,11,0,0,0,232,0,19,0,0,1,0,5,0,2,0,4,6,1,5,23,4,9,2026-08-30,data//AFLW_2026-08-30.csv,NA,NA,0.6086956521739131,0.5652173913043478,11,0.18181818181818182,0.9166666666666666,NA,NA,0.9166666666666666,0.3157894736842105,NA,0,0.7333333333333333,0,CD_M20262640307,3,2026-08-30,Collingwood,CD_R202626403
CD_I1022127,26,KEY_DEFENDER,"https://s.afl.com.au/staticfile/AFL Tenant/AFL/Players/ChampIDImages/AFLW/2026264/1022127.png?im=Scale,width=0.6,height=0.6",Claudia,Gunjaca,CD_T8467,GEEL,Geelong Cats,Cats,3,94.50000000000003,0,0,0,0,2,0,0,0,5,0,0,8,11,58,7,6,0,0,1,0,0,0,4,3,0,0,0,0,7,0,0,8,5,0,0,103,2,8,0,0,3,4,1,0,0,2,0,3,0,0,11,4,6,2026-08-30,data//AFLW_2026-08-30.csv,NA,NA,0.45454545454545453,0.6363636363636364,1,0.75,0.3333333333333333,0,0,2.6666666666666665,0.375,NA,0.07692307692307693,0,0,CD_M20262640306,3,2026-08-30,Gold Coast SUNS,CD_R202626403
CD_I1022181,16,MIDFIELDER,"https://s.afl.com.au/staticfile/AFL Tenant/AFL/Players/ChampIDImages/AFLW/2026264/1022181.png?im=Scale,width=0.6,height=0.6",Shineah,Goody,CD_T9409,YAR,Port Adelaide,Power,3,75.10000000000002,0,3,11,1,5,0,0,0,8,0,0,7,13,74,7,5,0,3,5,0,0,0,5,2,0,0,3,0,1,0,0,11,3,1,1,188,0,16,0,0,1,0,1,0,1,0,4,8,2,5,15,4,7,2026-08-30,data//AFLW_2026-08-30.csv,NA,NA,0.5333333333333333,0.5384615384615384,2,0.45454545454545453,1,NA,NA,5.5,0.5,NA,0,0.5789473684210527,NA,CD_M20262640304,3,2026-08-30,GWS GIANTS,CD_R202626403
CD_I1022193,11,MIDFIELDER,"https://s.afl.com.au/staticfile/AFL Tenant/AFL/Players/ChampIDImages/AFLW/2026264/1022193.png?im=Scale,width=0.6,height=0.6",Sarah,Goodwin,CD_T8098,KUW,Adelaide Crows,Crows,3,82.50000000000003,0,0,14,4,5,0,0,0,10,0,0,7,20,72,10,4,0,1,1,16.7,0,0,5,7,0,0,4,0,3,0,0,13,3,0,0,463,0,12,0,0,2,0,2,0,3,0,4,3,0,8,19,5,9,2026-08-30,data//AFLW_2026-08-30.csv,NA,NA,0.5263157894736842,0.5,6,0.3076923076923077,0.8571428571428571,NA,NA,1.8571428571428572,0.25,NA,0,0.7777777777777778,0,CD_M20262640302,3,2026-08-29,West Coast Eagles,CD_R202626403
CD_I1022196,4,MIDFIELDER_FORWARD,"https://s.afl.com.au/staticfile/AFL Tenant/AFL/Players/ChampIDImages/AFLW/2026264/1022196.png?im=Scale,width=0.6,height=0.6",Piper,Window,CD_T9409,YAR,Port Adelaide,Power,1,67.2,1,0,0,0,0,0,0,1,4,1,0,0,9,61,5,3,2,0,0,75,0,3,3,2,0,0,1,0,0,0,0,7,3,3,1,135,1,6,0,0,0,0,7,0,4,1,0,2,2,0,9,2,5,2026-08-30,data//AFLW_2026-08-30.csv,NA,0,0.4444444444444444,0.5555555555555556,2,0.42857142857142855,1,NA,NA,3.5,0.3333333333333333,NA,0,0,NA,CD_M20262640304,3,2026-08-30,GWS GIANTS,CD_R202626403
CD_I1022203,5,MIDFIELDER,"https://s.afl.com.au/staticfile/AFL Tenant/AFL/Players/ChampIDImages/AFLW/2026264/1022203.png?im=Scale,width=0.6,height=0.6",Elaine,Grigg,CD_T7387,WB,Western Bulldogs,Bulldogs,3,81.89999999999998,0,0,1,0,2,0,0,0,5,0,0,2,11,39,7,2,2,1,1,0,1,0,4,8,0,0,1,0,1,0,0,3,0,0,0,38,0,5,0,0,0,0,2,0,0,0,0,4,2,0,11,1,6,2026-08-30,data//AFLW_2026-08-30.csv,NA,NA,0.45454545454545453,0.6363636363636364,5,0.6666666666666666,0.625,NA,NA,0.375,0.8,NA,0,0.05555555555555555,0,CD_M20262640301,3,2026-08-29,North Melbourne,CD_R202626403
CD_I1022210,20,MIDFIELDER,"https://s.afl.com.au/staticfile/AFL Tenant/AFL/Players/ChampIDImages/AFLW/2026264/1022210.png?im=Scale,width=0.6,height=0.6",Sachi,Syme,CD_T9409,YAR,Port Adelaide,Power,1,64.8,0,0,0,0,5,0,0,0,6,0,0,0,12,37,5,3,0,2,0,0,0,0,6,4,0,0,1,0,7,0,0,8,1,0,0,166,0,7,0,0,2,0,2,0,0,0,0,2,0,0,12,2,6,2026-08-30,data//AFLW_2026-08-30.csv,NA,NA,0.5,0.4166666666666667,2,0.375,0.5,NA,NA,2,0.2857142857142857,NA,0,0,NA,CD_M20262640304,3,2026-08-30,GWS GIANTS,CD_R202626403
CD_I1022220,6,MEDIUM_DEFENDER,"https://s.afl.com.au/staticfile/AFL Tenant/AFL/Players/ChampIDImages/AFLW/2026264/1022220.png?im=Scale,width=0.6,height=0.6",Molly,Brooksby,CD_T9409,YAR,Port Adelaide,Power,3,70.09999999999997,2,0,0,0,2,0,0,0,1,0,0,1,8,33,2,2,1,1,0,0,0,0,1,0,0,0,2,0,0,0,0,8,2,0,0,152,0,7,0,0,3,0,3,0,2,0,1,1,0,1,8,2,7,2026-08-30,data//AFLW_2026-08-30.csv,NA,NA,0.125,0.25,0,0.25,NA,NA,NA,Inf,0.14285714285714285,NA,0,0,NA,CD_M20262640304,3,2026-08-30,GWS GIANTS,CD_R202626403
CD_I1022224,22,MEDIUM_FORWARD,"https://s.afl.com.au/staticfile/AFL Tenant/AFL/Players/ChampIDImages/AFLW/2026264/1022224.png?im=Scale,width=0.6,height=0.6",Brooke,Boileau,CD_T8096,CARL,Carlton,Blues,2,44.8,0,0,0,0,1,0,0,0,1,0,0,4,3,16,0,0,0,0,0,0,0,0,1,0,0,0,0,0,0,0,0,3,1,0,1,70,1,7,0,0,0,0,0,0,1,1,0,1,0,0,3,2,2,2026-08-30,data//AFLW_2026-08-30.csv,NA,NA,0.3333333333333333,0,0,0,NA,NA,NA,Inf,0.14285714285714285,NA,0,0,0,CD_M20262640308,3,2026-08-30,Fremantle,CD_R202626403
CD_I1022236,12,RUCK,"https://s.afl.com.au/staticfile/AFL Tenant/AFL/Players/ChampIDImages/AFLW/2026264/1022236.png?im=Scale,width=0.6,height=0.6",Jessica,Good,CD_T8096,CARL,Carlton,Blues,3,100.10000000000005,0,0,17,1,2,0,5,2,14,0,0,10,15,89,8,3,0,0,2,0,0,0,6,8,21,6,1,0,5,0,0,7,3,0,0,102,2,18,0,0,1,57,0,0,0,0,4,5,0,5,17,2,3,2026-08-30,data//AFLW_2026-08-30.csv,0,NA,0.8235294117647058,0.5333333333333333,5,0.42857142857142855,0.625,0.3684210526315789,0.10526315789473684,0.875,0.2777777777777778,NA,0.890625,1,0,CD_M20262640308,3,2026-08-30,Fremantle,CD_R202626403
CD_I1022248,22,KEY_FORWARD,"https://s.afl.com.au/staticfile/AFL Tenant/AFL/Players/ChampIDImages/AFLW/2026264/1022248.png?im=Scale,width=0.6,height=0.6",Lauren,Young,CD_T9409,YAR,Port Adelaide,Power,3,77.20000000000005,1,0,0,0,1,0,0,3,12,2,0,1,18,91,7,4,7,0,0,50,0,2,9,7,4,0,0,0,1,0,0,11,5,4,2,157,0,6,0,0,0,9,7,0,4,0,2,3,2,2,17,1,5,2026-08-30,data//AFLW_2026-08-30.csv,NA,0,0.7058823529411765,0.3888888888888889,3,0.36363636363636365,0.42857142857142855,0.4444444444444444,0,1.5714285714285714,0.5,NA,0.14754098360655737,0,NA,CD_M20262640304,3,2026-08-30,GWS GIANTS,CD_R202626403
CD_I1022299,21,KEY_DEFENDER,"https://s.afl.com.au/staticfile/AFL Tenant/AFL/Players/ChampIDImages/AFLW/2026264/1022299.png?im=Scale,width=0.6,height=0.6",Amelie,Borg,CD_T9409,YAR,Port Adelaide,Power,3,91.89999999999998,0,0,0,0,1,0,1,1,4,0,0,3,6,44,6,5,0,0,1,0,0,0,2,1,0,0,1,0,5,0,0,5,2,0,0,145,2,5,0,0,3,0,0,0,0,2,0,5,0,0,5,3,1,2026-08-30,data//AFLW_2026-08-30.csv,0,NA,0.8,1,1,1,1,NA,NA,5,1,NA,0,0,NA,CD_M20262640304,3,2026-08-30,GWS GIANTS,CD_R202626403
CD_I1022350,10,MEDIUM_FORWARD,"https://s.afl.com.au/staticfile/AFL Tenant/AFL/Players/ChampIDImages/AFLW/2026264/1022350.png?im=Scale,width=0.6,height=0.6",Cynthia,Hamilton,CD_T9408,SYD,Sydney Swans,Swans,3,77.10000000000002,0,0,0,0,1,0,0,0,2,0,0,4,10,38,8,3,0,1,1,66.7,0,0,1,5,0,0,1,0,1,0,0,5,1,0,1,153,2,12,0,0,0,0,3,0,0,0,1,3,2,1,9,3,7,2026-08-30,data//AFLW_2026-08-30.csv,NA,NA,0.2222222222222222,0.8,5,0.6,1,NA,NA,1,0.25,NA,0,0,0,CD_M20262640303,3,2026-08-29,St Kilda,CD_R202626403
CD_I1022695,10,MIDFIELDER,"https://s.afl.com.au/staticfile/AFL Tenant/AFL/Players/ChampIDImages/AFLW/2026264/1022695.png?im=Scale,width=0.6,height=0.6",Jasmyn,Smith,CD_T7387,WB,Western Bulldogs,Bulldogs,3,93.1,0,0,0,0,5,0,0,0,4,0,0,2,18,54,13,4,0,1,0,100,0,0,4,12,0,0,2,0,4,0,0,6,5,0,1,151,0,7,0,0,1,0,2,0,0,0,2,0,0,2,18,4,14,2026-08-30,data//AFLW_2026-08-30.csv,NA,NA,0.2222222222222222,0.7222222222222222,9,0.6666666666666666,0.75,NA,NA,0.5,0,NA,0,0,0,CD_M20262640301,3,2026-08-29,North Melbourne,CD_R202626403
CD_I1022701,24,MIDFIELDER,"https://s.afl.com.au/staticfile/AFL Tenant/AFL/Players/ChampIDImages/AFLW/2026264/1022701.png?im=Scale,width=0.6,height=0.6",Alana,Gee,CD_T8796,EUR,St Kilda,St Kilda,3,79.99999999999997,0,0,0,1,3,0,0,0,7,0,0,6,7,22,3,0,1,1,1,0,0,0,6,5,0,0,1,0,4,0,0,2,0,0,0,41,0,13,0,0,0,0,0,0,0,0,0,2,0,1,7,2,0,2026-08-30,data//AFLW_2026-08-30.csv,NA,NA,1,0.42857142857142855,3,0,0.6,NA,NA,0.4,0.15384615384615385,NA,0,0,0,CD_M20262640303,3,2026-08-29,Sydney Swans,CD_R202626403
CD_I1022723,31,MIDFIELDER,"https://s.afl.com.au/staticfile/AFL Tenant/AFL/Players/ChampIDImages/AFLW/2026264/1022723.png?im=Scale,width=0.6,height=0.6",Brodee,Mowbray,CD_T7889,GWS,GWS GIANTS,GIANTS,3,83.39999999999998,0,0,0,0,1,0,0,1,7,1,1,3,10,53,9,3,1,1,2,100,0,2,4,6,0,0,2,0,2,0,0,4,2,1,1,150,0,6,0,0,0,0,3,0,2,0,0,3,1,0,13,3,6,2026-08-30,data//AFLW_2026-08-30.csv,NA,1,0.5384615384615384,0.9,6,0.75,1,NA,NA,0.6666666666666666,0.5,NA,0,0,0,CD_M20262640304,3,2026-08-30,Port Adelaide,CD_R202626403
CD_I1022726,30,KEY_DEFENDER,"https://s.afl.com.au/staticfile/AFL Tenant/AFL/Players/ChampIDImages/AFLW/2026264/1022726.png?im=Scale,width=0.6,height=0.6",Teagan,Germech,CD_T9409,YAR,Port Adelaide,Power,3,97.70000000000005,0,0,0,0,3,1,1,1,7,0,0,5,11,46,7,3,1,1,2,0,1,0,4,6,0,0,1,0,7,0,0,5,4,1,0,160,2,9,0,0,1,0,3,0,0,2,0,2,0,0,11,2,4,2026-08-30,data//AFLW_2026-08-30.csv,1,NA,0.6363636363636364,0.6363636363636364,4,0.6,0.6666666666666666,NA,NA,0.8333333333333334,0.2222222222222222,NA,0,0,NA,CD_M20262640304,3,2026-08-30,GWS GIANTS,CD_R202626403
CD_I1022736,5,MEDIUM_FORWARD,"https://s.afl.com.au/staticfile/AFL Tenant/AFL/Players/ChampIDImages/AFLW/2026264/1022736.png?im=Scale,width=0.6,height=0.6",Jessica,Doyle,CD_T7889,GWS,GWS GIANTS,GIANTS,3,69.1,0,0,3,0,4,0,0,0,4,1,0,1,7,36,4,3,0,3,2,50,1,2,2,3,3,1,2,0,1,0,0,4,2,1,1,127,0,3,0,0,0,11,3,0,2,0,0,1,0,0,8,3,4,2026-08-30,data//AFLW_2026-08-30.csv,NA,0,0.5,0.5714285714285714,1,0.75,0.3333333333333333,0.2727272727272727,0.09090909090909091,1.3333333333333333,0.3333333333333333,NA,0.18032786885245902,0.15789473684210525,0,CD_M20262640304,3,2026-08-30,Port Adelaide,CD_R202626403
CD_I1022744,49,MEDIUM_DEFENDER,"https://s.afl.com.au/staticfile/AFL Tenant/AFL/Players/ChampIDImages/AFLW/2026264/1022744.png?im=Scale,width=0.6,height=0.6",Madeline,Hendrie,CD_T8096,CARL,Carlton,Blues,3,100.20000000000005,0,0,0,0,2,0,2,0,3,0,0,6,4,17,3,1,0,1,0,0,0,0,3,3,0,0,0,0,3,0,0,1,1,0,0,23,7,7,0,0,0,0,1,0,0,7,0,2,0,0,4,0,1,2026-08-30,data//AFLW_2026-08-30.csv,0,NA,0.75,0.75,2,1,0.6666666666666666,NA,NA,0.3333333333333333,0.2857142857142857,NA,0,0,0,CD_M20262640308,3,2026-08-30,Fremantle,CD_R202626403
CD_I1022745,12,MIDFIELDER,"https://s.afl.com.au/staticfile/AFL Tenant/AFL/Players/ChampIDImages/AFLW/2026264/1022745.png?im=Scale,width=0.6,height=0.6",Ella,Heads,CD_T9409,YAR,Port Adelaide,Power,3,71.6,0,0,0,0,0,0,1,1,7,0,0,5,16,86,10,8,0,0,1,0,0,0,4,5,0,0,2,0,9,0,0,11,6,0,0,363,0,10,0,0,3,0,3,0,0,0,0,6,0,0,15,4,8,2026-08-30,data//AFLW_2026-08-30.csv,0,NA,0.4666666666666667,0.625,2,0.7272727272727273,0.4,NA,NA,2.2,0.6,NA,0,0,NA,CD_M20262640304,3,2026-08-30,GWS GIANTS,CD_R202626403
CD_I1022756,34,MEDIUM_DEFENDER,"https://s.afl.com.au/staticfile/AFL Tenant/AFL/Players/ChampIDImages/AFLW/2026264/1022756.png?im=Scale,width=0.6,height=0.6",Jemmika,Douglas,CD_T8098,KUW,Adelaide Crows,Crows,2,81.10000000000001,0,0,0,0,5,0,0,0,7,0,0,6,12,47,8,3,1,2,0,100,0,1,6,6,0,0,1,0,7,0,0,6,3,0,0,185,1,10,0,0,3,0,3,0,1,0,0,2,0,0,15,3,8,2026-08-30,data//AFLW_2026-08-30.csv,NA,NA,0.4666666666666667,0.6666666666666666,5,0.5,0.8333333333333334,NA,NA,1,0.2,NA,0,0,0,CD_M20262640302,3,2026-08-29,West Coast Eagles,CD_R202626403
CD_I1022775,8,MIDFIELDER,"https://s.afl.com.au/staticfile/AFL Tenant/AFL/Players/ChampIDImages/AFLW/2026264/1022775.png?im=Scale,width=0.6,height=0.6",Lucia,Painter,CD_T8787,WAA,West Coast Eagles,Eagles,3,80.10000000000002,1,1,11,1,0,0,0,0,3,0,0,8,7,44,3,1,0,0,1,50,0,1,1,3,0,0,2,0,0,0,0,4,2,0,1,139,1,16,0,0,0,0,5,0,2,0,0,3,0,1,8,0,5,2026-08-30,data//AFLW_2026-08-30.csv,NA,NA,0.375,0.42857142857142855,2,0.25,0.6666666666666666,NA,NA,1.3333333333333333,0.1875,NA,0,0.6111111111111112,0,CD_M20262640302,3,2026-08-29,Adelaide Crows,CD_R202626403
CD_I1022818,23,RUCK,"https://s.afl.com.au/staticfile/AFL Tenant/AFL/Players/ChampIDImages/AFLW/2026264/1022818.png?im=Scale,width=0.6,height=0.6",Sarah,Lakay,CD_T8787,WAA,West Coast Eagles,Eagles,2,59.599999999999994,0,0,9,0,1,0,1,3,9,0,0,6,11,63,4,1,0,1,0,50,0,1,5,6,16,7,2,0,3,0,0,5,3,2,0,127,1,10,0,0,1,30,1,0,2,0,1,2,0,1,12,3,3,2026-08-30,data//AFLW_2026-08-30.csv,0,NA,0.75,0.36363636363636365,3,0.2,0.5,0.5333333333333333,0.23333333333333334,0.8333333333333334,0.2,NA,0.5172413793103449,0.5,0,CD_M20262640302,3,2026-08-29,Adelaide Crows,CD_R202626403
CD_I1022823,4,MIDFIELDER,"https://s.afl.com.au/staticfile/AFL Tenant/AFL/Players/ChampIDImages/AFLW/2026264/1022823.png?im=Scale,width=0.6,height=0.6",Ella,Roberts,CD_T8787,WAA,West Coast Eagles,Eagles,3,83.9,0,3,15,1,3,0,0,0,15,0,0,9,27,104,17,3,3,1,1,50,1,0,12,16,0,0,5,0,6,1,0,11,3,0,1,362,1,14,0,0,1,0,4,0,0,1,7,8,0,8,27,7,12,2026-08-30,data//AFLW_2026-08-30.csv,NA,NA,0.5555555555555556,0.6296296296296297,14,0.2727272727272727,0.875,NA,NA,0.6875,0.5714285714285714,0,0,0.8333333333333334,0.16666666666666666,CD_M20262640302,3,2026-08-29,Adelaide Crows,CD_R202626403
CD_I1022825,1,RUCK,"https://s.afl.com.au/staticfile/AFL Tenant/AFL/Players/ChampIDImages/AFLW/2026264/1022825.png?im=Scale,width=0.6,height=0.6",Lauren,Wakfer,CD_T8787,WAA,West Coast Eagles,Eagles,3,86.70000000000002,0,0,0,0,1,0,0,0,4,3,1,0,10,38,7,3,3,0,0,50,1,1,4,6,2,1,0,0,0,0,0,4,2,1,1,33,2,6,0,0,0,4,2,0,1,2,0,0,0,0,10,1,6,2026-08-30,data//AFLW_2026-08-30.csv,NA,0.3333333333333333,0.4,0.7,4,0.75,0.6666666666666666,0.5,0.25,0.6666666666666666,0,NA,0.06896551724137931,0,0,CD_M20262640302,3,2026-08-29,Adelaide Crows,CD_R202626403
CD_I1023433,9,MIDFIELDER,"https://s.afl.com.au/staticfile/AFL Tenant/AFL/Players/ChampIDImages/AFLW/2026264/1023433.png?im=Scale,width=0.6,height=0.6",Sara,Howley,CD_T7889,GWS,GWS GIANTS,GIANTS,3,75.39999999999999,0,0,9,1,2,0,0,0,7,0,0,5,12,44,6,2,1,0,1,0,1,0,6,4,0,0,1,0,4,0,0,8,1,0,0,135,0,10,0,0,1,0,1,0,0,0,0,2,0,1,11,2,4,2026-08-30,data//AFLW_2026-08-30.csv,NA,NA,0.6363636363636364,0.5,4,0.25,1,NA,NA,2,0.2,NA,0,0.47368421052631576,0,CD_M20262640304,3,2026-08-30,Port Adelaide,CD_R202626403
CD_I1023815,15,MIDFIELDER,"https://s.afl.com.au/staticfile/AFL Tenant/AFL/Players/ChampIDImages/AFLW/2026264/1023815.png?im=Scale,width=0.6,height=0.6",Abbygail,Bushby,CD_T8787,WAA,West Coast Eagles,Eagles,3,71.49999999999997,1,0,2,0,5,0,0,0,5,0,0,7,15,57,8,4,0,1,2,0,0,0,2,4,0,0,5,0,3,0,0,11,4,0,0,318,2,8,0,0,1,0,6,0,2,2,2,1,0,2,15,4,10,2026-08-30,data//AFLW_2026-08-30.csv,NA,NA,0.3333333333333333,0.5333333333333333,4,0.36363636363636365,1,NA,NA,2.75,0.125,NA,0,0.1111111111111111,0,CD_M20262640302,3,2026-08-29,Adelaide Crows,CD_R202626403
CD_I1023842,23,MEDIUM_DEFENDER,"https://s.afl.com.au/staticfile/AFL Tenant/AFL/Players/ChampIDImages/AFLW/2026264/1023842.png?im=Scale,width=0.6,height=0.6",Zippy,Fish,CD_T9408,SYD,Sydney Swans,Swans,3,100,1,2,0,0,3,0,0,0,6,0,0,5,25,87,18,9,1,0,0,0,1,0,6,10,0,0,2,0,9,5,5,15,3,1,0,469,3,9,0,0,4,0,5,0,1,2,0,3,0,0,18,5,12,2026-08-30,data//AFLW_2026-08-30.csv,NA,NA,0.3333333333333333,0.72,9,0.6,0.9,NA,NA,1.5,0.3333333333333333,1,0,0,0.5555555555555556,CD_M20262640303,3,2026-08-29,St Kilda,CD_R202626403
CD_I1023849,20,MIDFIELDER,"https://s.afl.com.au/staticfile/AFL Tenant/AFL/Players/ChampIDImages/AFLW/2026264/1023849.png?im=Scale,width=0.6,height=0.6",Noa,McNaughton,CD_T7886,WAL,Fremantle,Dockers,1,55.7,1,0,0,0,0,0,0,0,4,0,0,1,8,32,6,3,3,0,1,0,0,0,3,3,0,0,0,0,1,0,0,5,3,1,1,74,0,2,0,0,0,0,1,0,2,0,0,0,0,0,8,2,4,2026-08-30,data//AFLW_2026-08-30.csv,NA,NA,0.5,0.75,3,0.6,1,NA,NA,1.6666666666666667,0,NA,0,0,0,CD_M20262640308,3,2026-08-30,Carlton,CD_R202626403
CD_I1023854,29,KEY_DEFENDER,"https://s.afl.com.au/staticfile/AFL Tenant/AFL/Players/ChampIDImages/AFLW/2026264/1023854.png?im=Scale,width=0.6,height=0.6",Natasha,Entwistle,CD_T8787,WAA,West Coast Eagles,Eagles,2,68.7,0,1,0,0,1,1,2,0,3,0,0,4,10,43,8,4,0,0,0,0,0,0,3,4,0,0,2,0,4,0,0,6,3,0,0,138,3,6,0,0,4,0,1,0,0,3,0,2,0,0,10,2,7,2026-08-30,data//AFLW_2026-08-30.csv,0.5,NA,0.3,0.8,4,0.6666666666666666,1,NA,NA,1.5,0.3333333333333333,NA,0,0,0,CD_M20262640302,3,2026-08-29,Adelaide Crows,CD_R202626403
CD_I1023857,22,KEY_DEFENDER,"https://s.afl.com.au/staticfile/AFL Tenant/AFL/Players/ChampIDImages/AFLW/2026264/1023857.png?im=Scale,width=0.6,height=0.6",Georgie,Cleaver,CD_T8787,WAA,West Coast Eagles,Eagles,3,97.80000000000001,0,0,0,0,4,0,1,0,3,0,0,1,9,38,3,3,0,1,0,0,0,0,2,1,0,0,2,0,3,0,0,8,5,0,0,142,4,2,0,0,2,0,2,0,0,3,0,0,0,0,10,4,7,2026-08-30,data//AFLW_2026-08-30.csv,0,NA,0.3,0.3333333333333333,0,0.375,0,NA,NA,8,0,NA,0,0,0,CD_M20262640302,3,2026-08-29,Adelaide Crows,CD_R202626403
CD_I1023943,29,RUCK,"https://s.afl.com.au/staticfile/AFL Tenant/AFL/Players/ChampIDImages/AFLW/2026264/1023943.png?im=Scale,width=0.6,height=0.6",Matilda,Scholz,CD_T9409,YAR,Port Adelaide,Power,3,89.59999999999997,1,0,15,0,8,0,2,4,16,2,0,6,24,115,14,9,0,3,3,0,1,0,8,8,30,9,10,0,9,0,0,16,6,0,1,434,2,11,0,0,3,44,6,0,1,2,5,2,0,5,21,7,5,2026-08-30,data//AFLW_2026-08-30.csv,0,0,0.7619047619047619,0.5833333333333334,5,0.5625,0.625,0.6818181818181818,0.20454545454545456,2,0.18181818181818182,NA,0.7213114754098361,0.7894736842105263,NA,CD_M20262640304,3,2026-08-30,GWS GIANTS,CD_R202626403
CD_I1023948,7,KEY_FORWARD,"https://s.afl.com.au/staticfile/AFL Tenant/AFL/Players/ChampIDImages/AFLW/2026264/1023948.png?im=Scale,width=0.6,height=0.6",Poppy,Scholz,CD_T8096,CARL,Carlton,Blues,3,94.49999999999997,1,0,0,0,4,0,0,1,8,6,2,4,14,58,10,4,3,2,1,22.2,2,1,7,8,0,0,3,0,0,0,0,6,2,1,0,182,0,8,0,0,0,1,4,0,2,0,0,4,1,0,15,4,7,2026-08-30,data//AFLW_2026-08-30.csv,NA,0.3333333333333333,0.5333333333333333,0.7142857142857143,6,0.6666666666666666,0.75,0,0,0.75,0.5,NA,0.015625,0,0,CD_M20262640308,3,2026-08-30,Fremantle,CD_R202626403
CD_I1024085,8,MIDFIELDER,"https://s.afl.com.au/staticfile/AFL Tenant/AFL/Players/ChampIDImages/AFLW/2026264/1024085.png?im=Scale,width=0.6,height=0.6",India,Rasheed,CD_T8098,KUW,Adelaide Crows,Crows,1,72.4,0,0,0,0,0,0,0,1,3,0,0,4,9,45,6,4,2,0,0,0,0,0,2,3,0,0,0,0,0,0,0,6,3,0,1,139,1,5,0,0,1,2,1,0,0,1,0,3,0,0,9,2,6,2026-08-30,data//AFLW_2026-08-30.csv,NA,NA,0.3333333333333333,0.6666666666666666,2,0.6666666666666666,0.6666666666666666,0,0,2,0.6,NA,0.034482758620689655,0,0,CD_M20262640302,3,2026-08-29,West Coast Eagles,CD_R202626403
CD_I1024296,22,MEDIUM_FORWARD,"https://s.afl.com.au/staticfile/AFL Tenant/AFL/Players/ChampIDImages/AFLW/2026264/1024296.png?im=Scale,width=0.6,height=0.6",Rachel,Kearns,CD_T8467,GEEL,Geelong Cats,Cats,3,85.69999999999999,0,1,0,0,2,0,0,0,6,0,0,6,14,56,6,3,2,1,0,40,0,1,6,7,0,0,3,0,2,0,0,7,2,1,0,285,1,16,0,0,2,0,5,0,2,1,0,3,0,0,13,6,7,2026-08-30,data//AFLW_2026-08-30.csv,NA,NA,0.46153846153846156,0.42857142857142855,3,0.42857142857142855,0.42857142857142855,NA,NA,1,0.1875,NA,0,0,0,CD_M20262640306,3,2026-08-30,Gold Coast SUNS,CD_R202626403
CD_I1024299,26,RUCK,"https://s.afl.com.au/staticfile/AFL Tenant/AFL/Players/ChampIDImages/AFLW/2026264/1024299.png?im=Scale,width=0.6,height=0.6",Paige,Price,CD_T8786,GCFC,Gold Coast SUNS,SUNS,3,31.09999999999998,0,0,9,1,0,0,0,0,3,0,0,1,4,21,3,1,0,0,1,0,0,0,1,2,6,2,0,0,1,0,0,2,0,0,0,39,0,3,0,0,0,15,2,0,0,0,0,1,0,1,4,0,1,2026-08-30,data//AFLW_2026-08-30.csv,NA,NA,0.75,0.75,2,0.5,1,0.4,0.13333333333333333,1,0.3333333333333333,NA,0.2830188679245283,0.42857142857142855,0,CD_M20262640306,3,2026-08-30,Geelong Cats,CD_R202626403
CD_I1024535,3,RUCK,"https://s.afl.com.au/staticfile/AFL Tenant/AFL/Players/ChampIDImages/AFLW/2026264/1024535.png?im=Scale,width=0.6,height=0.6",Darcie,Davies,CD_T8786,GCFC,Gold Coast SUNS,SUNS,3,80.90000000000003,1,0,12,1,7,0,0,5,13,3,1,7,19,93,7,1,0,4,1,25,0,0,5,9,21,6,4,0,4,0,0,10,6,2,0,234,0,14,0,0,0,32,5,0,2,0,2,4,2,3,19,6,6,2026-08-30,data//AFLW_2026-08-30.csv,NA,0.3333333333333333,0.6842105263157895,0.3684210526315789,6,0.1,0.6666666666666666,0.65625,0.1875,1.1111111111111112,0.2857142857142857,NA,0.6037735849056604,0.5714285714285714,0,CD_M20262640306,3,2026-08-30,Geelong Cats,CD_R202626403
CD_I1024552,12,KEY_FORWARD,"https://s.afl.com.au/staticfile/AFL Tenant/AFL/Players/ChampIDImages/AFLW/2026264/1024552.png?im=Scale,width=0.6,height=0.6",Havana,Harris,CD_T8786,GCFC,Gold Coast SUNS,SUNS,3,92.49999999999997,1,0,0,0,5,0,0,1,11,4,4,1,20,93,13,6,7,1,2,26.7,0,3,7,9,1,0,1,0,1,0,0,11,5,4,3,202,1,6,0,0,0,6,9,0,8,1,2,2,1,2,21,5,10,2026-08-30,data//AFLW_2026-08-30.csv,NA,1,0.5238095238095238,0.65,7,0.5454545454545454,0.7777777777777778,0.16666666666666666,0,1.2222222222222223,0.3333333333333333,NA,0.11320754716981132,0,0,CD_M20262640306,3,2026-08-30,Geelong Cats,CD_R202626403
CD_I1024553,28,KEY_DEFENDER,"https://s.afl.com.au/staticfile/AFL Tenant/AFL/Players/ChampIDImages/AFLW/2026264/1024553.png?im=Scale,width=0.6,height=0.6",Kaylee,Kimber,CD_T7387,WB,Western Bulldogs,Bulldogs,2,82.2,0,0,0,0,2,1,1,0,3,0,0,3,10,39,5,4,0,0,0,0,0,0,3,4,0,0,1,0,5,0,0,6,3,0,0,130,1,4,0,0,3,0,1,0,0,1,1,1,0,1,10,3,7,2026-08-30,data//AFLW_2026-08-30.csv,1,NA,0.3,0.5,1,0.6666666666666666,0.25,NA,NA,1.5,0.25,NA,0,0,0,CD_M20262640301,3,2026-08-29,North Melbourne,CD_R202626403
CD_I1024642,15,MIDFIELDER_FORWARD,"https://s.afl.com.au/staticfile/AFL Tenant/AFL/Players/ChampIDImages/AFLW/2026264/1024642.png?im=Scale,width=0.6,height=0.6",Priya,Bowering,CD_T8467,GEEL,Geelong Cats,Cats,3,18.200000000000017,0,0,2,0,1,0,0,0,0,0,0,5,3,8,2,1,0,1,0,0,1,0,0,1,0,0,1,0,0,0,0,2,1,0,0,71,0,7,0,0,0,0,2,0,0,0,0,0,0,0,3,0,3,2026-08-30,data//AFLW_2026-08-30.csv,NA,NA,0,0.6666666666666666,1,0.5,1,NA,NA,2,0,NA,0,0.09523809523809523,0,CD_M20262640306,3,2026-08-30,Gold Coast SUNS,CD_R202626403
CD_I1024984,30,MIDFIELDER,"https://s.afl.com.au/staticfile/AFL Tenant/AFL/Players/ChampIDImages/AFLW/2026264/1024984.png?im=Scale,width=0.6,height=0.6",Ally,Dallaway,CD_T8788,RICH,Richmond,Richmond,3,78.39999999999998,0,0,5,0,2,0,0,0,8,0,0,8,14,39,8,2,1,1,0,0,0,0,7,8,0,0,2,0,3,0,0,6,0,0,0,154,1,12,0,0,0,0,1,0,0,0,2,2,0,2,15,2,7,2026-08-30,data//AFLW_2026-08-30.csv,NA,NA,0.5333333333333333,0.5714285714285714,6,0.3333333333333333,0.75,NA,NA,0.75,0.16666666666666666,NA,0,0.38461538461538464,0,CD_M20262640309,3,2026-08-30,Essendon,CD_R202626403
CD_I1025163,38,KEY_FORWARD,"https://s.afl.com.au/staticfile/AFL Tenant/AFL/Players/ChampIDImages/AFLW/2026264/1025163.png?im=Scale,width=0.6,height=0.6",Jacqueline,Dupuy,CD_T9407,HAW,Hawthorn,Hawks,3,100.09999999999997,2,0,0,0,4,0,0,3,9,5,2,3,14,60,7,5,3,3,0,20,1,1,5,4,4,0,4,0,1,0,0,10,5,1,1,365,2,6,0,0,0,5,5,0,3,1,1,1,0,1,15,5,6,2026-08-30,data//AFLW_2026-08-30.csv,NA,0.4,0.6,0.5,2,0.5,0.5,0.8,0,2.5,0.16666666666666666,NA,0.0847457627118644,0,0,CD_M20262640307,3,2026-08-30,Collingwood,CD_R202626403
CD_I1025419,16,MIDFIELDER,"https://s.afl.com.au/staticfile/AFL Tenant/AFL/Players/ChampIDImages/AFLW/2026264/1025419.png?im=Scale,width=0.6,height=0.6",Ashley,Centra,CD_T8097,COLL,Collingwood,Magpies,3,65.6,0,0,0,0,2,0,0,1,10,1,1,0,13,54,8,5,3,0,2,100,0,1,5,4,0,0,3,0,2,0,0,9,1,0,0,170,0,11,0,0,0,0,3,0,1,0,3,2,0,3,14,2,4,2026-08-30,data//AFLW_2026-08-30.csv,NA,1,0.7142857142857143,0.6153846153846154,3,0.5555555555555556,0.75,NA,NA,2.25,0.18181818181818182,NA,0,0,0,CD_M20262640307,3,2026-08-30,Hawthorn,CD_R202626403
CD_I1025421,21,MEDIUM_DEFENDER,"https://s.afl.com.au/staticfile/AFL Tenant/AFL/Players/ChampIDImages/AFLW/2026264/1025421.png?im=Scale,width=0.6,height=0.6",Amber,Schutte,CD_T8097,COLL,Collingwood,Magpies,3,100.30000000000004,0,0,0,0,2,0,3,0,2,0,0,5,7,25,5,1,0,1,0,0,0,0,2,4,0,0,0,0,0,0,0,3,1,0,0,96,4,5,0,0,2,0,2,0,0,3,1,2,0,1,7,1,5,2026-08-30,data//AFLW_2026-08-30.csv,0,NA,0.2857142857142857,0.7142857142857143,4,0.3333333333333333,1,NA,NA,0.75,0.4,NA,0,0,0,CD_M20262640307,3,2026-08-30,Hawthorn,CD_R202626403
CD_I1025517,19,MEDIUM_FORWARD,"https://s.afl.com.au/staticfile/AFL Tenant/AFL/Players/ChampIDImages/AFLW/2026264/1025517.png?im=Scale,width=0.6,height=0.6",Heidi,Woodley,CD_T7387,WB,Western Bulldogs,Bulldogs,3,78.20000000000002,0,0,0,0,1,0,0,0,5,0,0,2,8,27,6,3,2,0,0,100,0,0,5,4,0,0,0,0,2,0,0,4,1,0,0,63,1,9,0,0,0,0,2,0,0,0,0,1,0,0,7,1,2,2026-08-30,data//AFLW_2026-08-30.csv,NA,NA,0.7142857142857143,0.75,3,0.75,0.75,NA,NA,1,0.1111111111111111,NA,0,0,0,CD_M20262640301,3,2026-08-29,North Melbourne,CD_R202626403
CD_I1025525,23,MIDFIELDER,"https://s.afl.com.au/staticfile/AFL Tenant/AFL/Players/ChampIDImages/AFLW/2026264/1025525.png?im=Scale,width=0.6,height=0.6",Amy,Gaylor,CD_T9406,ESS,Essendon,Bombers,3,78.50000000000003,1,0,12,1,4,0,0,0,7,0,0,6,16,79,5,2,0,1,2,0,0,0,3,7,0,0,3,0,1,0,0,9,2,0,1,276,0,14,0,0,0,0,2,0,2,0,3,8,2,4,16,4,9,2026-08-30,data//AFLW_2026-08-30.csv,NA,NA,0.4375,0.3125,3,0.2222222222222222,0.42857142857142855,NA,NA,1.2857142857142858,0.5714285714285714,NA,0,0.9230769230769231,0,CD_M20262640309,3,2026-08-30,Richmond,CD_R202626403
CD_I1025550,13,KEY_FORWARD,"https://s.afl.com.au/staticfile/AFL Tenant/AFL/Players/ChampIDImages/AFLW/2026264/1025550.png?im=Scale,width=0.6,height=0.6",Georgie,Brisbane,CD_T7886,WAL,Fremantle,Dockers,1,61.2,0,0,0,0,3,0,0,0,3,0,0,0,6,25,2,0,0,0,1,0,0,0,2,5,0,0,0,0,0,0,0,1,1,0,1,21,1,8,0,0,0,0,1,0,0,0,0,2,0,0,7,2,4,2026-08-30,data//AFLW_2026-08-30.csv,NA,NA,0.42857142857142855,0.3333333333333333,2,0,0.4,NA,NA,0.2,0.25,NA,0,0,0,CD_M20262640308,3,2026-08-30,Carlton,CD_R202626403
CD_I1025564,26,KEY_FORWARD,"https://s.afl.com.au/staticfile/AFL Tenant/AFL/Players/ChampIDImages/AFLW/2026264/1025564.png?im=Scale,width=0.6,height=0.6",Mia,Austin,CD_T7386,NAR,Melbourne,Demons,3,77.59999999999997,0,0,0,0,2,0,0,1,7,7,1,1,10,38,6,3,2,1,0,87.5,1,2,6,7,0,0,1,0,2,0,0,3,2,1,0,46,0,4,0,0,0,0,7,0,2,0,0,0,0,0,10,2,3,2026-08-30,data//AFLW_2026-08-30.csv,NA,0.14285714285714285,0.7,0.6,3,1,0.42857142857142855,NA,NA,0.42857142857142855,0,NA,0,0,0,CD_M20262640305,3,2026-08-30,Brisbane Lions,CD_R202626403
CD_I1025565,7,MEDIUM_FORWARD,"https://s.afl.com.au/staticfile/AFL Tenant/AFL/Players/ChampIDImages/AFLW/2026264/1025565.png?im=Scale,width=0.6,height=0.6",Grace,Belloni,CD_T9406,ESS,Essendon,Bombers,3,68.90000000000002,0,0,1,0,0,0,0,1,4,0,0,2,12,58,8,3,1,0,0,33.3,0,0,3,6,0,0,3,0,4,0,0,6,4,0,0,133,1,11,0,0,2,0,5,0,1,1,0,4,2,0,12,1,8,2026-08-30,data//AFLW_2026-08-30.csv,NA,NA,0.3333333333333333,0.6666666666666666,5,0.5,0.8333333333333334,NA,NA,1,0.36363636363636365,NA,0,0.07692307692307693,0,CD_M20262640309,3,2026-08-30,Richmond,CD_R202626403
CD_I1025611,1,MIDFIELDER,"https://s.afl.com.au/staticfile/AFL Tenant/AFL/Players/ChampIDImages/AFLW/2026264/1025611.png?im=Scale,width=0.6,height=0.6",Sarah,Poustie,CD_T7387,WB,Western Bulldogs,Bulldogs,3,55.99999999999997,0,0,4,0,2,0,0,0,4,0,0,3,5,14,4,0,0,2,1,0,0,0,4,4,0,0,0,0,1,0,0,1,0,0,0,26,0,10,0,0,0,0,2,0,0,0,1,2,1,1,6,1,2,2026-08-30,data//AFLW_2026-08-30.csv,NA,NA,0.6666666666666666,0.8,4,0,1,NA,NA,0.25,0.2,NA,0,0.2222222222222222,0,CD_M20262640301,3,2026-08-29,North Melbourne,CD_R202626403
CD_I1025615,20,MEDIUM_DEFENDER,"https://s.afl.com.au/staticfile/AFL Tenant/AFL/Players/ChampIDImages/AFLW/2026264/1025615.png?im=Scale,width=0.6,height=0.6",Charlotte,Brewer,CD_T8097,COLL,Collingwood,Magpies,2,53,1,0,0,0,3,0,0,0,3,0,0,3,5,24,1,1,1,1,1,0,0,0,2,2,0,0,2,0,0,0,0,3,0,0,0,101,0,11,0,0,0,0,2,0,2,0,1,3,0,1,5,2,2,2026-08-30,data//AFLW_2026-08-30.csv,NA,NA,0.6,0.2,0,0.3333333333333333,0,NA,NA,1.5,0.2727272727272727,NA,0,0,0,CD_M20262640307,3,2026-08-30,Hawthorn,CD_R202626403
CD_I1025616,26,MEDIUM_DEFENDER,"https://s.afl.com.au/staticfile/AFL Tenant/AFL/Players/ChampIDImages/AFLW/2026264/1025616.png?im=Scale,width=0.6,height=0.6",Lara,Hausegger,CD_T9408,SYD,Sydney Swans,Swans,3,70.79999999999998,0,0,0,0,3,0,0,0,7,0,0,0,12,41,7,4,0,1,3,0,0,0,4,5,0,0,3,0,5,0,0,7,2,0,0,148,1,3,0,0,2,0,1,0,0,1,1,1,0,1,13,3,6,2026-08-30,data//AFLW_2026-08-30.csv,NA,NA,0.5384615384615384,0.5833333333333334,3,0.5714285714285714,0.6,NA,NA,1.4,0.3333333333333333,NA,0,0,0,CD_M20262640303,3,2026-08-29,St Kilda,CD_R202626403
CD_I1025669,32,KEY_DEFENDER,"https://s.afl.com.au/staticfile/AFL Tenant/AFL/Players/ChampIDImages/AFLW/2026264/1025669.png?im=Scale,width=0.6,height=0.6",Annabelle,Embelton,CD_T9407,HAW,Hawthorn,Hawks,3,85.60000000000002,0,0,0,0,2,0,0,0,7,0,0,3,11,43,9,3,0,0,0,0,0,0,7,6,0,0,1,0,7,0,0,5,4,0,0,123,2,3,0,0,4,0,1,0,0,2,1,1,0,1,12,1,5,2026-08-30,data//AFLW_2026-08-30.csv,NA,NA,0.5833333333333334,0.8181818181818182,6,0.6,1,NA,NA,0.8333333333333334,0.3333333333333333,NA,0,0,0,CD_M20262640307,3,2026-08-30,Collingwood,CD_R202626403
CD_I1025671,14,MIDFIELDER,"https://s.afl.com.au/staticfile/AFL Tenant/AFL/Players/ChampIDImages/AFLW/2026264/1025671.png?im=Scale,width=0.6,height=0.6",Daisy,Flockart,CD_T9407,HAW,Hawthorn,Hawks,3,62.400000000000006,0,0,9,2,1,0,0,0,4,0,0,6,6,32,3,1,0,1,0,0,0,0,3,3,0,0,0,0,1,0,0,3,0,0,0,64,0,14,0,0,0,0,0,0,0,0,1,5,0,3,6,2,2,2026-08-30,data//AFLW_2026-08-30.csv,NA,NA,0.6666666666666666,0.5,2,0.3333333333333333,0.6666666666666666,NA,NA,1,0.35714285714285715,NA,0,0.6,0,CD_M20262640307,3,2026-08-30,Collingwood,CD_R202626403
CD_I1025674,1,KEY_FORWARD,"https://s.afl.com.au/staticfile/AFL Tenant/AFL/Players/ChampIDImages/AFLW/2026264/1025674.png?im=Scale,width=0.6,height=0.6",Emily,Gough,CD_T9406,ESS,Essendon,Bombers,3,63.80000000000001,1,0,0,0,0,0,0,2,5,0,0,1,9,45,6,3,1,0,0,33.3,1,0,2,4,0,0,2,0,0,0,0,5,3,0,1,169,1,6,0,0,0,0,4,0,1,0,0,3,1,0,10,3,5,2026-08-30,data//AFLW_2026-08-30.csv,NA,NA,0.5,0.6666666666666666,3,0.6,0.75,NA,NA,1.25,0.5,NA,0,0,0,CD_M20262640309,3,2026-08-30,Richmond,CD_R202626403
CD_I1025677,55,MEDIUM_FORWARD,"https://s.afl.com.au/staticfile/AFL Tenant/AFL/Players/ChampIDImages/AFLW/2026264/1025677.png?im=Scale,width=0.6,height=0.6",Sophie,McKay,CD_T8096,CARL,Carlton,Blues,2,70.39999999999999,1,0,0,0,2,0,0,2,6,1,0,4,11,44,7,3,0,1,2,20,0,1,2,5,0,0,0,0,0,0,0,6,2,1,0,104,2,4,0,0,1,0,3,0,2,2,1,1,0,1,12,4,6,2026-08-30,data//AFLW_2026-08-30.csv,NA,0,0.5,0.6363636363636364,4,0.5,0.8,NA,NA,1.2,0.25,NA,0,0,0,CD_M20262640308,3,2026-08-30,Fremantle,CD_R202626403
CD_I1025819,19,MEDIUM_DEFENDER,"https://s.afl.com.au/staticfile/AFL Tenant/AFL/Players/ChampIDImages/AFLW/2026264/1025819.png?im=Scale,width=0.6,height=0.6",Laela,Ebert,CD_T7386,NAR,Melbourne,Demons,2,66.79999999999998,0,0,0,0,1,0,0,0,5,0,0,5,16,59,12,8,1,1,1,0,0,0,3,6,0,0,1,0,5,0,0,10,5,0,0,109,1,8,0,0,3,0,1,0,0,0,0,1,0,0,16,2,11,2026-08-30,data//AFLW_2026-08-30.csv,NA,NA,0.3125,0.75,4,0.8,0.6666666666666666,NA,NA,1.6666666666666667,0.125,NA,0,0,0,CD_M20262640305,3,2026-08-30,Brisbane Lions,CD_R202626403
CD_I1025893,17,MIDFIELDER,"https://s.afl.com.au/staticfile/AFL Tenant/AFL/Players/ChampIDImages/AFLW/2026264/1025893.png?im=Scale,width=0.6,height=0.6",Ella,Boag,CD_T9409,YAR,Port Adelaide,Power,3,76.10000000000002,0,0,0,0,5,0,0,0,4,0,0,6,14,52,6,4,0,0,0,0,0,0,4,2,0,0,7,0,6,0,0,12,4,0,0,403,1,8,0,0,1,0,4,0,0,0,1,0,0,1,12,5,8,2026-08-30,data//AFLW_2026-08-30.csv,NA,NA,0.3333333333333333,0.42857142857142855,2,0.3333333333333333,1,NA,NA,6,0,NA,0,0,NA,CD_M20262640304,3,2026-08-30,GWS GIANTS,CD_R202626403
CD_I1025924,1,MEDIUM_DEFENDER,"https://s.afl.com.au/staticfile/AFL Tenant/AFL/Players/ChampIDImages/AFLW/2026264/1025924.png?im=Scale,width=0.6,height=0.6",Grace,Martin,CD_T7889,GWS,GWS GIANTS,GIANTS,3,71.29999999999998,0,0,0,0,1,0,1,0,3,0,0,6,9,33,6,3,0,1,0,0,0,0,3,5,0,0,1,0,4,0,0,4,2,0,0,100,3,6,0,0,1,0,1,0,0,3,0,2,0,0,10,3,7,2026-08-30,data//AFLW_2026-08-30.csv,0,NA,0.3,0.6666666666666666,3,0.75,0.6,NA,NA,0.8,0.3333333333333333,NA,0,0,0,CD_M20262640304,3,2026-08-30,Port Adelaide,CD_R202626403
CD_I1025962,12,RUCK,"https://s.afl.com.au/staticfile/AFL Tenant/AFL/Players/ChampIDImages/AFLW/2026264/1025962.png?im=Scale,width=0.6,height=0.6",Charlotte,Riggs,CD_T8787,WAA,West Coast Eagles,Eagles,3,63.900000000000006,0,0,9,0,2,0,0,0,3,0,0,6,7,34,6,3,1,1,2,0,0,0,2,3,10,2,0,0,0,0,0,4,1,0,0,83,0,11,0,0,2,24,0,0,0,0,1,1,0,1,8,3,5,2026-08-30,data//AFLW_2026-08-30.csv,NA,NA,0.375,0.8571428571428571,3,0.75,1,0.4166666666666667,0.08333333333333333,1.3333333333333333,0.09090909090909091,NA,0.41379310344827586,0.5,0,CD_M20262640302,3,2026-08-29,Adelaide Crows,CD_R202626403
CD_I1025995,20,MIDFIELDER,"https://s.afl.com.au/staticfile/AFL Tenant/AFL/Players/ChampIDImages/AFLW/2026264/1025995.png?im=Scale,width=0.6,height=0.6",Lily,Goss,CD_T8096,CARL,Carlton,Blues,3,83.30000000000001,0,0,4,0,1,0,0,0,7,0,0,9,13,55,10,5,0,0,1,100,0,0,5,6,0,0,2,0,5,0,0,7,3,0,0,235,1,15,0,0,0,0,3,0,0,0,2,3,0,2,14,2,7,2026-08-30,data//AFLW_2026-08-30.csv,NA,NA,0.5,0.7692307692307693,5,0.7142857142857143,0.8333333333333334,NA,NA,1.1666666666666667,0.2,NA,0,0.23529411764705882,0,CD_M20262640308,3,2026-08-30,Fremantle,CD_R202626403
CD_I1026016,8,MEDIUM_DEFENDER,"https://s.afl.com.au/staticfile/AFL Tenant/AFL/Players/ChampIDImages/AFLW/2026264/1026016.png?im=Scale,width=0.6,height=0.6",Montana,Beruldsen,CD_T8788,RICH,Richmond,Richmond,3,83.30000000000001,0,3,0,0,2,0,0,0,4,0,0,5,17,73,11,8,0,0,1,0,0,0,3,4,0,0,2,0,4,6,6,13,3,0,0,449,0,6,0,0,7,0,2,0,0,0,0,4,0,0,11,5,7,2026-08-30,data//AFLW_2026-08-30.csv,NA,NA,0.36363636363636365,0.6470588235294118,3,0.6153846153846154,0.75,NA,NA,3.25,0.6666666666666666,1,0,0,0.6666666666666666,CD_M20262640309,3,2026-08-30,Essendon,CD_R202626403
CD_I1026053,27,MEDIUM_DEFENDER,"https://s.afl.com.au/staticfile/AFL Tenant/AFL/Players/ChampIDImages/AFLW/2026264/1026053.png?im=Scale,width=0.6,height=0.6",Emma,Kilpatrick,CD_T8467,GEEL,Geelong Cats,Cats,3,2.4000000000000057,0,0,0,0,0,0,0,0,0,0,0,0,0,4,0,0,0,0,0,0,0,0,0,0,0,0,0,0,0,0,0,0,0,0,0,0,0,1,0,0,0,0,0,0,0,0,0,1,0,0,0,0,0,2026-08-30,data//AFLW_2026-08-30.csv,NA,NA,NA,NA,0,NA,NA,NA,NA,NA,1,NA,0,0,0,CD_M20262640306,3,2026-08-30,Gold Coast SUNS,CD_R202626403
CD_I1026104,19,MEDIUM_DEFENDER,"https://s.afl.com.au/staticfile/AFL Tenant/AFL/Players/ChampIDImages/AFLW/2026264/1026104.png?im=Scale,width=0.6,height=0.6",Mia,Salisbury,CD_T8786,GCFC,Gold Coast SUNS,SUNS,2,48.2,0,0,0,0,1,0,0,0,2,0,0,4,15,72,11,7,0,0,1,0,0,0,1,4,0,0,1,0,3,0,0,11,6,1,1,180,0,6,0,0,0,0,1,0,0,0,0,3,0,0,14,2,12,2026-08-30,data//AFLW_2026-08-30.csv,NA,NA,0.14285714285714285,0.7333333333333333,4,0.6363636363636364,1,NA,NA,2.75,0.5,NA,0,0,0,CD_M20262640306,3,2026-08-30,Geelong Cats,CD_R202626403
CD_I1026111,22,MEDIUM_FORWARD,"https://s.afl.com.au/staticfile/AFL Tenant/AFL/Players/ChampIDImages/AFLW/2026264/1026111.png?im=Scale,width=0.6,height=0.6",Sophie,Peters,CD_T7887,BL,Brisbane Lions,Lions,3,75.20000000000002,0,0,0,0,1,0,0,0,4,0,0,8,13,51,6,3,0,0,2,100,0,0,2,7,0,0,2,0,0,0,0,6,3,0,1,106,2,10,0,0,0,0,5,0,0,0,0,2,1,0,13,3,9,2026-08-30,data//AFLW_2026-08-30.csv,NA,NA,0.3076923076923077,0.46153846153846156,3,0.5,0.42857142857142855,NA,NA,0.8571428571428571,0.2,NA,0,0,0,CD_M20262640305,3,2026-08-30,Melbourne,CD_R202626403
CD_I1026137,24,MEDIUM_DEFENDER,"https://s.afl.com.au/staticfile/AFL Tenant/AFL/Players/ChampIDImages/AFLW/2026264/1026137.png?im=Scale,width=0.6,height=0.6",Claudia,Wright,CD_T7887,BL,Brisbane Lions,Lions,3,72.39999999999998,0,0,0,0,0,0,1,0,3,0,0,6,10,34,9,4,0,0,0,0,0,0,3,5,0,0,0,0,5,0,0,5,3,0,0,89,1,7,0,0,1,0,2,0,0,1,0,0,0,0,10,0,7,2026-08-30,data//AFLW_2026-08-30.csv,0,NA,0.3,0.9,5,0.8,1,NA,NA,1,0,NA,0,0,0,CD_M20262640305,3,2026-08-30,Melbourne,CD_R202626403
CD_I1026141,24,MEDIUM_FORWARD,"https://s.afl.com.au/staticfile/AFL Tenant/AFL/Players/ChampIDImages/AFLW/2026264/1026141.png?im=Scale,width=0.6,height=0.6",Ella,Slocombe,CD_T8787,WAA,West Coast Eagles,Eagles,3,74.70000000000002,0,1,0,0,2,0,0,0,3,0,0,10,14,55,8,1,0,0,0,33.3,0,0,3,9,0,0,4,0,1,0,0,5,2,0,0,297,1,21,0,0,0,0,4,0,0,1,1,4,1,1,14,3,11,2026-08-30,data//AFLW_2026-08-30.csv,NA,NA,0.21428571428571427,0.5714285714285714,7,0.2,0.7777777777777778,NA,NA,0.5555555555555556,0.19047619047619047,NA,0,0,0,CD_M20262640302,3,2026-08-29,Adelaide Crows,CD_R202626403
CD_I1026143,26,MEDIUM_FORWARD,"https://s.afl.com.au/staticfile/AFL Tenant/AFL/Players/ChampIDImages/AFLW/2026264/1026143.png?im=Scale,width=0.6,height=0.6",Emily,Elkington,CD_T9409,YAR,Port Adelaide,Power,3,84.39999999999998,0,0,0,0,0,0,0,0,4,0,0,4,7,56,5,3,2,0,0,100,1,0,3,3,0,0,0,0,1,0,0,4,2,0,1,85,1,15,0,0,0,0,5,0,0,0,2,8,3,2,7,0,3,2026-08-30,data//AFLW_2026-08-30.csv,NA,NA,0.5714285714285714,0.7142857142857143,2,0.75,0.6666666666666666,NA,NA,1.3333333333333333,0.5333333333333333,NA,0,0,NA,CD_M20262640304,3,2026-08-30,GWS GIANTS,CD_R202626403
CD_I1026159,30,MIDFIELDER_FORWARD,"https://s.afl.com.au/staticfile/AFL Tenant/AFL/Players/ChampIDImages/AFLW/2026264/1026159.png?im=Scale,width=0.6,height=0.6",Juliet,Kelly,CD_T8098,KUW,Adelaide Crows,Crows,3,64.70000000000002,1,0,12,0,1,0,0,0,4,0,0,7,11,39,6,2,0,0,0,0,0,0,4,6,0,0,0,0,3,0,0,5,1,0,0,75,0,11,0,0,0,0,4,0,1,0,1,2,0,1,11,4,7,2026-08-30,data//AFLW_2026-08-30.csv,NA,NA,0.36363636363636365,0.5454545454545454,4,0.4,0.6666666666666666,NA,NA,0.8333333333333334,0.18181818181818182,NA,0,0.6666666666666666,0,CD_M20262640302,3,2026-08-29,West Coast Eagles,CD_R202626403
CD_I1026239,13,MEDIUM_DEFENDER,"https://s.afl.com.au/staticfile/AFL Tenant/AFL/Players/ChampIDImages/AFLW/2026264/1026239.png?im=Scale,width=0.6,height=0.6",Maya,Louvel-Finn,CD_T8796,EUR,St Kilda,St Kilda,1,65.5,0,0,0,0,5,0,0,0,4,0,0,5,7,40,4,4,0,2,1,0,0,0,3,1,0,0,1,0,5,0,0,6,3,0,0,135,1,7,0,0,3,0,0,0,1,1,0,4,0,0,7,4,3,2026-08-30,data//AFLW_2026-08-30.csv,NA,NA,0.5714285714285714,0.5714285714285714,0,0.6666666666666666,0,NA,NA,6,0.5714285714285714,NA,0,0,0,CD_M20262640303,3,2026-08-29,Sydney Swans,CD_R202626403
CD_I1026281,11,MEDIUM_DEFENDER,"https://s.afl.com.au/staticfile/AFL Tenant/AFL/Players/ChampIDImages/AFLW/2026264/1026281.png?im=Scale,width=0.6,height=0.6",Evie,Cowcher,CD_T8467,GEEL,Geelong Cats,Cats,3,77.70000000000002,0,0,0,0,5,0,0,0,4,0,0,7,18,60,13,6,0,2,0,0,0,0,4,11,0,0,0,0,7,0,0,7,5,0,0,186,4,8,0,0,4,0,2,0,0,4,0,2,0,0,16,4,12,2026-08-30,data//AFLW_2026-08-30.csv,NA,NA,0.25,0.7222222222222222,7,0.8571428571428571,0.6363636363636364,NA,NA,0.6363636363636364,0.25,NA,0,0,0,CD_M20262640306,3,2026-08-30,Gold Coast SUNS,CD_R202626403
CD_I1026294,11,KEY_FORWARD,"https://s.afl.com.au/staticfile/AFL Tenant/AFL/Players/ChampIDImages/AFLW/2026264/1026294.png?im=Scale,width=0.6,height=0.6",Ariana,Hetherington,CD_T8097,COLL,Collingwood,Magpies,3,100.10000000000002,0,0,0,0,4,2,4,2,9,0,0,7,16,74,8,4,0,0,3,100,0,0,4,4,0,0,5,0,10,0,0,12,5,0,0,212,4,8,0,0,0,0,2,0,0,4,0,3,0,0,16,2,7,2026-08-30,data//AFLW_2026-08-30.csv,0.5,NA,0.5625,0.5,4,0.3333333333333333,1,NA,NA,3,0.375,NA,0,0,0,CD_M20262640307,3,2026-08-30,Hawthorn,CD_R202626403
CD_I1026372,11,KEY_DEFENDER,"https://s.afl.com.au/staticfile/AFL Tenant/AFL/Players/ChampIDImages/AFLW/2026264/1026372.png?im=Scale,width=0.6,height=0.6",Molly,O'Hehir,CD_T7386,NAR,Melbourne,Demons,3,66.00000000000003,0,0,0,0,2,0,0,0,5,0,0,4,9,31,4,1,0,1,0,0,0,0,5,4,0,0,1,0,1,0,0,5,1,0,0,107,0,7,0,0,0,0,2,0,0,0,0,2,0,0,9,3,4,2026-08-30,data//AFLW_2026-08-30.csv,NA,NA,0.5555555555555556,0.4444444444444444,3,0.2,0.75,NA,NA,1.25,0.2857142857142857,NA,0,0,0,CD_M20262640305,3,2026-08-30,Brisbane Lions,CD_R202626403
CD_I1026384,26,KEY_DEFENDER,"https://s.afl.com.au/staticfile/AFL Tenant/AFL/Players/ChampIDImages/AFLW/2026264/1026384.png?im=Scale,width=0.6,height=0.6",Indi,Strom,CD_T7886,WAL,Fremantle,Dockers,3,65.59999999999997,0,0,2,0,1,0,3,0,1,0,0,7,6,39,3,2,0,0,1,0,0,0,0,1,0,0,0,0,1,0,0,5,3,0,0,100,4,11,0,0,1,4,1,0,0,4,0,3,0,0,6,2,5,2026-08-30,data//AFLW_2026-08-30.csv,0,NA,0.16666666666666666,0.5,1,0.4,1,0,0,5,0.2727272727272727,NA,0.0625,0.11764705882352941,0,CD_M20262640308,3,2026-08-30,Carlton,CD_R202626403
CD_I1026412,19,KEY_DEFENDER,"https://s.afl.com.au/staticfile/AFL Tenant/AFL/Players/ChampIDImages/AFLW/2026264/1026412.png?im=Scale,width=0.6,height=0.6",Olivia,Crane,CD_T9409,YAR,Port Adelaide,Power,3,58.30000000000001,0,0,4,0,1,0,0,0,4,0,0,1,7,25,4,1,0,1,0,0,0,0,4,5,2,2,0,0,2,0,0,2,2,0,0,55,1,3,0,0,1,6,1,0,0,1,0,1,0,0,7,1,3,2026-08-30,data//AFLW_2026-08-30.csv,NA,NA,0.5714285714285714,0.5714285714285714,3,0.5,0.6,0.3333333333333333,0.3333333333333333,0.4,0.3333333333333333,NA,0.09836065573770492,0.21052631578947367,NA,CD_M20262640304,3,2026-08-30,GWS GIANTS,CD_R202626403
CD_I1026479,12,KEY_FORWARD,"https://s.afl.com.au/staticfile/AFL Tenant/AFL/Players/ChampIDImages/AFLW/2026264/1026479.png?im=Scale,width=0.6,height=0.6",Olivia,Wolmarans,CD_T8788,RICH,Richmond,Richmond,3,79.50000000000003,3,0,0,0,5,0,0,2,6,1,0,0,10,45,5,1,2,2,1,36.4,0,0,3,5,0,0,1,0,0,0,0,5,6,3,1,128,2,4,0,0,0,1,5,0,4,2,0,1,1,0,10,4,4,2026-08-30,data//AFLW_2026-08-30.csv,NA,0,0.6,0.5,4,0.2,0.8,0,0,1,0.25,NA,0.021739130434782608,0,0,CD_M20262640309,3,2026-08-30,Essendon,CD_R202626403
CD_I1026531,24,MEDIUM_FORWARD,"https://s.afl.com.au/staticfile/AFL Tenant/AFL/Players/ChampIDImages/AFLW/2026264/1026531.png?im=Scale,width=0.6,height=0.6",Charli,Wicksteed,CD_T8788,RICH,Richmond,Richmond,3,77.20000000000002,1,0,0,1,1,0,0,0,4,0,0,1,11,43,5,2,1,0,2,25,0,0,2,4,0,0,4,0,2,0,0,7,1,0,0,207,0,7,0,0,0,0,2,0,1,0,0,2,0,1,11,4,7,2026-08-30,data//AFLW_2026-08-30.csv,NA,NA,0.36363636363636365,0.45454545454545453,3,0.2857142857142857,0.75,NA,NA,1.75,0.2857142857142857,NA,0,0,0,CD_M20262640309,3,2026-08-30,Essendon,CD_R202626403
CD_I1026929,31,RUCK,"https://s.afl.com.au/staticfile/AFL Tenant/AFL/Players/ChampIDImages/AFLW/2026264/1026929.png?im=Scale,width=0.6,height=0.6",Lucy,Wales,CD_T9407,HAW,Hawthorn,Hawks,3,87.5,0,0,12,0,5,1,1,3,11,1,1,9,23,116,16,11,0,5,0,50,1,0,7,7,22,3,3,0,9,0,0,16,9,0,0,330,2,15,0,0,2,42,4,0,0,1,1,5,0,1,24,9,13,2026-08-30,data//AFLW_2026-08-30.csv,1,1,0.4583333333333333,0.6956521739130435,5,0.6875,0.7142857142857143,0.5238095238095238,0.07142857142857142,2.2857142857142856,0.3333333333333333,NA,0.711864406779661,0.8,0,CD_M20262640307,3,2026-08-30,Collingwood,CD_R202626403
CD_I1026947,24,MEDIUM_FORWARD,"https://s.afl.com.au/staticfile/AFL Tenant/AFL/Players/ChampIDImages/AFLW/2026264/1026947.png?im=Scale,width=0.6,height=0.6",Chantal,Mason,CD_T8467,GEEL,Geelong Cats,Cats,3,75.6,1,0,8,0,2,0,0,0,3,2,0,2,9,30,5,2,1,0,0,25,0,0,3,5,0,0,2,0,0,0,0,4,1,0,0,168,0,5,0,0,0,13,2,0,2,0,0,1,0,0,9,2,6,2026-08-30,data//AFLW_2026-08-30.csv,NA,0,0.3333333333333333,0.5555555555555556,3,0.5,0.6,0,0,0.8,0.2,NA,0.25,0.38095238095238093,0,CD_M20262640306,3,2026-08-30,Gold Coast SUNS,CD_R202626403
CD_I1027544,11,KEY_FORWARD,"https://s.afl.com.au/staticfile/AFL Tenant/AFL/Players/ChampIDImages/AFLW/2026264/1027544.png?im=Scale,width=0.6,height=0.6",Zoe,Besanko,CD_T8796,EUR,St Kilda,St Kilda,3,75.4,0,0,8,2,1,0,1,0,4,0,0,5,8,35,6,1,0,1,1,0,0,0,3,6,7,4,0,0,3,0,0,2,0,0,0,-2,1,9,0,0,0,30,1,0,0,1,0,3,0,2,7,1,3,2026-08-30,data//AFLW_2026-08-30.csv,0,NA,0.5714285714285714,0.75,5,0.5,0.8333333333333334,0.23333333333333334,0.13333333333333333,0.3333333333333333,0.3333333333333333,NA,0.6976744186046512,0.8888888888888888,0,CD_M20262640303,3,2026-08-29,Sydney Swans,CD_R202626403
CD_I1027611,16,KEY_DEFENDER,"https://s.afl.com.au/staticfile/AFL Tenant/AFL/Players/ChampIDImages/AFLW/2026264/1027611.png?im=Scale,width=0.6,height=0.6",Zoe,Wakfer,CD_T8787,WAA,West Coast Eagles,Eagles,3,80.60000000000002,0,0,0,0,4,0,2,2,7,0,0,8,11,64,9,6,0,1,2,0,0,0,2,3,0,0,0,0,7,1,1,8,5,0,0,118,3,10,0,0,2,0,0,0,0,3,1,5,0,1,12,2,5,2026-08-30,data//AFLW_2026-08-30.csv,0,NA,0.5833333333333334,0.8181818181818182,3,0.75,1,NA,NA,2.6666666666666665,0.5,1,0,0,0.16666666666666666,CD_M20262640302,3,2026-08-29,Adelaide Crows,CD_R202626403
CD_I1027783,30,RUCK,"https://s.afl.com.au/staticfile/AFL Tenant/AFL/Players/ChampIDImages/AFLW/2026264/1027783.png?im=Scale,width=0.6,height=0.6",Stephanie,Wales,CD_T9406,ESS,Essendon,Bombers,3,82.20000000000002,0,0,11,0,2,0,0,0,11,0,0,4,19,84,14,6,0,0,1,0,0,0,9,9,15,5,3,0,6,0,0,10,4,0,0,214,3,5,0,0,3,37,1,0,0,3,3,2,1,3,19,2,8,2026-08-30,data//AFLW_2026-08-30.csv,NA,NA,0.5789473684210527,0.7368421052631579,8,0.6,0.8888888888888888,0.40540540540540543,0.13513513513513514,1.1111111111111112,0.4,NA,0.7872340425531915,0.8461538461538461,0,CD_M20262640309,3,2026-08-30,Richmond,CD_R202626403
CD_I1028464,8,MIDFIELDER_FORWARD,"https://s.afl.com.au/staticfile/AFL Tenant/AFL/Players/ChampIDImages/AFLW/2026264/1028464.png?im=Scale,width=0.6,height=0.6",Dominique,Carruthers,CD_T7387,WB,Western Bulldogs,Bulldogs,3,70.50000000000003,0,0,8,0,6,0,0,0,3,0,0,7,10,39,3,1,0,2,0,0,0,0,2,4,0,0,1,0,0,0,0,6,1,0,0,121,0,10,0,0,1,0,0,0,0,0,0,4,0,0,10,2,7,2026-08-30,data//AFLW_2026-08-30.csv,NA,NA,0.3,0.3,2,0.16666666666666666,0.5,NA,NA,1.5,0.4,NA,0,0.4444444444444444,0,CD_M20262640301,3,2026-08-29,North Melbourne,CD_R202626403
CD_I1028846,21,MEDIUM_FORWARD,"https://s.afl.com.au/staticfile/AFL Tenant/AFL/Players/ChampIDImages/AFLW/2026264/1028846.png?im=Scale,width=0.6,height=0.6",Heidi,Talbot,CD_T8786,GCFC,Gold Coast SUNS,SUNS,3,69.99999999999997,0,0,0,0,2,0,0,0,1,0,0,1,1,0,1,0,0,2,0,0,1,0,1,1,0,0,1,0,1,0,0,0,0,0,0,14,0,9,0,0,0,0,1,0,0,0,0,1,0,0,1,1,0,2026-08-30,data//AFLW_2026-08-30.csv,NA,NA,1,1,1,NA,1,NA,NA,0,0.1111111111111111,NA,0,0,0,CD_M20262640306,3,2026-08-30,Geelong Cats,CD_R202626403
CD_I1029614,1,RUCK,"https://s.afl.com.au/staticfile/AFL Tenant/AFL/Players/ChampIDImages/AFLW/2026264/1029614.png?im=Scale,width=0.6,height=0.6",Eleanor,Hartill,CD_T7887,BL,Brisbane Lions,Lions,3,92.60000000000002,0,0,6,0,1,0,0,0,3,1,0,1,6,40,5,2,0,0,1,33.3,1,1,2,3,8,1,0,0,1,0,0,3,2,1,1,56,0,7,0,0,0,19,3,0,1,0,1,1,0,1,7,1,4,2026-08-30,data//AFLW_2026-08-30.csv,NA,0,0.42857142857142855,0.8333333333333334,3,0.6666666666666666,1,0.42105263157894735,0.05263157894736842,1,0.14285714285714285,NA,0.30158730158730157,0.2727272727272727,0,CD_M20262640305,3,2026-08-30,Melbourne,CD_R202626403
CD_I1029617,25,KEY_DEFENDER,"https://s.afl.com.au/staticfile/AFL Tenant/AFL/Players/ChampIDImages/AFLW/2026264/1029617.png?im=Scale,width=0.6,height=0.6",Cambridge,McCormick,CD_T7889,GWS,GWS GIANTS,GIANTS,3,80.5,0,0,0,0,3,0,0,0,7,0,0,7,16,53,10,6,0,1,1,0,0,0,6,7,2,1,2,0,6,4,4,9,0,0,0,375,4,7,0,0,3,4,2,0,0,3,0,3,0,0,12,4,5,2026-08-30,data//AFLW_2026-08-30.csv,NA,NA,0.5833333333333334,0.625,4,0.6666666666666666,0.5714285714285714,0.5,0.25,1.2857142857142858,0.42857142857142855,1,0.06557377049180328,0,0.4,CD_M20262640304,3,2026-08-30,Port Adelaide,CD_R202626403
CD_I1029618,13,MEDIUM_FORWARD,"https://s.afl.com.au/staticfile/AFL Tenant/AFL/Players/ChampIDImages/AFLW/2026264/1029618.png?im=Scale,width=0.6,height=0.6",Vikki,Wall,CD_T8466,NMFC,North Melbourne,Kangaroos,3,80.49999999999997,2,0,0,0,3,0,0,0,9,2,2,4,16,73,10,5,3,1,1,16.7,1,0,8,6,0,0,4,0,3,0,0,10,5,3,1,385,0,10,0,0,0,0,6,0,2,0,0,4,2,0,15,2,6,2026-08-30,data//AFLW_2026-08-30.csv,NA,1,0.6,0.625,5,0.5,0.8333333333333334,NA,NA,1.6666666666666667,0.4,NA,0,0,0,CD_M20262640301,3,2026-08-29,Western Bulldogs,CD_R202626403
CD_I1029621,25,MIDFIELDER_FORWARD,"https://s.afl.com.au/staticfile/AFL Tenant/AFL/Players/ChampIDImages/AFLW/2026264/1029621.png?im=Scale,width=0.6,height=0.6",Megan,Kauffman,CD_T7886,WAL,Fremantle,Dockers,3,70.1,0,0,2,0,3,0,0,0,4,0,0,1,14,67,7,3,3,1,0,50,1,1,4,5,0,0,4,0,3,0,0,9,5,1,0,175,0,9,0,0,0,0,5,0,2,0,0,3,1,0,14,2,10,2026-08-30,data//AFLW_2026-08-30.csv,NA,NA,0.2857142857142857,0.5,4,0.3333333333333333,0.8,NA,NA,1.8,0.3333333333333333,NA,0,0.11764705882352941,0,CD_M20262640308,3,2026-08-30,Carlton,CD_R202626403
CD_I1029623,14,MIDFIELDER,"https://s.afl.com.au/staticfile/AFL Tenant/AFL/Players/ChampIDImages/AFLW/2026264/1029623.png?im=Scale,width=0.6,height=0.6",Orlagh,Lally,CD_T7886,WAL,Fremantle,Dockers,3,66.59999999999997,0,0,0,0,2,0,0,0,1,0,0,8,9,34,5,4,1,0,0,0,0,0,1,3,0,0,1,0,1,0,0,6,2,0,1,172,0,13,0,0,1,0,1,0,0,0,0,1,0,0,9,2,8,2026-08-30,data//AFLW_2026-08-30.csv,NA,NA,0.1111111111111111,0.5555555555555556,1,0.6666666666666666,0.3333333333333333,NA,NA,2,0.07692307692307693,NA,0,0,0,CD_M20262640308,3,2026-08-30,Carlton,CD_R202626403
CD_I1029626,13,KEY_FORWARD,"https://s.afl.com.au/staticfile/AFL Tenant/AFL/Players/ChampIDImages/AFLW/2026264/1029626.png?im=Scale,width=0.6,height=0.6",Aine,McDonagh,CD_T9407,HAW,Hawthorn,Hawks,3,100,1,0,0,0,4,0,0,1,6,3,0,1,12,75,10,6,2,3,2,81.8,0,3,3,4,0,0,3,0,1,0,0,8,5,3,3,160,0,11,0,0,0,0,6,0,4,0,0,4,2,0,12,3,6,2026-08-30,data//AFLW_2026-08-30.csv,NA,0,0.5,0.8333333333333334,4,0.75,1,NA,NA,2,0.36363636363636365,NA,0,0,0,CD_M20262640307,3,2026-08-30,Collingwood,CD_R202626403
CD_I1029938,30,MEDIUM_FORWARD,"https://s.afl.com.au/staticfile/AFL Tenant/AFL/Players/ChampIDImages/AFLW/2026264/1029938.png?im=Scale,width=0.6,height=0.6",Marlo,Graham,CD_T7887,BL,Brisbane Lions,Lions,3,13.699999999999989,0,0,0,0,1,0,0,0,2,0,0,0,4,16,1,0,1,1,0,50,0,0,1,3,0,0,0,0,1,0,0,1,2,0,0,14,0,1,0,0,0,0,1,0,0,0,1,1,1,1,5,1,3,2026-08-30,data//AFLW_2026-08-30.csv,NA,NA,0.4,0.25,1,0,0.3333333333333333,NA,NA,0.3333333333333333,1,NA,0,0,0,CD_M20262640305,3,2026-08-30,Melbourne,CD_R202626403
CD_I1029952,4,MIDFIELDER,"https://s.afl.com.au/staticfile/AFL Tenant/AFL/Players/ChampIDImages/AFLW/2026264/1029952.png?im=Scale,width=0.6,height=0.6",Jade,McLay,CD_T8796,EUR,St Kilda,St Kilda,1,56.7,1,0,2,1,2,0,0,0,4,0,0,1,8,32,4,2,0,1,0,0,0,0,3,2,0,0,4,0,1,0,0,6,0,0,0,203,0,8,0,0,0,0,1,0,1,0,2,3,1,3,8,3,4,2026-08-30,data//AFLW_2026-08-30.csv,NA,NA,0.5,0.5,2,0.3333333333333333,1,NA,NA,3,0.375,NA,0,0.2222222222222222,0,CD_M20262640303,3,2026-08-29,Sydney Swans,CD_R202626403
CD_I1030188,2,MIDFIELDER_FORWARD,"https://s.afl.com.au/staticfile/AFL Tenant/AFL/Players/ChampIDImages/AFLW/2026264/1030188.png?im=Scale,width=0.6,height=0.6",Sunny,Lappin,CD_T8786,GCFC,Gold Coast SUNS,SUNS,3,56.900000000000034,1,0,2,0,4,0,0,0,3,1,0,2,11,31,6,4,0,2,0,25,1,0,3,4,0,0,3,0,1,0,0,7,1,1,0,268,1,16,0,0,0,0,4,0,1,1,1,1,1,1,12,4,9,2026-08-30,data//AFLW_2026-08-30.csv,NA,0,0.25,0.5454545454545454,2,0.5714285714285714,0.5,NA,NA,1.75,0.0625,NA,0,0.09523809523809523,0,CD_M20262640306,3,2026-08-30,Geelong Cats,CD_R202626403
CD_I1030189,10,MEDIUM_FORWARD,"https://s.afl.com.au/staticfile/AFL Tenant/AFL/Players/ChampIDImages/AFLW/2026264/1030189.png?im=Scale,width=0.6,height=0.6",Ava,Usher,CD_T8786,GCFC,Gold Coast SUNS,SUNS,3,90.20000000000005,0,0,2,0,1,0,0,0,4,0,0,6,12,75,7,4,0,0,1,40,1,2,3,4,0,0,4,0,5,0,0,8,2,1,0,231,1,20,0,0,0,0,7,0,2,0,0,6,3,0,11,2,7,2026-08-30,data//AFLW_2026-08-30.csv,NA,NA,0.36363636363636365,0.5833333333333334,3,0.5,0.75,NA,NA,2,0.3,NA,0,0.09523809523809523,0,CD_M20262640306,3,2026-08-30,Geelong Cats,CD_R202626403
CD_I1030195,16,MEDIUM_FORWARD,"https://s.afl.com.au/staticfile/AFL Tenant/AFL/Players/ChampIDImages/AFLW/2026264/1030195.png?im=Scale,width=0.6,height=0.6",Mikayla,Nurse,CD_T8786,GCFC,Gold Coast SUNS,SUNS,3,80.29999999999998,0,3,0,0,1,0,1,0,0,0,0,5,5,35,3,2,0,1,0,0,0,0,0,1,0,0,2,0,0,0,0,4,4,0,0,189,1,8,0,0,3,0,0,0,0,1,0,3,1,0,6,3,6,2026-08-30,data//AFLW_2026-08-30.csv,0,NA,0,0.6,1,0.5,1,NA,NA,4,0.375,NA,0,0,0,CD_M20262640306,3,2026-08-30,Geelong Cats,CD_R202626403
CD_I1030199,15,MEDIUM_FORWARD,"https://s.afl.com.au/staticfile/AFL Tenant/AFL/Players/ChampIDImages/AFLW/2026264/1030199.png?im=Scale,width=0.6,height=0.6",Alannah,Welsh,CD_T8786,GCFC,Gold Coast SUNS,SUNS,3,71.60000000000002,1,0,0,0,3,0,0,0,3,0,0,2,7,52,4,2,2,0,1,58.3,0,2,2,2,0,0,1,0,1,0,0,5,1,0,1,133,0,8,0,0,0,0,4,0,4,0,0,4,4,0,6,2,3,2026-08-30,data//AFLW_2026-08-30.csv,NA,NA,0.5,0.5714285714285714,2,0.4,1,NA,NA,2.5,0.5,NA,0,0,0,CD_M20262640306,3,2026-08-30,Geelong Cats,CD_R202626403
CD_I1030201,4,KEY_DEFENDER,"https://s.afl.com.au/staticfile/AFL Tenant/AFL/Players/ChampIDImages/AFLW/2026264/1030201.png?im=Scale,width=0.6,height=0.6",Georja,Davies,CD_T8786,GCFC,Gold Coast SUNS,SUNS,3,86.69999999999999,0,0,0,0,1,1,4,1,5,0,0,9,8,30,6,3,0,0,0,0,0,0,4,4,0,0,0,0,6,0,0,4,2,0,0,6,6,11,0,0,1,0,0,0,0,6,0,1,0,0,8,2,3,2026-08-30,data//AFLW_2026-08-30.csv,0.25,NA,0.625,0.75,3,0.75,0.75,NA,NA,1,0.09090909090909091,NA,0,0,0,CD_M20262640306,3,2026-08-30,Geelong Cats,CD_R202626403
CD_I1030373,9,MEDIUM_FORWARD,"https://s.afl.com.au/staticfile/AFL Tenant/AFL/Players/ChampIDImages/AFLW/2026264/1030373.png?im=Scale,width=0.6,height=0.6",Mischa,Barwin,CD_T8097,COLL,Collingwood,Magpies,3,76.50000000000003,1,0,0,0,3,0,0,1,4,1,1,2,11,65,5,3,0,0,2,50,1,0,1,2,0,0,1,0,3,0,0,9,5,1,1,111,0,11,0,0,0,0,3,0,1,0,0,4,0,0,9,3,5,2026-08-30,data//AFLW_2026-08-30.csv,NA,1,0.4444444444444444,0.45454545454545453,2,0.3333333333333333,1,NA,NA,4.5,0.36363636363636365,NA,0,0,0,CD_M20262640307,3,2026-08-30,Hawthorn,CD_R202626403
CD_I1031080,19,MEDIUM_FORWARD,"https://s.afl.com.au/staticfile/AFL Tenant/AFL/Players/ChampIDImages/AFLW/2026264/1031080.png?im=Scale,width=0.6,height=0.6",Christina,Leuzzi,CD_T8098,KUW,Adelaide Crows,Crows,3,62.79999999999998,0,1,0,0,5,0,0,0,1,1,0,2,5,14,2,1,0,2,0,50,0,0,1,2,0,0,2,0,0,0,0,3,1,0,1,180,1,14,0,0,0,0,2,0,0,0,0,1,0,0,6,3,5,2026-08-30,data//AFLW_2026-08-30.csv,NA,0,0.16666666666666666,0.4,1,0.3333333333333333,0.5,NA,NA,1.5,0.07142857142857142,NA,0,0,0,CD_M20262640302,3,2026-08-29,West Coast Eagles,CD_R202626403
CD_I1031248,37,MEDIUM_DEFENDER,"https://s.afl.com.au/staticfile/AFL Tenant/AFL/Players/ChampIDImages/AFLW/2026264/1031248.png?im=Scale,width=0.6,height=0.6",Fina,Dethlefsen,CD_T8788,RICH,Richmond,Richmond,2,71.39999999999999,0,2,0,0,3,0,2,0,4,0,0,10,9,43,5,1,0,0,0,0,0,0,3,5,0,0,1,0,6,0,0,4,3,0,0,194,1,13,0,0,1,0,1,0,0,0,0,3,0,0,10,3,6,2026-08-30,data//AFLW_2026-08-30.csv,0,NA,0.4,0.5555555555555556,4,0.25,0.8,NA,NA,0.8,0.23076923076923078,NA,0,0,0,CD_M20262640309,3,2026-08-30,Essendon,CD_R202626403
CD_I1031272,29,MIDFIELDER,"https://s.afl.com.au/staticfile/AFL Tenant/AFL/Players/ChampIDImages/AFLW/2026264/1031272.png?im=Scale,width=0.6,height=0.6",Indiana,West,CD_T7886,WAL,Fremantle,Dockers,3,80.50000000000003,0,0,0,0,0,1,1,0,1,0,0,4,8,42,7,5,0,0,0,0,0,0,1,3,0,0,3,0,3,0,0,5,3,0,0,129,1,7,0,0,1,0,2,0,0,0,0,3,0,0,8,2,7,2026-08-30,data//AFLW_2026-08-30.csv,1,NA,0.125,0.875,2,1,0.6666666666666666,NA,NA,1.6666666666666667,0.42857142857142855,NA,0,0,0,CD_M20262640308,3,2026-08-30,Carlton,CD_R202626403
CD_I1031354,22,KEY_DEFENDER,"https://s.afl.com.au/staticfile/AFL Tenant/AFL/Players/ChampIDImages/AFLW/2026264/1031354.png?im=Scale,width=0.6,height=0.6",Claire,Mahony,CD_T8466,NMFC,North Melbourne,Kangaroos,3,83.59999999999997,0,0,0,0,2,0,0,0,3,0,0,4,11,44,6,3,0,0,0,0,0,0,3,5,0,0,1,0,5,0,0,6,4,0,0,104,1,5,0,0,0,0,1,0,0,1,0,1,0,0,10,4,7,2026-08-30,data//AFLW_2026-08-30.csv,NA,NA,0.3,0.5454545454545454,3,0.5,0.6,NA,NA,1.2,0.2,NA,0,0,0,CD_M20262640301,3,2026-08-29,Western Bulldogs,CD_R202626403
CD_I1031366,11,KEY_DEFENDER,"https://s.afl.com.au/staticfile/AFL Tenant/AFL/Players/ChampIDImages/AFLW/2026264/1031366.png?im=Scale,width=0.6,height=0.6",Holly,Egan,CD_T7886,WAL,Fremantle,Dockers,1,76.1,0,0,0,0,2,1,2,0,4,0,0,4,11,39,9,4,0,0,0,0,0,0,4,6,0,0,0,0,5,0,0,5,4,0,0,71,1,4,0,0,0,0,1,0,0,1,0,0,0,0,11,1,7,2026-08-30,data//AFLW_2026-08-30.csv,0.5,NA,0.36363636363636365,0.8181818181818182,5,0.8,0.8333333333333334,NA,NA,0.8333333333333334,0,NA,0,0,0,CD_M20262640308,3,2026-08-30,Carlton,CD_R202626403
CD_I1031378,10,MIDFIELDER,"https://s.afl.com.au/staticfile/AFL Tenant/AFL/Players/ChampIDImages/AFLW/2026264/1031378.png?im=Scale,width=0.6,height=0.6",Holly,Ridewood,CD_T9406,ESS,Essendon,Bombers,3,73.70000000000002,0,0,0,0,1,0,0,0,4,0,0,7,10,45,4,1,0,1,1,0,0,0,3,5,0,0,1,0,2,0,0,5,2,1,0,35,0,18,0,0,0,0,1,0,0,0,0,4,0,0,11,1,7,2026-08-30,data//AFLW_2026-08-30.csv,NA,NA,0.36363636363636365,0.4,3,0.2,0.6,NA,NA,1,0.2222222222222222,NA,0,0,0,CD_M20262640309,3,2026-08-30,Richmond,CD_R202626403
CD_I1031390,9,KEY_FORWARD,"https://s.afl.com.au/staticfile/AFL Tenant/AFL/Players/ChampIDImages/AFLW/2026264/1031390.png?im=Scale,width=0.6,height=0.6",Emma,McDonald,CD_T7387,WB,Western Bulldogs,Bulldogs,3,88.99999999999994,0,0,0,0,1,0,0,0,4,1,0,3,8,45,7,3,1,0,1,100,1,1,3,4,0,0,1,0,2,0,0,4,2,1,0,120,1,9,0,0,0,0,5,0,1,1,0,3,1,0,8,1,4,2026-08-30,data//AFLW_2026-08-30.csv,NA,0,0.5,0.875,4,0.75,1,NA,NA,1,0.3333333333333333,NA,0,0,0,CD_M20262640301,3,2026-08-29,North Melbourne,CD_R202626403
CD_I1031398,11,MIDFIELDER,"https://s.afl.com.au/staticfile/AFL Tenant/AFL/Players/ChampIDImages/AFLW/2026264/1031398.png?im=Scale,width=0.6,height=0.6",Isabel,Bacon,CD_T8788,RICH,Richmond,Richmond,3,67,0,0,6,1,2,0,0,0,5,0,0,5,16,60,12,7,1,2,0,0,0,0,4,6,0,0,2,0,2,0,0,10,4,0,1,348,0,9,0,0,0,0,2,0,0,0,0,3,0,1,16,2,11,2026-08-30,data//AFLW_2026-08-30.csv,NA,NA,0.3125,0.75,5,0.7,0.8333333333333334,NA,NA,1.6666666666666667,0.3333333333333333,NA,0,0.46153846153846156,0,CD_M20262640309,3,2026-08-30,Essendon,CD_R202626403
CD_I1031412,33,MEDIUM_FORWARD,"https://s.afl.com.au/staticfile/AFL Tenant/AFL/Players/ChampIDImages/AFLW/2026264/1031412.png?im=Scale,width=0.6,height=0.6",Mackenzie,Ford,CD_T8788,RICH,Richmond,Richmond,3,65.1,0,0,5,2,1,0,0,0,4,0,0,7,8,52,4,3,0,1,1,0,1,0,2,1,0,0,3,0,1,0,0,7,1,0,0,180,0,12,0,0,0,0,3,0,0,0,1,7,1,3,9,2,5,2026-08-30,data//AFLW_2026-08-30.csv,NA,NA,0.4444444444444444,0.5,1,0.42857142857142855,1,NA,NA,7,0.5833333333333334,NA,0,0.38461538461538464,0,CD_M20262640309,3,2026-08-30,Essendon,CD_R202626403
CD_I1031562,28,MIDFIELDER,"https://s.afl.com.au/staticfile/AFL Tenant/AFL/Players/ChampIDImages/AFLW/2026264/1031562.png?im=Scale,width=0.6,height=0.6",Emma,Juneja,CD_T9408,SYD,Sydney Swans,Swans,1,72.5,0,0,0,0,6,0,1,0,4,0,0,4,18,72,11,7,1,1,2,0,0,0,3,4,0,0,2,0,7,0,0,14,5,0,0,231,0,6,0,0,3,0,1,0,0,0,1,2,0,1,16,6,12,2026-08-30,data//AFLW_2026-08-30.csv,0,NA,0.25,0.6111111111111112,4,0.5,1,NA,NA,3.5,0.3333333333333333,NA,0,0,0,CD_M20262640303,3,2026-08-29,St Kilda,CD_R202626403
CD_I1031784,20,MEDIUM_DEFENDER,"https://s.afl.com.au/staticfile/AFL Tenant/AFL/Players/ChampIDImages/AFLW/2026264/1031784.png?im=Scale,width=0.6,height=0.6",Cleo,Buttifant,CD_T7387,WB,Western Bulldogs,Bulldogs,3,63.599999999999994,0,0,5,0,3,0,0,0,6,0,0,7,6,32,3,2,1,2,0,0,0,0,2,1,0,0,1,0,1,0,0,5,3,0,0,185,1,11,0,0,0,0,2,0,0,0,2,3,1,2,11,3,5,2026-08-30,data//AFLW_2026-08-30.csv,NA,NA,0.5454545454545454,0.5,1,0.4,1,NA,NA,5,0.2727272727272727,NA,0,0.2777777777777778,0,CD_M20262640301,3,2026-08-29,North Melbourne,CD_R202626403
CD_I1032499,32,MIDFIELDER,"https://s.afl.com.au/staticfile/AFL Tenant/AFL/Players/ChampIDImages/AFLW/2026264/1032499.png?im=Scale,width=0.6,height=0.6",Bronte,Parker,CD_T8786,GCFC,Gold Coast SUNS,SUNS,3,64.39999999999999,0,1,0,0,2,0,0,1,7,0,0,6,10,45,2,0,2,0,1,0,0,0,5,4,0,0,2,0,5,0,0,6,2,0,1,187,0,10,0,0,0,0,2,0,0,0,0,3,0,0,9,2,2,2026-08-30,data//AFLW_2026-08-30.csv,NA,NA,0.7777777777777778,0.2,2,0,0.5,NA,NA,1.5,0.3,NA,0,0,0,CD_M20262640306,3,2026-08-30,Geelong Cats,CD_R202626403
CD_I1032556,19,KEY_FORWARD,"https://s.afl.com.au/staticfile/AFL Tenant/AFL/Players/ChampIDImages/AFLW/2026264/1032556.png?im=Scale,width=0.6,height=0.6",Maddie,Quinn,CD_T9408,SYD,Sydney Swans,Swans,3,75.1,0,0,0,0,1,0,0,0,5,0,0,2,7,34,7,0,0,0,0,33.3,0,0,5,7,5,1,0,0,2,0,0,0,1,0,1,15,1,11,0,0,0,11,2,0,0,1,1,3,1,1,7,1,2,2026-08-30,data//AFLW_2026-08-30.csv,NA,NA,0.7142857142857143,1,7,NA,1,0.45454545454545453,0.09090909090909091,0,0.2727272727272727,NA,0.2558139534883721,0,0,CD_M20262640303,3,2026-08-29,St Kilda,CD_R202626403
CD_I1032563,6,MIDFIELDER,"https://s.afl.com.au/staticfile/AFL Tenant/AFL/Players/ChampIDImages/AFLW/2026264/1032563.png?im=Scale,width=0.6,height=0.6",Molly,Thomas,CD_T9408,SYD,Sydney Swans,Swans,2,50.6,0,0,1,0,1,0,0,0,4,0,0,2,7,18,4,3,0,1,0,0,0,0,4,3,0,0,0,0,3,0,0,4,1,0,0,101,0,3,0,0,1,0,0,0,0,0,0,0,0,0,7,3,3,2026-08-30,data//AFLW_2026-08-30.csv,NA,NA,0.5714285714285714,0.5714285714285714,1,0.75,0.3333333333333333,NA,NA,1.3333333333333333,0,NA,0,0.1111111111111111,0,CD_M20262640303,3,2026-08-29,St Kilda,CD_R202626403
CD_I1032569,4,MIDFIELDER,"https://s.afl.com.au/staticfile/AFL Tenant/AFL/Players/ChampIDImages/AFLW/2026264/1032569.png?im=Scale,width=0.6,height=0.6",Kiera,Yerbury,CD_T7889,GWS,GWS GIANTS,GIANTS,3,48.3,0,0,0,0,2,0,0,0,2,0,0,8,5,24,4,1,0,1,0,0,0,0,2,3,0,0,0,0,1,0,0,2,1,0,0,40,1,8,0,0,1,0,0,0,0,0,0,3,0,0,6,2,4,2026-08-30,data//AFLW_2026-08-30.csv,NA,NA,0.3333333333333333,0.8,3,0.5,1,NA,NA,0.6666666666666666,0.375,NA,0,0,0,CD_M20262640304,3,2026-08-30,Port Adelaide,CD_R202626403
CD_I1032571,16,MEDIUM_FORWARD,"https://s.afl.com.au/staticfile/AFL Tenant/AFL/Players/ChampIDImages/AFLW/2026264/1032571.png?im=Scale,width=0.6,height=0.6",Mikaylah,Antony,CD_T9407,HAW,Hawthorn,Hawks,2,63.7,0,0,0,0,0,0,0,0,2,3,0,5,3,23,1,1,2,0,0,0,0,0,2,1,0,0,0,0,0,0,0,2,1,0,0,13,0,10,0,0,0,0,1,0,1,0,1,3,1,1,3,1,1,2026-08-30,data//AFLW_2026-08-30.csv,NA,0,0.6666666666666666,0.3333333333333333,0,0.5,0,NA,NA,2,0.3,NA,0,0,0,CD_M20262640307,3,2026-08-30,Collingwood,CD_R202626403
CD_I1032590,5,MEDIUM_FORWARD,"https://s.afl.com.au/staticfile/AFL Tenant/AFL/Players/ChampIDImages/AFLW/2026264/1032590.png?im=Scale,width=0.6,height=0.6",Chloe,Bown,CD_T8098,KUW,Adelaide Crows,Crows,3,71.70000000000002,0,0,0,0,1,0,0,1,6,2,2,1,14,56,9,2,1,0,1,20,0,1,4,10,0,0,1,0,1,0,0,4,3,1,0,15,0,8,0,0,0,0,2,0,1,0,0,2,2,0,14,2,8,2026-08-30,data//AFLW_2026-08-30.csv,NA,1,0.42857142857142855,0.6428571428571429,7,0.5,0.7,NA,NA,0.4,0.25,NA,0,0,0,CD_M20262640302,3,2026-08-29,West Coast Eagles,CD_R202626403
CD_I1032594,37,RUCK,"https://s.afl.com.au/staticfile/AFL Tenant/AFL/Players/ChampIDImages/AFLW/2026264/1032594.png?im=Scale,width=0.6,height=0.6",Josephine,Bamford,CD_T8097,COLL,Collingwood,Magpies,3,68.10000000000002,0,0,12,1,0,0,0,0,4,0,0,5,7,44,7,3,0,0,2,0,0,0,2,4,14,3,4,0,3,0,0,3,1,0,0,109,2,12,0,0,1,36,2,0,0,2,1,2,0,2,7,2,3,2026-08-30,data//AFLW_2026-08-30.csv,NA,NA,0.5714285714285714,1,4,1,1,0.3888888888888889,0.08333333333333333,0.75,0.16666666666666666,NA,0.6101694915254238,0.7868852459016393,0,CD_M20262640307,3,2026-08-30,Hawthorn,CD_R202626403
CD_I1032967,32,MIDFIELDER,"https://s.afl.com.au/staticfile/AFL Tenant/AFL/Players/ChampIDImages/AFLW/2026264/1032967.png?im=Scale,width=0.6,height=0.6",Jordyn,Allen,CD_T7386,NAR,Melbourne,Demons,3,75.80000000000001,0,0,0,1,3,0,0,0,8,0,0,5,19,72,10,5,0,1,0,0,0,0,8,9,0,0,5,0,5,0,0,10,5,0,1,333,0,8,0,0,1,0,2,0,0,0,2,3,0,3,20,8,12,2026-08-30,data//AFLW_2026-08-30.csv,NA,NA,0.4,0.5263157894736842,5,0.5,0.5555555555555556,NA,NA,1.1111111111111112,0.375,NA,0,0,0,CD_M20262640305,3,2026-08-30,Brisbane Lions,CD_R202626403
CD_I1032974,14,MIDFIELDER_FORWARD,"https://s.afl.com.au/staticfile/AFL Tenant/AFL/Players/ChampIDImages/AFLW/2026264/1032974.png?im=Scale,width=0.6,height=0.6",Maggie,Johnstone,CD_T9406,ESS,Essendon,Bombers,3,67.39999999999998,0,0,4,0,7,0,0,0,8,0,0,3,16,60,10,8,1,3,4,50,0,0,5,4,0,0,1,0,3,0,0,12,3,0,0,413,1,5,0,0,3,2,1,0,0,1,1,3,0,1,15,5,7,2026-08-30,data//AFLW_2026-08-30.csv,NA,NA,0.5333333333333333,0.625,2,0.6666666666666666,0.5,0,0,3,0.6,NA,0.0425531914893617,0.3076923076923077,0,CD_M20262640309,3,2026-08-30,Richmond,CD_R202626403
CD_I1032982,32,MEDIUM_FORWARD,"https://s.afl.com.au/staticfile/AFL Tenant/AFL/Players/ChampIDImages/AFLW/2026264/1032982.png?im=Scale,width=0.6,height=0.6",Abby,Hobson,CD_T8796,EUR,St Kilda,St Kilda,2,64.3,0,0,0,0,1,0,0,0,1,1,0,2,2,9,2,0,1,1,0,0,0,0,1,2,0,0,0,0,0,0,0,0,0,0,0,-14,0,6,0,0,0,0,1,0,0,0,0,2,0,0,2,1,1,2026-08-30,data//AFLW_2026-08-30.csv,NA,0,0.5,1,2,NA,1,NA,NA,0,0.3333333333333333,NA,0,0,0,CD_M20262640303,3,2026-08-29,Sydney Swans,CD_R202626403
CD_I1033016,33,MIDFIELDER,"https://s.afl.com.au/staticfile/AFL Tenant/AFL/Players/ChampIDImages/AFLW/2026264/1033016.png?im=Scale,width=0.6,height=0.6",Olivia,Gorman,CD_T8098,KUW,Adelaide Crows,Crows,3,70.59999999999998,0,0,0,0,1,0,0,0,2,0,0,2,7,34,6,6,0,1,1,0,0,0,1,1,0,0,0,0,3,1,0,6,4,0,0,126,1,5,0,0,2,0,3,0,0,1,0,1,0,0,7,2,5,2026-08-30,data//AFLW_2026-08-30.csv,NA,NA,0.2857142857142857,0.8571428571428571,0,1,0,NA,NA,6,0.2,0,0,0,0.14285714285714285,CD_M20262640302,3,2026-08-29,West Coast Eagles,CD_R202626403
CD_I1033157,8,KEY_DEFENDER,"https://s.afl.com.au/staticfile/AFL Tenant/AFL/Players/ChampIDImages/AFLW/2026264/1033157.png?im=Scale,width=0.6,height=0.6",Jennifer,Dunne,CD_T7887,BL,Brisbane Lions,Lions,3,100.10000000000002,0,1,0,0,1,0,2,0,5,0,0,8,14,63,9,6,0,0,0,0,0,0,5,3,0,0,0,0,9,2,2,11,4,0,0,316,3,10,0,0,5,0,0,0,0,3,0,3,0,0,11,3,6,2026-08-30,data//AFLW_2026-08-30.csv,0,NA,0.45454545454545453,0.6428571428571429,3,0.5454545454545454,1,NA,NA,3.6666666666666665,0.3,1,0,0,0.4,CD_M20262640305,3,2026-08-30,Melbourne,CD_R202626403
CD_I1033158,17,MIDFIELDER,"https://s.afl.com.au/staticfile/AFL Tenant/AFL/Players/ChampIDImages/AFLW/2026264/1033158.png?im=Scale,width=0.6,height=0.6",Dayna,Finn,CD_T8096,CARL,Carlton,Blues,3,84.99999999999997,0,0,0,1,0,0,0,2,8,1,1,6,21,75,14,5,1,0,0,100,1,1,6,11,0,0,2,0,6,0,0,10,3,0,0,300,0,9,0,0,1,0,4,0,1,0,0,2,0,1,20,4,12,2026-08-30,data//AFLW_2026-08-30.csv,NA,1,0.4,0.6666666666666666,9,0.5,0.8181818181818182,NA,NA,0.9090909090909091,0.2222222222222222,NA,0,0,0,CD_M20262640308,3,2026-08-30,Fremantle,CD_R202626403
CD_I1033159,19,MIDFIELDER,"https://s.afl.com.au/staticfile/AFL Tenant/AFL/Players/ChampIDImages/AFLW/2026264/1033159.png?im=Scale,width=0.6,height=0.6",Erone,Fitzpatrick,CD_T8096,CARL,Carlton,Blues,3,88.89999999999998,1,0,0,0,6,0,0,0,11,0,0,6,23,91,16,9,0,1,4,28.6,0,2,7,8,0,0,4,0,7,0,0,15,0,0,0,416,1,12,0,0,2,0,3,0,3,1,2,4,0,2,23,5,12,2026-08-30,data//AFLW_2026-08-30.csv,NA,NA,0.4782608695652174,0.6956521739130435,7,0.6,0.875,NA,NA,1.875,0.3333333333333333,NA,0,0,0,CD_M20262640308,3,2026-08-30,Fremantle,CD_R202626403
CD_I1033164,15,MEDIUM_FORWARD,"https://s.afl.com.au/staticfile/AFL Tenant/AFL/Players/ChampIDImages/AFLW/2026264/1033164.png?im=Scale,width=0.6,height=0.6",Paris,McCarthy,CD_T9408,SYD,Sydney Swans,Swans,3,86.59999999999998,0,0,0,0,0,0,0,0,2,1,0,3,4,28,3,1,1,0,1,66.7,0,1,1,2,0,0,1,0,0,0,0,2,1,0,0,67,2,11,0,0,0,0,3,0,1,2,0,2,2,0,3,0,1,2026-08-30,data//AFLW_2026-08-30.csv,NA,0,0.6666666666666666,0.75,2,0.5,1,NA,NA,1,0.18181818181818182,NA,0,0,0,CD_M20262640303,3,2026-08-29,St Kilda,CD_R202626403
CD_I1033165,11,MEDIUM_DEFENDER,"https://s.afl.com.au/staticfile/AFL Tenant/AFL/Players/ChampIDImages/AFLW/2026264/1033165.png?im=Scale,width=0.6,height=0.6",Niamh,McLaughlin,CD_T8786,GCFC,Gold Coast SUNS,SUNS,3,96.40000000000003,0,0,0,0,2,0,1,0,6,0,0,6,24,75,18,10,0,0,0,0,1,0,6,10,0,0,3,0,4,3,3,14,3,0,1,359,1,7,0,0,4,0,1,0,0,1,0,1,0,0,21,6,15,2026-08-30,data//AFLW_2026-08-30.csv,0,NA,0.2857142857142857,0.75,8,0.7142857142857143,0.8,NA,NA,1.4,0.14285714285714285,1,0,0,0.75,CD_M20262640306,3,2026-08-30,Geelong Cats,CD_R202626403
CD_I1033166,45,KEY_FORWARD,"https://s.afl.com.au/staticfile/AFL Tenant/AFL/Players/ChampIDImages/AFLW/2026264/1033166.png?im=Scale,width=0.6,height=0.6",Aishling,Moloney,CD_T8467,GEEL,Geelong Cats,Cats,3,84.70000000000002,1,1,3,0,3,0,0,1,4,1,0,1,11,45,6,4,2,1,0,33.3,1,1,3,3,1,0,1,0,1,0,0,8,2,1,1,306,1,7,0,0,0,8,6,0,2,1,1,1,0,1,12,3,8,2026-08-30,data//AFLW_2026-08-30.csv,NA,0,0.3333333333333333,0.5454545454545454,2,0.5,0.6666666666666666,0.125,0,2.6666666666666665,0.14285714285714285,NA,0.15384615384615385,0.14285714285714285,0,CD_M20262640306,3,2026-08-30,Gold Coast SUNS,CD_R202626403
CD_I1033168,24,MIDFIELDER_FORWARD,"https://s.afl.com.au/staticfile/AFL Tenant/AFL/Players/ChampIDImages/AFLW/2026264/1033168.png?im=Scale,width=0.6,height=0.6",Julie,O'Sullivan,CD_T9408,SYD,Sydney Swans,Swans,3,73.20000000000002,0,0,0,0,0,0,0,0,1,0,0,3,11,51,6,3,0,0,1,33.3,0,0,0,3,0,0,0,0,1,0,0,8,4,0,0,191,0,4,0,0,1,0,2,0,1,0,0,2,0,0,10,1,9,2026-08-30,data//AFLW_2026-08-30.csv,NA,NA,0.1,0.5454545454545454,3,0.375,1,NA,NA,2.6666666666666665,0.5,NA,0,0,0,CD_M20262640303,3,2026-08-29,St Kilda,CD_R202626403
CD_I1033348,1,MIDFIELDER,"https://s.afl.com.au/staticfile/AFL Tenant/AFL/Players/ChampIDImages/AFLW/2026264/1033348.png?im=Scale,width=0.6,height=0.6",Imogen,Brown,CD_T9408,SYD,Sydney Swans,Swans,3,54.5,0,0,0,0,0,0,1,0,3,0,0,4,6,32,5,2,2,0,0,50,0,0,3,4,0,0,2,0,3,0,0,2,2,1,0,65,0,10,0,0,0,0,0,0,0,0,0,3,1,0,6,2,3,2026-08-30,data//AFLW_2026-08-30.csv,0,NA,0.5,0.8333333333333334,3,1,0.75,NA,NA,0.5,0.3,NA,0,0,0,CD_M20262640303,3,2026-08-29,St Kilda,CD_R202626403
CD_I1033877,11,MEDIUM_FORWARD,"https://s.afl.com.au/staticfile/AFL Tenant/AFL/Players/ChampIDImages/AFLW/2026264/1033877.png?im=Scale,width=0.6,height=0.6",Nalu,Brothwell,CD_T9406,ESS,Essendon,Bombers,3,72.60000000000002,1,0,0,0,4,0,0,1,7,1,0,3,11,38,8,2,3,0,0,0,0,0,5,6,0,0,1,0,3,0,0,5,2,1,0,158,0,9,0,0,0,0,4,0,2,0,1,1,0,1,12,3,5,2026-08-30,data//AFLW_2026-08-30.csv,NA,0,0.5833333333333334,0.7272727272727273,6,0.4,1,NA,NA,0.8333333333333334,0.1111111111111111,NA,0,0,0,CD_M20262640309,3,2026-08-30,Richmond,CD_R202626403
CD_I1035371,12,MEDIUM_FORWARD,"https://s.afl.com.au/staticfile/AFL Tenant/AFL/Players/ChampIDImages/AFLW/2026264/1035371.png?im=Scale,width=0.6,height=0.6",Ryleigh,Wotherspoon,CD_T7386,NAR,Melbourne,Demons,3,98.39999999999998,0,0,0,0,2,0,0,0,6,0,0,3,16,108,11,7,3,0,0,66.7,0,3,6,6,0,0,1,0,0,0,0,10,4,2,1,272,0,14,0,0,0,0,6,0,4,0,0,9,2,0,16,3,10,2026-08-30,data//AFLW_2026-08-30.csv,NA,NA,0.375,0.6875,4,0.7,0.6666666666666666,NA,NA,1.6666666666666667,0.6428571428571429,NA,0,0,0,CD_M20262640305,3,2026-08-30,Brisbane Lions,CD_R202626403
CD_I1035558,22,MIDFIELDER_FORWARD,"https://s.afl.com.au/staticfile/AFL Tenant/AFL/Players/ChampIDImages/AFLW/2026264/1035558.png?im=Scale,width=0.6,height=0.6",Imogen,Trengove,CD_T8097,COLL,Collingwood,Magpies,3,83.80000000000001,1,0,0,0,3,0,0,0,7,0,0,0,10,34,5,1,4,0,0,0,0,0,6,8,0,0,2,0,2,0,0,2,1,1,0,123,2,11,0,0,0,0,3,0,1,0,1,2,1,1,12,2,5,2026-08-30,data//AFLW_2026-08-30.csv,NA,NA,0.5833333333333334,0.5,4,0.5,0.5,NA,NA,0.25,0.18181818181818182,NA,0,0,0,CD_M20262640307,3,2026-08-30,Hawthorn,CD_R202626403
CD_I1036083,15,MIDFIELDER,"https://s.afl.com.au/staticfile/AFL Tenant/AFL/Players/ChampIDImages/AFLW/2026264/1036083.png?im=Scale,width=0.6,height=0.6",Eilish,O'Dowd,CD_T7889,GWS,GWS GIANTS,GIANTS,3,88.29999999999995,0,0,0,0,1,0,0,0,4,0,0,10,9,41,5,2,1,0,2,0,0,0,2,4,0,0,2,0,0,0,0,5,0,0,0,170,0,17,0,0,1,0,2,0,0,0,1,4,0,1,9,3,5,2026-08-30,data//AFLW_2026-08-30.csv,NA,NA,0.4444444444444444,0.5555555555555556,3,0.4,0.75,NA,NA,1.25,0.23529411764705882,NA,0,0,0,CD_M20262640304,3,2026-08-30,Port Adelaide,CD_R202626403
CD_I1036296,13,RUCK,"https://s.afl.com.au/staticfile/AFL Tenant/AFL/Players/ChampIDImages/AFLW/2026264/1036296.png?im=Scale,width=0.6,height=0.6",Caitlin,Reid,CD_T9408,SYD,Sydney Swans,Swans,1,31.2,0,0,0,0,1,0,0,0,1,0,0,1,3,6,2,1,0,1,0,0,0,0,0,2,2,0,1,0,0,0,0,1,0,0,0,33,1,5,0,0,0,2,0,0,0,0,0,0,0,0,4,1,3,2026-08-30,data//AFLW_2026-08-30.csv,NA,NA,0.25,0.6666666666666666,1,1,0.5,1,0,0.5,0,NA,0.046511627906976744,0,0,CD_M20262640303,3,2026-08-29,St Kilda,CD_R202626403
CD_I1036297,18,RUCK,"https://s.afl.com.au/staticfile/AFL Tenant/AFL/Players/ChampIDImages/AFLW/2026264/1036297.png?im=Scale,width=0.6,height=0.6",Piper,Dunlop,CD_T8467,GEEL,Geelong Cats,Cats,3,47.20000000000002,0,0,8,0,0,0,1,0,2,0,0,6,3,23,2,1,0,0,1,100,0,0,1,2,11,4,0,0,0,0,0,1,0,0,0,24,0,9,0,0,0,21,1,0,0,0,1,1,0,1,3,0,1,2026-08-30,data//AFLW_2026-08-30.csv,0,NA,0.6666666666666666,0.6666666666666666,1,1,0.5,0.5238095238095238,0.19047619047619047,0.5,0.1111111111111111,NA,0.40384615384615385,0.38095238095238093,0,CD_M20262640306,3,2026-08-30,Gold Coast SUNS,CD_R202626403
CD_I1036298,11,KEY_DEFENDER,"https://s.afl.com.au/staticfile/AFL Tenant/AFL/Players/ChampIDImages/AFLW/2026264/1036298.png?im=Scale,width=0.6,height=0.6",Caitlin,Fletcher,CD_T7889,GWS,GWS GIANTS,GIANTS,3,72,0,0,0,0,0,1,3,2,3,0,0,8,6,35,6,4,0,0,0,0,0,0,1,2,1,1,0,0,4,0,0,4,2,0,0,119,2,8,0,0,2,2,2,0,0,1,0,3,0,0,5,0,2,2026-08-30,data//AFLW_2026-08-30.csv,0.3333333333333333,NA,0.6,1,2,1,1,0.5,0.5,2,0.375,NA,0.03278688524590164,0,0,CD_M20262640304,3,2026-08-30,Port Adelaide,CD_R202626403
CD_I1036302,10,MEDIUM_FORWARD,"https://s.afl.com.au/staticfile/AFL Tenant/AFL/Players/ChampIDImages/AFLW/2026264/1036302.png?im=Scale,width=0.6,height=0.6",Blaithin,Bogue,CD_T8466,NMFC,North Melbourne,Kangaroos,3,78.1,0,1,0,0,2,0,0,1,4,1,1,2,10,50,5,5,1,0,0,71.4,0,2,3,1,0,0,4,0,1,0,0,9,3,1,0,205,2,6,0,0,0,0,4,0,2,1,0,0,0,0,9,4,5,2026-08-30,data//AFLW_2026-08-30.csv,NA,1,0.4444444444444444,0.5,0,0.5555555555555556,0,NA,NA,9,0,NA,0,0,0,CD_M20262640301,3,2026-08-29,Western Bulldogs,CD_R202626403
CD_I1037133,20,MEDIUM_DEFENDER,"https://s.afl.com.au/staticfile/AFL Tenant/AFL/Players/ChampIDImages/AFLW/2026264/1037133.png?im=Scale,width=0.6,height=0.6",Sanne,Bakker,CD_T8787,WAA,West Coast Eagles,Eagles,3,69.1,0,0,0,0,3,0,0,0,2,0,0,1,6,37,4,3,0,2,2,100,0,1,0,2,0,0,1,0,1,0,0,4,1,1,1,89,1,8,0,0,0,0,1,0,1,1,0,4,2,0,6,4,4,2026-08-30,data//AFLW_2026-08-30.csv,NA,NA,0.3333333333333333,0.6666666666666666,1,0.75,0.5,NA,NA,2,0.5,NA,0,0,0,CD_M20262640302,3,2026-08-29,Adelaide Crows,CD_R202626403
CD_I1037629,29,RUCK,"https://s.afl.com.au/staticfile/AFL Tenant/AFL/Players/ChampIDImages/AFLW/2026264/1037629.png?im=Scale,width=0.6,height=0.6",Yasmeen,Janschek,CD_T7889,GWS,GWS GIANTS,GIANTS,3,77.09999999999997,0,0,16,1,5,0,2,0,3,2,0,7,7,41,2,1,0,3,1,0,0,0,2,1,9,2,0,0,1,0,0,6,0,0,0,147,2,12,0,0,0,40,0,0,0,2,1,5,1,2,7,6,4,2026-08-30,data//AFLW_2026-08-30.csv,0,0,0.42857142857142855,0.2857142857142857,1,0.16666666666666666,1,0.225,0.05,6,0.4166666666666667,NA,0.6557377049180327,0.8421052631578947,0,CD_M20262640304,3,2026-08-30,Port Adelaide,CD_R202626403
CD_I1037639,35,MEDIUM_FORWARD,"https://s.afl.com.au/staticfile/AFL Tenant/AFL/Players/ChampIDImages/AFLW/2026264/1037639.png?im=Scale,width=0.6,height=0.6",Lily,Quigley,CD_T8786,GCFC,Gold Coast SUNS,SUNS,3,86.39999999999998,0,0,0,0,2,0,0,0,5,0,0,4,12,37,6,1,0,0,0,40,0,1,5,8,0,0,1,0,2,0,0,4,1,0,1,164,0,10,0,0,0,0,3,0,1,0,0,0,0,0,12,5,7,2026-08-30,data//AFLW_2026-08-30.csv,NA,NA,0.4166666666666667,0.5,5,0.25,0.625,NA,NA,0.5,0,NA,0,0,0,CD_M20262640306,3,2026-08-30,Geelong Cats,CD_R202626403
CD_I1042237,14,KEY_DEFENDER,"https://s.afl.com.au/staticfile/AFL Tenant/AFL/Players/ChampIDImages/AFLW/2026264/1042237.png?im=Scale,width=0.6,height=0.6",Siofra,O'Connell,CD_T8096,CARL,Carlton,Blues,3,66.69999999999999,0,0,0,0,3,0,1,0,8,0,0,4,12,36,5,3,0,1,1,0,0,0,7,6,0,0,0,0,6,0,0,6,0,0,0,46,1,4,0,0,1,0,1,0,0,1,0,2,0,0,11,5,3,2026-08-30,data//AFLW_2026-08-30.csv,0,NA,0.7272727272727273,0.4166666666666667,2,0.5,0.3333333333333333,NA,NA,1,0.5,NA,0,0,0,CD_M20262640308,3,2026-08-30,Fremantle,CD_R202626403
CD_I1042246,24,MEDIUM_FORWARD,"https://s.afl.com.au/staticfile/AFL Tenant/AFL/Players/ChampIDImages/AFLW/2026264/1042246.png?im=Scale,width=0.6,height=0.6",Kellyann,Hogan,CD_T8097,COLL,Collingwood,Magpies,2,97.80000000000001,0,0,0,0,6,0,0,0,9,0,0,5,15,45,9,5,2,3,1,0,0,0,8,7,0,0,3,0,5,0,0,8,1,0,1,206,0,12,0,0,1,0,3,0,0,0,1,3,1,1,14,7,5,2026-08-30,data//AFLW_2026-08-30.csv,NA,NA,0.6428571428571429,0.6,4,0.625,0.5714285714285714,NA,NA,1.1428571428571428,0.25,NA,0,0,0,CD_M20262640307,3,2026-08-30,Hawthorn,CD_R202626403
CD_I1042264,21,MEDIUM_FORWARD,"https://s.afl.com.au/staticfile/AFL Tenant/AFL/Players/ChampIDImages/AFLW/2026264/1042264.png?im=Scale,width=0.6,height=0.6",Amy,Gavin Mangan,CD_T8466,NMFC,North Melbourne,Kangaroos,3,69.1,0,0,0,0,2,0,0,0,5,0,0,8,10,61,7,4,0,0,2,0,0,0,2,3,0,0,2,0,4,0,0,7,4,0,2,163,3,22,0,0,0,0,2,0,0,1,1,5,1,1,10,3,5,2026-08-30,data//AFLW_2026-08-30.csv,NA,NA,0.5,0.7,3,0.5714285714285714,1,NA,NA,2.3333333333333335,0.22727272727272727,NA,0,0,0,CD_M20262640301,3,2026-08-29,Western Bulldogs,CD_R202626403
CD_I1042277,16,MIDFIELDER,"https://s.afl.com.au/staticfile/AFL Tenant/AFL/Players/ChampIDImages/AFLW/2026264/1042277.png?im=Scale,width=0.6,height=0.6",Matilda,Banfield,CD_T7886,WAL,Fremantle,Dockers,3,83.9,0,0,0,0,5,0,0,0,10,0,0,5,17,52,10,5,1,3,0,100,1,0,9,7,0,0,3,0,4,0,0,10,3,0,0,211,1,12,0,0,3,0,2,0,0,0,2,2,0,2,19,5,9,2026-08-30,data//AFLW_2026-08-30.csv,NA,NA,0.5263157894736842,0.5882352941176471,5,0.5,0.7142857142857143,NA,NA,1.4285714285714286,0.16666666666666666,NA,0,0,0,CD_M20262640308,3,2026-08-30,Carlton,CD_R202626403
CD_I1042707,22,KEY_FORWARD,"https://s.afl.com.au/staticfile/AFL Tenant/AFL/Players/ChampIDImages/AFLW/2026264/1042707.png?im=Scale,width=0.6,height=0.6",Kayleigh,Cronin,CD_T8098,KUW,Adelaide Crows,Crows,3,58.80000000000001,0,0,0,0,4,0,0,0,3,0,0,6,5,18,3,1,0,3,0,0,0,0,3,3,0,0,0,0,3,0,0,2,1,0,0,35,2,6,0,0,2,0,1,0,0,0,1,3,0,1,5,1,2,2026-08-30,data//AFLW_2026-08-30.csv,NA,NA,0.6,0.6,2,0.5,0.6666666666666666,NA,NA,0.6666666666666666,0.5,NA,0,0,0,CD_M20262640302,3,2026-08-29,West Coast Eagles,CD_R202626403
CD_I1042794,13,MEDIUM_FORWARD,"https://s.afl.com.au/staticfile/AFL Tenant/AFL/Players/ChampIDImages/AFLW/2026264/1042794.png?im=Scale,width=0.6,height=0.6",Aoibhin,Cleary,CD_T8788,RICH,Richmond,Richmond,3,57.00000000000003,0,0,0,0,2,0,0,0,3,1,0,0,7,20,5,2,1,1,1,50,0,0,3,3,0,0,3,0,2,0,0,4,0,0,0,120,0,6,0,0,0,0,2,0,0,0,0,1,0,0,8,2,5,2026-08-30,data//AFLW_2026-08-30.csv,NA,0,0.375,0.7142857142857143,3,0.5,1,NA,NA,1.3333333333333333,0.16666666666666666,NA,0,0,0,CD_M20262640309,3,2026-08-30,Essendon,CD_R202626403
CD_I1042795,13,KEY_FORWARD,"https://s.afl.com.au/staticfile/AFL Tenant/AFL/Players/ChampIDImages/AFLW/2026264/1042795.png?im=Scale,width=0.6,height=0.6",Neasa,Dooley,CD_T7887,BL,Brisbane Lions,Lions,3,11.400000000000006,0,0,0,0,1,0,0,0,0,0,0,1,1,3,0,0,0,0,0,40,0,0,0,0,0,0,0,0,0,0,0,1,0,0,0,0,0,1,0,0,0,0,0,0,1,0,1,0,0,1,0,1,0,2026-08-30,data//AFLW_2026-08-30.csv,NA,NA,NA,0,0,0,NA,NA,NA,Inf,0,NA,0,0,0,CD_M20262640305,3,2026-08-30,Melbourne,CD_R202626403
CD_I1042797,27,MEDIUM_FORWARD,"https://s.afl.com.au/staticfile/AFL Tenant/AFL/Players/ChampIDImages/AFLW/2026264/1042797.png?im=Scale,width=0.6,height=0.6",Grace,Kos,CD_T7889,GWS,GWS GIANTS,GIANTS,3,62.00000000000003,0,0,15,1,2,0,0,0,6,0,0,11,10,32,8,5,0,2,0,0,0,0,5,4,0,0,3,0,2,0,0,6,0,0,0,232,0,13,0,0,1,0,1,0,0,0,1,3,1,2,10,3,4,2026-08-30,data//AFLW_2026-08-30.csv,NA,NA,0.6,0.8,3,0.8333333333333334,0.75,NA,NA,1.5,0.23076923076923078,NA,0,0.7894736842105263,0,CD_M20262640304,3,2026-08-30,Port Adelaide,CD_R202626403
CD_I1048156,28,MEDIUM_DEFENDER,"https://s.afl.com.au/staticfile/AFL Tenant/AFL/Players/ChampIDImages/AFLW/2026264/1048156.png?im=Scale,width=0.6,height=0.6",Emma,Murray,CD_T8467,GEEL,Geelong Cats,Cats,3,79.10000000000002,0,0,2,1,3,0,1,0,9,0,0,11,17,65,11,6,0,0,1,100,0,2,7,6,0,0,0,0,6,0,0,11,1,0,0,222,1,21,0,0,4,0,2,0,2,0,0,1,0,1,16,3,7,2026-08-30,data//AFLW_2026-08-30.csv,0,NA,0.5625,0.6470588235294118,5,0.5454545454545454,0.8333333333333334,NA,NA,1.8333333333333333,0.047619047619047616,NA,0,0.09523809523809523,0,CD_M20262640306,3,2026-08-30,Gold Coast SUNS,CD_R202626403
CD_I1048494,33,MEDIUM_DEFENDER,"https://s.afl.com.au/staticfile/AFL Tenant/AFL/Players/ChampIDImages/AFLW/2026264/1048494.png?im=Scale,width=0.6,height=0.6",Aoife,Healy,CD_T7886,WAL,Fremantle,Dockers,3,75.4,0,0,0,0,1,0,1,1,6,0,0,3,12,47,10,5,0,1,2,0,0,0,3,5,0,0,0,0,5,0,0,7,3,0,1,83,3,5,0,0,0,0,1,0,0,2,0,2,0,0,12,1,6,2026-08-30,data//AFLW_2026-08-30.csv,0,NA,0.5,0.8333333333333334,5,0.7142857142857143,1,NA,NA,1.4,0.4,NA,0,0,0,CD_M20262640308,3,2026-08-30,Carlton,CD_R202626403
CD_I1048496,18,MIDFIELDER,"https://s.afl.com.au/staticfile/AFL Tenant/AFL/Players/ChampIDImages/AFLW/2026264/1048496.png?im=Scale,width=0.6,height=0.6",Saoirse,Lally,CD_T8796,EUR,St Kilda,St Kilda,2,59.3,0,0,0,0,2,0,0,1,4,1,0,9,7,17,6,2,0,1,0,0,1,0,3,4,0,0,1,0,3,0,0,3,1,0,0,57,2,11,0,0,1,0,1,0,0,2,1,0,0,1,6,2,2,2026-08-30,data//AFLW_2026-08-30.csv,NA,0,0.6666666666666666,0.8571428571428571,4,0.6666666666666666,1,NA,NA,0.75,0,NA,0,0,0,CD_M20262640303,3,2026-08-29,Sydney Swans,CD_R202626403
CD_I296154,25,MIDFIELDER,"https://s.afl.com.au/staticfile/AFL Tenant/AFL/Players/ChampIDImages/AFLW/2026264/296154.png?im=Scale,width=0.6,height=0.6",Jasmine,Garner,CD_T8466,NMFC,North Melbourne,Kangaroos,3,81.39999999999998,0,0,16,1,1,0,0,0,9,0,0,12,27,120,19,11,1,0,2,60,1,1,5,9,0,0,7,0,3,0,0,18,4,0,0,532,1,18,0,0,1,0,7,0,1,0,1,7,0,2,26,3,17,2026-08-30,data//AFLW_2026-08-30.csv,NA,NA,0.34615384615384615,0.7037037037037037,8,0.6111111111111112,0.8888888888888888,NA,NA,2,0.3888888888888889,NA,0,0.8888888888888888,0,CD_M20262640301,3,2026-08-29,Western Bulldogs,CD_R202626403
CD_I296158,35,MEDIUM_DEFENDER,"https://s.afl.com.au/staticfile/AFL Tenant/AFL/Players/ChampIDImages/AFLW/2026264/296158.png?im=Scale,width=0.6,height=0.6",Bianca,Jakobsson,CD_T8796,EUR,St Kilda,St Kilda,3,93.50000000000003,0,0,0,0,6,0,0,0,6,0,0,5,12,55,3,2,0,0,2,0,0,0,4,4,0,0,0,0,9,0,0,8,3,0,0,185,2,6,0,0,1,0,0,0,0,2,0,3,0,0,12,6,6,2026-08-30,data//AFLW_2026-08-30.csv,NA,NA,0.5,0.25,1,0.25,0.25,NA,NA,2,0.5,NA,0,0,0,CD_M20262640303,3,2026-08-29,Sydney Swans,CD_R202626403
CD_I997649,10,MIDFIELDER_FORWARD,"https://s.afl.com.au/staticfile/AFL Tenant/AFL/Players/ChampIDImages/AFLW/2026264/997649.png?im=Scale,width=0.6,height=0.6",Kaitlyn,Ashmore,CD_T9407,HAW,Hawthorn,Hawks,3,72,0,0,0,0,4,0,0,0,2,0,0,8,13,43,6,3,0,3,0,50,0,0,2,4,0,0,1,0,3,0,0,9,3,0,0,161,1,13,0,0,2,0,0,0,0,0,1,2,0,1,14,3,12,2026-08-30,data//AFLW_2026-08-30.csv,NA,NA,0.14285714285714285,0.46153846153846156,3,0.3333333333333333,0.75,NA,NA,2.25,0.15384615384615385,NA,0,0,0,CD_M20262640307,3,2026-08-30,Collingwood,CD_R202626403
CD_I997700,11,MEDIUM_DEFENDER,"https://s.afl.com.au/staticfile/AFL Tenant/AFL/Players/ChampIDImages/AFLW/2026264/997700.png?im=Scale,width=0.6,height=0.6",Eliza,Shannon,CD_T8466,NMFC,North Melbourne,Kangaroos,3,74.39999999999998,0,0,0,0,1,0,0,0,1,0,0,3,6,29,6,3,0,0,0,0,0,0,1,3,0,0,1,0,1,0,0,3,2,0,0,59,1,5,0,0,2,0,0,0,0,1,0,2,0,0,6,0,5,2026-08-30,data//AFLW_2026-08-30.csv,NA,NA,0.16666666666666666,1,3,1,1,NA,NA,1,0.4,NA,0,0,0,CD_M20262640301,3,2026-08-29,Western Bulldogs,CD_R202626403
CD_I997725,12,KEY_DEFENDER,"https://s.afl.com.au/staticfile/AFL Tenant/AFL/Players/ChampIDImages/AFLW/2026264/997725.png?im=Scale,width=0.6,height=0.6",Isabel,Huntington,CD_T7889,GWS,GWS GIANTS,GIANTS,3,72.40000000000002,0,0,0,0,1,0,1,1,4,1,1,0,11,44,9,5,0,0,1,0,0,0,2,5,0,0,0,0,4,0,0,6,5,0,1,113,2,1,0,0,5,0,0,0,0,2,0,0,0,0,11,2,7,2026-08-30,data//AFLW_2026-08-30.csv,0,1,0.36363636363636365,0.8181818181818182,4,0.8333333333333334,0.8,NA,NA,1.2,0,NA,0,0,0,CD_M20262640304,3,2026-08-30,Port Adelaide,CD_R202626403
CD_I997729,8,MIDFIELDER,"https://s.afl.com.au/staticfile/AFL Tenant/AFL/Players/ChampIDImages/AFLW/2026264/997729.png?im=Scale,width=0.6,height=0.6",Brittany,Bonnici,CD_T8097,COLL,Collingwood,Magpies,3,89.09999999999997,2,0,12,0,4,0,0,0,9,0,0,7,22,93,11,4,3,0,1,0,0,0,7,9,0,0,5,0,2,0,0,13,3,0,1,321,1,26,0,0,2,0,6,0,2,1,4,6,1,4,20,6,11,2026-08-30,data//AFLW_2026-08-30.csv,NA,NA,0.45,0.5,7,0.3076923076923077,0.7777777777777778,NA,NA,1.4444444444444444,0.23076923076923078,NA,0,0.7868852459016393,0,CD_M20262640307,3,2026-08-30,Hawthorn,CD_R202626403
CD_I997736,6,MEDIUM_DEFENDER,"https://s.afl.com.au/staticfile/AFL Tenant/AFL/Players/ChampIDImages/AFLW/2026264/997736.png?im=Scale,width=0.6,height=0.6",Jordyn,Allen,CD_T8097,COLL,Collingwood,Magpies,2,70.2,0,0,0,0,2,0,2,1,5,0,0,6,12,56,10,7,0,1,3,0,0,0,2,3,0,0,1,0,8,1,0,9,5,0,0,137,3,8,0,0,1,0,1,0,0,3,1,2,0,1,12,2,7,2026-08-30,data//AFLW_2026-08-30.csv,0,NA,0.4166666666666667,0.8333333333333334,3,0.7777777777777778,1,NA,NA,3,0.25,0,0,0,0.16666666666666666,CD_M20262640307,3,2026-08-30,Hawthorn,CD_R202626403
CD_I997745,2,MIDFIELDER_FORWARD,"https://s.afl.com.au/staticfile/AFL Tenant/AFL/Players/ChampIDImages/AFLW/2026264/997745.png?im=Scale,width=0.6,height=0.6",Georgia,Gee,CD_T9406,ESS,Essendon,Bombers,3,65.79999999999998,1,0,0,0,1,0,0,0,6,0,0,4,15,50,10,4,3,0,0,0,0,0,6,9,0,0,1,0,3,0,0,6,3,0,1,107,1,11,0,0,0,0,4,0,1,1,0,1,1,0,14,3,8,2026-08-30,data//AFLW_2026-08-30.csv,NA,NA,0.42857142857142855,0.6666666666666666,6,0.6666666666666666,0.6666666666666666,NA,NA,0.6666666666666666,0.09090909090909091,NA,0,0,0,CD_M20262640309,3,2026-08-30,Richmond,CD_R202626403
CD_I998029,2,MEDIUM_FORWARD,"https://s.afl.com.au/staticfile/AFL Tenant/AFL/Players/ChampIDImages/AFLW/2026264/998029.png?im=Scale,width=0.6,height=0.6",Alicia,Eva,CD_T7889,GWS,GWS GIANTS,GIANTS,3,79.79999999999998,0,0,0,0,1,0,0,0,2,0,0,5,4,43,3,2,1,1,0,60,0,2,2,2,0,0,0,0,0,0,0,2,0,0,0,14,0,11,0,0,0,0,2,0,2,0,1,6,1,1,2,1,0,2026-08-30,data//AFLW_2026-08-30.csv,NA,NA,1,0.75,1,1,0.5,NA,NA,1,0.5454545454545454,NA,0,0,0,CD_M20262640304,3,2026-08-30,Port Adelaide,CD_R202626403
CD_I998030,2,MIDFIELDER,"https://s.afl.com.au/staticfile/AFL Tenant/AFL/Players/ChampIDImages/AFLW/2026264/998030.png?im=Scale,width=0.6,height=0.6",Kiara,Bowers,CD_T7886,WAL,Fremantle,Dockers,3,81.9,3,0,14,2,4,0,0,0,10,0,0,11,27,146,14,10,0,0,2,0,0,0,7,5,0,0,4,0,3,0,0,22,7,3,0,453,1,25,0,0,1,0,6,0,3,1,3,11,3,5,26,7,16,2026-08-30,data//AFLW_2026-08-30.csv,NA,NA,0.38461538461538464,0.5185185185185185,4,0.45454545454545453,0.8,NA,NA,4.4,0.44,NA,0,0.8235294117647058,0,CD_M20262640308,3,2026-08-30,Carlton,CD_R202626403
CD_I998032,13,MEDIUM_DEFENDER,"https://s.afl.com.au/staticfile/AFL Tenant/AFL/Players/ChampIDImages/AFLW/2026264/998032.png?im=Scale,width=0.6,height=0.6",Emma,Swanson,CD_T8787,WAA,West Coast Eagles,Eagles,3,84.60000000000002,0,0,0,0,3,0,0,1,7,0,0,5,12,36,9,2,0,1,0,0,0,0,6,7,0,0,4,0,3,0,0,5,2,0,0,134,1,8,0,0,1,0,1,0,0,1,1,1,0,1,12,4,5,2026-08-30,data//AFLW_2026-08-30.csv,NA,NA,0.5833333333333334,0.75,7,0.4,1,NA,NA,0.7142857142857143,0.125,NA,0,0,0,CD_M20262640302,3,2026-08-29,Adelaide Crows,CD_R202626403
CD_I998039,7,KEY_FORWARD,"https://s.afl.com.au/staticfile/AFL Tenant/AFL/Players/ChampIDImages/AFLW/2026264/998039.png?im=Scale,width=0.6,height=0.6",Tayla,Harris,CD_T7386,NAR,Melbourne,Demons,3,75.99999999999997,2,0,2,0,5,0,0,1,5,1,0,1,13,62,4,2,1,1,0,25,0,1,2,3,5,1,2,0,1,0,0,10,4,2,1,254,3,5,0,0,0,12,5,0,4,2,2,1,0,2,13,7,8,2026-08-30,data//AFLW_2026-08-30.csv,NA,0,0.38461538461538464,0.3076923076923077,2,0.2,0.6666666666666666,0.4166666666666667,0.08333333333333333,3.3333333333333335,0.2,NA,0.19047619047619047,0.09090909090909091,0,CD_M20262640305,3,2026-08-30,Brisbane Lions,CD_R202626403
CD_I998040,19,MEDIUM_FORWARD,"https://s.afl.com.au/staticfile/AFL Tenant/AFL/Players/ChampIDImages/AFLW/2026264/998040.png?im=Scale,width=0.6,height=0.6",Hayley,Miller,CD_T7886,WAL,Fremantle,Dockers,3,80.4,0,0,0,0,1,0,0,0,6,0,0,3,14,66,7,5,4,0,1,33.3,1,1,6,5,0,0,3,0,1,0,0,9,2,1,2,258,1,18,0,0,0,0,5,0,2,1,0,4,2,0,15,4,9,2026-08-30,data//AFLW_2026-08-30.csv,NA,NA,0.4,0.5,2,0.5555555555555556,0.4,NA,NA,1.8,0.2222222222222222,NA,0,0,0,CD_M20262640308,3,2026-08-30,Carlton,CD_R202626403
CD_I998041,2,MEDIUM_FORWARD,"https://s.afl.com.au/staticfile/AFL Tenant/AFL/Players/ChampIDImages/AFLW/2026264/998041.png?im=Scale,width=0.6,height=0.6",Kellie,Gibson,CD_T8787,WAA,West Coast Eagles,Eagles,3,77.30000000000001,1,0,0,0,2,0,0,0,5,0,0,2,13,60,7,5,1,1,3,28.6,1,1,2,4,0,0,3,0,3,0,0,9,2,0,1,185,1,10,0,0,1,0,6,0,3,0,1,3,2,1,12,4,7,2026-08-30,data//AFLW_2026-08-30.csv,NA,NA,0.4166666666666667,0.5384615384615384,2,0.5555555555555556,0.5,NA,NA,2.25,0.3,NA,0,0,0,CD_M20262640302,3,2026-08-29,Adelaide Crows,CD_R202626403
CD_I998149,4,MEDIUM_DEFENDER,"https://s.afl.com.au/staticfile/AFL Tenant/AFL/Players/ChampIDImages/AFLW/2026264/998149.png?im=Scale,width=0.6,height=0.6",Paxy,Paxman,CD_T7386,NAR,Melbourne,Demons,3,59.80000000000001,0,0,0,0,1,0,0,0,0,0,0,1,15,66,12,5,0,0,0,100,1,1,0,7,0,0,1,0,1,0,0,8,6,1,1,176,0,8,0,0,1,0,3,0,1,0,0,1,0,0,14,0,14,2026-08-30,data//AFLW_2026-08-30.csv,NA,NA,0,0.8,7,0.625,1,NA,NA,1.1428571428571428,0.125,NA,0,0,0,CD_M20262640305,3,2026-08-30,Brisbane Lions,CD_R202626403
CD_I998150,9,MEDIUM_DEFENDER,"https://s.afl.com.au/staticfile/AFL Tenant/AFL/Players/ChampIDImages/AFLW/2026264/998150.png?im=Scale,width=0.6,height=0.6",Emma,Kearney,CD_T8466,NMFC,North Melbourne,Kangaroos,2,66.39999999999999,0,0,0,0,3,0,0,0,3,0,0,3,12,47,10,4,0,2,0,0,0,0,3,6,0,0,1,0,5,1,1,6,5,1,0,98,2,5,0,0,1,0,1,0,0,2,0,2,0,0,11,1,8,2026-08-30,data//AFLW_2026-08-30.csv,NA,NA,0.2727272727272727,0.8333333333333334,6,0.6666666666666666,1,NA,NA,1,0.4,1,0,0,0.2,CD_M20262640301,3,2026-08-29,Western Bulldogs,CD_R202626403
CD_I998155,1,MIDFIELDER,"https://s.afl.com.au/staticfile/AFL Tenant/AFL/Players/ChampIDImages/AFLW/2026264/998155.png?im=Scale,width=0.6,height=0.6",Emily,Bates,CD_T9407,HAW,Hawthorn,Hawks,3,81.70000000000002,0,0,8,0,3,0,0,0,6,0,0,4,16,70,7,2,0,1,0,0,0,0,5,10,0,0,2,0,2,0,0,6,1,1,0,173,2,12,0,0,2,0,1,0,0,2,3,8,1,3,16,4,10,2026-08-30,data//AFLW_2026-08-30.csv,NA,NA,0.375,0.4375,5,0.3333333333333333,0.5,NA,NA,0.6,0.6666666666666666,NA,0,0.5333333333333333,0,CD_M20262640307,3,2026-08-30,Collingwood,CD_R202626403
CD_I998157,3,MEDIUM_FORWARD,"https://s.afl.com.au/staticfile/AFL Tenant/AFL/Players/ChampIDImages/AFLW/2026264/998157.png?im=Scale,width=0.6,height=0.6",Katie,Brennan,CD_T8788,RICH,Richmond,Richmond,3,82.00000000000003,2,0,0,0,3,0,0,0,7,1,0,1,12,47,7,4,3,3,2,20,1,0,5,3,0,0,2,0,3,0,0,9,1,1,0,267,3,11,0,0,1,0,3,0,2,2,1,4,1,1,11,4,4,2026-08-30,data//AFLW_2026-08-30.csv,NA,0,0.6363636363636364,0.5833333333333334,3,0.4444444444444444,1,NA,NA,3,0.36363636363636365,NA,0,0,0,CD_M20262640309,3,2026-08-30,Essendon,CD_R202626403
CD_I998164,2,MEDIUM_DEFENDER,"https://s.afl.com.au/staticfile/AFL Tenant/AFL/Players/ChampIDImages/AFLW/2026264/998164.png?im=Scale,width=0.6,height=0.6",Nicola,Stevens,CD_T8467,GEEL,Geelong Cats,Cats,1,89.4,0,0,0,0,1,0,1,0,4,0,0,10,8,37,4,3,0,0,2,0,0,0,2,3,0,0,0,0,7,0,0,5,2,0,0,38,2,12,0,0,0,0,1,0,0,2,0,2,0,0,8,3,4,2026-08-30,data//AFLW_2026-08-30.csv,0,NA,0.5,0.5,1,0.6,0.3333333333333333,NA,NA,1.6666666666666667,0.16666666666666666,NA,0,0,0,CD_M20262640306,3,2026-08-30,Gold Coast SUNS,CD_R202626403
