playerId,jumperNumber,playerPosition,photoURL,playerName.givenName,playerName.surname,team.teamId,team.teamAbbr,team.teamName,team.teamNickname,matchesPlayed,timeOnGroundPercentage,behinds,bounces,centreBounceAttendances,centreClearances,clangers,contestDefLosses,contestDefOneOnOnes,contestedMarks,contestedPossessions,contestOffOneOnOnes,contestOffWins,defHalfPressureActs,disposals,dreamTeamPoints,effectiveDisposals,effectiveKicks,f50GroundBallGets,freesAgainst,freesFor,goalAccuracy,goalAssists,goals,groundBallGets,handballs,hitouts,hitoutsToAdvantage,inside50s,interceptMarks,intercepts,kickins,kickinsPlayon,kicks,marks,marksInside50,marksOnLead,metresGained,onePercenters,pressureActs,ranking,ratingPoints,rebound50s,ruckContests,scoreInvolvements,scoreLaunches,shotsAtGoal,spoils,stoppageClearances,tackles,tacklesInside50,totalClearances,totalPossessions,turnovers,uncontestedPossessions,datePulled,filename,contestDefLossPercentage,contestOffWinsPercentage,contestedPossessionRate,disposalEfficiency,effectiveHandballs,kickEfficiency,handballEfficiency,hitoutWinPercentage,contestsToHTARate,kickToHandballRatio,effectiveTacklePerPressureAct,kickinPlayonRate,ruckContestShare,cbaAttendanceRate,kickInShare,matchId,round,date,opponent,roundId
CD_I1001686,60,RUCK,"https://s.afl.com.au/staticfile/AFL Tenant/AFL/Players/ChampIDImages/AFLW/2026264/1001686.png?im=Scale,width=0.6,height=0.6",Emma,King,CD_T8466,NMFC,North Melbourne,Kangaroos,5,61.30000000000001,0,0,2,0,2,0,0,1,5,3,1,5,8,37,5,2,0,1,1,50,0,0,3,3,4,1,0,0,3,0,0,5,2,1,0,64,4,9,0,0,1,10,2,0,0,4,0,2,0,0,7,2,2,2026-09-20,data//AFLW_2026-09-20.csv,NA,0.3333333333333333,0.7142857142857143,0.625,3,0.4,1,0.4,0.1,1.6666666666666667,0.2222222222222222,NA,0.21739130434782608,0.18181818181818182,0,CD_M20262640601,6,2026-09-18,Hawthorn,CD_R202626406
CD_I1003018,35,MEDIUM_FORWARD,"https://s.afl.com.au/staticfile/AFL Tenant/AFL/Players/ChampIDImages/AFLW/2026264/1003018.png?im=Scale,width=0.6,height=0.6",Jenna,Bruton,CD_T8466,NMFC,North Melbourne,Kangaroos,5,67.9,0,0,0,0,0,0,0,0,3,1,0,3,13,50,10,3,1,0,0,0,0,0,3,8,0,0,1,0,1,0,0,5,1,0,1,174,1,8,0,0,0,0,4,0,0,0,1,4,2,1,12,1,9,2026-09-20,data//AFLW_2026-09-20.csv,NA,0,0.25,0.7692307692307693,7,0.6,0.875,NA,NA,0.625,0.5,NA,0,0,0,CD_M20262640601,6,2026-09-18,Hawthorn,CD_R202626406
CD_I1003019,1,KEY_FORWARD,"https://s.afl.com.au/staticfile/AFL Tenant/AFL/Players/ChampIDImages/AFLW/2026264/1003019.png?im=Scale,width=0.6,height=0.6",Sabrina,Frederick,CD_T8097,COLL,Collingwood,Magpies,5,64.5,1,0,10,1,3,0,0,2,10,1,1,3,16,53,9,2,0,0,0,0,1,0,5,9,7,2,2,0,4,0,0,7,2,1,0,240,2,6,0,0,0,19,4,0,1,0,2,0,0,3,16,3,6,2026-09-20,data//AFLW_2026-09-20.csv,NA,1,0.625,0.5625,7,0.2857142857142857,0.7777777777777778,0.3684210526315789,0.10526315789473684,0.7777777777777778,0,NA,0.36538461538461536,0.4,0,CD_M20262640602,6,2026-09-19,Geelong Cats,CD_R202626406
CD_I1003023,16,MEDIUM_FORWARD,"https://s.afl.com.au/staticfile/AFL Tenant/AFL/Players/ChampIDImages/AFLW/2026264/1003023.png?im=Scale,width=0.6,height=0.6",Tahlia,Randall,CD_T8466,NMFC,North Melbourne,Kangaroos,6,86.70000000000005,0,0,0,0,2,0,0,1,5,2,1,1,7,49,5,3,1,1,1,42.9,0,0,3,2,3,1,2,0,1,0,0,5,3,0,1,161,0,7,0,0,0,8,2,0,0,0,0,5,3,0,7,3,2,2026-09-20,data//AFLW_2026-09-20.csv,NA,0.5,0.7142857142857143,0.7142857142857143,2,0.6,1,0.375,0.125,2.5,0.7142857142857143,NA,0.17391304347826086,0,0,CD_M20262640601,6,2026-09-18,Hawthorn,CD_R202626406
CD_I1004415,9,MEDIUM_DEFENDER,"https://s.afl.com.au/staticfile/AFL Tenant/AFL/Players/ChampIDImages/AFLW/2026264/1004415.png?im=Scale,width=0.6,height=0.6",Jaimee,Lambert,CD_T8796,STK,St Kilda,St Kilda,6,69.59999999999997,0,1,6,1,2,0,0,0,12,0,0,3,24,80,17,9,0,1,1,50,0,1,11,9,0,0,4,0,3,1,1,15,3,1,0,477,1,5,0,0,3,0,4,0,1,0,4,1,0,5,23,3,11,2026-09-20,data//AFLW_2026-09-20.csv,NA,NA,0.5217391304347826,0.7083333333333334,8,0.6,0.8888888888888888,NA,NA,1.6666666666666667,0.2,1,0,0.5,0.16666666666666666,CD_M20262640608,6,2026-09-20,West Coast Eagles,CD_R202626406
CD_I1005258,2,MEDIUM_DEFENDER,"https://s.afl.com.au/staticfile/AFL Tenant/AFL/Players/ChampIDImages/AFLW/2026264/1005258.png?im=Scale,width=0.6,height=0.6",Eloise,Jones,CD_T8098,ADEL,Adelaide Crows,Crows,6,87.09999999999997,0,0,0,0,3,1,1,1,4,0,0,4,7,22,7,5,0,1,0,0,0,0,3,2,0,0,2,0,6,1,1,5,2,0,0,123,0,6,0,0,1,0,2,0,0,0,0,0,0,0,5,0,1,2026-09-20,data//AFLW_2026-09-20.csv,1,NA,0.8,1,2,1,1,NA,NA,2.5,0,1,0,0,0.16666666666666666,CD_M20262640609,6,2026-09-20,Brisbane Lions,CD_R202626406
CD_I1005264,8,MIDFIELDER,"https://s.afl.com.au/staticfile/AFL Tenant/AFL/Players/ChampIDImages/AFLW/2026264/1005264.png?im=Scale,width=0.6,height=0.6",Ashleigh,Woodland,CD_T9409,PORT,Port Adelaide,Power,6,83.79999999999995,0,0,8,2,2,0,0,1,13,0,0,2,21,68,14,5,2,1,0,40,0,0,10,9,0,0,1,0,3,0,0,12,3,0,1,202,0,9,0,0,1,0,4,0,0,0,5,2,1,7,20,2,7,2026-09-20,data//AFLW_2026-09-20.csv,NA,NA,0.65,0.6666666666666666,9,0.4166666666666667,1,NA,NA,1.3333333333333333,0.2222222222222222,NA,0,0.7272727272727273,0,CD_M20262640604,6,2026-09-19,Sydney Swans,CD_R202626406
CD_I1005269,34,MIDFIELDER,"https://s.afl.com.au/staticfile/AFL Tenant/AFL/Players/ChampIDImages/AFLW/2026264/1005269.png?im=Scale,width=0.6,height=0.6",Anne,Hatchard,CD_T8786,GCFC,Gold Coast SUNS,SUNS,6,88.70000000000005,1,1,3,1,3,0,0,1,9,2,1,0,21,94,14,2,1,1,0,27.3,1,2,8,15,0,0,1,0,4,0,0,6,4,3,0,237,2,12,0,0,1,0,7,0,3,0,1,6,4,2,21,3,12,2026-09-20,data//AFLW_2026-09-20.csv,NA,0.5,0.42857142857142855,0.6666666666666666,12,0.3333333333333333,0.8,NA,NA,0.4,0.5,NA,0,0.25,0,CD_M20262640607,6,2026-09-20,Essendon,CD_R202626406
CD_I1005279,10,MIDFIELDER,"https://s.afl.com.au/staticfile/AFL Tenant/AFL/Players/ChampIDImages/AFLW/2026264/1005279.png?im=Scale,width=0.6,height=0.6",Ebony,Marinoff,CD_T8098,ADEL,Adelaide Crows,Crows,6,76.70000000000005,0,0,11,4,2,0,0,0,17,0,0,9,24,115,11,6,3,0,3,66.7,0,0,11,8,0,0,4,0,2,0,0,16,0,0,0,300,0,24,0,0,2,0,2,0,0,0,6,12,1,10,23,6,6,2026-09-20,data//AFLW_2026-09-20.csv,NA,NA,0.7391304347826086,0.4583333333333333,5,0.375,0.625,NA,NA,2,0.5,NA,0,0.8461538461538461,0,CD_M20262640609,6,2026-09-20,Brisbane Lions,CD_R202626406
CD_I1005285,39,KEY_DEFENDER,"https://s.afl.com.au/staticfile/AFL Tenant/AFL/Players/ChampIDImages/AFLW/2026264/1005285.png?im=Scale,width=0.6,height=0.6",Sarah,Allan,CD_T8098,ADEL,Adelaide Crows,Crows,6,100.29999999999995,0,0,0,0,1,0,2,0,3,0,0,2,6,20,6,4,0,1,0,0,0,0,1,2,0,0,0,0,3,1,1,4,1,0,0,137,7,3,0,0,2,0,1,0,0,4,0,1,1,0,6,1,3,2026-09-20,data//AFLW_2026-09-20.csv,0,NA,0.5,1,2,1,1,NA,NA,2,0.3333333333333333,1,0,0,0.16666666666666666,CD_M20262640609,6,2026-09-20,Brisbane Lions,CD_R202626406
CD_I1005452,17,MIDFIELDER,"https://s.afl.com.au/staticfile/AFL Tenant/AFL/Players/ChampIDImages/AFLW/2026264/1005452.png?im=Scale,width=0.6,height=0.6",Nicola,Barr,CD_T8796,STK,St Kilda,St Kilda,5,78.30000000000001,0,1,0,0,3,0,1,0,2,0,0,3,17,61,12,6,0,0,0,0,0,0,2,7,0,0,5,0,4,0,0,10,3,0,0,280,0,6,0,0,1,0,3,0,0,0,0,2,0,0,16,3,14,2026-09-20,data//AFLW_2026-09-20.csv,0,NA,0.125,0.7058823529411765,6,0.6,0.8571428571428571,NA,NA,1.4285714285714286,0.3333333333333333,NA,0,0,0,CD_M20262640608,6,2026-09-20,West Coast Eagles,CD_R202626406
CD_I1005453,6,MIDFIELDER,"https://s.afl.com.au/staticfile/AFL Tenant/AFL/Players/ChampIDImages/AFLW/2026264/1005453.png?im=Scale,width=0.6,height=0.6",Rebecca,Beeson,CD_T7889,GWS,GWS GIANTS,GIANTS,6,76.90000000000003,0,0,18,2,4,0,0,0,9,0,0,2,23,84,17,7,1,2,0,71.4,1,2,8,11,0,0,3,0,3,0,0,12,4,0,0,370,1,9,0,0,2,0,5,0,2,1,3,2,0,5,23,4,14,2026-09-20,data//AFLW_2026-09-20.csv,NA,NA,0.391304347826087,0.7391304347826086,10,0.5833333333333334,0.9090909090909091,NA,NA,1.0909090909090908,0.2222222222222222,NA,0,0.8181818181818182,0,CD_M20262640606,6,2026-09-20,Richmond,CD_R202626406
CD_I1005630,18,MIDFIELDER,"https://s.afl.com.au/staticfile/AFL Tenant/AFL/Players/ChampIDImages/AFLW/2026264/1005630.png?im=Scale,width=0.6,height=0.6",Alexandra,Anderson,CD_T7887,BL,Brisbane Lions,Lions,2,73.60000000000001,0,0,10,1,2,0,0,0,14,0,0,18,33,138,22,5,2,1,0,0,1,0,14,20,0,0,3,0,5,0,0,13,2,0,1,144,3,29,0,0,3,0,3,0,0,1,2,14,2,3,31,3,17,2026-09-20,data//AFLW_2026-09-20.csv,NA,NA,0.45161290322580644,0.6666666666666666,17,0.38461538461538464,0.85,NA,NA,0.65,0.4827586206896552,NA,0,0.7692307692307693,0,CD_M20262640609,6,2026-09-20,Adelaide Crows,CD_R202626406
CD_I1005661,3,MEDIUM_DEFENDER,"https://s.afl.com.au/staticfile/AFL Tenant/AFL/Players/ChampIDImages/AFLW/2026264/1005661.png?im=Scale,width=0.6,height=0.6",Breanna,Koenen,CD_T7887,BL,Brisbane Lions,Lions,6,78.90000000000009,0,0,0,0,1,0,2,2,9,0,0,7,15,50,10,6,0,0,0,0,0,0,7,7,0,0,1,0,9,1,0,8,4,0,0,158,1,7,0,0,2,0,0,0,0,1,0,0,0,0,15,2,6,2026-09-20,data//AFLW_2026-09-20.csv,0,NA,0.6,0.6666666666666666,4,0.75,0.5714285714285714,NA,NA,1.1428571428571428,0,0,0,0,0.1111111111111111,CD_M20262640609,6,2026-09-20,Adelaide Crows,CD_R202626406
CD_I1005955,1,MEDIUM_FORWARD,"https://s.afl.com.au/staticfile/AFL Tenant/AFL/Players/ChampIDImages/AFLW/2026264/1005955.png?im=Scale,width=0.6,height=0.6",Justine,Mules-Robinson,CD_T9409,PORT,Port Adelaide,Power,6,75.09999999999997,2,0,0,0,2,0,0,0,2,0,0,2,9,48,4,3,0,0,1,0,0,0,1,2,0,0,0,0,1,0,0,7,4,1,2,60,1,9,0,0,1,0,3,0,2,1,0,2,1,0,8,1,6,2026-09-20,data//AFLW_2026-09-20.csv,NA,NA,0.25,0.4444444444444444,1,0.42857142857142855,0.5,NA,NA,3.5,0.2222222222222222,NA,0,0,0,CD_M20262640604,6,2026-09-19,Sydney Swans,CD_R202626406
CD_I1006997,20,MIDFIELDER,"https://s.afl.com.au/staticfile/AFL Tenant/AFL/Players/ChampIDImages/AFLW/2026264/1006997.png?im=Scale,width=0.6,height=0.6",Stephanie,Cain,CD_T9406,ESS,Essendon,Bombers,6,82,0,2,9,0,2,0,0,0,7,0,0,14,13,49,9,3,1,2,0,0,0,0,7,7,0,0,0,0,1,1,1,6,1,0,0,160,0,18,0,0,2,0,0,0,0,0,1,5,1,1,13,2,6,2026-09-20,data//AFLW_2026-09-20.csv,NA,NA,0.5384615384615384,0.6923076923076923,6,0.5,0.8571428571428571,NA,NA,0.8571428571428571,0.2777777777777778,1,0,0.75,0.1111111111111111,CD_M20262640607,6,2026-09-20,Gold Coast SUNS,CD_R202626406
CD_I1007006,11,MEDIUM_DEFENDER,"https://s.afl.com.au/staticfile/AFL Tenant/AFL/Players/ChampIDImages/AFLW/2026264/1007006.png?im=Scale,width=0.6,height=0.6",Jas,Grierson,CD_T9408,SYD,Sydney Swans,Swans,2,69.5,0,0,0,0,3,1,2,0,3,0,0,2,9,37,7,5,0,0,0,0,0,0,3,4,0,0,0,0,3,2,2,5,2,0,0,132,2,3,0,0,2,0,1,0,0,2,0,2,0,0,7,4,4,2026-09-20,data//AFLW_2026-09-20.csv,0.5,NA,0.42857142857142855,0.7777777777777778,2,1,0.5,NA,NA,1.25,0.6666666666666666,1,0,0,0.2222222222222222,CD_M20262640604,6,2026-09-19,Port Adelaide,CD_R202626406
CD_I1007011,8,MEDIUM_DEFENDER,"https://s.afl.com.au/staticfile/AFL Tenant/AFL/Players/ChampIDImages/AFLW/2026264/1007011.png?im=Scale,width=0.6,height=0.6",Sarah,Lampard,CD_T7386,MELB,Melbourne,Demons,6,91.70000000000005,0,0,0,0,0,0,0,0,3,0,0,3,11,35,6,5,0,0,0,0,0,0,3,4,0,0,1,0,6,2,2,7,2,0,0,157,1,4,0,0,0,0,1,0,0,0,0,0,0,0,7,2,4,2026-09-20,data//AFLW_2026-09-20.csv,NA,NA,0.42857142857142855,0.5454545454545454,1,0.7142857142857143,0.25,NA,NA,1.75,0,1,0,0,0.3333333333333333,CD_M20262640603,6,2026-09-19,Carlton,CD_R202626406
CD_I1007017,22,MIDFIELDER,"https://s.afl.com.au/staticfile/AFL Tenant/AFL/Players/ChampIDImages/AFLW/2026264/1007017.png?im=Scale,width=0.6,height=0.6",Tilly,Lucas-Rodd,CD_T7889,GWS,GWS GIANTS,GIANTS,6,97.59999999999991,0,0,0,0,1,0,0,0,4,0,0,5,20,77,14,8,0,0,2,0,0,0,1,7,0,0,0,0,1,4,4,13,2,0,1,262,0,13,0,0,2,0,3,0,0,0,1,4,1,1,16,4,12,2026-09-20,data//AFLW_2026-09-20.csv,NA,NA,0.25,0.7,6,0.6153846153846154,0.8571428571428571,NA,NA,1.8571428571428572,0.3076923076923077,1,0,0,0.2857142857142857,CD_M20262640606,6,2026-09-20,Richmond,CD_R202626406
CD_I1007027,18,MEDIUM_FORWARD,"https://s.afl.com.au/staticfile/AFL Tenant/AFL/Players/ChampIDImages/AFLW/2026264/1007027.png?im=Scale,width=0.6,height=0.6",Ruby,Schleicher,CD_T8097,COLL,Collingwood,Magpies,5,87,1,0,0,0,2,0,0,2,6,4,0,1,12,65,7,5,1,0,1,47.1,2,1,2,2,0,0,3,0,2,0,0,10,5,4,2,254,2,2,0,0,0,0,5,0,4,1,0,2,0,0,14,2,8,2026-09-20,data//AFLW_2026-09-20.csv,NA,0,0.42857142857142855,0.5833333333333334,2,0.5,1,NA,NA,5,1,NA,0,0,0,CD_M20262640602,6,2026-09-19,Geelong Cats,CD_R202626406
CD_I1007029,14,MEDIUM_DEFENDER,"https://s.afl.com.au/staticfile/AFL Tenant/AFL/Players/ChampIDImages/AFLW/2026264/1007029.png?im=Scale,width=0.6,height=0.6",Belinda,Smith,CD_T8787,WCE,West Coast Eagles,Eagles,6,90.20000000000005,0,0,0,0,2,0,1,1,8,0,0,10,17,71,12,6,0,0,0,0,0,0,7,8,0,0,1,0,10,1,1,9,4,0,0,226,0,13,0,0,1,0,0,0,0,0,0,4,0,0,15,3,7,2026-09-20,data//AFLW_2026-09-20.csv,0,NA,0.5333333333333333,0.7058823529411765,6,0.6666666666666666,0.75,NA,NA,1.125,0.3076923076923077,1,0,0,0.14285714285714285,CD_M20262640608,6,2026-09-20,St Kilda,CD_R202626406
CD_I1007130,20,MEDIUM_DEFENDER,"https://s.afl.com.au/staticfile/AFL Tenant/AFL/Players/ChampIDImages/AFLW/2026264/1007130.png?im=Scale,width=0.6,height=0.6",Shannon,Campbell,CD_T7887,BL,Brisbane Lions,Lions,6,99.20000000000005,0,0,0,0,2,1,3,1,3,2,0,7,9,40,4,3,1,0,0,20,0,0,2,1,0,0,1,0,3,3,2,8,2,0,0,173,0,11,0,0,3,0,0,0,0,0,0,2,1,0,5,3,2,2026-09-20,data//AFLW_2026-09-20.csv,0.3333333333333333,0,0.6,0.4444444444444444,1,0.375,1,NA,NA,8,0.18181818181818182,0.6666666666666666,0,0,0.3333333333333333,CD_M20262640609,6,2026-09-20,Adelaide Crows,CD_R202626406
CD_I1007141,27,KEY_FORWARD,"https://s.afl.com.au/staticfile/AFL Tenant/AFL/Players/ChampIDImages/AFLW/2026264/1007141.png?im=Scale,width=0.6,height=0.6",Gemma,Houghton,CD_T9409,PORT,Port Adelaide,Power,6,62.700000000000045,0,0,0,0,3,0,0,1,4,2,1,0,8,41,3,2,2,1,0,17.6,0,1,3,3,0,0,1,0,1,0,0,5,3,2,1,172,0,4,0,0,0,0,3,0,2,0,0,2,2,0,8,6,4,2026-09-20,data//AFLW_2026-09-20.csv,NA,0.5,0.5,0.375,1,0.4,0.3333333333333333,NA,NA,1.6666666666666667,0.5,NA,0,0,0,CD_M20262640604,6,2026-09-19,Sydney Swans,CD_R202626406
CD_I1007144,9,MEDIUM_FORWARD,"https://s.afl.com.au/staticfile/AFL Tenant/AFL/Players/ChampIDImages/AFLW/2026264/1007144.png?im=Scale,width=0.6,height=0.6",Gabby,O'Sullivan,CD_T7886,FRE,Fremantle,Freo,6,82.79999999999995,0,0,0,0,1,0,0,1,3,1,0,3,4,39,2,2,0,0,1,58.3,0,0,0,0,0,0,1,0,1,0,0,4,2,0,1,83,1,9,0,0,0,0,0,0,0,0,0,5,5,0,4,1,1,2026-09-20,data//AFLW_2026-09-20.csv,NA,0,0.75,0.5,0,0.5,NA,NA,NA,Inf,0.5555555555555556,NA,0,0,0,CD_M20262640605,6,2026-09-19,Western Bulldogs,CD_R202626406
CD_I1007152,21,KEY_DEFENDER,"https://s.afl.com.au/staticfile/AFL Tenant/AFL/Players/ChampIDImages/AFLW/2026264/1007152.png?im=Scale,width=0.6,height=0.6",Harriet,Cordner,CD_T8096,CARL,Carlton,Blues,6,99.79999999999995,0,0,0,0,1,1,1,0,7,0,0,5,18,77,12,8,0,0,1,0,0,0,5,7,0,0,2,0,11,2,2,11,3,0,0,404,1,7,0,0,5,0,1,0,0,0,0,5,0,0,15,3,8,2026-09-20,data//AFLW_2026-09-20.csv,1,NA,0.4666666666666667,0.6666666666666666,4,0.7272727272727273,0.5714285714285714,NA,NA,1.5714285714285714,0.7142857142857143,1,0,0,0.2,CD_M20262640603,6,2026-09-19,Melbourne,CD_R202626406
CD_I1007313,32,RUCK,"https://s.afl.com.au/staticfile/AFL Tenant/AFL/Players/ChampIDImages/AFLW/2026264/1007313.png?im=Scale,width=0.6,height=0.6",Jess,Allan,CD_T8098,ADEL,Adelaide Crows,Crows,6,80.59999999999997,0,0,12,1,2,0,0,0,6,0,0,7,9,56,4,2,0,0,1,50,0,0,5,3,23,6,0,0,2,0,0,6,0,0,0,111,1,11,0,0,1,47,0,0,0,1,1,2,0,2,9,5,3,2026-09-20,data//AFLW_2026-09-20.csv,NA,NA,0.6666666666666666,0.4444444444444444,2,0.3333333333333333,0.6666666666666666,0.48936170212765956,0.1276595744680851,2,0.18181818181818182,NA,0.6911764705882353,0.9230769230769231,0,CD_M20262640609,6,2026-09-20,Brisbane Lions,CD_R202626406
CD_I1007342,14,MEDIUM_FORWARD,"https://s.afl.com.au/staticfile/AFL Tenant/AFL/Players/ChampIDImages/AFLW/2026264/1007342.png?im=Scale,width=0.6,height=0.6",Chloe,Scheer,CD_T8467,GEEL,Geelong Cats,Cats,6,61.39999999999998,1,0,0,0,0,0,0,2,6,2,0,1,7,64,5,4,3,0,0,56.5,0,4,3,2,0,0,0,0,1,0,0,5,4,4,0,127,1,2,0,0,0,0,5,0,5,0,0,2,1,0,8,0,2,2026-09-20,data//AFLW_2026-09-20.csv,NA,0,0.75,0.7142857142857143,1,0.8,0.5,NA,NA,2.5,1,NA,0,0,0,CD_M20262640602,6,2026-09-19,Collingwood,CD_R202626406
CD_I1007360,2,MEDIUM_DEFENDER,"https://s.afl.com.au/staticfile/AFL Tenant/AFL/Players/ChampIDImages/AFLW/2026264/1007360.png?im=Scale,width=0.6,height=0.6",Ebony,O'Dea,CD_T9409,PORT,Port Adelaide,Power,6,84.59999999999997,0,0,0,0,1,0,0,0,5,0,0,6,10,50,5,5,0,1,1,0,0,0,4,0,0,0,2,0,4,3,3,10,2,0,0,255,1,9,0,0,4,0,1,0,0,1,0,4,0,0,8,6,3,2026-09-20,data//AFLW_2026-09-20.csv,NA,NA,0.625,0.5,0,0.5,NA,NA,NA,Inf,0.4444444444444444,1,0,0,0.2727272727272727,CD_M20262640604,6,2026-09-19,Sydney Swans,CD_R202626406
CD_I1009764,35,KEY_FORWARD,"https://s.afl.com.au/staticfile/AFL Tenant/AFL/Players/ChampIDImages/AFLW/2026264/1009764.png?im=Scale,width=0.6,height=0.6",Eden,Zanker,CD_T7886,FRE,Fremantle,Freo,6,67,0,0,2,0,2,0,0,1,4,2,1,1,6,29,0,0,2,1,0,37.5,0,0,3,1,0,0,1,0,1,0,0,5,1,0,0,92,0,8,0,0,0,11,0,0,1,0,0,3,3,0,5,5,1,2026-09-20,data//AFLW_2026-09-20.csv,NA,0.5,0.8,0,0,0,0,0,0,5,0.375,NA,0.1746031746031746,0.14285714285714285,0,CD_M20262640605,6,2026-09-19,Western Bulldogs,CD_R202626406
CD_I1009765,27,MEDIUM_DEFENDER,"https://s.afl.com.au/staticfile/AFL Tenant/AFL/Players/ChampIDImages/AFLW/2026264/1009765.png?im=Scale,width=0.6,height=0.6",Sophie,Van De Heuvel,CD_T9406,ESS,Essendon,Bombers,4,69.19999999999999,1,0,0,0,3,0,0,0,2,0,0,6,10,35,3,3,0,0,0,0,0,0,2,2,0,0,1,0,2,2,2,8,2,0,0,184,1,6,0,0,3,0,2,0,1,0,0,0,0,0,8,4,6,2026-09-20,data//AFLW_2026-09-20.csv,NA,NA,0.25,0.3,0,0.375,0,NA,NA,4,0,1,0,0,0.2222222222222222,CD_M20262640607,6,2026-09-20,Gold Coast SUNS,CD_R202626406
CD_I1009798,14,MEDIUM_FORWARD,"https://s.afl.com.au/staticfile/AFL Tenant/AFL/Players/ChampIDImages/AFLW/2026264/1009798.png?im=Scale,width=0.6,height=0.6",Mattea,Breed,CD_T8097,COLL,Collingwood,Magpies,4,62.10000000000002,0,0,16,2,3,0,0,0,9,0,0,7,12,39,10,0,1,2,0,33.3,0,0,9,11,0,0,0,0,3,0,0,1,0,0,0,65,0,11,0,0,1,0,4,0,0,0,1,5,0,3,13,1,4,2026-09-20,data//AFLW_2026-09-20.csv,NA,NA,0.6923076923076923,0.8333333333333334,10,0,0.9090909090909091,NA,NA,0.09090909090909091,0.45454545454545453,NA,0,0.64,0,CD_M20262640602,6,2026-09-19,Geelong Cats,CD_R202626406
CD_I1009799,3,MIDFIELDER,"https://s.afl.com.au/staticfile/AFL Tenant/AFL/Players/ChampIDImages/AFLW/2026264/1009799.png?im=Scale,width=0.6,height=0.6",Alyce,Parker,CD_T7889,GWS,GWS GIANTS,GIANTS,6,76.40000000000003,0,0,17,1,6,0,0,0,16,1,0,11,27,96,17,7,1,2,4,50,1,0,9,12,0,0,5,0,6,0,0,15,3,0,1,466,0,19,0,0,2,0,2,0,0,0,7,5,0,8,28,10,12,2026-09-20,data//AFLW_2026-09-20.csv,NA,0,0.5714285714285714,0.6296296296296297,10,0.4666666666666667,0.8333333333333334,NA,NA,1.25,0.2631578947368421,NA,0,0.7727272727272727,0,CD_M20262640606,6,2026-09-20,Richmond,CD_R202626406
CD_I1009803,30,KEY_DEFENDER,"https://s.afl.com.au/staticfile/AFL Tenant/AFL/Players/ChampIDImages/AFLW/2026264/1009803.png?im=Scale,width=0.6,height=0.6",Alexia,Hamilton,CD_T9408,SYD,Sydney Swans,Swans,5,94.19999999999999,0,0,0,0,3,1,1,0,5,0,0,8,16,58,7,6,1,0,0,0,0,0,5,3,0,0,0,0,7,1,1,13,3,0,0,286,5,10,0,0,4,0,2,0,0,5,0,1,0,0,12,7,7,2026-09-20,data//AFLW_2026-09-20.csv,1,NA,0.4166666666666667,0.4375,1,0.46153846153846156,0.3333333333333333,NA,NA,4.333333333333333,0.1,1,0,0,0.1111111111111111,CD_M20262640604,6,2026-09-19,Port Adelaide,CD_R202626406
CD_I1009822,17,MEDIUM_FORWARD,"https://s.afl.com.au/staticfile/AFL Tenant/AFL/Players/ChampIDImages/AFLW/2026264/1009822.png?im=Scale,width=0.6,height=0.6",Georgia,Garnett,CD_T7889,GWS,GWS GIANTS,GIANTS,6,76.59999999999997,0,0,0,0,0,0,0,0,1,0,0,0,7,50,6,4,1,0,0,100,0,3,1,2,0,0,2,0,0,0,0,5,3,1,1,116,0,9,0,0,0,0,3,0,3,0,0,1,0,0,7,1,6,2026-09-20,data//AFLW_2026-09-20.csv,NA,NA,0.14285714285714285,0.8571428571428571,2,0.8,1,NA,NA,2.5,0.1111111111111111,NA,0,0,0,CD_M20262640606,6,2026-09-20,Richmond,CD_R202626406
CD_I1009831,29,MEDIUM_DEFENDER,"https://s.afl.com.au/staticfile/AFL Tenant/AFL/Players/ChampIDImages/AFLW/2026264/1009831.png?im=Scale,width=0.6,height=0.6",Tarni,White,CD_T8097,COLL,Collingwood,Magpies,6,100.40000000000009,0,0,0,0,6,0,1,1,12,0,0,8,21,90,12,9,0,1,2,100,0,0,9,8,0,0,3,0,14,3,3,13,4,0,0,322,3,13,0,0,5,0,2,0,0,1,0,6,0,0,18,6,6,2026-09-20,data//AFLW_2026-09-20.csv,0,NA,0.6666666666666666,0.5714285714285714,3,0.6923076923076923,0.375,NA,NA,1.625,0.46153846153846156,1,0,0,0.5,CD_M20262640602,6,2026-09-19,Geelong Cats,CD_R202626406
CD_I1009833,17,MIDFIELDER,"https://s.afl.com.au/staticfile/AFL Tenant/AFL/Players/ChampIDImages/AFLW/2026264/1009833.png?im=Scale,width=0.6,height=0.6",Isabel,Dawes,CD_T7887,BL,Brisbane Lions,Lions,6,88,0,2,13,0,5,0,0,0,11,0,0,5,25,73,15,6,2,2,0,16.7,0,0,9,13,0,0,2,0,5,0,0,12,3,1,0,378,1,11,0,0,2,0,0,0,0,1,3,2,0,3,26,5,15,2026-09-20,data//AFLW_2026-09-20.csv,NA,NA,0.4230769230769231,0.6,9,0.5,0.6923076923076923,NA,NA,0.9230769230769231,0.18181818181818182,NA,0,1,0,CD_M20262640609,6,2026-09-20,Adelaide Crows,CD_R202626406
CD_I1009836,10,MEDIUM_DEFENDER,"https://s.afl.com.au/staticfile/AFL Tenant/AFL/Players/ChampIDImages/AFLW/2026264/1009836.png?im=Scale,width=0.6,height=0.6",Natalie,Grider,CD_T7887,BL,Brisbane Lions,Lions,6,90.59999999999991,0,2,0,0,1,0,0,0,7,0,0,22,19,82,13,5,0,0,0,0,0,0,6,9,0,0,3,0,9,0,0,10,2,0,0,246,2,23,0,0,2,0,0,0,0,2,1,7,0,1,18,1,11,2026-09-20,data//AFLW_2026-09-20.csv,NA,NA,0.3888888888888889,0.6842105263157895,8,0.5,0.8888888888888888,NA,NA,1.1111111111111112,0.30434782608695654,NA,0,0,0,CD_M20262640609,6,2026-09-20,Adelaide Crows,CD_R202626406
CD_I1009838,30,KEY_FORWARD,"https://s.afl.com.au/staticfile/AFL Tenant/AFL/Players/ChampIDImages/AFLW/2026264/1009838.png?im=Scale,width=0.6,height=0.6",Jesse,Tawhiao-Wardlaw,CD_T8796,STK,St Kilda,St Kilda,6,94,0,0,0,0,3,0,0,1,5,1,0,2,7,35,2,1,1,0,2,18.2,0,0,2,2,0,0,1,0,0,0,0,5,2,0,1,111,0,3,0,0,1,0,1,0,0,0,0,2,0,0,7,3,2,2026-09-20,data//AFLW_2026-09-20.csv,NA,0,0.7142857142857143,0.2857142857142857,1,0.2,0.5,NA,NA,2.5,0.6666666666666666,NA,0,0,0,CD_M20262640608,6,2026-09-20,West Coast Eagles,CD_R202626406
CD_I1009844,2,RUCK,"https://s.afl.com.au/staticfile/AFL Tenant/AFL/Players/ChampIDImages/AFLW/2026264/1009844.png?im=Scale,width=0.6,height=0.6",Tahlia,Hickie,CD_T7887,BL,Brisbane Lions,Lions,6,76.20000000000005,0,0,9,0,7,0,0,1,9,0,0,3,14,65,7,0,1,2,1,0,0,0,3,10,21,4,0,0,3,0,0,4,3,0,0,145,1,6,0,0,2,46,2,0,0,0,2,2,0,2,16,2,7,2026-09-20,data//AFLW_2026-09-20.csv,NA,NA,0.5625,0.5,7,0,0.7,0.45652173913043476,0.08695652173913043,0.4,0.3333333333333333,NA,0.6764705882352942,0.6923076923076923,0,CD_M20262640609,6,2026-09-20,Adelaide Crows,CD_R202626406
CD_I1009847,12,MIDFIELDER,"https://s.afl.com.au/staticfile/AFL Tenant/AFL/Players/ChampIDImages/AFLW/2026264/1009847.png?im=Scale,width=0.6,height=0.6",Sophie,Conway,CD_T7887,BL,Brisbane Lions,Lions,6,87.70000000000005,0,1,6,0,4,0,0,0,6,0,0,9,11,56,8,5,0,3,1,37.5,0,0,6,3,0,0,4,0,3,0,0,8,2,0,1,297,0,14,0,0,2,0,2,0,0,0,0,7,0,0,13,4,7,2026-09-20,data//AFLW_2026-09-20.csv,NA,NA,0.46153846153846156,0.7272727272727273,3,0.625,1,NA,NA,2.6666666666666665,0.5,NA,0,0.46153846153846156,0,CD_M20262640609,6,2026-09-20,Adelaide Crows,CD_R202626406
CD_I1009853,5,MIDFIELDER,"https://s.afl.com.au/staticfile/AFL Tenant/AFL/Players/ChampIDImages/AFLW/2026264/1009853.png?im=Scale,width=0.6,height=0.6",Tyla,Hanks,CD_T7386,MELB,Melbourne,Demons,6,90,0,0,10,1,3,0,0,0,19,0,0,3,33,122,20,7,6,0,4,80,2,1,13,19,0,0,5,0,5,0,0,14,0,0,0,340,0,17,0,0,2,0,8,0,1,0,3,8,1,4,32,5,13,2026-09-20,data//AFLW_2026-09-20.csv,NA,NA,0.59375,0.6060606060606061,13,0.5,0.6842105263157895,NA,NA,0.7368421052631579,0.47058823529411764,NA,0,0.6666666666666666,0,CD_M20262640603,6,2026-09-19,Carlton,CD_R202626406
CD_I1009855,5,MEDIUM_FORWARD,"https://s.afl.com.au/staticfile/AFL Tenant/AFL/Players/ChampIDImages/AFLW/2026264/1009855.png?im=Scale,width=0.6,height=0.6",Darcy,Guttridge,CD_T8796,STK,St Kilda,St Kilda,5,72.89999999999998,0,0,0,0,0,0,0,0,2,2,0,2,5,20,4,2,2,0,0,25,1,0,2,3,0,0,0,0,0,0,0,2,0,0,0,-18,1,8,0,0,0,0,2,0,0,1,0,2,0,0,4,0,2,2026-09-20,data//AFLW_2026-09-20.csv,NA,0,0.5,0.8,2,1,0.6666666666666666,NA,NA,0.6666666666666666,0.25,NA,0,0,0,CD_M20262640608,6,2026-09-20,West Coast Eagles,CD_R202626406
CD_I1009856,3,MEDIUM_FORWARD,"https://s.afl.com.au/staticfile/AFL Tenant/AFL/Players/ChampIDImages/AFLW/2026264/1009856.png?im=Scale,width=0.6,height=0.6",Grace,Egan,CD_T8098,ADEL,Adelaide Crows,Crows,6,77.29999999999995,0,0,8,0,4,0,0,0,17,0,0,4,27,93,11,5,6,1,0,40,0,0,15,11,0,0,4,0,4,0,0,16,2,0,1,269,0,13,0,0,0,0,2,0,0,0,4,5,3,4,26,7,9,2026-09-20,data//AFLW_2026-09-20.csv,NA,NA,0.6538461538461539,0.4074074074074074,6,0.3125,0.5454545454545454,NA,NA,1.4545454545454546,0.38461538461538464,NA,0,0.6153846153846154,0,CD_M20262640609,6,2026-09-20,Brisbane Lions,CD_R202626406
CD_I1009857,17,MEDIUM_DEFENDER,"https://s.afl.com.au/staticfile/AFL Tenant/AFL/Players/ChampIDImages/AFLW/2026264/1009857.png?im=Scale,width=0.6,height=0.6",Georgia,Clarke,CD_T9406,ESS,Essendon,Bombers,5,82.5,0,1,0,0,0,1,1,0,0,0,0,8,11,45,9,6,0,0,1,0,0,0,0,3,0,0,1,0,2,4,4,8,2,0,0,200,2,8,0,0,7,0,0,0,0,1,0,2,0,0,7,2,7,2026-09-20,data//AFLW_2026-09-20.csv,1,NA,0,0.8181818181818182,3,0.75,1,NA,NA,2.6666666666666665,0.25,1,0,0,0.4444444444444444,CD_M20262640607,6,2026-09-20,Gold Coast SUNS,CD_R202626406
CD_I1009860,21,MEDIUM_DEFENDER,"https://s.afl.com.au/staticfile/AFL Tenant/AFL/Players/ChampIDImages/AFLW/2026264/1009860.png?im=Scale,width=0.6,height=0.6",Rebecca,Webster,CD_T8467,GEEL,Geelong Cats,Cats,6,82.90000000000009,0,0,0,1,3,0,0,0,3,0,0,7,15,70,10,5,0,1,2,0,3,0,1,5,0,0,4,0,1,1,1,10,5,0,0,287,0,12,0,0,1,0,5,0,0,0,1,4,2,2,14,1,11,2026-09-20,data//AFLW_2026-09-20.csv,NA,NA,0.21428571428571427,0.6666666666666666,5,0.5,1,NA,NA,2,0.3333333333333333,1,0,0,0.16666666666666666,CD_M20262640602,6,2026-09-19,Collingwood,CD_R202626406
CD_I1009861,2,MIDFIELDER,"https://s.afl.com.au/staticfile/AFL Tenant/AFL/Players/ChampIDImages/AFLW/2026264/1009861.png?im=Scale,width=0.6,height=0.6",Olivia,Purcell,CD_T7386,MELB,Melbourne,Demons,6,82.40000000000003,0,0,14,1,2,0,0,0,15,0,0,4,26,109,21,7,1,1,2,100,0,2,12,16,0,0,4,0,5,0,0,10,4,0,1,266,0,13,0,0,3,0,5,0,2,0,3,6,1,4,27,4,12,2026-09-20,data//AFLW_2026-09-20.csv,NA,NA,0.5555555555555556,0.8076923076923077,14,0.7,0.875,NA,NA,0.625,0.46153846153846156,NA,0,0.9333333333333333,0,CD_M20262640603,6,2026-09-19,Carlton,CD_R202626406
CD_I1009863,9,MIDFIELDER,"https://s.afl.com.au/staticfile/AFL Tenant/AFL/Players/ChampIDImages/AFLW/2026264/1009863.png?im=Scale,width=0.6,height=0.6",Nina,Morrison,CD_T8467,GEEL,Geelong Cats,Cats,6,83.70000000000005,0,0,20,4,1,0,0,0,21,0,0,17,30,120,20,8,0,0,2,80,0,0,17,17,0,0,8,0,10,0,0,13,3,0,0,339,1,28,0,0,2,0,6,0,0,0,2,9,1,6,32,4,11,2026-09-20,data//AFLW_2026-09-20.csv,NA,NA,0.65625,0.6666666666666666,12,0.6153846153846154,0.7058823529411765,NA,NA,0.7647058823529411,0.32142857142857145,NA,0,0.8,0,CD_M20262640602,6,2026-09-19,Collingwood,CD_R202626406
CD_I1009865,9,MIDFIELDER,"https://s.afl.com.au/staticfile/AFL Tenant/AFL/Players/ChampIDImages/AFLW/2026264/1009865.png?im=Scale,width=0.6,height=0.6",Lucy,McEvoy,CD_T9408,SYD,Sydney Swans,Swans,6,87.09999999999997,2,0,3,0,3,0,0,0,6,0,0,2,17,66,7,6,1,1,0,0,0,0,5,5,0,0,1,0,4,5,5,12,3,0,0,409,2,6,0,0,8,0,3,0,2,2,0,3,2,0,12,5,6,2026-09-20,data//AFLW_2026-09-20.csv,NA,NA,0.5,0.4117647058823529,1,0.5,0.2,NA,NA,2.4,0.5,1,0,0.2727272727272727,0.5555555555555556,CD_M20262640604,6,2026-09-19,Port Adelaide,CD_R202626406
CD_I1009866,19,RUCK,"https://s.afl.com.au/staticfile/AFL Tenant/AFL/Players/ChampIDImages/AFLW/2026264/1009866.png?im=Scale,width=0.6,height=0.6",Rene,Caris,CD_T8796,STK,St Kilda,St Kilda,3,58.5,0,0,8,2,2,0,0,0,3,0,0,2,9,49,5,2,0,1,2,0,0,0,1,6,10,2,1,0,2,0,0,3,1,0,0,79,2,8,0,0,1,30,3,0,0,2,1,4,0,3,9,1,6,2026-09-20,data//AFLW_2026-09-20.csv,NA,NA,0.3333333333333333,0.5555555555555556,3,0.6666666666666666,0.5,0.3333333333333333,0.06666666666666667,0.5,0.5,NA,0.625,0.6666666666666666,0,CD_M20262640608,6,2026-09-20,West Coast Eagles,CD_R202626406
CD_I1009867,21,MIDFIELDER,"https://s.afl.com.au/staticfile/AFL Tenant/AFL/Players/ChampIDImages/AFLW/2026264/1009867.png?im=Scale,width=0.6,height=0.6",Georgia,Patrikios,CD_T8796,STK,St Kilda,St Kilda,6,74.90000000000003,0,0,0,0,1,0,0,0,4,0,0,4,14,46,11,1,0,0,0,0,0,0,4,10,0,0,2,0,2,0,0,4,2,1,1,165,0,8,0,0,0,0,2,0,1,0,1,2,1,1,15,3,11,2026-09-20,data//AFLW_2026-09-20.csv,NA,NA,0.26666666666666666,0.7857142857142857,10,0.25,1,NA,NA,0.4,0.25,NA,0,0,0,CD_M20262640608,6,2026-09-20,West Coast Eagles,CD_R202626406
CD_I1009868,5,MIDFIELDER,"https://s.afl.com.au/staticfile/AFL Tenant/AFL/Players/ChampIDImages/AFLW/2026264/1009868.png?im=Scale,width=0.6,height=0.6",Maddy,Brancatisano,CD_T8786,GCFC,Gold Coast SUNS,SUNS,5,84.60000000000002,0,0,9,1,5,0,0,0,9,0,0,4,17,44,13,2,1,4,0,50,0,0,7,13,0,0,2,0,5,0,0,4,2,0,0,182,1,15,0,0,1,0,5,0,0,0,2,3,1,3,20,2,11,2026-09-20,data//AFLW_2026-09-20.csv,NA,NA,0.45,0.7647058823529411,11,0.5,0.8461538461538461,NA,NA,0.3076923076923077,0.2,NA,0,0.75,0,CD_M20262640607,6,2026-09-20,Essendon,CD_R202626406
CD_I1009882,1,MIDFIELDER,"https://s.afl.com.au/staticfile/AFL Tenant/AFL/Players/ChampIDImages/AFLW/2026264/1009882.png?im=Scale,width=0.6,height=0.6",Gabrielle,Newton,CD_T7886,FRE,Fremantle,Freo,6,90.09999999999991,0,0,13,2,7,0,0,1,15,0,0,12,24,91,13,5,0,1,3,25,0,0,10,11,0,0,1,0,8,0,0,13,2,0,0,268,1,18,0,0,2,0,1,0,0,0,1,6,0,3,25,6,10,2026-09-20,data//AFLW_2026-09-20.csv,NA,NA,0.6,0.5416666666666666,8,0.38461538461538464,0.7272727272727273,NA,NA,1.1818181818181819,0.3333333333333333,NA,0,0.9285714285714286,0,CD_M20262640605,6,2026-09-19,Western Bulldogs,CD_R202626406
CD_I1009885,4,MIDFIELDER,"https://s.afl.com.au/staticfile/AFL Tenant/AFL/Players/ChampIDImages/AFLW/2026264/1009885.png?im=Scale,width=0.6,height=0.6",Madison,Prespakis,CD_T9406,ESS,Essendon,Bombers,6,90.79999999999995,1,1,11,0,4,0,0,0,12,0,0,9,38,127,21,10,1,0,0,50,0,0,10,16,0,0,5,0,4,2,2,22,4,0,0,508,0,15,0,0,5,0,2,0,1,0,5,4,0,5,33,8,21,2026-09-20,data//AFLW_2026-09-20.csv,NA,NA,0.36363636363636365,0.5526315789473685,11,0.45454545454545453,0.6875,NA,NA,1.375,0.26666666666666666,1,0,0.9166666666666666,0.2222222222222222,CD_M20262640607,6,2026-09-20,Gold Coast SUNS,CD_R202626406
CD_I1009906,1,MIDFIELDER,"https://s.afl.com.au/staticfile/AFL Tenant/AFL/Players/ChampIDImages/AFLW/2026264/1009906.png?im=Scale,width=0.6,height=0.6",Mikayla,Bowen,CD_T8467,GEEL,Geelong Cats,Cats,6,84.40000000000003,0,1,19,1,6,0,0,0,10,0,0,12,29,99,17,7,1,1,3,33.3,2,0,5,14,0,0,6,0,2,0,0,15,2,0,0,396,0,27,0,0,4,0,9,0,1,0,1,5,1,2,28,4,18,2026-09-20,data//AFLW_2026-09-20.csv,NA,NA,0.35714285714285715,0.5862068965517241,10,0.4666666666666667,0.7142857142857143,NA,NA,1.0714285714285714,0.18518518518518517,NA,0,0.76,0,CD_M20262640602,6,2026-09-19,Collingwood,CD_R202626406
CD_I1009962,21,MEDIUM_DEFENDER,"https://s.afl.com.au/staticfile/AFL Tenant/AFL/Players/ChampIDImages/AFLW/2026264/1009962.png?im=Scale,width=0.6,height=0.6",Poppy,Boltz,CD_T7889,GWS,GWS GIANTS,GIANTS,6,94.79999999999995,0,0,0,0,4,2,4,0,2,0,0,8,7,26,4,2,0,4,0,0,0,0,2,4,0,0,0,0,3,0,0,3,3,0,0,102,8,8,0,0,2,0,1,0,0,6,0,3,0,0,7,1,5,2026-09-20,data//AFLW_2026-09-20.csv,0.5,NA,0.2857142857142857,0.5714285714285714,2,0.6666666666666666,0.5,NA,NA,0.75,0.375,NA,0,0,0,CD_M20262640606,6,2026-09-20,Richmond,CD_R202626406
CD_I1009963,2,RUCK,"https://s.afl.com.au/staticfile/AFL Tenant/AFL/Players/ChampIDImages/AFLW/2026264/1009963.png?im=Scale,width=0.6,height=0.6",Lauren,Bella,CD_T8096,CARL,Carlton,Blues,1,52.9,0,0,6,0,0,0,0,0,3,2,0,7,5,44,1,0,0,0,1,0,0,0,2,3,8,2,0,0,1,0,0,2,1,0,0,45,2,7,0,0,1,22,0,0,0,2,0,5,0,0,5,2,2,2026-09-20,data//AFLW_2026-09-20.csv,NA,0,0.6,0.2,1,0,0.3333333333333333,0.36363636363636365,0.09090909090909091,0.6666666666666666,0.7142857142857143,NA,0.46808510638297873,0.4,0,CD_M20262640603,6,2026-09-19,Melbourne,CD_R202626406
CD_I1009980,10,MEDIUM_FORWARD,"https://s.afl.com.au/staticfile/AFL Tenant/AFL/Players/ChampIDImages/AFLW/2026264/1009980.png?im=Scale,width=0.6,height=0.6",Kate,Hore,CD_T7386,MELB,Melbourne,Demons,6,83.09999999999991,1,0,11,2,2,0,0,0,11,0,0,3,25,95,16,8,2,0,2,26.7,0,0,8,10,0,0,1,0,1,0,0,15,5,1,2,310,2,10,0,0,3,0,4,0,1,0,6,3,0,8,24,2,13,2026-09-20,data//AFLW_2026-09-20.csv,NA,NA,0.4583333333333333,0.64,8,0.5333333333333333,0.8,NA,NA,1.5,0.3,NA,0,0.7333333333333333,0,CD_M20262640603,6,2026-09-19,Carlton,CD_R202626406
CD_I1010097,31,MIDFIELDER,"https://s.afl.com.au/staticfile/AFL Tenant/AFL/Players/ChampIDImages/AFLW/2026264/1010097.png?im=Scale,width=0.6,height=0.6",Isabella,Shannon,CD_T8787,WCE,West Coast Eagles,Eagles,5,90.6,0,0,0,0,3,0,1,1,11,1,0,6,14,47,10,6,1,1,3,33.3,0,0,8,6,0,0,1,0,6,0,0,8,1,0,0,171,1,13,0,0,2,0,2,0,0,0,0,2,0,0,14,3,3,2026-09-20,data//AFLW_2026-09-20.csv,0,0,0.7857142857142857,0.7142857142857143,4,0.75,0.6666666666666666,NA,NA,1.3333333333333333,0.15384615384615385,NA,0,0,0,CD_M20262640608,6,2026-09-20,St Kilda,CD_R202626406
CD_I1010102,35,MEDIUM_FORWARD,"https://s.afl.com.au/staticfile/AFL Tenant/AFL/Players/ChampIDImages/AFLW/2026264/1010102.png?im=Scale,width=0.6,height=0.6",Nell,Morris-Dalton,CD_T8096,CARL,Carlton,Blues,6,58.700000000000045,1,0,0,0,0,0,0,0,0,0,0,3,2,18,0,0,0,0,0,66.7,0,0,0,0,0,0,0,0,0,0,0,2,1,0,0,36,2,8,0,0,0,0,1,0,1,1,0,2,0,0,2,1,2,2026-09-20,data//AFLW_2026-09-20.csv,NA,NA,0,0,0,0,NA,NA,NA,Inf,0.25,NA,0,0,0,CD_M20262640603,6,2026-09-19,Melbourne,CD_R202626406
CD_I1010103,3,MEDIUM_DEFENDER,"https://s.afl.com.au/staticfile/AFL Tenant/AFL/Players/ChampIDImages/AFLW/2026264/1010103.png?im=Scale,width=0.6,height=0.6",Isabella,Grant,CD_T7387,WB,Western Bulldogs,Bulldogs,6,59.799999999999955,0,0,0,0,1,0,1,0,4,0,0,2,7,29,6,3,0,0,0,0,1,0,4,3,0,0,1,0,5,0,0,4,1,0,0,108,5,5,0,0,1,0,1,0,0,4,0,2,0,0,6,1,2,2026-09-20,data//AFLW_2026-09-20.csv,0,NA,0.6666666666666666,0.8571428571428571,3,0.75,1,NA,NA,1.3333333333333333,0.4,NA,0,0,0,CD_M20262640605,6,2026-09-19,Fremantle,CD_R202626406
CD_I1010257,9,KEY_DEFENDER,"https://s.afl.com.au/staticfile/AFL Tenant/AFL/Players/ChampIDImages/AFLW/2026264/1010257.png?im=Scale,width=0.6,height=0.6",Clara,Fitzpatrick,CD_T8786,GCFC,Gold Coast SUNS,SUNS,6,99.29999999999995,0,0,0,0,0,0,0,0,5,0,0,5,7,40,6,2,0,0,1,0,0,0,4,5,0,0,0,0,5,1,1,2,1,0,0,26,1,12,0,0,2,0,1,0,0,1,0,5,0,0,6,2,1,2026-09-20,data//AFLW_2026-09-20.csv,NA,NA,0.8333333333333334,0.8571428571428571,4,1,0.8,NA,NA,0.4,0.4166666666666667,1,0,0,0.25,CD_M20262640607,6,2026-09-20,Essendon,CD_R202626406
CD_I1010263,5,MEDIUM_FORWARD,"https://s.afl.com.au/staticfile/AFL Tenant/AFL/Players/ChampIDImages/AFLW/2026264/1010263.png?im=Scale,width=0.6,height=0.6",Chloe,Molloy,CD_T9408,SYD,Sydney Swans,Swans,6,99.70000000000005,1,0,4,0,3,0,1,1,8,3,1,1,15,66,10,5,2,2,1,48.1,1,3,5,7,0,0,1,0,5,0,0,8,2,0,1,173,2,6,0,0,1,0,8,0,4,1,0,2,1,0,16,5,8,2026-09-20,data//AFLW_2026-09-20.csv,0,0.3333333333333333,0.5,0.6666666666666666,5,0.625,0.7142857142857143,NA,NA,1.1428571428571428,0.3333333333333333,NA,0,0.36363636363636365,0,CD_M20262640604,6,2026-09-19,Port Adelaide,CD_R202626406
CD_I1010264,25,MEDIUM_DEFENDER,"https://s.afl.com.au/staticfile/AFL Tenant/AFL/Players/ChampIDImages/AFLW/2026264/1010264.png?im=Scale,width=0.6,height=0.6",Alexandra,Morcom,CD_T9406,ESS,Essendon,Bombers,6,90,0,0,0,0,4,0,1,0,5,0,0,4,9,31,3,3,0,0,0,0,0,0,5,2,0,0,3,0,6,0,0,7,2,0,0,158,1,8,0,0,1,0,2,0,0,1,0,0,0,0,8,3,3,2026-09-20,data//AFLW_2026-09-20.csv,0,NA,0.625,0.3333333333333333,0,0.42857142857142855,0,NA,NA,3.5,0,NA,0,0,0,CD_M20262640607,6,2026-09-20,Gold Coast SUNS,CD_R202626406
CD_I1010265,7,MIDFIELDER,"https://s.afl.com.au/staticfile/AFL Tenant/AFL/Players/ChampIDImages/AFLW/2026264/1010265.png?im=Scale,width=0.6,height=0.6",Ash,Riddell,CD_T8466,NMFC,North Melbourne,Kangaroos,6,82.20000000000005,0,0,10,1,2,0,0,0,9,0,0,6,26,101,19,11,0,0,2,50,0,1,6,11,0,0,3,0,8,0,0,15,2,0,0,370,0,13,0,0,1,0,3,0,1,0,1,5,1,2,24,5,15,2026-09-20,data//AFLW_2026-09-20.csv,NA,NA,0.375,0.7307692307692307,8,0.7333333333333333,0.7272727272727273,NA,NA,1.3636363636363635,0.38461538461538464,NA,0,0.9090909090909091,0,CD_M20262640601,6,2026-09-18,Hawthorn,CD_R202626406
CD_I1010279,12,MIDFIELDER,"https://s.afl.com.au/staticfile/AFL Tenant/AFL/Players/ChampIDImages/AFLW/2026264/1010279.png?im=Scale,width=0.6,height=0.6",Bess,Keaney,CD_T9406,ESS,Essendon,Bombers,2,47.3,0,0,0,0,3,0,1,0,2,0,0,2,5,18,2,2,0,1,0,0,0,0,2,0,0,0,0,0,2,0,0,5,2,0,0,77,1,2,0,0,1,0,0,0,0,1,0,0,0,0,4,2,2,2026-09-20,data//AFLW_2026-09-20.csv,0,NA,0.5,0.4,0,0.4,NA,NA,NA,Inf,0,NA,0,0,0,CD_M20262640607,6,2026-09-20,Gold Coast SUNS,CD_R202626406
CD_I1010662,4,MIDFIELDER,"https://s.afl.com.au/staticfile/AFL Tenant/AFL/Players/ChampIDImages/AFLW/2026264/1010662.png?im=Scale,width=0.6,height=0.6",Claudia,Whitfort,CD_T8096,CARL,Carlton,Blues,6,75.40000000000003,0,0,13,4,6,0,0,0,22,0,0,16,24,89,16,7,0,5,5,50,0,0,16,13,0,0,5,0,8,0,0,11,0,0,0,346,2,23,0,0,4,0,5,0,0,0,2,10,1,6,26,8,4,2026-09-20,data//AFLW_2026-09-20.csv,NA,NA,0.8461538461538461,0.6666666666666666,9,0.6363636363636364,0.6923076923076923,NA,NA,0.8461538461538461,0.43478260869565216,NA,0,0.8666666666666667,0,CD_M20262640603,6,2026-09-19,Melbourne,CD_R202626406
CD_I1010663,24,MEDIUM_DEFENDER,"https://s.afl.com.au/staticfile/AFL Tenant/AFL/Players/ChampIDImages/AFLW/2026264/1010663.png?im=Scale,width=0.6,height=0.6",Ashleigh,Brazill,CD_T7886,FRE,Fremantle,Freo,5,90.89999999999998,1,2,0,0,7,1,4,0,5,0,0,11,17,61,6,2,0,2,0,0,0,0,5,8,0,0,2,0,4,0,0,9,5,1,0,271,3,17,0,0,1,0,1,0,1,1,1,2,0,1,18,8,13,2026-09-20,data//AFLW_2026-09-20.csv,0.25,NA,0.2777777777777778,0.35294117647058826,4,0.2222222222222222,0.5,NA,NA,1.125,0.11764705882352941,NA,0,0,0,CD_M20262640605,6,2026-09-19,Western Bulldogs,CD_R202626406
CD_I1010677,26,RUCK,"https://s.afl.com.au/staticfile/AFL Tenant/AFL/Players/ChampIDImages/AFLW/2026264/1010677.png?im=Scale,width=0.6,height=0.6",Kim,Rennie,CD_T8466,NMFC,North Melbourne,Kangaroos,6,69.20000000000005,0,0,9,0,3,1,1,0,9,0,0,5,17,79,13,6,0,1,0,0,0,0,8,11,11,2,2,0,5,0,0,6,5,0,0,135,4,7,0,0,0,28,2,0,0,4,2,4,0,2,16,4,7,2026-09-20,data//AFLW_2026-09-20.csv,1,NA,0.5625,0.7647058823529411,7,1,0.6363636363636364,0.39285714285714285,0.07142857142857142,0.5454545454545454,0.5714285714285714,NA,0.6086956521739131,0.8181818181818182,0,CD_M20262640601,6,2026-09-18,Hawthorn,CD_R202626406
CD_I1010686,11,MEDIUM_DEFENDER,"https://s.afl.com.au/staticfile/AFL Tenant/AFL/Players/ChampIDImages/AFLW/2026264/1010686.png?im=Scale,width=0.6,height=0.6",Elle,Bennetts,CD_T7387,WB,Western Bulldogs,Bulldogs,6,88.09999999999991,0,0,0,0,6,0,0,0,1,0,0,6,10,46,4,2,0,0,0,100,0,1,1,3,0,0,1,0,3,0,0,7,3,1,0,141,1,8,0,0,3,0,2,0,1,1,0,1,0,0,9,4,8,2026-09-20,data//AFLW_2026-09-20.csv,NA,NA,0.1111111111111111,0.4,2,0.2857142857142857,0.6666666666666666,NA,NA,2.3333333333333335,0.125,NA,0,0,0,CD_M20262640605,6,2026-09-19,Fremantle,CD_R202626406
CD_I1010690,8,KEY_FORWARD,"https://s.afl.com.au/staticfile/AFL Tenant/AFL/Players/ChampIDImages/AFLW/2026264/1010690.png?im=Scale,width=0.6,height=0.6",Bonnie,Toogood,CD_T9406,ESS,Essendon,Bombers,6,87.59999999999991,0,0,1,0,3,0,0,1,4,0,0,3,16,53,9,2,0,0,0,46.2,0,0,3,11,0,0,0,0,3,0,0,5,4,2,0,166,0,7,0,0,1,0,0,0,1,0,0,1,1,0,15,7,11,2026-09-20,data//AFLW_2026-09-20.csv,NA,NA,0.26666666666666666,0.5625,7,0.4,0.6363636363636364,NA,NA,0.45454545454545453,0.14285714285714285,NA,0,0.08333333333333333,0,CD_M20262640607,6,2026-09-20,Gold Coast SUNS,CD_R202626406
CD_I1011057,25,MIDFIELDER,"https://s.afl.com.au/staticfile/AFL Tenant/AFL/Players/ChampIDImages/AFLW/2026264/1011057.png?im=Scale,width=0.6,height=0.6",Teah,Charlton,CD_T8098,ADEL,Adelaide Crows,Crows,6,77.29999999999995,0,1,7,0,4,0,0,0,16,0,0,6,19,111,8,4,3,0,2,50,0,1,12,6,0,0,2,0,6,0,0,13,0,0,0,349,2,22,0,0,3,0,1,0,1,0,8,13,4,8,20,9,4,2026-09-20,data//AFLW_2026-09-20.csv,NA,NA,0.8,0.42105263157894735,4,0.3076923076923077,0.6666666666666666,NA,NA,2.1666666666666665,0.5909090909090909,NA,0,0.5384615384615384,0,CD_M20262640609,6,2026-09-20,Brisbane Lions,CD_R202626406
CD_I1011062,28,MEDIUM_DEFENDER,"https://s.afl.com.au/staticfile/AFL Tenant/AFL/Players/ChampIDImages/AFLW/2026264/1011062.png?im=Scale,width=0.6,height=0.6",Cheyenne,Hammond,CD_T9409,PORT,Port Adelaide,Power,6,79.90000000000003,0,0,0,0,4,0,0,0,7,0,0,4,13,37,6,2,1,0,0,0,0,0,7,6,0,0,0,0,6,0,0,7,0,0,0,132,0,6,0,0,2,0,0,0,0,0,0,1,0,0,13,4,6,2026-09-20,data//AFLW_2026-09-20.csv,NA,NA,0.5384615384615384,0.46153846153846156,4,0.2857142857142857,0.6666666666666666,NA,NA,1.1666666666666667,0.16666666666666666,NA,0,0,0,CD_M20262640604,6,2026-09-19,Sydney Swans,CD_R202626406
CD_I1011069,6,MEDIUM_FORWARD,"https://s.afl.com.au/staticfile/AFL Tenant/AFL/Players/ChampIDImages/AFLW/2026264/1011069.png?im=Scale,width=0.6,height=0.6",Hannah,Munyard,CD_T8098,ADEL,Adelaide Crows,Crows,6,73.59999999999997,0,0,0,0,3,0,0,0,6,0,0,2,12,49,5,4,2,2,1,50,0,1,5,2,0,0,4,0,1,0,0,10,2,1,2,165,0,15,0,0,0,0,3,0,1,0,0,2,2,0,11,6,5,2026-09-20,data//AFLW_2026-09-20.csv,NA,NA,0.5454545454545454,0.4166666666666667,1,0.4,0.5,NA,NA,5,0.13333333333333333,NA,0,0,0,CD_M20262640609,6,2026-09-20,Brisbane Lions,CD_R202626406
CD_I1011080,12,KEY_DEFENDER,"https://s.afl.com.au/staticfile/AFL Tenant/AFL/Players/ChampIDImages/AFLW/2026264/1011080.png?im=Scale,width=0.6,height=0.6",Chelsea,Biddell,CD_T8098,ADEL,Adelaide Crows,Crows,6,91.40000000000009,0,0,0,0,1,0,0,0,4,0,0,8,11,47,8,6,0,1,1,0,0,0,3,2,0,0,1,0,7,4,3,9,2,0,0,257,2,8,0,0,7,0,0,0,0,1,0,3,0,0,9,2,5,2026-09-20,data//AFLW_2026-09-20.csv,NA,NA,0.4444444444444444,0.7272727272727273,2,0.6666666666666666,1,NA,NA,4.5,0.375,0.75,0,0,0.6666666666666666,CD_M20262640609,6,2026-09-20,Brisbane Lions,CD_R202626406
CD_I1011095,17,MIDFIELDER,"https://s.afl.com.au/staticfile/AFL Tenant/AFL/Players/ChampIDImages/AFLW/2026264/1011095.png?im=Scale,width=0.6,height=0.6",Madison,Newman,CD_T8098,ADEL,Adelaide Crows,Crows,6,86,1,0,0,0,3,0,1,1,4,0,0,3,19,64,13,6,0,1,1,57.1,0,0,2,9,0,0,3,0,3,0,0,10,3,0,0,210,0,11,0,0,3,0,3,0,1,0,1,2,1,1,19,3,15,2026-09-20,data//AFLW_2026-09-20.csv,0,NA,0.21052631578947367,0.6842105263157895,7,0.6,0.7777777777777778,NA,NA,1.1111111111111112,0.18181818181818182,NA,0,0,0,CD_M20262640609,6,2026-09-20,Brisbane Lions,CD_R202626406
CD_I1012236,5,MIDFIELDER,"https://s.afl.com.au/staticfile/AFL Tenant/AFL/Players/ChampIDImages/AFLW/2026264/1012236.png?im=Scale,width=0.6,height=0.6",Sarah,Verrier,CD_T7886,FRE,Fremantle,Freo,6,88.40000000000003,0,1,0,0,0,0,0,0,3,0,0,4,12,50,11,7,0,0,1,100,0,0,2,4,0,0,0,0,4,2,2,8,3,0,0,179,1,9,0,0,3,0,0,0,0,1,0,2,0,0,10,1,7,2026-09-20,data//AFLW_2026-09-20.csv,NA,NA,0.3,0.9166666666666666,4,0.875,1,NA,NA,2,0.2222222222222222,1,0,0,0.5,CD_M20262640605,6,2026-09-19,Western Bulldogs,CD_R202626406
CD_I1012241,5,MIDFIELDER,"https://s.afl.com.au/staticfile/AFL Tenant/AFL/Players/ChampIDImages/AFLW/2026264/1012241.png?im=Scale,width=0.6,height=0.6",Abbey,Dowrick,CD_T9409,PORT,Port Adelaide,Power,6,83.59999999999997,0,0,9,1,3,0,0,0,10,1,0,11,27,135,17,10,1,0,2,37.5,0,0,7,8,0,0,5,0,3,0,0,19,4,1,2,413,2,22,0,0,2,0,5,0,0,0,5,12,3,6,25,3,15,2026-09-20,data//AFLW_2026-09-20.csv,NA,0,0.4,0.6296296296296297,7,0.5263157894736842,0.875,NA,NA,2.375,0.5454545454545454,NA,0,0.8181818181818182,0,CD_M20262640604,6,2026-09-19,Sydney Swans,CD_R202626406
CD_I1012259,18,MIDFIELDER,"https://s.afl.com.au/staticfile/AFL Tenant/AFL/Players/ChampIDImages/AFLW/2026264/1012259.png?im=Scale,width=0.6,height=0.6",Jaide,Britton,CD_T8787,WCE,West Coast Eagles,Eagles,6,82.29999999999995,0,0,0,0,3,0,0,0,5,0,0,6,14,44,7,5,0,0,0,0,0,0,5,4,0,0,1,0,5,0,0,10,2,0,0,203,0,7,0,0,4,0,0,0,0,0,0,0,0,0,13,5,8,2026-09-20,data//AFLW_2026-09-20.csv,NA,NA,0.38461538461538464,0.5,2,0.5,0.5,NA,NA,2.5,0,NA,0,0,0,CD_M20262640608,6,2026-09-20,St Kilda,CD_R202626406
CD_I1012560,16,MEDIUM_DEFENDER,"https://s.afl.com.au/staticfile/AFL Tenant/AFL/Players/ChampIDImages/AFLW/2026264/1012560.png?im=Scale,width=0.6,height=0.6",Chantel,Emonson,CD_T8467,GEEL,Geelong Cats,Cats,6,94.09999999999991,0,0,0,0,1,0,0,1,3,0,0,6,19,85,13,11,0,0,0,0,0,0,2,2,0,0,1,0,9,5,5,17,6,1,0,394,2,8,0,0,7,0,2,0,0,2,0,3,1,0,11,5,8,2026-09-20,data//AFLW_2026-09-20.csv,NA,NA,0.2727272727272727,0.6842105263157895,2,0.6470588235294118,1,NA,NA,8.5,0.375,1,0,0,0.8333333333333334,CD_M20262640602,6,2026-09-19,Collingwood,CD_R202626406
CD_I1012575,12,MEDIUM_DEFENDER,"https://s.afl.com.au/staticfile/AFL Tenant/AFL/Players/ChampIDImages/AFLW/2026264/1012575.png?im=Scale,width=0.6,height=0.6",Casey,Sherriff,CD_T9407,HAW,Hawthorn,Hawks,6,75.29999999999995,0,0,0,0,2,0,1,1,4,0,0,7,9,45,7,4,1,0,0,0,1,0,3,3,0,0,1,0,6,0,0,6,3,1,0,116,2,16,0,0,0,0,2,0,1,2,0,3,0,0,8,0,4,2026-09-20,data//AFLW_2026-09-20.csv,0,NA,0.5,0.7777777777777778,3,0.6666666666666666,1,NA,NA,2,0.1875,NA,0,0,0,CD_M20262640601,6,2026-09-18,North Melbourne,CD_R202626406
CD_I1012595,32,MEDIUM_DEFENDER,"https://s.afl.com.au/staticfile/AFL Tenant/AFL/Players/ChampIDImages/AFLW/2026264/1012595.png?im=Scale,width=0.6,height=0.6",Vaomua,Laloifi,CD_T7387,WB,Western Bulldogs,Bulldogs,6,99.90000000000003,0,0,0,0,2,0,0,0,4,0,0,4,8,39,6,5,0,0,1,0,0,0,2,3,0,0,0,0,6,0,0,5,3,0,0,74,2,4,0,0,1,0,0,0,0,1,0,2,0,0,9,1,5,2026-09-20,data//AFLW_2026-09-20.csv,NA,NA,0.4444444444444444,0.75,1,1,0.3333333333333333,NA,NA,1.6666666666666667,0.5,NA,0,0,0,CD_M20262640605,6,2026-09-19,Fremantle,CD_R202626406
CD_I1012637,21,MIDFIELDER,"https://s.afl.com.au/staticfile/AFL Tenant/AFL/Players/ChampIDImages/AFLW/2026264/1012637.png?im=Scale,width=0.6,height=0.6",Mikala,Cann,CD_T7387,WB,Western Bulldogs,Bulldogs,6,69.40000000000003,0,0,9,1,4,0,0,0,5,0,0,8,12,55,6,1,2,1,2,25,0,0,3,8,0,0,1,0,0,0,0,4,0,0,0,80,0,16,0,0,1,0,0,0,0,0,1,7,2,2,13,5,8,2026-09-20,data//AFLW_2026-09-20.csv,NA,NA,0.38461538461538464,0.5,5,0.25,0.625,NA,NA,0.5,0.4375,NA,0,0.6428571428571429,0,CD_M20262640605,6,2026-09-19,Fremantle,CD_R202626406
CD_I1012640,6,MEDIUM_FORWARD,"https://s.afl.com.au/staticfile/AFL Tenant/AFL/Players/ChampIDImages/AFLW/2026264/1012640.png?im=Scale,width=0.6,height=0.6",Julia,Crockett-Grills,CD_T8467,GEEL,Geelong Cats,Cats,6,68.70000000000005,0,0,0,0,1,0,0,0,5,0,0,4,15,66,7,7,3,1,1,75,1,1,4,6,0,0,1,0,1,0,0,9,5,1,1,214,2,7,0,0,0,0,3,0,1,2,0,2,1,0,14,5,9,2026-09-20,data//AFLW_2026-09-20.csv,NA,NA,0.35714285714285715,0.4666666666666667,0,0.7777777777777778,0,NA,NA,1.5,0.2857142857142857,NA,0,0,0,CD_M20262640602,6,2026-09-19,Collingwood,CD_R202626406
CD_I1012662,36,MIDFIELDER,"https://s.afl.com.au/staticfile/AFL Tenant/AFL/Players/ChampIDImages/AFLW/2026264/1012662.png?im=Scale,width=0.6,height=0.6",Airlie,Runnalls,CD_T8097,COLL,Collingwood,Magpies,6,60,0,0,0,1,1,0,0,0,5,0,0,6,16,57,11,6,0,1,2,100,0,0,3,6,0,0,4,0,2,0,0,10,0,0,0,259,1,8,0,0,2,0,1,0,0,1,1,4,0,2,16,5,11,2026-09-20,data//AFLW_2026-09-20.csv,NA,NA,0.3125,0.6875,5,0.6,0.8333333333333334,NA,NA,1.6666666666666667,0.5,NA,0,0,0,CD_M20262640602,6,2026-09-19,Geelong Cats,CD_R202626406
CD_I1012668,9,KEY_FORWARD,"https://s.afl.com.au/staticfile/AFL Tenant/AFL/Players/ChampIDImages/AFLW/2026264/1012668.png?im=Scale,width=0.6,height=0.6",Caitlin,Greiser,CD_T8788,RICH,Richmond,Richmond,5,96.89999999999998,5,0,0,0,1,0,0,2,10,5,2,1,18,93,10,9,4,0,3,27.3,0,1,5,1,0,0,2,0,3,0,0,17,6,2,2,344,0,9,0,0,0,3,8,0,8,0,0,2,1,0,16,5,6,2026-09-20,data//AFLW_2026-09-20.csv,NA,0.4,0.625,0.5555555555555556,1,0.5294117647058824,1,0,0,17,0.2222222222222222,NA,0.05172413793103448,0,0,CD_M20262640606,6,2026-09-20,GWS GIANTS,CD_R202626406
CD_I1012694,33,RUCK,"https://s.afl.com.au/staticfile/AFL Tenant/AFL/Players/ChampIDImages/AFLW/2026264/1012694.png?im=Scale,width=0.6,height=0.6",Alice,Edmonds,CD_T7387,WB,Western Bulldogs,Bulldogs,6,94.70000000000005,0,0,13,0,4,0,1,0,7,1,0,7,13,83,9,3,1,3,0,0,1,0,4,8,35,12,1,0,2,0,0,5,2,0,0,88,0,21,0,0,1,54,3,0,0,0,3,5,3,3,13,2,6,2026-09-20,data//AFLW_2026-09-20.csv,0,0,0.5384615384615384,0.6923076923076923,6,0.6,0.75,0.6481481481481481,0.2222222222222222,0.625,0.23809523809523808,NA,0.8571428571428571,0.9285714285714286,0,CD_M20262640605,6,2026-09-19,Fremantle,CD_R202626406
CD_I1012700,20,MEDIUM_DEFENDER,"https://s.afl.com.au/staticfile/AFL Tenant/AFL/Players/ChampIDImages/AFLW/2026264/1012700.png?im=Scale,width=0.6,height=0.6",Beth,Lynch,CD_T8788,RICH,Richmond,Richmond,6,84.09999999999997,0,0,0,0,3,1,1,0,5,0,0,6,10,40,9,4,0,2,0,0,0,0,5,5,0,0,1,0,5,0,0,5,3,0,0,156,0,9,0,0,2,0,3,0,0,0,0,3,0,0,10,1,5,2026-09-20,data//AFLW_2026-09-20.csv,1,NA,0.5,0.9,5,0.8,1,NA,NA,1,0.3333333333333333,NA,0,0,0,CD_M20262640606,6,2026-09-20,GWS GIANTS,CD_R202626406
CD_I1012709,42,KEY_FORWARD,"https://s.afl.com.au/staticfile/AFL Tenant/AFL/Players/ChampIDImages/AFLW/2026264/1012709.png?im=Scale,width=0.6,height=0.6",Tara,Bohanna,CD_T8096,CARL,Carlton,Blues,5,60.400000000000006,1,0,0,0,3,0,0,0,2,1,1,1,5,18,0,0,1,0,0,16.7,0,0,2,1,0,0,1,0,0,0,0,4,1,1,1,104,0,4,0,0,0,3,1,0,1,0,0,0,0,0,4,4,2,2026-09-20,data//AFLW_2026-09-20.csv,NA,1,0.5,0,0,0,0,0,0,4,0,NA,0.06382978723404255,0,0,CD_M20262640603,6,2026-09-19,Melbourne,CD_R202626406
CD_I1012713,30,MIDFIELDER,"https://s.afl.com.au/staticfile/AFL Tenant/AFL/Players/ChampIDImages/AFLW/2026264/1012713.png?im=Scale,width=0.6,height=0.6",Shelley,Heath-Barker,CD_T7386,MELB,Melbourne,Demons,6,76,0,0,6,1,1,0,0,0,8,0,0,3,16,66,14,6,0,1,1,100,0,0,6,9,0,0,3,0,3,0,0,7,3,0,0,174,0,10,0,0,1,0,3,0,0,0,2,5,1,3,16,3,8,2026-09-20,data//AFLW_2026-09-20.csv,NA,NA,0.5,0.875,8,0.8571428571428571,0.8888888888888888,NA,NA,0.7777777777777778,0.5,NA,0,0.4,0,CD_M20262640603,6,2026-09-19,Carlton,CD_R202626406
CD_I1012964,17,MIDFIELDER,"https://s.afl.com.au/staticfile/AFL Tenant/AFL/Players/ChampIDImages/AFLW/2026264/1012964.png?im=Scale,width=0.6,height=0.6",Dominique,Carbone,CD_T8097,COLL,Collingwood,Magpies,5,71.6,0,0,15,2,5,0,0,0,13,0,0,8,20,58,10,2,1,4,1,100,0,0,10,13,0,0,4,0,5,0,0,7,2,0,0,210,1,17,0,0,2,0,3,0,0,0,2,4,0,4,22,4,9,2026-09-20,data//AFLW_2026-09-20.csv,NA,NA,0.5909090909090909,0.5,8,0.2857142857142857,0.6153846153846154,NA,NA,0.5384615384615384,0.23529411764705882,NA,0,0.6,0,CD_M20262640602,6,2026-09-19,Geelong Cats,CD_R202626406
CD_I1012987,12,MEDIUM_DEFENDER,"https://s.afl.com.au/staticfile/AFL Tenant/AFL/Players/ChampIDImages/AFLW/2026264/1012987.png?im=Scale,width=0.6,height=0.6",Serene,Watson,CD_T8796,STK,St Kilda,St Kilda,6,91.20000000000005,0,0,10,0,4,0,1,0,3,0,0,10,13,47,10,5,1,1,0,0,0,0,2,5,0,0,2,0,4,0,0,8,0,0,0,182,2,12,0,0,1,0,3,0,0,1,0,4,0,0,12,3,9,2026-09-20,data//AFLW_2026-09-20.csv,0,NA,0.25,0.7692307692307693,5,0.625,1,NA,NA,1.6,0.3333333333333333,NA,0,0.8333333333333334,0,CD_M20262640608,6,2026-09-20,West Coast Eagles,CD_R202626406
CD_I1012989,3,KEY_FORWARD,"https://s.afl.com.au/staticfile/AFL Tenant/AFL/Players/ChampIDImages/AFLW/2026264/1012989.png?im=Scale,width=0.6,height=0.6",Taylor,Smith,CD_T9408,SYD,Sydney Swans,Swans,4,76.1,1,0,0,0,2,0,0,2,7,3,1,3,9,56,5,4,1,1,1,60,1,0,1,1,0,0,2,0,1,0,0,8,5,2,2,175,2,7,0,0,0,5,5,0,1,0,0,4,1,0,11,1,4,2026-09-20,data//AFLW_2026-09-20.csv,NA,0.3333333333333333,0.6363636363636364,0.5555555555555556,1,0.5,1,0,0,8,0.5714285714285714,NA,0.1111111111111111,0,0,CD_M20262640604,6,2026-09-19,Port Adelaide,CD_R202626406
CD_I1012994,22,KEY_FORWARD,"https://s.afl.com.au/staticfile/AFL Tenant/AFL/Players/ChampIDImages/AFLW/2026264/1012994.png?im=Scale,width=0.6,height=0.6",Bella,Smith,CD_T7886,FRE,Fremantle,Freo,6,77.5,0,0,0,0,3,0,0,1,4,1,1,2,13,74,8,7,2,0,0,57.1,0,0,3,2,1,0,3,0,6,0,0,11,8,0,0,234,0,7,0,0,3,1,1,0,0,0,0,3,1,0,13,8,9,2026-09-20,data//AFLW_2026-09-20.csv,NA,1,0.3076923076923077,0.6153846153846154,1,0.6363636363636364,0.5,1,0,5.5,0.42857142857142855,NA,0.015873015873015872,0,0,CD_M20262640605,6,2026-09-19,Western Bulldogs,CD_R202626406
CD_I1013015,24,MEDIUM_DEFENDER,"https://s.afl.com.au/staticfile/AFL Tenant/AFL/Players/ChampIDImages/AFLW/2026264/1013015.png?im=Scale,width=0.6,height=0.6",Tamara,Smith,CD_T9407,HAW,Hawthorn,Hawks,6,78.20000000000005,0,0,0,0,2,0,0,0,7,0,0,16,17,76,12,5,0,0,2,0,0,0,5,7,0,0,0,0,6,0,0,10,2,0,0,152,0,21,0,0,2,0,2,0,0,0,0,6,0,0,17,5,10,2026-09-20,data//AFLW_2026-09-20.csv,NA,NA,0.4117647058823529,0.7058823529411765,7,0.5,1,NA,NA,1.4285714285714286,0.2857142857142857,NA,0,0,0,CD_M20262640601,6,2026-09-18,North Melbourne,CD_R202626406
CD_I1013017,1,MIDFIELDER,"https://s.afl.com.au/staticfile/AFL Tenant/AFL/Players/ChampIDImages/AFLW/2026264/1013017.png?im=Scale,width=0.6,height=0.6",Molly,McDonald,CD_T8796,STK,St Kilda,St Kilda,3,73.70000000000002,3,0,0,0,6,0,0,0,5,0,0,1,14,50,4,1,0,2,1,0,0,0,4,3,0,0,1,0,4,0,0,11,3,2,0,229,0,4,0,0,3,0,4,0,3,0,0,1,1,0,14,7,9,2026-09-20,data//AFLW_2026-09-20.csv,NA,NA,0.35714285714285715,0.2857142857142857,3,0.09090909090909091,1,NA,NA,3.6666666666666665,0.25,NA,0,0,0,CD_M20262640608,6,2026-09-20,West Coast Eagles,CD_R202626406
CD_I1013026,17,MEDIUM_DEFENDER,"https://s.afl.com.au/staticfile/AFL Tenant/AFL/Players/ChampIDImages/AFLW/2026264/1013026.png?im=Scale,width=0.6,height=0.6",Elisabeth,Georgostathis,CD_T7387,WB,Western Bulldogs,Bulldogs,4,67.39999999999998,0,0,0,0,4,0,0,0,4,0,0,4,13,43,8,5,1,2,0,100,0,0,4,4,0,0,2,0,6,0,0,9,2,0,1,222,2,4,0,0,1,0,1,0,0,2,0,2,0,0,11,5,7,2026-09-20,data//AFLW_2026-09-20.csv,NA,NA,0.36363636363636365,0.6153846153846154,3,0.5555555555555556,0.75,NA,NA,2.25,0.5,NA,0,0,0,CD_M20262640605,6,2026-09-19,Fremantle,CD_R202626406
CD_I1013027,5,MIDFIELDER,"https://s.afl.com.au/staticfile/AFL Tenant/AFL/Players/ChampIDImages/AFLW/2026264/1013027.png?im=Scale,width=0.6,height=0.6",Abbie,McKay,CD_T8096,CARL,Carlton,Blues,6,85.90000000000003,0,0,11,0,2,0,0,0,12,0,0,9,20,59,8,3,0,0,0,0,0,0,8,12,0,0,1,0,1,0,0,8,1,0,0,234,0,13,0,0,4,0,1,0,0,0,4,2,0,4,20,4,8,2026-09-20,data//AFLW_2026-09-20.csv,NA,NA,0.6,0.4,5,0.375,0.4166666666666667,NA,NA,0.6666666666666666,0.15384615384615385,NA,0,0.7333333333333333,0,CD_M20262640603,6,2026-09-19,Melbourne,CD_R202626406
CD_I1013032,18,MEDIUM_DEFENDER,"https://s.afl.com.au/staticfile/AFL Tenant/AFL/Players/ChampIDImages/AFLW/2026264/1013032.png?im=Scale,width=0.6,height=0.6",Britney,Gutknecht,CD_T7387,WB,Western Bulldogs,Bulldogs,6,79,0,0,0,0,2,0,1,0,7,0,0,7,18,55,15,9,0,0,0,0,0,0,7,6,0,0,4,0,9,4,4,12,1,0,0,400,3,8,0,0,4,0,1,0,0,3,0,1,0,0,13,5,6,2026-09-20,data//AFLW_2026-09-20.csv,0,NA,0.5384615384615384,0.8333333333333334,6,0.75,1,NA,NA,2,0.125,1,0,0,0.6666666666666666,CD_M20262640605,6,2026-09-19,Fremantle,CD_R202626406
CD_I1013442,20,MEDIUM_DEFENDER,"https://s.afl.com.au/staticfile/AFL Tenant/AFL/Players/ChampIDImages/AFLW/2026264/1013442.png?im=Scale,width=0.6,height=0.6",Jasmine,Ferguson,CD_T8466,NMFC,North Melbourne,Kangaroos,6,100,0,0,0,0,4,1,2,0,5,0,0,9,8,38,6,1,0,2,0,0,0,0,5,6,0,0,1,0,6,0,0,2,2,0,0,84,2,11,0,0,0,0,0,0,0,2,0,5,0,0,9,2,4,2026-09-20,data//AFLW_2026-09-20.csv,0.5,NA,0.5555555555555556,0.75,5,0.5,0.8333333333333334,NA,NA,0.3333333333333333,0.45454545454545453,NA,0,0,0,CD_M20262640601,6,2026-09-18,Hawthorn,CD_R202626406
CD_I1013522,5,MIDFIELDER,"https://s.afl.com.au/staticfile/AFL Tenant/AFL/Players/ChampIDImages/AFLW/2026264/1013522.png?im=Scale,width=0.6,height=0.6",Georgia,Nanscawen,CD_T9406,ESS,Essendon,Bombers,6,72.5,0,0,6,0,4,0,0,0,8,0,0,8,17,72,10,2,0,1,3,0,0,0,5,9,0,0,1,0,4,0,0,8,2,0,0,133,0,18,0,0,3,0,1,0,0,0,4,6,0,4,18,4,10,2026-09-20,data//AFLW_2026-09-20.csv,NA,NA,0.4444444444444444,0.5882352941176471,8,0.25,0.8888888888888888,NA,NA,0.8888888888888888,0.3333333333333333,NA,0,0.5,0,CD_M20262640607,6,2026-09-20,Gold Coast SUNS,CD_R202626406
CD_I1013706,7,MEDIUM_DEFENDER,"https://s.afl.com.au/staticfile/AFL Tenant/AFL/Players/ChampIDImages/AFLW/2026264/1013706.png?im=Scale,width=0.6,height=0.6",Sarah,Rowe,CD_T8097,COLL,Collingwood,Magpies,4,78.49999999999997,0,0,0,0,2,0,0,0,4,0,0,3,17,67,12,5,0,1,0,0,1,0,4,8,0,0,1,0,3,0,0,9,5,0,0,232,0,13,0,0,1,0,4,0,0,0,0,3,1,0,18,2,14,2026-09-20,data//AFLW_2026-09-20.csv,NA,NA,0.2222222222222222,0.7058823529411765,7,0.5555555555555556,0.875,NA,NA,1.125,0.23076923076923078,NA,0,0,0,CD_M20262640602,6,2026-09-19,Geelong Cats,CD_R202626406
CD_I1013937,4,MEDIUM_FORWARD,"https://s.afl.com.au/staticfile/AFL Tenant/AFL/Players/ChampIDImages/AFLW/2026264/1013937.png?im=Scale,width=0.6,height=0.6",Angelique,Stannett,CD_T7886,FRE,Fremantle,Freo,6,75.29999999999995,0,0,9,0,2,0,0,0,5,1,0,10,6,34,3,3,1,0,1,0,0,0,4,1,0,0,3,0,0,0,0,5,0,0,0,117,2,24,0,0,0,0,0,0,1,0,1,4,0,1,6,1,1,2026-09-20,data//AFLW_2026-09-20.csv,NA,0,0.8333333333333334,0.5,0,0.6,0,NA,NA,5,0.16666666666666666,NA,0,0.6428571428571429,0,CD_M20262640605,6,2026-09-19,Western Bulldogs,CD_R202626406
CD_I1013943,24,MEDIUM_DEFENDER,"https://s.afl.com.au/staticfile/AFL Tenant/AFL/Players/ChampIDImages/AFLW/2026264/1013943.png?im=Scale,width=0.6,height=0.6",Tessa,Boyd,CD_T8466,NMFC,North Melbourne,Kangaroos,2,84.10000000000001,0,0,0,0,1,2,3,1,7,0,0,3,20,60,19,9,1,0,0,0,0,0,6,10,0,0,0,0,3,5,5,10,2,0,0,262,1,3,0,0,4,0,2,0,0,1,1,1,0,1,16,1,9,2026-09-20,data//AFLW_2026-09-20.csv,0.6666666666666666,NA,0.4375,0.95,10,0.9,1,NA,NA,1,0.3333333333333333,1,0,0,0.625,CD_M20262640601,6,2026-09-18,Hawthorn,CD_R202626406
CD_I1014034,7,MIDFIELDER,"https://s.afl.com.au/staticfile/AFL Tenant/AFL/Players/ChampIDImages/AFLW/2026264/1014034.png?im=Scale,width=0.6,height=0.6",Aisling,McCarthy,CD_T7886,FRE,Fremantle,Freo,4,68.9,0,0,6,1,3,0,0,0,10,0,0,5,25,97,13,6,2,1,1,20,0,0,7,9,0,0,2,0,6,0,0,16,3,0,1,238,2,13,0,0,3,0,2,0,0,1,3,6,4,4,22,4,12,2026-09-20,data//AFLW_2026-09-20.csv,NA,NA,0.45454545454545453,0.52,7,0.375,0.7777777777777778,NA,NA,1.7777777777777777,0.46153846153846156,NA,0,0.42857142857142855,0,CD_M20262640605,6,2026-09-19,Western Bulldogs,CD_R202626406
CD_I1014359,31,MIDFIELDER,"https://s.afl.com.au/staticfile/AFL Tenant/AFL/Players/ChampIDImages/AFLW/2026264/1014359.png?im=Scale,width=0.6,height=0.6",Laura,Gardiner,CD_T9408,SYD,Sydney Swans,Swans,6,70.79999999999995,0,0,5,1,0,0,0,0,9,0,0,7,20,64,15,1,0,0,1,50,0,0,8,16,0,0,0,0,5,0,0,4,1,0,0,102,0,12,0,0,2,0,3,0,0,0,2,4,0,3,20,2,11,2026-09-20,data//AFLW_2026-09-20.csv,NA,NA,0.45,0.75,14,0.25,0.875,NA,NA,0.25,0.3333333333333333,NA,0,0.45454545454545453,0,CD_M20262640604,6,2026-09-19,Port Adelaide,CD_R202626406
CD_I1014367,6,MIDFIELDER,"https://s.afl.com.au/staticfile/AFL Tenant/AFL/Players/ChampIDImages/AFLW/2026264/1014367.png?im=Scale,width=0.6,height=0.6",Alyssa,Bannan,CD_T7386,MELB,Melbourne,Demons,6,74.90000000000003,0,1,0,0,1,0,0,1,3,1,1,4,9,46,5,3,0,0,0,33.3,0,0,2,2,0,0,4,0,2,0,0,7,3,0,0,295,0,7,0,0,0,1,1,0,0,0,0,3,0,0,9,2,6,2026-09-20,data//AFLW_2026-09-20.csv,NA,1,0.3333333333333333,0.5555555555555556,2,0.42857142857142855,1,0,0,3.5,0.42857142857142855,NA,0.02127659574468085,0,0,CD_M20262640603,6,2026-09-19,Carlton,CD_R202626406
CD_I1014372,23,MIDFIELDER,"https://s.afl.com.au/staticfile/AFL Tenant/AFL/Players/ChampIDImages/AFLW/2026264/1014372.png?im=Scale,width=0.6,height=0.6",Jess,Fitzgerald,CD_T7387,WB,Western Bulldogs,Bulldogs,6,79.20000000000005,0,1,5,0,5,0,1,0,5,0,0,4,25,90,18,8,1,0,1,100,0,0,2,11,0,0,3,0,2,2,2,14,3,0,1,357,1,7,0,0,1,0,3,0,0,0,1,4,0,1,23,4,18,2026-09-20,data//AFLW_2026-09-20.csv,0,NA,0.21739130434782608,0.72,10,0.5714285714285714,0.9090909090909091,NA,NA,1.2727272727272727,0.5714285714285714,1,0,0.35714285714285715,0.3333333333333333,CD_M20262640605,6,2026-09-19,Fremantle,CD_R202626406
CD_I1014373,36,MEDIUM_DEFENDER,"https://s.afl.com.au/staticfile/AFL Tenant/AFL/Players/ChampIDImages/AFLW/2026264/1014373.png?im=Scale,width=0.6,height=0.6",Ciara,Fitzgerald,CD_T8096,CARL,Carlton,Blues,6,80,0,0,0,0,3,1,2,1,7,0,0,8,11,42,9,3,0,1,1,0,0,0,5,7,0,0,0,0,6,0,0,4,2,0,0,107,1,9,0,0,1,0,0,0,0,0,0,3,0,0,11,0,4,2026-09-20,data//AFLW_2026-09-20.csv,0.5,NA,0.6363636363636364,0.8181818181818182,6,0.75,0.8571428571428571,NA,NA,0.5714285714285714,0.3333333333333333,NA,0,0,0,CD_M20262640603,6,2026-09-19,Melbourne,CD_R202626406
CD_I1014375,22,MIDFIELDER,"https://s.afl.com.au/staticfile/AFL Tenant/AFL/Players/ChampIDImages/AFLW/2026264/1014375.png?im=Scale,width=0.6,height=0.6",Ellie,McKenzie,CD_T8788,RICH,Richmond,Richmond,2,81.4,0,1,18,2,2,0,0,0,7,0,0,3,20,71,15,9,1,1,1,33.3,1,1,5,8,0,0,3,0,1,0,0,12,1,0,0,371,0,7,0,0,1,0,4,0,1,0,4,3,0,6,19,2,12,2026-09-20,data//AFLW_2026-09-20.csv,NA,NA,0.3684210526315789,0.75,6,0.75,0.75,NA,NA,1.5,0.42857142857142855,NA,0,0.8181818181818182,0,CD_M20262640606,6,2026-09-20,GWS GIANTS,CD_R202626406
CD_I1014559,4,MEDIUM_DEFENDER,"https://s.afl.com.au/staticfile/AFL Tenant/AFL/Players/ChampIDImages/AFLW/2026264/1014559.png?im=Scale,width=0.6,height=0.6",Najwa,Allen,CD_T9407,HAW,Hawthorn,Hawks,1,47.6,0,0,0,0,1,0,0,0,2,1,1,0,5,20,4,3,0,0,0,0,0,0,2,1,0,0,2,0,0,0,0,4,2,0,0,66,1,4,0,0,1,0,1,0,0,1,0,0,0,0,5,1,3,2026-09-20,data//AFLW_2026-09-20.csv,NA,1,0.4,0.8,1,0.75,1,NA,NA,4,0,NA,0,0,0,CD_M20262640601,6,2026-09-18,North Melbourne,CD_R202626406
CD_I1014599,1,KEY_FORWARD,"https://s.afl.com.au/staticfile/AFL Tenant/AFL/Players/ChampIDImages/AFLW/2026264/1014599.png?im=Scale,width=0.6,height=0.6",Caitlin,Gould,CD_T8098,ADEL,Adelaide Crows,Crows,6,93.90000000000009,1,0,1,0,1,0,0,1,7,1,0,0,12,59,11,3,1,0,1,40,0,0,2,8,8,2,1,0,2,0,0,4,3,1,1,85,0,9,0,0,0,21,2,0,1,0,3,3,2,3,13,2,6,2026-09-20,data//AFLW_2026-09-20.csv,NA,0,0.5384615384615384,0.9166666666666666,8,0.75,1,0.38095238095238093,0.09523809523809523,0.5,0.3333333333333333,NA,0.3088235294117647,0.07692307692307693,0,CD_M20262640609,6,2026-09-20,Brisbane Lions,CD_R202626406
CD_I1014663,26,KEY_DEFENDER,"https://s.afl.com.au/staticfile/AFL Tenant/AFL/Players/ChampIDImages/AFLW/2026264/1014663.png?im=Scale,width=0.6,height=0.6",Zoe,Prowse,CD_T9406,ESS,Essendon,Bombers,6,91.70000000000005,0,1,2,0,2,0,0,0,7,0,0,2,14,49,10,2,0,1,1,0,0,0,5,11,5,0,1,0,3,0,0,3,1,0,0,78,1,6,0,0,0,15,0,0,1,1,1,3,1,1,15,1,8,2026-09-20,data//AFLW_2026-09-20.csv,NA,NA,0.4666666666666667,0.7142857142857143,8,0.6666666666666666,0.7272727272727273,0.3333333333333333,0,0.2727272727272727,0.5,NA,0.2112676056338028,0.16666666666666666,0,CD_M20262640607,6,2026-09-20,Gold Coast SUNS,CD_R202626406
CD_I1014781,2,MIDFIELDER,"https://s.afl.com.au/staticfile/AFL Tenant/AFL/Players/ChampIDImages/AFLW/2026264/1014781.png?im=Scale,width=0.6,height=0.6",Emelia,Yassir,CD_T8788,RICH,Richmond,Richmond,6,69.09999999999997,1,0,0,1,2,0,0,0,3,2,0,2,9,39,7,2,1,1,0,42.9,1,0,3,5,0,0,2,0,1,0,0,4,1,0,1,120,1,11,0,0,0,0,5,0,1,0,0,4,2,1,7,2,4,2026-09-20,data//AFLW_2026-09-20.csv,NA,0,0.42857142857142855,0.7777777777777778,5,0.5,1,NA,NA,0.8,0.36363636363636365,NA,0,0,0,CD_M20262640606,6,2026-09-20,GWS GIANTS,CD_R202626406
CD_I1014793,17,KEY_DEFENDER,"https://s.afl.com.au/staticfile/AFL Tenant/AFL/Players/ChampIDImages/AFLW/2026264/1014793.png?im=Scale,width=0.6,height=0.6",Tahlia,Gillard,CD_T7386,MELB,Melbourne,Demons,6,84,0,0,0,0,2,0,0,0,7,0,0,5,16,66,10,8,0,0,0,0,1,0,7,2,0,0,1,0,11,2,2,14,4,0,0,404,0,6,0,0,8,0,2,0,0,0,0,2,0,0,12,4,5,2026-09-20,data//AFLW_2026-09-20.csv,NA,NA,0.5833333333333334,0.625,2,0.5714285714285714,1,NA,NA,7,0.3333333333333333,1,0,0,0.3333333333333333,CD_M20262640603,6,2026-09-19,Carlton,CD_R202626406
CD_I1014810,41,MIDFIELDER,"https://s.afl.com.au/staticfile/AFL Tenant/AFL/Players/ChampIDImages/AFLW/2026264/1014810.png?im=Scale,width=0.6,height=0.6",Georgie,Prespakis,CD_T8467,GEEL,Geelong Cats,Cats,6,85.09999999999991,1,1,22,8,5,0,0,0,20,1,0,6,27,83,18,8,4,1,3,25,1,1,9,13,0,0,5,0,5,0,0,14,0,0,0,376,0,9,0,0,0,0,6,0,2,0,5,2,1,13,26,5,6,2026-09-20,data//AFLW_2026-09-20.csv,NA,0,0.7692307692307693,0.6666666666666666,10,0.5714285714285714,0.7692307692307693,NA,NA,1.0769230769230769,0.2222222222222222,NA,0,0.88,0,CD_M20262640602,6,2026-09-19,Collingwood,CD_R202626406
CD_I1014835,6,MIDFIELDER,"https://s.afl.com.au/staticfile/AFL Tenant/AFL/Players/ChampIDImages/AFLW/2026264/1014835.png?im=Scale,width=0.6,height=0.6",Tyanna,Smith,CD_T8796,STK,St Kilda,St Kilda,6,91.59999999999997,0,1,9,1,7,0,1,0,17,0,0,4,21,73,12,5,0,4,3,50,0,0,14,8,0,0,3,0,8,0,0,13,1,0,1,419,1,12,0,0,3,0,1,0,0,1,3,6,1,4,21,6,4,2026-09-20,data//AFLW_2026-09-20.csv,0,NA,0.8095238095238095,0.5714285714285714,7,0.38461538461538464,0.875,NA,NA,1.625,0.5,NA,0,0.75,0,CD_M20262640608,6,2026-09-20,West Coast Eagles,CD_R202626406
CD_I1014841,22,MIDFIELDER,"https://s.afl.com.au/staticfile/AFL Tenant/AFL/Players/ChampIDImages/AFLW/2026264/1014841.png?im=Scale,width=0.6,height=0.6",Ashleigh,Richards,CD_T8796,STK,St Kilda,St Kilda,6,77.70000000000005,0,0,8,1,5,0,0,0,6,0,0,13,16,64,11,5,0,0,0,66.7,0,0,5,6,0,0,3,0,4,0,0,10,2,0,0,264,2,21,0,0,1,0,3,0,0,0,1,4,0,2,16,7,10,2026-09-20,data//AFLW_2026-09-20.csv,NA,NA,0.375,0.6875,6,0.5,1,NA,NA,1.6666666666666667,0.19047619047619047,NA,0,0.6666666666666666,0,CD_M20262640608,6,2026-09-20,West Coast Eagles,CD_R202626406
CD_I1014869,11,MEDIUM_DEFENDER,"https://s.afl.com.au/staticfile/AFL Tenant/AFL/Players/ChampIDImages/AFLW/2026264/1014869.png?im=Scale,width=0.6,height=0.6",Jenna,Richardson,CD_T9407,HAW,Hawthorn,Hawks,6,99.79999999999995,0,0,0,0,1,0,2,0,8,0,0,7,19,82,15,8,0,0,1,100,0,0,7,9,0,0,1,0,9,1,1,10,7,0,0,212,5,10,0,0,7,0,2,0,0,3,0,3,0,0,18,4,10,2026-09-20,data//AFLW_2026-09-20.csv,0,NA,0.4444444444444444,0.7894736842105263,7,0.8,0.7777777777777778,NA,NA,1.1111111111111112,0.3,1,0,0,0.14285714285714285,CD_M20262640601,6,2026-09-18,North Melbourne,CD_R202626406
CD_I1014882,16,KEY_DEFENDER,"https://s.afl.com.au/staticfile/AFL Tenant/AFL/Players/ChampIDImages/AFLW/2026264/1014882.png?im=Scale,width=0.6,height=0.6",Laura,McClelland,CD_T8788,RICH,Richmond,Richmond,6,89.70000000000005,0,0,0,0,2,0,0,0,7,0,0,5,9,31,6,3,0,0,1,0,0,0,6,4,0,0,0,0,7,0,0,5,1,0,0,77,0,7,0,0,2,0,0,0,0,0,0,1,0,0,10,2,3,2026-09-20,data//AFLW_2026-09-20.csv,NA,NA,0.7,0.6666666666666666,3,0.6,0.75,NA,NA,1.25,0.14285714285714285,NA,0,0,0,CD_M20262640606,6,2026-09-20,GWS GIANTS,CD_R202626406
CD_I1014904,24,MIDFIELDER,"https://s.afl.com.au/staticfile/AFL Tenant/AFL/Players/ChampIDImages/AFLW/2026264/1014904.png?im=Scale,width=0.6,height=0.6",Megan,Fitzsimon,CD_T7386,MELB,Melbourne,Demons,6,84.79999999999995,1,0,4,0,2,0,0,0,8,0,0,4,13,62,9,5,2,0,0,50,0,1,8,6,0,0,2,0,3,0,0,7,2,1,0,205,0,11,0,0,0,0,6,0,2,0,0,4,3,0,14,3,6,2026-09-20,data//AFLW_2026-09-20.csv,NA,NA,0.5714285714285714,0.6923076923076923,4,0.7142857142857143,0.6666666666666666,NA,NA,1.1666666666666667,0.36363636363636365,NA,0,0.26666666666666666,0,CD_M20262640603,6,2026-09-19,Carlton,CD_R202626406
CD_I1014917,15,MIDFIELDER,"https://s.afl.com.au/staticfile/AFL Tenant/AFL/Players/ChampIDImages/AFLW/2026264/1014917.png?im=Scale,width=0.6,height=0.6",Lily-Rose,Williamson,CD_T7887,BL,Brisbane Lions,Lions,5,40.10000000000002,0,0,0,0,2,0,0,0,2,0,0,1,6,23,4,2,0,0,0,0,0,0,1,2,0,0,0,0,1,0,0,4,1,1,1,52,0,1,0,0,1,0,1,0,0,0,1,1,0,1,6,1,4,2026-09-20,data//AFLW_2026-09-20.csv,NA,NA,0.3333333333333333,0.6666666666666666,2,0.5,1,NA,NA,2,1,NA,0,0,0,CD_M20262640609,6,2026-09-20,Adelaide Crows,CD_R202626406
CD_I1014962,16,KEY_DEFENDER,"https://s.afl.com.au/staticfile/AFL Tenant/AFL/Players/ChampIDImages/AFLW/2026264/1014962.png?im=Scale,width=0.6,height=0.6",Ella,Friend,CD_T8796,STK,St Kilda,St Kilda,6,56.400000000000034,0,0,0,0,2,0,0,0,2,0,0,2,6,19,4,3,0,1,0,0,0,0,2,2,0,0,0,0,4,0,0,4,2,0,0,145,1,3,0,0,1,0,0,0,0,1,1,0,0,1,5,5,3,2026-09-20,data//AFLW_2026-09-20.csv,NA,NA,0.4,0.6666666666666666,1,0.75,0.5,NA,NA,2,0,NA,0,0,0,CD_M20262640608,6,2026-09-20,West Coast Eagles,CD_R202626406
CD_I1014982,28,MIDFIELDER,"https://s.afl.com.au/staticfile/AFL Tenant/AFL/Players/ChampIDImages/AFLW/2026264/1014982.png?im=Scale,width=0.6,height=0.6",Abby,Favell,CD_T8466,NMFC,North Melbourne,Kangaroos,2,56.39999999999999,0,0,0,0,2,0,0,0,1,0,0,3,8,40,5,3,0,0,0,0,0,0,1,4,0,0,0,0,2,0,0,4,0,0,0,107,0,14,0,0,1,0,1,0,0,0,0,5,0,0,7,1,6,2026-09-20,data//AFLW_2026-09-20.csv,NA,NA,0.14285714285714285,0.625,2,0.75,0.5,NA,NA,1,0.35714285714285715,NA,0,0,0,CD_M20262640601,6,2026-09-18,Hawthorn,CD_R202626406
CD_I1014991,17,MEDIUM_FORWARD,"https://s.afl.com.au/staticfile/AFL Tenant/AFL/Players/ChampIDImages/AFLW/2026264/1014991.png?im=Scale,width=0.6,height=0.6",Keeley,Skepper,CD_T8787,WCE,West Coast Eagles,Eagles,6,69.29999999999995,1,0,0,0,2,0,0,0,6,0,0,2,8,41,3,2,1,0,3,50,0,0,3,3,0,0,2,0,4,0,0,5,0,0,0,113,0,13,0,0,0,0,2,0,2,0,0,4,0,0,8,1,2,2026-09-20,data//AFLW_2026-09-20.csv,NA,NA,0.75,0.375,1,0.4,0.3333333333333333,NA,NA,1.6666666666666667,0.3076923076923077,NA,0,0,0,CD_M20262640608,6,2026-09-20,St Kilda,CD_R202626406
CD_I1015012,7,RUCK,"https://s.afl.com.au/staticfile/AFL Tenant/AFL/Players/ChampIDImages/AFLW/2026264/1015012.png?im=Scale,width=0.6,height=0.6",Ally,Morphett,CD_T9408,SYD,Sydney Swans,Swans,5,73.10000000000002,0,0,9,0,3,0,1,1,8,0,0,7,12,71,6,3,0,1,2,0,0,0,3,3,15,2,3,0,4,0,0,9,4,0,0,285,4,10,0,0,0,30,1,0,1,2,3,3,0,3,12,3,4,2026-09-20,data//AFLW_2026-09-20.csv,0,NA,0.6666666666666666,0.5,3,0.3333333333333333,1,0.5,0.06666666666666667,3,0.3,NA,0.6666666666666666,0.8181818181818182,0,CD_M20262640604,6,2026-09-19,Port Adelaide,CD_R202626406
CD_I1015025,9,KEY_FORWARD,"https://s.afl.com.au/staticfile/AFL Tenant/AFL/Players/ChampIDImages/AFLW/2026264/1015025.png?im=Scale,width=0.6,height=0.6",Georgia,Gall,CD_T7386,MELB,Melbourne,Demons,6,33.60000000000002,0,0,0,0,2,0,0,1,3,2,0,1,4,25,3,1,0,0,1,71.4,0,0,1,2,0,0,1,0,0,0,0,2,2,0,0,42,1,2,0,0,0,2,1,0,0,1,0,2,0,0,4,2,1,2026-09-20,data//AFLW_2026-09-20.csv,NA,0,0.75,0.75,2,0.5,1,0,0,1,1,NA,0.0425531914893617,0,0,CD_M20262640603,6,2026-09-19,Carlton,CD_R202626406
CD_I1015029,13,MEDIUM_DEFENDER,"https://s.afl.com.au/staticfile/AFL Tenant/AFL/Players/ChampIDImages/AFLW/2026264/1015029.png?im=Scale,width=0.6,height=0.6",Maeve,Chaplin,CD_T7386,MELB,Melbourne,Demons,4,87,0,1,0,0,2,0,1,0,9,0,0,7,22,78,17,10,1,1,2,0,0,0,6,8,0,0,4,0,11,2,2,14,3,0,0,454,4,14,0,0,2,0,6,0,0,3,0,3,0,0,23,4,14,2026-09-20,data//AFLW_2026-09-20.csv,0,NA,0.391304347826087,0.7727272727272727,7,0.7142857142857143,0.875,NA,NA,1.75,0.21428571428571427,1,0,0,0.3333333333333333,CD_M20262640603,6,2026-09-19,Carlton,CD_R202626406
CD_I1015047,10,MIDFIELDER,"https://s.afl.com.au/staticfile/AFL Tenant/AFL/Players/ChampIDImages/AFLW/2026264/1015047.png?im=Scale,width=0.6,height=0.6",Mimi,Hill,CD_T8096,CARL,Carlton,Blues,6,83.90000000000003,0,0,4,0,5,0,0,0,6,0,0,7,16,46,10,2,1,1,0,25,0,0,5,13,0,0,0,0,2,0,0,3,2,0,1,70,0,10,0,0,1,0,1,0,0,0,0,2,0,0,16,5,10,2026-09-20,data//AFLW_2026-09-20.csv,NA,NA,0.375,0.625,8,0.6666666666666666,0.6153846153846154,NA,NA,0.23076923076923078,0.2,NA,0,0.26666666666666666,0,CD_M20262640603,6,2026-09-19,Melbourne,CD_R202626406
CD_I1015068,8,MIDFIELDER,"https://s.afl.com.au/staticfile/AFL Tenant/AFL/Players/ChampIDImages/AFLW/2026264/1015068.png?im=Scale,width=0.6,height=0.6",Charlie,Rowbottom,CD_T8786,GCFC,Gold Coast SUNS,SUNS,6,88.59999999999991,0,1,10,2,4,0,0,0,14,0,0,5,35,131,26,10,1,1,2,100,1,1,8,19,0,0,7,0,3,0,0,16,4,0,1,492,2,16,0,0,1,0,9,0,1,0,9,7,2,11,36,9,22,2026-09-20,data//AFLW_2026-09-20.csv,NA,NA,0.3888888888888889,0.7428571428571429,16,0.625,0.8421052631578947,NA,NA,0.8421052631578947,0.4375,NA,0,0.8333333333333334,0,CD_M20262640607,6,2026-09-20,Essendon,CD_R202626406
CD_I1015070,2,MEDIUM_FORWARD,"https://s.afl.com.au/staticfile/AFL Tenant/AFL/Players/ChampIDImages/AFLW/2026264/1015070.png?im=Scale,width=0.6,height=0.6",Eliza,James,CD_T8097,COLL,Collingwood,Magpies,3,80.99999999999997,0,0,0,0,2,0,0,1,6,0,0,2,12,63,8,5,0,0,1,66.7,0,1,2,4,0,0,2,0,3,0,0,8,4,0,0,240,3,11,0,0,0,0,5,0,1,1,0,3,1,0,14,4,8,2026-09-20,data//AFLW_2026-09-20.csv,NA,NA,0.42857142857142855,0.6666666666666666,3,0.625,0.75,NA,NA,2,0.2727272727272727,NA,0,0,0,CD_M20262640602,6,2026-09-19,Geelong Cats,CD_R202626406
CD_I1015091,15,MEDIUM_FORWARD,"https://s.afl.com.au/staticfile/AFL Tenant/AFL/Players/ChampIDImages/AFLW/2026264/1015091.png?im=Scale,width=0.6,height=0.6",Sarah,Hartwig,CD_T7387,WB,Western Bulldogs,Bulldogs,6,89.59999999999991,1,0,0,0,2,1,1,0,3,2,1,3,7,41,4,2,0,0,1,42.9,0,1,1,2,0,0,0,0,3,0,0,5,2,2,1,179,3,4,0,0,0,0,2,0,3,2,0,2,0,0,9,1,6,2026-09-20,data//AFLW_2026-09-20.csv,1,0.5,0.3333333333333333,0.5714285714285714,2,0.4,1,NA,NA,2.5,0.5,NA,0,0,0,CD_M20262640605,6,2026-09-19,Fremantle,CD_R202626406
CD_I1015097,3,MIDFIELDER_FORWARD,"https://s.afl.com.au/staticfile/AFL Tenant/AFL/Players/ChampIDImages/AFLW/2026264/1015097.png?im=Scale,width=0.6,height=0.6",Bella,Eddey,CD_T8466,NMFC,North Melbourne,Kangaroos,6,74.09999999999997,1,0,0,0,3,0,1,0,4,0,0,3,14,47,11,2,1,0,0,80,0,1,4,9,0,0,0,0,2,0,0,5,1,1,0,65,2,6,0,0,1,0,3,0,2,2,0,1,1,0,13,3,9,2026-09-20,data//AFLW_2026-09-20.csv,0,NA,0.3076923076923077,0.7857142857142857,9,0.4,1,NA,NA,0.5555555555555556,0.16666666666666666,NA,0,0,0,CD_M20262640601,6,2026-09-18,Hawthorn,CD_R202626406
CD_I1015105,28,MEDIUM_DEFENDER,"https://s.afl.com.au/staticfile/AFL Tenant/AFL/Players/ChampIDImages/AFLW/2026264/1015105.png?im=Scale,width=0.6,height=0.6",Daisy,Walker,CD_T7889,GWS,GWS GIANTS,GIANTS,4,80.6,0,0,0,0,1,1,3,0,5,0,0,9,11,51,9,5,0,0,3,0,0,0,3,4,0,0,1,0,7,0,0,7,1,0,0,156,1,10,0,0,0,0,0,0,0,1,0,4,0,0,10,2,5,2026-09-20,data//AFLW_2026-09-20.csv,0.3333333333333333,NA,0.5,0.8181818181818182,4,0.7142857142857143,1,NA,NA,1.75,0.4,NA,0,0,0,CD_M20262640606,6,2026-09-20,Richmond,CD_R202626406
CD_I1015124,19,MIDFIELDER_FORWARD,"https://s.afl.com.au/staticfile/AFL Tenant/AFL/Players/ChampIDImages/AFLW/2026264/1015124.png?im=Scale,width=0.6,height=0.6",Ruby,Tripodi,CD_T8466,NMFC,North Melbourne,Kangaroos,6,69.90000000000003,0,0,6,0,5,0,0,0,5,0,0,5,18,54,11,2,2,2,0,66.7,0,0,5,13,0,0,0,0,2,0,0,5,1,0,1,107,0,13,0,0,1,0,2,0,1,0,2,4,2,2,18,4,13,2026-09-20,data//AFLW_2026-09-20.csv,NA,NA,0.2777777777777778,0.6111111111111112,9,0.4,0.6923076923076923,NA,NA,0.38461538461538464,0.3076923076923077,NA,0,0.5454545454545454,0,CD_M20262640601,6,2026-09-18,Hawthorn,CD_R202626406
CD_I1015137,4,MIDFIELDER,"https://s.afl.com.au/staticfile/AFL Tenant/AFL/Players/ChampIDImages/AFLW/2026264/1015137.png?im=Scale,width=0.6,height=0.6",Isabelle,Pritchard,CD_T7387,WB,Western Bulldogs,Bulldogs,6,79.90000000000003,0,0,12,1,5,0,0,0,12,0,0,10,21,82,14,4,1,3,3,50,1,1,8,12,0,0,3,0,3,0,0,9,1,0,0,280,3,21,0,0,1,0,3,0,1,1,5,7,2,6,22,5,10,2026-09-20,data//AFLW_2026-09-20.csv,NA,NA,0.5454545454545454,0.6666666666666666,10,0.4444444444444444,0.8333333333333334,NA,NA,0.75,0.3333333333333333,NA,0,0.8571428571428571,0,CD_M20262640605,6,2026-09-19,Fremantle,CD_R202626406
CD_I1015147,26,MIDFIELDER,"https://s.afl.com.au/staticfile/AFL Tenant/AFL/Players/ChampIDImages/AFLW/2026264/1015147.png?im=Scale,width=0.6,height=0.6",Charlotte,Baskaran,CD_T8796,STK,St Kilda,St Kilda,6,86.29999999999995,0,0,0,0,7,0,0,0,4,1,0,6,7,22,2,1,1,4,1,50,0,1,3,2,0,0,0,0,2,0,0,5,0,0,0,103,2,14,0,0,0,0,2,0,2,1,0,2,0,0,7,7,3,2026-09-20,data//AFLW_2026-09-20.csv,NA,0,0.5714285714285714,0.2857142857142857,1,0.2,0.5,NA,NA,2.5,0.14285714285714285,NA,0,0,0,CD_M20262640608,6,2026-09-20,West Coast Eagles,CD_R202626406
CD_I1015152,18,MIDFIELDER,"https://s.afl.com.au/staticfile/AFL Tenant/AFL/Players/ChampIDImages/AFLW/2026264/1015152.png?im=Scale,width=0.6,height=0.6",Montana,Ham,CD_T9408,SYD,Sydney Swans,Swans,6,72.79999999999995,0,2,9,1,1,0,0,1,10,0,0,10,16,75,9,4,1,0,1,40,1,0,7,7,0,0,6,0,5,0,0,9,3,0,0,303,0,18,0,0,4,0,2,0,0,0,1,6,1,2,18,6,8,2026-09-20,data//AFLW_2026-09-20.csv,NA,NA,0.5555555555555556,0.5625,5,0.4444444444444444,0.7142857142857143,NA,NA,1.2857142857142858,0.3333333333333333,NA,0,0.8181818181818182,0,CD_M20262640604,6,2026-09-19,Port Adelaide,CD_R202626406
CD_I1015174,17,MEDIUM_DEFENDER,"https://s.afl.com.au/staticfile/AFL Tenant/AFL/Players/ChampIDImages/AFLW/2026264/1015174.png?im=Scale,width=0.6,height=0.6",Ash,Van Loon,CD_T9408,SYD,Sydney Swans,Swans,6,92.59999999999997,0,0,0,0,1,0,0,0,5,0,0,2,8,29,6,2,0,0,0,0,0,0,5,5,0,0,0,0,5,0,0,3,2,0,0,61,1,2,0,0,0,0,0,0,0,0,0,1,0,0,8,2,3,2026-09-20,data//AFLW_2026-09-20.csv,NA,NA,0.625,0.75,4,0.6666666666666666,0.8,NA,NA,0.6,0.5,NA,0,0,0,CD_M20262640604,6,2026-09-19,Port Adelaide,CD_R202626406
CD_I1015175,5,MIDFIELDER,"https://s.afl.com.au/staticfile/AFL Tenant/AFL/Players/ChampIDImages/AFLW/2026264/1015175.png?im=Scale,width=0.6,height=0.6",Tess,Craven,CD_T8466,NMFC,North Melbourne,Kangaroos,6,80.40000000000003,0,0,0,0,1,0,0,0,9,1,0,3,16,52,7,2,1,0,1,60,0,0,6,9,0,0,2,0,1,0,0,7,0,0,0,176,2,8,0,0,1,0,2,0,0,0,2,3,1,2,19,2,10,2026-09-20,data//AFLW_2026-09-20.csv,NA,0,0.47368421052631576,0.4375,5,0.2857142857142857,0.5555555555555556,NA,NA,0.7777777777777778,0.375,NA,0,0,0,CD_M20262640601,6,2026-09-18,Hawthorn,CD_R202626406
CD_I1015195,19,MEDIUM_DEFENDER,"https://s.afl.com.au/staticfile/AFL Tenant/AFL/Players/ChampIDImages/AFLW/2026264/1015195.png?im=Scale,width=0.6,height=0.6",Annie,Lee,CD_T8467,GEEL,Geelong Cats,Cats,3,77.89999999999998,0,0,0,0,5,0,0,1,2,0,0,3,9,29,4,4,0,2,0,0,1,0,1,1,0,0,4,0,1,0,0,8,3,0,1,168,2,5,0,0,0,0,5,0,1,1,0,0,0,0,9,2,7,2026-09-20,data//AFLW_2026-09-20.csv,NA,NA,0.2222222222222222,0.4444444444444444,0,0.5,0,NA,NA,8,0,NA,0,0,0,CD_M20262640602,6,2026-09-19,Collingwood,CD_R202626406
CD_I1016865,14,RUCK,"https://s.afl.com.au/staticfile/AFL Tenant/AFL/Players/ChampIDImages/AFLW/2026264/1016865.png?im=Scale,width=0.6,height=0.6",Poppy,Kelly,CD_T8788,RICH,Richmond,Richmond,6,52.299999999999955,0,0,13,1,3,0,0,0,1,1,0,2,7,36,6,5,0,1,0,100,1,0,0,2,10,3,2,0,2,0,0,5,2,0,0,144,1,5,0,0,0,21,3,0,0,0,0,1,0,1,7,2,6,2026-09-20,data//AFLW_2026-09-20.csv,NA,0,0.14285714285714285,0.8571428571428571,1,1,0.5,0.47619047619047616,0.14285714285714285,2.5,0.2,NA,0.3620689655172414,0.5909090909090909,0,CD_M20262640606,6,2026-09-20,GWS GIANTS,CD_R202626406
CD_I1016938,29,MEDIUM_FORWARD,"https://s.afl.com.au/staticfile/AFL Tenant/AFL/Players/ChampIDImages/AFLW/2026264/1016938.png?im=Scale,width=0.6,height=0.6",Ruby,Svarc,CD_T7887,BL,Brisbane Lions,Lions,5,83.6,2,0,0,0,2,0,0,0,5,0,0,8,12,69,5,2,2,0,1,37.5,0,0,4,5,0,0,3,0,2,0,0,7,1,0,1,149,0,15,0,0,0,0,4,0,2,0,0,8,2,0,11,3,6,2026-09-20,data//AFLW_2026-09-20.csv,NA,NA,0.45454545454545453,0.4166666666666667,3,0.2857142857142857,0.6,NA,NA,1.4,0.5333333333333333,NA,0,0,0,CD_M20262640609,6,2026-09-20,Adelaide Crows,CD_R202626406
CD_I1016971,25,MIDFIELDER,"https://s.afl.com.au/staticfile/AFL Tenant/AFL/Players/ChampIDImages/AFLW/2026264/1016971.png?im=Scale,width=0.6,height=0.6",Ellie,Gavalas,CD_T7387,WB,Western Bulldogs,Bulldogs,3,67.49999999999997,0,0,0,0,4,0,0,0,2,0,0,5,12,39,8,1,0,1,0,0,0,0,2,8,0,0,2,0,3,0,0,4,2,0,0,115,0,15,0,0,1,0,1,0,0,0,0,2,1,0,12,4,10,2026-09-20,data//AFLW_2026-09-20.csv,NA,NA,0.16666666666666666,0.6666666666666666,7,0.25,0.875,NA,NA,0.5,0.13333333333333333,NA,0,0,0,CD_M20262640605,6,2026-09-19,Fremantle,CD_R202626406
CD_I1017023,15,KEY_DEFENDER,"https://s.afl.com.au/staticfile/AFL Tenant/AFL/Players/ChampIDImages/AFLW/2026264/1017023.png?im=Scale,width=0.6,height=0.6",Rebecca,Miller,CD_T8788,RICH,Richmond,Richmond,5,56.5,0,0,0,0,1,0,0,0,3,0,0,1,7,22,6,1,0,0,0,0,0,0,3,5,0,0,0,0,3,0,0,2,2,0,0,64,1,1,0,0,2,0,0,0,0,1,0,0,0,0,7,1,4,2026-09-20,data//AFLW_2026-09-20.csv,NA,NA,0.42857142857142855,0.8571428571428571,5,0.5,1,NA,NA,0.4,0,NA,0,0,0,CD_M20262640606,6,2026-09-20,GWS GIANTS,CD_R202626406
CD_I1017025,28,KEY_FORWARD,"https://s.afl.com.au/staticfile/AFL Tenant/AFL/Players/ChampIDImages/AFLW/2026264/1017025.png?im=Scale,width=0.6,height=0.6",Gabby,Seymour,CD_T8788,RICH,Richmond,Richmond,6,86.20000000000005,2,0,8,1,3,0,0,1,9,0,0,1,15,99,9,4,4,1,3,41.7,2,3,6,5,15,5,1,0,4,0,0,10,4,2,2,203,1,5,0,0,1,29,9,0,6,0,2,3,2,3,14,4,5,2026-09-20,data//AFLW_2026-09-20.csv,NA,NA,0.6428571428571429,0.6,5,0.4,1,0.5172413793103449,0.1724137931034483,2,0.6,NA,0.5,0.36363636363636365,0,CD_M20262640606,6,2026-09-20,GWS GIANTS,CD_R202626406
CD_I1017286,33,MEDIUM_DEFENDER,"https://s.afl.com.au/staticfile/AFL Tenant/AFL/Players/ChampIDImages/AFLW/2026264/1017286.png?im=Scale,width=0.6,height=0.6",Emily,Pease,CD_T7889,GWS,GWS GIANTS,GIANTS,4,73.5,0,0,0,0,1,1,3,0,4,0,0,4,16,56,10,8,0,0,0,0,0,0,4,4,0,0,0,0,6,5,5,12,4,0,0,319,2,6,0,0,8,0,0,0,0,2,0,0,0,0,10,5,6,2026-09-20,data//AFLW_2026-09-20.csv,0.3333333333333333,NA,0.4,0.625,2,0.6666666666666666,0.5,NA,NA,3,0,1,0,0,0.35714285714285715,CD_M20262640606,6,2026-09-20,Richmond,CD_R202626406
CD_I1017292,18,MEDIUM_FORWARD,"https://s.afl.com.au/staticfile/AFL Tenant/AFL/Players/ChampIDImages/AFLW/2026264/1017292.png?im=Scale,width=0.6,height=0.6",Tarni,Evans,CD_T7889,GWS,GWS GIANTS,GIANTS,6,88.79999999999995,0,0,0,0,2,0,0,0,3,1,1,4,9,47,6,4,1,1,0,50,1,1,3,3,0,0,3,0,2,0,0,6,4,0,0,214,0,6,0,0,0,0,2,0,1,0,1,2,1,1,10,1,7,2026-09-20,data//AFLW_2026-09-20.csv,NA,1,0.3,0.6666666666666666,2,0.6666666666666666,0.6666666666666666,NA,NA,2,0.3333333333333333,NA,0,0,0,CD_M20262640606,6,2026-09-20,Richmond,CD_R202626406
CD_I1017314,20,MEDIUM_DEFENDER,"https://s.afl.com.au/staticfile/AFL Tenant/AFL/Players/ChampIDImages/AFLW/2026264/1017314.png?im=Scale,width=0.6,height=0.6",Daisy,D'Arcy,CD_T8786,GCFC,Gold Coast SUNS,SUNS,6,81,1,1,0,0,5,0,0,0,9,0,0,13,22,85,11,6,0,1,1,0,0,0,7,7,0,0,5,0,8,3,3,15,1,0,0,529,1,18,0,0,5,0,1,0,1,0,0,6,0,0,20,9,11,2026-09-20,data//AFLW_2026-09-20.csv,NA,NA,0.45,0.5,5,0.4,0.7142857142857143,NA,NA,2.142857142857143,0.3333333333333333,1,0,0,0.75,CD_M20262640607,6,2026-09-20,Essendon,CD_R202626406
CD_I1017333,6,MIDFIELDER,"https://s.afl.com.au/staticfile/AFL Tenant/AFL/Players/ChampIDImages/AFLW/2026264/1017333.png?im=Scale,width=0.6,height=0.6",Isabella,Lewis,CD_T8787,WCE,West Coast Eagles,Eagles,6,78.09999999999997,0,0,10,0,4,0,0,0,5,0,0,4,13,55,8,4,1,1,2,25,0,0,2,4,0,0,1,0,2,0,0,9,3,1,1,214,0,9,0,0,1,0,1,0,0,0,2,3,1,2,14,5,9,2026-09-20,data//AFLW_2026-09-20.csv,NA,NA,0.35714285714285715,0.6153846153846154,4,0.4444444444444444,1,NA,NA,2.25,0.3333333333333333,NA,0,0.8333333333333334,0,CD_M20262640608,6,2026-09-20,St Kilda,CD_R202626406
CD_I1017347,21,RUCK,"https://s.afl.com.au/staticfile/AFL Tenant/AFL/Players/ChampIDImages/AFLW/2026264/1017347.png?im=Scale,width=0.6,height=0.6",Mim,Strom,CD_T7886,FRE,Fremantle,Freo,5,86.5,1,0,12,0,5,0,0,1,10,1,0,6,20,82,12,5,1,2,2,50,1,0,5,9,13,6,3,0,5,0,0,11,3,0,0,231,0,19,0,0,0,48,3,0,1,0,2,3,0,2,19,6,9,2026-09-20,data//AFLW_2026-09-20.csv,NA,0,0.5263157894736842,0.6,7,0.45454545454545453,0.7777777777777778,0.2708333333333333,0.125,1.2222222222222223,0.15789473684210525,NA,0.7619047619047619,0.8571428571428571,0,CD_M20262640605,6,2026-09-19,Western Bulldogs,CD_R202626406
CD_I1018403,4,MIDFIELDER,"https://s.afl.com.au/staticfile/AFL Tenant/AFL/Players/ChampIDImages/AFLW/2026264/1018403.png?im=Scale,width=0.6,height=0.6",Eilish,Sheerin,CD_T8466,NMFC,North Melbourne,Kangaroos,5,71.89999999999998,1,0,9,2,6,0,0,0,11,0,0,6,31,85,17,4,1,3,0,37.5,0,0,10,15,0,0,4,0,6,0,0,16,1,0,0,506,0,10,0,0,2,0,4,0,4,0,3,3,0,5,30,9,19,2026-09-20,data//AFLW_2026-09-20.csv,NA,NA,0.36666666666666664,0.5483870967741935,13,0.25,0.8666666666666667,NA,NA,1.0666666666666667,0.3,NA,0,0.8181818181818182,0,CD_M20262640601,6,2026-09-18,Hawthorn,CD_R202626406
CD_I1018405,5,KEY_FORWARD,"https://s.afl.com.au/staticfile/AFL Tenant/AFL/Players/ChampIDImages/AFLW/2026264/1018405.png?im=Scale,width=0.6,height=0.6",Jacqueline,Parry,CD_T8467,GEEL,Geelong Cats,Cats,6,89.79999999999995,0,0,0,0,2,0,0,4,9,3,3,2,15,77,9,8,4,1,1,85.7,0,1,4,5,0,0,1,0,2,0,0,10,7,2,2,177,1,8,0,0,0,0,3,0,1,1,0,3,2,0,14,4,5,2026-09-20,data//AFLW_2026-09-20.csv,NA,1,0.6428571428571429,0.6,1,0.8,0.2,NA,NA,2,0.375,NA,0,0,0,CD_M20262640602,6,2026-09-19,Collingwood,CD_R202626406
CD_I1018874,23,MIDFIELDER,"https://s.afl.com.au/staticfile/AFL Tenant/AFL/Players/ChampIDImages/AFLW/2026264/1018874.png?im=Scale,width=0.6,height=0.6",Niamh,Kelly,CD_T8098,ADEL,Adelaide Crows,Crows,6,87.20000000000005,0,0,0,0,5,0,0,0,5,0,0,9,19,61,10,3,1,1,0,33.3,0,0,5,9,0,0,2,0,3,0,0,10,0,0,0,345,2,18,0,0,1,0,0,0,0,1,2,4,2,2,15,6,10,2026-09-20,data//AFLW_2026-09-20.csv,NA,NA,0.3333333333333333,0.5263157894736842,7,0.3,0.7777777777777778,NA,NA,1.1111111111111112,0.2222222222222222,NA,0,0,0,CD_M20262640609,6,2026-09-20,Brisbane Lions,CD_R202626406
CD_I1018875,20,MIDFIELDER,"https://s.afl.com.au/staticfile/AFL Tenant/AFL/Players/ChampIDImages/AFLW/2026264/1018875.png?im=Scale,width=0.6,height=0.6",Grace,Kelly,CD_T8098,ADEL,Adelaide Crows,Crows,4,83.29999999999995,3,1,0,1,3,0,0,2,11,0,0,3,18,81,7,5,1,0,1,40,0,1,7,4,0,0,5,0,8,0,0,14,3,1,0,427,3,18,0,0,3,0,5,0,4,1,0,3,0,1,19,8,8,2026-09-20,data//AFLW_2026-09-20.csv,NA,NA,0.5789473684210527,0.3888888888888889,2,0.35714285714285715,0.5,NA,NA,3.5,0.16666666666666666,NA,0,0,0,CD_M20262640609,6,2026-09-20,Brisbane Lions,CD_R202626406
CD_I1018955,7,MIDFIELDER,"https://s.afl.com.au/staticfile/AFL Tenant/AFL/Players/ChampIDImages/AFLW/2026264/1018955.png?im=Scale,width=0.6,height=0.6",Kate,Surman,CD_T8467,GEEL,Geelong Cats,Cats,3,65.39999999999998,1,0,0,0,3,0,0,0,6,1,0,1,15,54,11,4,2,2,0,50,0,1,6,10,0,0,1,0,3,0,0,5,2,0,0,71,0,5,0,0,2,0,8,0,2,0,1,3,2,1,15,5,9,2026-09-20,data//AFLW_2026-09-20.csv,NA,0,0.4,0.7333333333333333,7,0.8,0.7,NA,NA,0.5,0.6,NA,0,0,0,CD_M20262640602,6,2026-09-19,Collingwood,CD_R202626406
CD_I1019034,9,MIDFIELDER,"https://s.afl.com.au/staticfile/AFL Tenant/AFL/Players/ChampIDImages/AFLW/2026264/1019034.png?im=Scale,width=0.6,height=0.6",Orla,O'Dwyer,CD_T7887,BL,Brisbane Lions,Lions,6,90.20000000000005,0,0,0,1,1,0,0,0,8,0,0,14,19,80,6,5,0,0,1,80,1,1,7,4,0,0,2,0,4,0,0,15,0,0,0,283,1,24,0,0,3,0,3,0,1,0,2,5,1,3,16,4,8,2026-09-20,data//AFLW_2026-09-20.csv,NA,NA,0.5,0.3157894736842105,1,0.3333333333333333,0.25,NA,NA,3.75,0.20833333333333334,NA,0,0,0,CD_M20262640609,6,2026-09-20,Adelaide Crows,CD_R202626406
CD_I1019053,25,MIDFIELDER,"https://s.afl.com.au/staticfile/AFL Tenant/AFL/Players/ChampIDImages/AFLW/2026264/1019053.png?im=Scale,width=0.6,height=0.6",Catherine,Svarc,CD_T7887,BL,Brisbane Lions,Lions,6,85.29999999999995,0,0,5,0,3,0,0,1,6,1,1,3,10,47,5,2,2,0,0,27.3,0,1,5,4,0,0,2,0,2,0,0,6,1,1,0,184,2,10,0,0,0,0,3,0,1,1,0,3,1,0,10,4,4,2026-09-20,data//AFLW_2026-09-20.csv,NA,1,0.6,0.5,3,0.3333333333333333,0.75,NA,NA,1.5,0.3,NA,0,0.38461538461538464,0,CD_M20262640609,6,2026-09-20,Adelaide Crows,CD_R202626406
CD_I1019057,14,KEY_FORWARD,"https://s.afl.com.au/staticfile/AFL Tenant/AFL/Players/ChampIDImages/AFLW/2026264/1019057.png?im=Scale,width=0.6,height=0.6",Dakota,Davidson,CD_T7887,BL,Brisbane Lions,Lions,5,93.60000000000002,1,0,0,0,2,0,0,0,3,1,0,3,5,23,0,0,1,0,1,43.8,0,0,2,1,3,1,0,0,0,0,0,4,0,0,0,16,0,7,0,0,0,3,2,0,1,0,1,1,1,1,4,2,1,2026-09-20,data//AFLW_2026-09-20.csv,NA,0,0.75,0,0,0,0,1,0.3333333333333333,4,0.14285714285714285,NA,0.04411764705882353,0,0,CD_M20262640609,6,2026-09-20,Adelaide Crows,CD_R202626406
CD_I1019059,9,MIDFIELDER,"https://s.afl.com.au/staticfile/AFL Tenant/AFL/Players/ChampIDImages/AFLW/2026264/1019059.png?im=Scale,width=0.6,height=0.6",Maria,Moloney,CD_T9409,PORT,Port Adelaide,Power,6,81.09999999999997,0,0,11,2,3,0,0,0,7,0,0,2,18,68,8,3,0,0,0,0,0,0,7,7,0,0,2,0,2,0,0,11,3,0,1,238,1,9,0,0,3,0,3,0,0,0,1,3,0,3,18,4,11,2026-09-20,data//AFLW_2026-09-20.csv,NA,NA,0.3888888888888889,0.4444444444444444,5,0.2727272727272727,0.7142857142857143,NA,NA,1.5714285714285714,0.3333333333333333,NA,0,1,0,CD_M20262640604,6,2026-09-19,Sydney Swans,CD_R202626406
CD_I1019435,21,MEDIUM_DEFENDER,"https://s.afl.com.au/staticfile/AFL Tenant/AFL/Players/ChampIDImages/AFLW/2026264/1019435.png?im=Scale,width=0.6,height=0.6",Lauren,Clifton,CD_T7386,MELB,Melbourne,Demons,4,53.19999999999996,0,0,0,0,0,0,0,0,2,0,0,1,8,35,6,5,0,0,0,0,0,0,2,2,0,0,3,0,2,0,0,6,3,0,1,264,0,2,0,0,1,0,3,0,0,0,0,1,0,0,8,1,6,2026-09-20,data//AFLW_2026-09-20.csv,NA,NA,0.25,0.75,1,0.8333333333333334,0.5,NA,NA,3,0.5,NA,0,0,0,CD_M20262640603,6,2026-09-19,Carlton,CD_R202626406
CD_I1019456,7,MEDIUM_FORWARD,"https://s.afl.com.au/staticfile/AFL Tenant/AFL/Players/ChampIDImages/AFLW/2026264/1019456.png?im=Scale,width=0.6,height=0.6",Keeley,Kustermann,CD_T8098,ADEL,Adelaide Crows,Crows,6,65.79999999999995,0,0,0,0,1,0,0,0,1,0,0,6,5,33,3,3,0,0,0,0,0,0,1,0,0,0,1,0,1,0,0,5,2,0,1,85,0,8,0,0,0,0,1,0,0,0,0,3,0,0,5,0,4,2026-09-20,data//AFLW_2026-09-20.csv,NA,NA,0.2,0.6,0,0.6,NA,NA,NA,Inf,0.375,NA,0,0,0,CD_M20262640609,6,2026-09-20,Brisbane Lions,CD_R202626406
CD_I1019509,44,MIDFIELDER_FORWARD,"https://s.afl.com.au/staticfile/AFL Tenant/AFL/Players/ChampIDImages/AFLW/2026264/1019509.png?im=Scale,width=0.6,height=0.6",Katelyn,Pope,CD_T9409,PORT,Port Adelaide,Power,6,75.40000000000003,0,0,0,0,2,0,0,0,6,0,0,3,15,66,12,8,4,0,0,60,0,1,6,5,0,0,2,0,4,0,0,10,4,0,0,240,0,13,0,0,0,0,4,0,1,0,0,2,1,0,14,3,8,2026-09-20,data//AFLW_2026-09-20.csv,NA,NA,0.42857142857142855,0.8,4,0.8,0.8,NA,NA,2,0.15384615384615385,NA,0,0,0,CD_M20262640604,6,2026-09-19,Sydney Swans,CD_R202626406
CD_I1019700,17,KEY_FORWARD,"https://s.afl.com.au/staticfile/AFL Tenant/AFL/Players/ChampIDImages/AFLW/2026264/1019700.png?im=Scale,width=0.6,height=0.6",Mackenzie,Eardley,CD_T9407,HAW,Hawthorn,Hawks,3,67.19999999999999,2,0,1,0,3,0,0,0,5,1,0,0,9,37,2,1,0,0,0,33.3,0,0,4,4,2,1,2,0,2,0,0,5,2,1,1,184,1,7,0,0,0,4,2,0,2,0,0,1,1,0,10,3,5,2026-09-20,data//AFLW_2026-09-20.csv,NA,0,0.5,0.2222222222222222,1,0.2,0.25,0.5,0.25,1.25,0.14285714285714285,NA,0.08695652173913043,0.09090909090909091,0,CD_M20262640601,6,2026-09-18,North Melbourne,CD_R202626406
CD_I1019702,40,MIDFIELDER,"https://s.afl.com.au/staticfile/AFL Tenant/AFL/Players/ChampIDImages/AFLW/2026264/1019702.png?im=Scale,width=0.6,height=0.6",Jorja,Livingstone,CD_T7386,MELB,Melbourne,Demons,1,50.2,0,0,0,0,1,0,0,0,0,1,0,0,4,13,3,2,0,1,0,100,0,1,0,2,0,0,1,0,0,0,0,2,0,0,0,49,0,0,0,0,0,0,2,0,1,0,0,0,0,0,4,2,4,2026-09-20,data//AFLW_2026-09-20.csv,NA,0,0,0.75,1,1,0.5,NA,NA,1,NA,NA,0,0,0,CD_M20262640603,6,2026-09-19,Carlton,CD_R202626406
CD_I1019705,28,MEDIUM_DEFENDER,"https://s.afl.com.au/staticfile/AFL Tenant/AFL/Players/ChampIDImages/AFLW/2026264/1019705.png?im=Scale,width=0.6,height=0.6",Mia,Busch,CD_T9406,ESS,Essendon,Bombers,6,72.79999999999995,0,0,0,0,1,0,0,0,3,0,0,5,13,48,9,3,2,0,1,0,0,0,3,8,0,0,1,0,0,0,0,5,0,0,0,69,0,10,0,0,1,0,1,0,0,0,0,4,2,0,13,3,10,2026-09-20,data//AFLW_2026-09-20.csv,NA,NA,0.23076923076923078,0.6923076923076923,6,0.6,0.75,NA,NA,0.625,0.4,NA,0,0,0,CD_M20262640607,6,2026-09-20,Gold Coast SUNS,CD_R202626406
CD_I1019711,25,MIDFIELDER,"https://s.afl.com.au/staticfile/AFL Tenant/AFL/Players/ChampIDImages/AFLW/2026264/1019711.png?im=Scale,width=0.6,height=0.6",Keeley,Sherar,CD_T8096,CARL,Carlton,Blues,4,80.99999999999997,1,0,6,0,6,0,0,1,6,0,0,5,17,87,8,2,0,1,2,0,0,0,4,9,0,0,2,0,2,0,0,8,3,0,0,232,5,17,0,0,1,0,4,0,2,3,2,9,2,2,17,6,11,2026-09-20,data//AFLW_2026-09-20.csv,NA,NA,0.35294117647058826,0.47058823529411764,6,0.25,0.6666666666666666,NA,NA,0.8888888888888888,0.5294117647058824,NA,0,0.4,0,CD_M20262640603,6,2026-09-19,Melbourne,CD_R202626406
CD_I1019713,1,RUCK,"https://s.afl.com.au/staticfile/AFL Tenant/AFL/Players/ChampIDImages/AFLW/2026264/1019713.png?im=Scale,width=0.6,height=0.6",Georgia,Campbell,CD_T7386,MELB,Melbourne,Demons,6,79.29999999999995,0,0,10,1,3,0,1,0,7,0,0,3,14,73,7,3,0,0,1,0,0,0,5,5,14,5,2,0,4,0,0,9,3,0,0,160,3,12,0,0,1,25,1,0,0,1,0,3,0,1,14,5,7,2026-09-20,data//AFLW_2026-09-20.csv,0,NA,0.5,0.5,4,0.3333333333333333,0.8,0.56,0.2,1.8,0.25,NA,0.5319148936170213,0.6666666666666666,0,CD_M20262640603,6,2026-09-19,Carlton,CD_R202626406
CD_I1019724,30,MIDFIELDER,"https://s.afl.com.au/staticfile/AFL Tenant/AFL/Players/ChampIDImages/AFLW/2026264/1019724.png?im=Scale,width=0.6,height=0.6",Carly,Remmos,CD_T8097,COLL,Collingwood,Magpies,6,82.5,0,0,4,1,4,0,0,0,8,0,0,12,15,67,7,4,2,2,2,0,0,0,5,4,0,0,3,0,4,0,0,11,2,0,0,149,0,19,0,0,1,0,1,0,1,0,2,6,2,3,15,6,7,2026-09-20,data//AFLW_2026-09-20.csv,NA,NA,0.5333333333333333,0.4666666666666667,3,0.36363636363636365,0.75,NA,NA,2.75,0.3157894736842105,NA,0,0.16,0,CD_M20262640602,6,2026-09-19,Geelong Cats,CD_R202626406
CD_I1019736,11,MIDFIELDER,"https://s.afl.com.au/staticfile/AFL Tenant/AFL/Players/ChampIDImages/AFLW/2026264/1019736.png?im=Scale,width=0.6,height=0.6",Yasmin,Duursma,CD_T8096,CARL,Carlton,Blues,6,51.700000000000045,0,0,0,0,1,0,0,0,1,0,0,3,4,14,2,2,0,0,0,33.3,0,0,1,2,0,0,1,0,2,0,0,2,0,0,0,61,0,4,0,0,0,0,0,0,0,0,0,1,0,0,3,1,2,2026-09-20,data//AFLW_2026-09-20.csv,NA,NA,0.3333333333333333,0.5,0,1,0,NA,NA,1,0.25,NA,0,0,0,CD_M20262640603,6,2026-09-19,Melbourne,CD_R202626406
CD_I1019806,43,MEDIUM_DEFENDER,"https://s.afl.com.au/staticfile/AFL Tenant/AFL/Players/ChampIDImages/AFLW/2026264/1019806.png?im=Scale,width=0.6,height=0.6",Jemma,Rigoni,CD_T8097,COLL,Collingwood,Magpies,5,48.89999999999998,0,0,0,0,1,0,0,0,2,0,0,6,5,25,3,2,1,0,0,100,1,1,1,3,0,0,0,0,2,0,0,2,1,1,0,93,1,9,0,0,0,0,4,0,1,0,0,1,0,0,6,1,4,2026-09-20,data//AFLW_2026-09-20.csv,NA,NA,0.3333333333333333,0.6,1,1,0.3333333333333333,NA,NA,0.6666666666666666,0.1111111111111111,NA,0,0,0,CD_M20262640602,6,2026-09-19,Geelong Cats,CD_R202626406
CD_I1019811,6,MEDIUM_FORWARD,"https://s.afl.com.au/staticfile/AFL Tenant/AFL/Players/ChampIDImages/AFLW/2026264/1019811.png?im=Scale,width=0.6,height=0.6",Alice,O'Loughlin,CD_T8466,NMFC,North Melbourne,Kangaroos,6,77.90000000000003,0,0,0,0,3,0,0,0,7,1,1,3,18,75,10,4,3,0,0,38.5,0,0,7,9,0,0,2,0,2,0,0,9,6,2,2,237,0,12,0,0,1,0,4,0,1,0,1,3,1,1,18,7,11,2026-09-20,data//AFLW_2026-09-20.csv,NA,1,0.3888888888888889,0.5555555555555556,6,0.4444444444444444,0.6666666666666666,NA,NA,1,0.25,NA,0,0,0,CD_M20262640601,6,2026-09-18,Hawthorn,CD_R202626406
CD_I1019819,24,MEDIUM_DEFENDER,"https://s.afl.com.au/staticfile/AFL Tenant/AFL/Players/ChampIDImages/AFLW/2026264/1019819.png?im=Scale,width=0.6,height=0.6",Brooke,Vickers,CD_T8096,CARL,Carlton,Blues,5,59.099999999999994,0,0,0,0,2,0,0,0,1,0,0,3,6,23,3,1,0,1,0,0,0,0,0,2,0,0,0,0,1,0,0,4,2,0,0,61,3,3,0,0,1,0,0,0,0,1,0,1,0,0,6,1,5,2026-09-20,data//AFLW_2026-09-20.csv,NA,NA,0.16666666666666666,0.5,2,0.25,1,NA,NA,2,0.3333333333333333,NA,0,0,0,CD_M20262640603,6,2026-09-19,Melbourne,CD_R202626406
CD_I1019821,5,MIDFIELDER_FORWARD,"https://s.afl.com.au/staticfile/AFL Tenant/AFL/Players/ChampIDImages/AFLW/2026264/1019821.png?im=Scale,width=0.6,height=0.6",Jasmine,Fleming,CD_T9407,HAW,Hawthorn,Hawks,5,76,0,0,10,0,3,0,0,0,9,0,0,13,25,95,14,10,1,0,2,20,0,0,6,5,0,0,4,0,3,0,0,20,5,0,2,405,0,20,0,0,0,0,3,0,1,0,4,2,0,4,25,7,16,2026-09-20,data//AFLW_2026-09-20.csv,NA,NA,0.36,0.56,4,0.5,0.8,NA,NA,4,0.1,NA,0,0.9090909090909091,0,CD_M20262640601,6,2026-09-18,North Melbourne,CD_R202626406
CD_I1019828,9,MEDIUM_DEFENDER,"https://s.afl.com.au/staticfile/AFL Tenant/AFL/Players/ChampIDImages/AFLW/2026264/1019828.png?im=Scale,width=0.6,height=0.6",Keely,Coyne,CD_T9407,HAW,Hawthorn,Hawks,5,76.80000000000001,0,0,0,0,1,0,0,0,4,0,0,2,13,45,8,6,0,0,0,0,0,0,4,3,0,0,0,0,3,0,0,10,3,0,0,221,0,11,0,0,0,0,4,0,0,0,1,0,0,1,13,5,9,2026-09-20,data//AFLW_2026-09-20.csv,NA,NA,0.3076923076923077,0.6153846153846154,2,0.6,0.6666666666666666,NA,NA,3.3333333333333335,0,NA,0,0,0,CD_M20262640601,6,2026-09-18,North Melbourne,CD_R202626406
CD_I1019830,19,MEDIUM_FORWARD,"https://s.afl.com.au/staticfile/AFL Tenant/AFL/Players/ChampIDImages/AFLW/2026264/1019830.png?im=Scale,width=0.6,height=0.6",Bridie,Hipwell,CD_T9407,HAW,Hawthorn,Hawks,4,47.89999999999998,0,0,0,1,2,0,0,0,5,0,0,1,9,27,6,2,1,1,0,0,0,0,5,5,0,0,1,0,3,0,0,4,0,0,0,95,0,7,0,0,0,0,0,0,0,0,1,2,1,2,10,3,5,2026-09-20,data//AFLW_2026-09-20.csv,NA,NA,0.5,0.6666666666666666,4,0.5,0.8,NA,NA,0.8,0.2857142857142857,NA,0,0,0,CD_M20262640601,6,2026-09-18,North Melbourne,CD_R202626406
CD_I1019883,20,MEDIUM_DEFENDER,"https://s.afl.com.au/staticfile/AFL Tenant/AFL/Players/ChampIDImages/AFLW/2026264/1019883.png?im=Scale,width=0.6,height=0.6",Laura,Elliott,CD_T9407,HAW,Hawthorn,Hawks,6,86.70000000000005,0,0,0,0,3,1,1,0,6,0,0,3,14,35,9,8,1,2,0,0,0,0,5,4,0,0,1,0,6,6,6,10,1,0,0,266,2,3,0,0,7,0,1,0,0,1,1,0,0,1,9,5,3,2026-09-20,data//AFLW_2026-09-20.csv,1,NA,0.6666666666666666,0.6428571428571429,1,0.8,0.25,NA,NA,2.5,0,1,0,0,0.8571428571428571,CD_M20262640601,6,2026-09-18,North Melbourne,CD_R202626406
CD_I1019887,1,MEDIUM_DEFENDER,"https://s.afl.com.au/staticfile/AFL Tenant/AFL/Players/ChampIDImages/AFLW/2026264/1019887.png?im=Scale,width=0.6,height=0.6",Amelia,Velardo,CD_T8096,CARL,Carlton,Blues,6,71.70000000000005,0,0,0,0,2,0,0,0,5,0,0,8,16,58,13,11,0,0,2,0,0,0,2,3,0,0,0,0,4,8,8,13,1,0,0,402,1,11,0,0,10,0,2,0,0,0,0,2,0,0,9,5,4,2026-09-20,data//AFLW_2026-09-20.csv,NA,NA,0.5555555555555556,0.8125,2,0.8461538461538461,0.6666666666666666,NA,NA,4.333333333333333,0.18181818181818182,1,0,0,0.8,CD_M20262640603,6,2026-09-19,Melbourne,CD_R202626406
CD_I1021365,1,KEY_DEFENDER,"https://s.afl.com.au/staticfile/AFL Tenant/AFL/Players/ChampIDImages/AFLW/2026264/1021365.png?im=Scale,width=0.6,height=0.6",Annabel,Kievit,CD_T8786,GCFC,Gold Coast SUNS,SUNS,6,82.20000000000005,0,0,0,0,3,1,1,0,2,0,0,7,7,29,4,1,0,1,0,0,0,0,2,4,0,0,0,0,6,0,0,3,1,0,0,75,0,10,0,0,1,0,1,0,0,0,0,3,0,0,5,0,3,2026-09-20,data//AFLW_2026-09-20.csv,1,NA,0.4,0.5714285714285714,3,0.3333333333333333,0.75,NA,NA,0.75,0.3,NA,0,0,0,CD_M20262640607,6,2026-09-20,Essendon,CD_R202626406
CD_I1021399,30,MEDIUM_DEFENDER,"https://s.afl.com.au/staticfile/AFL Tenant/AFL/Players/ChampIDImages/AFLW/2026264/1021399.png?im=Scale,width=0.6,height=0.6",Jessica,Low,CD_T7886,FRE,Fremantle,Freo,6,87.79999999999995,0,0,0,0,3,0,2,1,9,0,0,5,17,56,12,6,0,1,1,0,0,0,7,9,0,0,2,0,10,0,0,8,4,0,0,202,2,6,0,0,4,0,0,0,0,2,0,1,0,0,16,2,7,2026-09-20,data//AFLW_2026-09-20.csv,0,NA,0.5625,0.7058823529411765,6,0.75,0.6666666666666666,NA,NA,0.8888888888888888,0.16666666666666666,NA,0,0,0,CD_M20262640605,6,2026-09-19,Western Bulldogs,CD_R202626406
CD_I1021409,16,KEY_DEFENDER,"https://s.afl.com.au/staticfile/AFL Tenant/AFL/Players/ChampIDImages/AFLW/2026264/1021409.png?im=Scale,width=0.6,height=0.6",Matilda,Dyke,CD_T9406,ESS,Essendon,Bombers,6,96.29999999999995,0,0,1,0,2,1,2,0,4,0,0,3,7,32,2,2,0,0,0,0,0,0,3,2,0,0,1,0,5,0,0,5,3,0,0,131,4,5,0,0,0,6,0,0,0,2,0,1,0,0,7,3,3,2026-09-20,data//AFLW_2026-09-20.csv,0.5,NA,0.5714285714285714,0.2857142857142857,0,0.4,0,0,0,2.5,0.2,NA,0.08450704225352113,0.08333333333333333,0,CD_M20262640607,6,2026-09-20,Gold Coast SUNS,CD_R202626406
CD_I1021410,21,MIDFIELDER,"https://s.afl.com.au/staticfile/AFL Tenant/AFL/Players/ChampIDImages/AFLW/2026264/1021410.png?im=Scale,width=0.6,height=0.6",Dana,East,CD_T8788,RICH,Richmond,Richmond,6,72.09999999999997,0,0,11,2,1,0,1,0,9,0,0,5,17,58,9,1,1,0,1,0,0,0,7,13,0,0,2,0,3,0,0,4,1,0,0,124,2,17,0,0,1,0,5,0,0,1,0,4,0,2,17,2,8,2026-09-20,data//AFLW_2026-09-20.csv,0,NA,0.5294117647058824,0.5294117647058824,8,0.25,0.6153846153846154,NA,NA,0.3076923076923077,0.23529411764705882,NA,0,0.5,0,CD_M20262640606,6,2026-09-20,GWS GIANTS,CD_R202626406
CD_I1021411,19,KEY_FORWARD,"https://s.afl.com.au/staticfile/AFL Tenant/AFL/Players/ChampIDImages/AFLW/2026264/1021411.png?im=Scale,width=0.6,height=0.6",Amy,Franklin,CD_T8787,WCE,West Coast Eagles,Eagles,6,89.29999999999995,0,0,0,0,6,0,0,0,3,1,0,0,8,34,5,4,2,2,0,64.3,0,2,3,2,0,0,5,0,1,0,0,6,2,0,1,229,1,9,0,0,0,1,4,0,2,1,0,0,0,0,8,6,5,2026-09-20,data//AFLW_2026-09-20.csv,NA,0,0.375,0.625,1,0.6666666666666666,0.5,0,0,3,0,NA,0.020833333333333332,0,0,CD_M20262640608,6,2026-09-20,St Kilda,CD_R202626406
CD_I1021412,21,MIDFIELDER,"https://s.afl.com.au/staticfile/AFL Tenant/AFL/Players/ChampIDImages/AFLW/2026264/1021412.png?im=Scale,width=0.6,height=0.6",Maggie,MacLachlan,CD_T9406,ESS,Essendon,Bombers,5,83.19999999999999,0,0,0,0,2,0,0,0,2,1,1,6,9,27,5,2,0,1,0,0,0,0,2,4,0,0,1,0,1,0,0,5,1,0,0,132,0,8,0,0,0,0,0,0,0,0,1,1,1,1,7,2,5,2026-09-20,data//AFLW_2026-09-20.csv,NA,1,0.2857142857142857,0.5555555555555556,3,0.4,0.75,NA,NA,1.25,0.125,NA,0,0,0,CD_M20262640607,6,2026-09-20,Gold Coast SUNS,CD_R202626406
CD_I1021416,30,KEY_DEFENDER,"https://s.afl.com.au/staticfile/AFL Tenant/AFL/Players/ChampIDImages/AFLW/2026264/1021416.png?im=Scale,width=0.6,height=0.6",Beth,Schilling,CD_T8787,WCE,West Coast Eagles,Eagles,2,48.599999999999994,0,0,0,0,2,0,1,0,4,0,0,3,3,15,0,0,0,0,0,0,0,0,4,2,0,0,0,0,3,0,0,1,0,0,0,-21,1,5,0,0,0,0,0,0,0,1,0,2,0,0,4,1,0,2026-09-20,data//AFLW_2026-09-20.csv,0,NA,1,0,0,0,0,NA,NA,0.5,0.4,NA,0,0,0,CD_M20262640608,6,2026-09-20,St Kilda,CD_R202626406
CD_I1021417,28,MEDIUM_FORWARD,"https://s.afl.com.au/staticfile/AFL Tenant/AFL/Players/ChampIDImages/AFLW/2026264/1021417.png?im=Scale,width=0.6,height=0.6",Poppy,Stockwell,CD_T9407,HAW,Hawthorn,Hawks,6,69.09999999999997,3,0,0,0,1,0,0,0,6,0,0,1,13,64,9,5,2,0,0,42.9,0,1,5,5,0,0,4,0,4,0,0,8,3,2,1,219,1,9,0,0,0,0,4,0,4,1,1,3,2,1,13,3,7,2026-09-20,data//AFLW_2026-09-20.csv,NA,NA,0.46153846153846156,0.6923076923076923,4,0.625,0.8,NA,NA,1.6,0.3333333333333333,NA,0,0,0,CD_M20262640601,6,2026-09-18,North Melbourne,CD_R202626406
CD_I1021419,3,MEDIUM_DEFENDER,"https://s.afl.com.au/staticfile/AFL Tenant/AFL/Players/ChampIDImages/AFLW/2026264/1021419.png?im=Scale,width=0.6,height=0.6",Charlotte,Thomas,CD_T8787,WCE,West Coast Eagles,Eagles,5,82.5,0,0,0,0,2,0,1,0,3,0,0,9,12,42,7,6,0,1,1,100,0,0,2,3,0,0,2,0,4,6,6,9,1,0,0,320,3,10,0,0,6,0,2,0,0,3,1,2,0,1,6,3,3,2026-09-20,data//AFLW_2026-09-20.csv,0,NA,0.5,0.5833333333333334,1,0.6666666666666666,0.3333333333333333,NA,NA,3,0.2,1,0,0,0.8571428571428571,CD_M20262640608,6,2026-09-20,St Kilda,CD_R202626406
CD_I1021436,13,MEDIUM_FORWARD,"https://s.afl.com.au/staticfile/AFL Tenant/AFL/Players/ChampIDImages/AFLW/2026264/1021436.png?im=Scale,width=0.6,height=0.6",Mikayla,Pauga,CD_T7889,GWS,GWS GIANTS,GIANTS,6,67.89999999999998,0,0,4,1,3,0,0,0,5,0,0,1,11,50,5,1,2,0,0,50,1,1,5,7,0,0,1,0,1,0,0,4,2,1,0,92,0,5,0,0,0,0,3,0,1,0,0,3,1,1,10,4,5,2026-09-20,data//AFLW_2026-09-20.csv,NA,NA,0.5,0.45454545454545453,4,0.25,0.5714285714285714,NA,NA,0.5714285714285714,0.6,NA,0,0.18181818181818182,0,CD_M20262640606,6,2026-09-20,Richmond,CD_R202626406
CD_I1021524,18,KEY_DEFENDER,"https://s.afl.com.au/staticfile/AFL Tenant/AFL/Players/ChampIDImages/AFLW/2026264/1021524.png?im=Scale,width=0.6,height=0.6",Libby,Graham,CD_T8788,RICH,Richmond,Richmond,6,82.79999999999995,0,0,0,0,2,0,0,0,4,0,0,8,12,40,9,5,0,0,0,0,0,0,4,4,0,0,1,0,6,1,1,8,0,0,0,182,0,9,0,0,2,0,1,0,0,0,0,2,0,0,9,2,5,2026-09-20,data//AFLW_2026-09-20.csv,NA,NA,0.4444444444444444,0.75,4,0.625,1,NA,NA,2,0.2222222222222222,1,0,0,1,CD_M20262640606,6,2026-09-20,GWS GIANTS,CD_R202626406
CD_I1021530,11,MEDIUM_FORWARD,"https://s.afl.com.au/staticfile/AFL Tenant/AFL/Players/ChampIDImages/AFLW/2026264/1021530.png?im=Scale,width=0.6,height=0.6",Shanae,Davison,CD_T7887,BL,Brisbane Lions,Lions,6,79.5,1,0,0,0,4,0,0,0,5,0,0,3,12,58,6,3,3,1,2,50,0,1,3,3,0,0,1,0,2,0,0,9,1,0,1,171,0,6,0,0,0,0,4,0,3,0,0,4,2,0,11,5,6,2026-09-20,data//AFLW_2026-09-20.csv,NA,NA,0.45454545454545453,0.5,3,0.3333333333333333,1,NA,NA,3,0.6666666666666666,NA,0,0,0,CD_M20262640609,6,2026-09-20,Adelaide Crows,CD_R202626406
CD_I1021793,10,KEY_DEFENDER,"https://s.afl.com.au/staticfile/AFL Tenant/AFL/Players/ChampIDImages/AFLW/2026264/1021793.png?im=Scale,width=0.6,height=0.6",Paige,Trudgeon,CD_T8796,STK,St Kilda,St Kilda,6,94.5,0,0,0,0,4,0,1,0,6,0,0,8,14,71,7,5,0,2,3,0,0,0,4,2,0,0,1,0,11,0,0,12,2,0,0,305,3,9,0,0,5,0,0,0,0,3,0,7,0,0,13,6,7,2026-09-20,data//AFLW_2026-09-20.csv,0,NA,0.46153846153846156,0.5,2,0.4166666666666667,1,NA,NA,6,0.7777777777777778,NA,0,0,0,CD_M20262640608,6,2026-09-20,West Coast Eagles,CD_R202626406
CD_I1021822,27,MIDFIELDER,"https://s.afl.com.au/staticfile/AFL Tenant/AFL/Players/ChampIDImages/AFLW/2026264/1021822.png?im=Scale,width=0.6,height=0.6",Mikayla,Williamson,CD_T9407,HAW,Hawthorn,Hawks,6,79.29999999999995,0,0,9,1,4,0,0,0,8,0,0,8,17,79,9,6,1,1,0,25,0,1,8,6,0,0,2,0,3,0,0,11,1,0,0,299,2,16,0,0,0,0,3,0,1,2,1,7,2,2,17,3,9,2026-09-20,data//AFLW_2026-09-20.csv,NA,NA,0.47058823529411764,0.5294117647058824,3,0.5454545454545454,0.5,NA,NA,1.8333333333333333,0.4375,NA,0,0.8181818181818182,0,CD_M20262640601,6,2026-09-18,North Melbourne,CD_R202626406
CD_I1021824,6,MIDFIELDER,"https://s.afl.com.au/staticfile/AFL Tenant/AFL/Players/ChampIDImages/AFLW/2026264/1021824.png?im=Scale,width=0.6,height=0.6",Hayley,McLaughlin,CD_T9407,HAW,Hawthorn,Hawks,6,68.20000000000005,0,0,2,0,1,0,0,0,1,0,0,8,11,59,3,1,0,0,0,0,0,0,1,2,0,0,3,0,2,0,0,9,0,0,0,212,1,19,0,0,1,0,0,0,0,0,0,7,3,0,10,7,9,2026-09-20,data//AFLW_2026-09-20.csv,NA,NA,0.1,0.2727272727272727,2,0.1111111111111111,1,NA,NA,4.5,0.3684210526315789,NA,0,0.18181818181818182,0,CD_M20262640601,6,2026-09-18,North Melbourne,CD_R202626406
CD_I1021834,27,MEDIUM_DEFENDER,"https://s.afl.com.au/staticfile/AFL Tenant/AFL/Players/ChampIDImages/AFLW/2026264/1021834.png?im=Scale,width=0.6,height=0.6",Georgia,Stubs,CD_T8788,RICH,Richmond,Richmond,4,66.29999999999995,0,0,0,0,1,0,0,0,3,0,0,4,7,33,4,1,1,0,1,50,1,0,2,5,0,0,0,0,1,0,0,2,0,0,0,59,0,14,0,0,0,0,1,0,0,0,0,4,4,0,7,1,4,2026-09-20,data//AFLW_2026-09-20.csv,NA,NA,0.42857142857142855,0.5714285714285714,3,0.5,0.6,NA,NA,0.4,0.2857142857142857,NA,0,0,0,CD_M20262640606,6,2026-09-20,GWS GIANTS,CD_R202626406
CD_I1021853,37,MEDIUM_DEFENDER,"https://s.afl.com.au/staticfile/AFL Tenant/AFL/Players/ChampIDImages/AFLW/2026264/1021853.png?im=Scale,width=0.6,height=0.6",Rylie,Wilcox,CD_T7387,WB,Western Bulldogs,Bulldogs,6,85.59999999999997,0,0,0,0,2,0,0,0,3,0,0,6,6,28,2,1,0,1,0,42.9,0,0,2,2,0,0,0,0,1,0,0,4,1,0,0,93,3,8,0,0,1,0,0,0,1,1,1,3,0,1,7,3,4,2026-09-20,data//AFLW_2026-09-20.csv,NA,NA,0.42857142857142855,0.3333333333333333,1,0.25,0.5,NA,NA,2,0.375,NA,0,0,0,CD_M20262640605,6,2026-09-19,Fremantle,CD_R202626406
CD_I1021879,1,KEY_DEFENDER,"https://s.afl.com.au/staticfile/AFL Tenant/AFL/Players/ChampIDImages/AFLW/2026264/1021879.png?im=Scale,width=0.6,height=0.6",Kristie-Lee,Weston-Turner,CD_T8466,NMFC,North Melbourne,Kangaroos,2,57.9,0,0,0,1,5,0,0,0,8,0,0,6,11,35,7,3,0,1,1,0,0,0,7,6,0,0,3,0,8,0,0,5,2,0,0,136,0,7,0,0,1,0,1,0,0,0,0,1,0,1,12,5,4,2026-09-20,data//AFLW_2026-09-20.csv,NA,NA,0.6666666666666666,0.6363636363636364,4,0.6,0.6666666666666666,NA,NA,0.8333333333333334,0.14285714285714285,NA,0,0,0,CD_M20262640601,6,2026-09-18,Hawthorn,CD_R202626406
CD_I1021884,16,MEDIUM_FORWARD,"https://s.afl.com.au/staticfile/AFL Tenant/AFL/Players/ChampIDImages/AFLW/2026264/1021884.png?im=Scale,width=0.6,height=0.6",Sarah,Grunden,CD_T9408,SYD,Sydney Swans,Swans,6,59.5,2,0,0,0,2,0,0,0,1,0,0,1,4,26,1,1,0,1,1,57.1,0,1,0,0,0,0,2,0,0,0,0,4,0,0,0,39,1,4,0,0,0,0,3,0,3,1,0,2,1,0,3,1,2,2026-09-20,data//AFLW_2026-09-20.csv,NA,NA,0.3333333333333333,0.25,0,0.25,NA,NA,NA,Inf,0.5,NA,0,0,0,CD_M20262640604,6,2026-09-19,Port Adelaide,CD_R202626406
CD_I1021894,23,MIDFIELDER,"https://s.afl.com.au/staticfile/AFL Tenant/AFL/Players/ChampIDImages/AFLW/2026264/1021894.png?im=Scale,width=0.6,height=0.6",Madison,Brazendale,CD_T7889,GWS,GWS GIANTS,GIANTS,6,76.09999999999997,0,0,0,0,1,0,0,0,4,0,0,8,9,48,5,1,1,1,0,100,0,0,4,6,0,0,2,0,2,0,0,3,2,0,0,135,1,11,0,0,3,0,2,0,0,0,0,6,0,0,10,3,6,2026-09-20,data//AFLW_2026-09-20.csv,NA,NA,0.4,0.5555555555555556,4,0.3333333333333333,0.6666666666666666,NA,NA,0.5,0.5454545454545454,NA,0,0,0,CD_M20262640606,6,2026-09-20,Richmond,CD_R202626406
CD_I1021895,30,MEDIUM_FORWARD,"https://s.afl.com.au/staticfile/AFL Tenant/AFL/Players/ChampIDImages/AFLW/2026264/1021895.png?im=Scale,width=0.6,height=0.6",Georgia,Clark,CD_T7889,GWS,GWS GIANTS,GIANTS,3,75.9,0,0,0,0,1,0,0,0,2,0,0,7,3,23,2,2,0,0,2,0,0,0,0,0,0,0,0,0,0,0,0,3,0,0,0,62,3,12,0,0,0,0,0,0,0,3,0,3,0,0,3,1,1,2026-09-20,data//AFLW_2026-09-20.csv,NA,NA,0.6666666666666666,0.6666666666666666,0,0.6666666666666666,NA,NA,NA,Inf,0.25,NA,0,0,0,CD_M20262640606,6,2026-09-20,Richmond,CD_R202626406
CD_I1021923,6,MIDFIELDER,"https://s.afl.com.au/staticfile/AFL Tenant/AFL/Players/ChampIDImages/AFLW/2026264/1021923.png?im=Scale,width=0.6,height=0.6",Sierra,Grieves,CD_T8788,RICH,Richmond,Richmond,6,64.20000000000005,0,2,17,4,3,0,0,0,4,0,0,7,18,67,12,6,0,1,0,25,0,0,2,6,0,0,5,0,1,0,0,12,2,1,0,347,0,15,0,0,1,0,5,0,1,0,0,4,1,4,18,5,14,2026-09-20,data//AFLW_2026-09-20.csv,NA,NA,0.2222222222222222,0.6666666666666666,6,0.5,1,NA,NA,2,0.26666666666666666,NA,0,0.7727272727272727,0,CD_M20262640606,6,2026-09-20,GWS GIANTS,CD_R202626406
CD_I1021924,23,MEDIUM_FORWARD,"https://s.afl.com.au/staticfile/AFL Tenant/AFL/Players/ChampIDImages/AFLW/2026264/1021924.png?im=Scale,width=0.6,height=0.6",Lila,Keck,CD_T8096,CARL,Carlton,Blues,6,85.29999999999995,0,0,0,0,6,0,0,0,2,1,0,5,4,17,1,0,1,4,0,54.5,0,0,2,1,0,0,0,0,1,0,0,3,2,1,0,24,2,15,0,0,0,0,0,0,0,0,0,3,1,0,5,5,3,2026-09-20,data//AFLW_2026-09-20.csv,NA,0,0.4,0.25,1,0,1,NA,NA,3,0.2,NA,0,0,0,CD_M20262640603,6,2026-09-19,Melbourne,CD_R202626406
CD_I1021927,23,MEDIUM_FORWARD,"https://s.afl.com.au/staticfile/AFL Tenant/AFL/Players/ChampIDImages/AFLW/2026264/1021927.png?im=Scale,width=0.6,height=0.6",Bryde,O'Rourke,CD_T8467,GEEL,Geelong Cats,Cats,6,51.700000000000045,1,0,0,0,2,0,0,1,2,0,0,3,7,33,4,0,1,0,0,42.9,0,0,1,4,0,0,0,0,1,0,0,3,1,1,0,95,0,6,0,0,0,0,3,0,1,0,0,3,1,0,7,3,5,2026-09-20,data//AFLW_2026-09-20.csv,NA,NA,0.2857142857142857,0.5714285714285714,4,0,1,NA,NA,0.75,0.5,NA,0,0,0,CD_M20262640602,6,2026-09-19,Collingwood,CD_R202626406
CD_I1021933,30,KEY_DEFENDER,"https://s.afl.com.au/staticfile/AFL Tenant/AFL/Players/ChampIDImages/AFLW/2026264/1021933.png?im=Scale,width=0.6,height=0.6",Alexis,Gregor,CD_T8467,GEEL,Geelong Cats,Cats,6,75.09999999999997,0,0,0,0,2,1,1,0,3,0,0,4,5,16,5,2,0,1,0,0,0,0,3,3,0,0,0,0,4,0,0,2,1,0,0,36,0,4,0,0,0,0,1,0,0,0,0,1,0,0,5,0,2,2026-09-20,data//AFLW_2026-09-20.csv,1,NA,0.6,1,3,1,1,NA,NA,0.6666666666666666,0.25,NA,0,0,0,CD_M20262640602,6,2026-09-19,Collingwood,CD_R202626406
CD_I1022111,2,MIDFIELDER,"https://s.afl.com.au/staticfile/AFL Tenant/AFL/Players/ChampIDImages/AFLW/2026264/1022111.png?im=Scale,width=0.6,height=0.6",Eliza,West,CD_T9407,HAW,Hawthorn,Hawks,6,75.09999999999997,0,0,7,0,6,0,0,0,8,0,0,5,18,69,7,4,2,2,0,50,0,0,8,8,0,0,1,0,3,0,0,10,3,1,0,217,0,14,0,0,1,0,5,0,0,0,1,5,2,1,18,7,10,2026-09-20,data//AFLW_2026-09-20.csv,NA,NA,0.4444444444444444,0.3888888888888889,3,0.4,0.375,NA,NA,1.25,0.35714285714285715,NA,0,0.6363636363636364,0,CD_M20262640601,6,2026-09-18,North Melbourne,CD_R202626406
CD_I1022127,26,KEY_DEFENDER,"https://s.afl.com.au/staticfile/AFL Tenant/AFL/Players/ChampIDImages/AFLW/2026264/1022127.png?im=Scale,width=0.6,height=0.6",Claudia,Gunjaca,CD_T8467,GEEL,Geelong Cats,Cats,6,85.20000000000005,0,0,0,0,2,1,5,2,4,0,0,3,8,37,6,5,0,1,0,0,0,0,2,1,0,0,3,0,7,0,0,7,3,0,0,193,2,4,0,0,3,0,2,0,0,2,0,2,0,0,6,3,2,2026-09-20,data//AFLW_2026-09-20.csv,0.2,NA,0.6666666666666666,0.75,1,0.7142857142857143,1,NA,NA,7,0.5,NA,0,0,0,CD_M20262640602,6,2026-09-19,Collingwood,CD_R202626406
CD_I1022181,16,MIDFIELDER,"https://s.afl.com.au/staticfile/AFL Tenant/AFL/Players/ChampIDImages/AFLW/2026264/1022181.png?im=Scale,width=0.6,height=0.6",Shineah,Goody,CD_T9409,PORT,Port Adelaide,Power,6,70.29999999999995,0,0,0,0,4,0,0,0,2,0,0,2,12,48,10,6,1,2,0,33.3,0,0,2,4,0,0,2,0,4,0,0,8,6,1,0,172,1,2,0,0,0,0,3,0,0,1,0,1,0,0,11,4,9,2026-09-20,data//AFLW_2026-09-20.csv,NA,NA,0.18181818181818182,0.8333333333333334,4,0.75,1,NA,NA,2,0.5,NA,0,0,0,CD_M20262640604,6,2026-09-19,Sydney Swans,CD_R202626406
CD_I1022192,25,MEDIUM_DEFENDER,"https://s.afl.com.au/staticfile/AFL Tenant/AFL/Players/ChampIDImages/AFLW/2026264/1022192.png?im=Scale,width=0.6,height=0.6",Meara,Girvan,CD_T8786,GCFC,Gold Coast SUNS,SUNS,3,81.70000000000002,0,0,0,0,4,0,0,1,5,0,0,7,11,42,6,2,0,0,0,0,0,0,3,6,0,0,0,0,7,0,0,5,1,0,0,149,1,10,0,0,3,0,1,0,0,0,1,3,0,1,9,4,4,2026-09-20,data//AFLW_2026-09-20.csv,NA,NA,0.5555555555555556,0.5454545454545454,4,0.4,0.6666666666666666,NA,NA,0.8333333333333334,0.3,NA,0,0,0,CD_M20262640607,6,2026-09-20,Essendon,CD_R202626406
CD_I1022193,11,MIDFIELDER,"https://s.afl.com.au/staticfile/AFL Tenant/AFL/Players/ChampIDImages/AFLW/2026264/1022193.png?im=Scale,width=0.6,height=0.6",Sarah,Goodwin,CD_T8098,ADEL,Adelaide Crows,Crows,6,83.70000000000005,0,0,12,1,2,0,0,0,13,0,0,5,18,77,11,4,5,0,0,25,0,1,12,9,0,0,5,0,6,0,0,9,2,0,1,184,1,18,0,0,1,0,3,0,1,0,0,5,0,1,20,3,7,2026-09-20,data//AFLW_2026-09-20.csv,NA,NA,0.65,0.6111111111111112,7,0.4444444444444444,0.7777777777777778,NA,NA,1,0.2777777777777778,NA,0,0.9230769230769231,0,CD_M20262640609,6,2026-09-20,Brisbane Lions,CD_R202626406
CD_I1022196,4,MIDFIELDER_FORWARD,"https://s.afl.com.au/staticfile/AFL Tenant/AFL/Players/ChampIDImages/AFLW/2026264/1022196.png?im=Scale,width=0.6,height=0.6",Piper,Window,CD_T9409,PORT,Port Adelaide,Power,4,76.6,0,0,1,0,1,0,0,0,2,0,0,4,5,20,5,2,0,1,0,75,0,0,2,3,0,0,1,0,1,0,0,2,1,1,0,20,0,5,0,0,1,0,1,0,0,0,0,2,1,0,5,0,3,2026-09-20,data//AFLW_2026-09-20.csv,NA,NA,0.4,1,3,1,1,NA,NA,0.6666666666666666,0.4,NA,0,0.09090909090909091,0,CD_M20262640604,6,2026-09-19,Sydney Swans,CD_R202626406
CD_I1022203,5,MIDFIELDER,"https://s.afl.com.au/staticfile/AFL Tenant/AFL/Players/ChampIDImages/AFLW/2026264/1022203.png?im=Scale,width=0.6,height=0.6",Elaine,Grigg,CD_T7387,WB,Western Bulldogs,Bulldogs,6,72.70000000000005,0,0,0,0,4,0,0,0,3,2,1,7,6,24,5,4,0,3,2,50,0,0,1,2,0,0,2,0,0,0,0,4,1,0,0,92,0,11,0,0,0,0,1,0,0,0,0,3,0,0,6,3,3,2026-09-20,data//AFLW_2026-09-20.csv,NA,0.5,0.5,0.8333333333333334,1,1,0.5,NA,NA,2,0.2727272727272727,NA,0,0,0,CD_M20262640605,6,2026-09-19,Fremantle,CD_R202626406
CD_I1022220,6,MEDIUM_DEFENDER,"https://s.afl.com.au/staticfile/AFL Tenant/AFL/Players/ChampIDImages/AFLW/2026264/1022220.png?im=Scale,width=0.6,height=0.6",Molly,Brooksby,CD_T9409,PORT,Port Adelaide,Power,6,83.40000000000003,0,0,0,0,4,0,0,0,3,0,0,6,19,65,15,11,0,1,0,0,0,0,3,4,0,0,0,0,3,8,8,15,5,1,0,339,2,9,0,0,8,0,2,0,0,1,0,0,0,0,11,7,8,2026-09-20,data//AFLW_2026-09-20.csv,NA,NA,0.2727272727272727,0.7894736842105263,4,0.7333333333333333,1,NA,NA,3.75,0,1,0,0,0.7272727272727273,CD_M20262640604,6,2026-09-19,Sydney Swans,CD_R202626406
CD_I1022236,12,RUCK,"https://s.afl.com.au/staticfile/AFL Tenant/AFL/Players/ChampIDImages/AFLW/2026264/1022236.png?im=Scale,width=0.6,height=0.6",Jessica,Good,CD_T8096,CARL,Carlton,Blues,6,60.5,0,0,9,1,0,0,2,0,2,0,0,4,10,48,8,3,0,0,0,0,0,0,2,7,12,4,1,0,1,0,0,3,3,0,0,77,0,8,0,0,1,21,3,0,0,0,0,1,0,1,10,0,8,2026-09-20,data//AFLW_2026-09-20.csv,0,NA,0.2,0.8,5,1,0.7142857142857143,0.5714285714285714,0.19047619047619047,0.42857142857142855,0.125,NA,0.44680851063829785,0.6,0,CD_M20262640603,6,2026-09-19,Melbourne,CD_R202626406
CD_I1022248,22,KEY_FORWARD,"https://s.afl.com.au/staticfile/AFL Tenant/AFL/Players/ChampIDImages/AFLW/2026264/1022248.png?im=Scale,width=0.6,height=0.6",Lauren,Young,CD_T9409,PORT,Port Adelaide,Power,5,81.39999999999998,2,0,0,0,4,0,0,0,5,0,0,0,15,59,6,4,2,1,0,30.8,1,0,5,6,0,0,3,0,3,0,0,9,7,4,2,223,1,6,0,0,0,3,6,0,4,0,1,0,0,1,15,4,10,2026-09-20,data//AFLW_2026-09-20.csv,NA,NA,0.3333333333333333,0.4,2,0.4444444444444444,0.3333333333333333,0,0,1.5,0,NA,0.07142857142857142,0,0,CD_M20262640604,6,2026-09-19,Sydney Swans,CD_R202626406
CD_I1022299,21,KEY_DEFENDER,"https://s.afl.com.au/staticfile/AFL Tenant/AFL/Players/ChampIDImages/AFLW/2026264/1022299.png?im=Scale,width=0.6,height=0.6",Amelie,Borg,CD_T9409,PORT,Port Adelaide,Power,6,92.79999999999995,0,0,0,0,2,0,2,0,5,0,0,3,8,24,5,2,0,1,0,0,0,0,5,4,0,0,0,0,7,0,0,4,1,0,0,87,3,3,0,0,2,0,1,0,0,1,0,1,0,0,7,2,2,2026-09-20,data//AFLW_2026-09-20.csv,0,NA,0.7142857142857143,0.625,3,0.5,0.75,NA,NA,1,0.3333333333333333,NA,0,0,0,CD_M20262640604,6,2026-09-19,Sydney Swans,CD_R202626406
CD_I1022350,10,MEDIUM_FORWARD,"https://s.afl.com.au/staticfile/AFL Tenant/AFL/Players/ChampIDImages/AFLW/2026264/1022350.png?im=Scale,width=0.6,height=0.6",Cynthia,Hamilton,CD_T9408,SYD,Sydney Swans,Swans,6,65.40000000000003,0,0,0,0,1,0,0,0,5,0,0,3,9,47,7,6,2,0,2,50,1,1,3,2,0,0,1,0,1,0,0,7,2,1,1,189,0,5,0,0,2,0,3,0,1,0,2,2,0,2,10,0,5,2026-09-20,data//AFLW_2026-09-20.csv,NA,NA,0.5,0.7777777777777778,1,0.8571428571428571,0.5,NA,NA,3.5,0.4,NA,0,0,0,CD_M20262640604,6,2026-09-19,Port Adelaide,CD_R202626406
CD_I1022695,10,MIDFIELDER,"https://s.afl.com.au/staticfile/AFL Tenant/AFL/Players/ChampIDImages/AFLW/2026264/1022695.png?im=Scale,width=0.6,height=0.6",Jasmyn,Smith,CD_T7387,WB,Western Bulldogs,Bulldogs,6,93.59999999999991,0,0,0,0,0,0,0,0,9,0,0,3,15,45,10,2,1,0,0,100,1,0,8,12,0,0,2,0,6,0,0,3,0,0,0,53,0,12,0,0,1,0,3,0,0,0,1,3,0,1,14,3,5,2026-09-20,data//AFLW_2026-09-20.csv,NA,NA,0.6428571428571429,0.6666666666666666,8,0.6666666666666666,0.6666666666666666,NA,NA,0.25,0.25,NA,0,0,0,CD_M20262640605,6,2026-09-19,Fremantle,CD_R202626406
CD_I1022701,24,MIDFIELDER,"https://s.afl.com.au/staticfile/AFL Tenant/AFL/Players/ChampIDImages/AFLW/2026264/1022701.png?im=Scale,width=0.6,height=0.6",Alana,Gee,CD_T8796,STK,St Kilda,St Kilda,6,73.5,0,0,0,0,3,0,0,0,12,0,0,7,18,66,6,4,0,0,4,0,0,0,8,7,0,0,4,0,10,0,0,11,1,0,0,246,1,9,0,0,3,0,1,0,0,0,0,3,0,0,17,7,5,2026-09-20,data//AFLW_2026-09-20.csv,NA,NA,0.7058823529411765,0.3333333333333333,2,0.36363636363636365,0.2857142857142857,NA,NA,1.5714285714285714,0.3333333333333333,NA,0,0,0,CD_M20262640608,6,2026-09-20,West Coast Eagles,CD_R202626406
CD_I1022726,30,KEY_DEFENDER,"https://s.afl.com.au/staticfile/AFL Tenant/AFL/Players/ChampIDImages/AFLW/2026264/1022726.png?im=Scale,width=0.6,height=0.6",Teagan,Germech,CD_T9409,PORT,Port Adelaide,Power,6,89.90000000000009,0,1,0,0,2,1,3,0,3,0,0,7,8,37,5,3,0,1,0,0,0,0,3,3,0,0,0,0,4,0,0,5,1,0,0,129,2,9,0,0,2,0,1,0,0,2,0,4,0,0,8,2,5,2026-09-20,data//AFLW_2026-09-20.csv,0.3333333333333333,NA,0.375,0.625,2,0.6,0.6666666666666666,NA,NA,1.6666666666666667,0.4444444444444444,NA,0,0,0,CD_M20262640604,6,2026-09-19,Sydney Swans,CD_R202626406
CD_I1022736,5,MEDIUM_FORWARD,"https://s.afl.com.au/staticfile/AFL Tenant/AFL/Players/ChampIDImages/AFLW/2026264/1022736.png?im=Scale,width=0.6,height=0.6",Jessica,Doyle,CD_T7889,GWS,GWS GIANTS,GIANTS,6,86.29999999999995,0,0,4,0,2,0,0,0,3,0,0,4,13,43,10,5,1,1,0,60,0,0,3,6,1,0,2,0,2,1,1,7,4,0,0,249,1,7,0,0,4,5,1,0,0,1,0,0,0,0,13,1,10,2026-09-20,data//AFLW_2026-09-20.csv,NA,NA,0.23076923076923078,0.7692307692307693,5,0.7142857142857143,0.8333333333333334,0.2,0,1.1666666666666667,0,1,0.08620689655172414,0.18181818181818182,0.07142857142857142,CD_M20262640606,6,2026-09-20,Richmond,CD_R202626406
CD_I1022744,49,MEDIUM_DEFENDER,"https://s.afl.com.au/staticfile/AFL Tenant/AFL/Players/ChampIDImages/AFLW/2026264/1022744.png?im=Scale,width=0.6,height=0.6",Madeline,Hendrie,CD_T8096,CARL,Carlton,Blues,6,99.70000000000005,0,0,0,0,0,1,4,0,2,0,0,2,2,4,1,0,0,0,0,0,0,0,2,2,0,0,0,0,2,0,0,0,0,0,0,7,4,2,0,0,0,0,0,0,0,4,0,0,0,0,2,1,0,2026-09-20,data//AFLW_2026-09-20.csv,0.25,NA,1,0.5,1,NA,0.5,NA,NA,0,0,NA,0,0,0,CD_M20262640603,6,2026-09-19,Melbourne,CD_R202626406
CD_I1022756,34,MEDIUM_DEFENDER,"https://s.afl.com.au/staticfile/AFL Tenant/AFL/Players/ChampIDImages/AFLW/2026264/1022756.png?im=Scale,width=0.6,height=0.6",Jemmika,Douglas,CD_T8098,ADEL,Adelaide Crows,Crows,5,80.5,0,0,0,0,5,0,0,0,3,0,0,12,8,43,2,1,0,2,0,100,0,0,3,1,0,0,0,0,3,0,0,7,2,0,0,97,0,14,0,0,2,0,1,0,0,0,1,5,0,1,8,2,5,2026-09-20,data//AFLW_2026-09-20.csv,NA,NA,0.375,0.25,1,0.14285714285714285,1,NA,NA,7,0.35714285714285715,NA,0,0,0,CD_M20262640609,6,2026-09-20,Brisbane Lions,CD_R202626406
CD_I1022775,8,MIDFIELDER,"https://s.afl.com.au/staticfile/AFL Tenant/AFL/Players/ChampIDImages/AFLW/2026264/1022775.png?im=Scale,width=0.6,height=0.6",Lucia,Painter,CD_T8787,WCE,West Coast Eagles,Eagles,6,95,0,0,10,0,4,0,0,1,7,0,0,7,11,48,6,2,0,0,2,50,0,0,2,4,0,0,2,0,4,0,0,7,3,0,0,231,4,20,0,0,2,0,1,0,0,0,2,2,1,2,13,5,6,2026-09-20,data//AFLW_2026-09-20.csv,NA,NA,0.5384615384615384,0.5454545454545454,4,0.2857142857142857,1,NA,NA,1.75,0.1,NA,0,0.8333333333333334,0,CD_M20262640608,6,2026-09-20,St Kilda,CD_R202626406
CD_I1022818,23,RUCK,"https://s.afl.com.au/staticfile/AFL Tenant/AFL/Players/ChampIDImages/AFLW/2026264/1022818.png?im=Scale,width=0.6,height=0.6",Sarah,Lakay,CD_T8787,WCE,West Coast Eagles,Eagles,5,47.5,0,0,4,0,4,0,0,0,5,1,0,0,5,27,1,1,1,0,1,50,1,0,4,2,9,1,1,0,0,0,0,3,0,0,0,74,2,3,0,0,0,14,1,0,0,2,2,1,0,2,5,2,0,2026-09-20,data//AFLW_2026-09-20.csv,NA,0,1,0.2,0,0.3333333333333333,0,0.6428571428571429,0.07142857142857142,1.5,0.3333333333333333,NA,0.2916666666666667,0.3333333333333333,0,CD_M20262640608,6,2026-09-20,St Kilda,CD_R202626406
CD_I1022823,4,MIDFIELDER,"https://s.afl.com.au/staticfile/AFL Tenant/AFL/Players/ChampIDImages/AFLW/2026264/1022823.png?im=Scale,width=0.6,height=0.6",Ella,Roberts,CD_T8787,WCE,West Coast Eagles,Eagles,6,88,0,2,7,0,5,0,0,1,13,2,0,8,25,118,13,8,1,1,4,20,0,0,9,9,0,0,5,0,6,0,0,16,5,2,0,530,0,20,0,0,1,0,2,0,1,0,2,9,2,2,25,9,12,2026-09-20,data//AFLW_2026-09-20.csv,NA,0,0.52,0.52,5,0.5,0.5555555555555556,NA,NA,1.7777777777777777,0.45,NA,0,0.5833333333333334,0,CD_M20262640608,6,2026-09-20,St Kilda,CD_R202626406
CD_I1022825,1,RUCK,"https://s.afl.com.au/staticfile/AFL Tenant/AFL/Players/ChampIDImages/AFLW/2026264/1022825.png?im=Scale,width=0.6,height=0.6",Lauren,Wakfer,CD_T8787,WCE,West Coast Eagles,Eagles,6,91.70000000000005,0,0,0,0,5,0,0,0,5,1,0,1,6,26,4,3,1,3,1,44.4,0,1,4,2,1,0,0,0,3,0,0,4,1,0,0,111,2,4,0,0,1,4,1,0,2,1,1,2,1,1,7,4,2,2026-09-20,data//AFLW_2026-09-20.csv,NA,0,0.7142857142857143,0.6666666666666666,1,0.75,0.5,0.25,0,2,0.5,NA,0.08333333333333333,0,0,CD_M20262640608,6,2026-09-20,St Kilda,CD_R202626406
CD_I1023389,15,MEDIUM_DEFENDER,"https://s.afl.com.au/staticfile/AFL Tenant/AFL/Players/ChampIDImages/AFLW/2026264/1023389.png?im=Scale,width=0.6,height=0.6",Chloe,Adams,CD_T9406,ESS,Essendon,Bombers,3,73.80000000000001,0,0,0,0,1,0,0,0,9,1,1,4,11,45,5,1,0,0,2,0,0,0,7,6,0,0,0,0,4,0,0,5,0,0,0,76,0,7,0,0,1,0,0,0,0,0,2,4,0,2,11,2,2,2026-09-20,data//AFLW_2026-09-20.csv,NA,1,0.8181818181818182,0.45454545454545453,4,0.2,0.6666666666666666,NA,NA,0.8333333333333334,0.5714285714285714,NA,0,0,0,CD_M20262640607,6,2026-09-20,Gold Coast SUNS,CD_R202626406
CD_I1023433,9,MIDFIELDER,"https://s.afl.com.au/staticfile/AFL Tenant/AFL/Players/ChampIDImages/AFLW/2026264/1023433.png?im=Scale,width=0.6,height=0.6",Sara,Howley,CD_T7889,GWS,GWS GIANTS,GIANTS,6,76.10000000000002,0,0,12,1,3,0,0,0,6,0,0,9,13,34,12,4,0,2,0,40,1,1,5,9,0,0,1,0,0,0,0,4,0,0,0,110,0,17,0,0,2,0,2,0,1,0,1,1,1,2,14,2,8,2026-09-20,data//AFLW_2026-09-20.csv,NA,NA,0.42857142857142855,0.9230769230769231,8,1,0.8888888888888888,NA,NA,0.4444444444444444,0.058823529411764705,NA,0,0.5454545454545454,0,CD_M20262640606,6,2026-09-20,Richmond,CD_R202626406
CD_I1023842,23,MEDIUM_DEFENDER,"https://s.afl.com.au/staticfile/AFL Tenant/AFL/Players/ChampIDImages/AFLW/2026264/1023842.png?im=Scale,width=0.6,height=0.6",Zippy,Fish,CD_T9408,SYD,Sydney Swans,Swans,6,100,0,0,4,0,3,0,0,0,9,0,0,11,26,107,20,10,0,1,3,0,0,0,6,11,0,0,5,0,7,1,1,15,4,0,0,237,0,16,0,0,3,0,2,0,0,0,2,7,0,2,25,3,16,2026-09-20,data//AFLW_2026-09-20.csv,NA,NA,0.36,0.7692307692307693,10,0.6666666666666666,0.9090909090909091,NA,NA,1.3636363636363635,0.4375,1,0,0.36363636363636365,0.1111111111111111,CD_M20262640604,6,2026-09-19,Port Adelaide,CD_R202626406
CD_I1023849,20,MIDFIELDER,"https://s.afl.com.au/staticfile/AFL Tenant/AFL/Players/ChampIDImages/AFLW/2026264/1023849.png?im=Scale,width=0.6,height=0.6",Noa,McNaughton,CD_T7886,FRE,Fremantle,Freo,4,57.80000000000001,0,0,0,0,0,0,0,0,2,0,0,0,2,16,2,1,1,0,1,66.7,0,1,1,1,0,0,1,0,0,0,0,1,0,0,0,36,0,8,0,0,0,0,1,0,1,0,0,1,1,0,3,0,1,2026-09-20,data//AFLW_2026-09-20.csv,NA,NA,0.6666666666666666,1,1,1,1,NA,NA,1,0.125,NA,0,0,0,CD_M20262640605,6,2026-09-19,Western Bulldogs,CD_R202626406
CD_I1023857,22,KEY_DEFENDER,"https://s.afl.com.au/staticfile/AFL Tenant/AFL/Players/ChampIDImages/AFLW/2026264/1023857.png?im=Scale,width=0.6,height=0.6",Georgie,Cleaver,CD_T8787,WCE,West Coast Eagles,Eagles,5,58.19999999999999,0,0,0,0,4,0,0,0,1,0,0,5,6,33,2,2,0,0,0,0,0,0,1,0,0,0,2,0,4,0,0,6,1,0,0,177,1,7,0,0,0,0,0,0,0,1,0,3,0,0,3,4,2,2026-09-20,data//AFLW_2026-09-20.csv,NA,NA,0.3333333333333333,0.3333333333333333,0,0.3333333333333333,NA,NA,NA,Inf,0.42857142857142855,NA,0,0,0,CD_M20262640608,6,2026-09-20,St Kilda,CD_R202626406
CD_I1023943,29,RUCK,"https://s.afl.com.au/staticfile/AFL Tenant/AFL/Players/ChampIDImages/AFLW/2026264/1023943.png?im=Scale,width=0.6,height=0.6",Matilda,Scholz,CD_T9409,PORT,Port Adelaide,Power,6,90.79999999999995,0,0,10,0,7,1,1,0,4,0,0,2,18,71,11,5,0,2,2,50,0,1,2,6,14,4,2,0,6,0,0,12,1,0,1,234,2,7,0,0,0,32,5,0,1,1,1,1,1,1,16,7,12,2026-09-20,data//AFLW_2026-09-20.csv,1,NA,0.25,0.6111111111111112,6,0.4166666666666667,1,0.4375,0.125,2,0.14285714285714285,NA,0.7619047619047619,0.9090909090909091,0,CD_M20262640604,6,2026-09-19,Sydney Swans,CD_R202626406
CD_I1023948,7,KEY_FORWARD,"https://s.afl.com.au/staticfile/AFL Tenant/AFL/Players/ChampIDImages/AFLW/2026264/1023948.png?im=Scale,width=0.6,height=0.6",Poppy,Scholz,CD_T8096,CARL,Carlton,Blues,6,88.90000000000009,2,0,0,0,3,0,0,2,6,0,0,2,12,42,8,3,1,2,0,30.8,0,0,4,5,0,0,2,0,2,0,0,7,5,2,1,212,0,3,0,0,0,1,3,0,2,0,0,0,0,0,13,2,7,2026-09-20,data//AFLW_2026-09-20.csv,NA,NA,0.46153846153846156,0.6666666666666666,5,0.42857142857142855,1,0,0,1.4,0,NA,0.02127659574468085,0,0,CD_M20262640603,6,2026-09-19,Melbourne,CD_R202626406
CD_I1023952,13,KEY_DEFENDER,"https://s.afl.com.au/staticfile/AFL Tenant/AFL/Players/ChampIDImages/AFLW/2026264/1023952.png?im=Scale,width=0.6,height=0.6",Lucy,Boyd,CD_T9409,PORT,Port Adelaide,Power,1,68,0,0,0,0,2,1,1,1,5,0,0,7,9,58,4,3,0,1,2,0,0,0,2,2,0,0,1,0,4,0,0,7,2,0,0,75,1,10,0,0,0,0,1,0,0,1,1,7,0,1,9,3,4,2026-09-20,data//AFLW_2026-09-20.csv,1,NA,0.5555555555555556,0.4444444444444444,1,0.42857142857142855,0.5,NA,NA,3.5,0.7,NA,0,0,0,CD_M20262640604,6,2026-09-19,Sydney Swans,CD_R202626406
CD_I1024085,8,MIDFIELDER,"https://s.afl.com.au/staticfile/AFL Tenant/AFL/Players/ChampIDImages/AFLW/2026264/1024085.png?im=Scale,width=0.6,height=0.6",India,Rasheed,CD_T8098,ADEL,Adelaide Crows,Crows,4,84.00000000000003,0,0,0,0,2,0,0,0,5,4,0,1,9,53,2,1,1,0,1,42.9,0,1,4,1,0,0,2,0,2,0,0,8,0,0,0,184,0,14,0,0,0,0,1,0,1,0,0,5,3,0,9,3,4,2026-09-20,data//AFLW_2026-09-20.csv,NA,0,0.5555555555555556,0.2222222222222222,1,0.125,1,NA,NA,8,0.35714285714285715,NA,0,0,0,CD_M20262640609,6,2026-09-20,Brisbane Lions,CD_R202626406
CD_I1024294,12,MEDIUM_DEFENDER,"https://s.afl.com.au/staticfile/AFL Tenant/AFL/Players/ChampIDImages/AFLW/2026264/1024294.png?im=Scale,width=0.6,height=0.6",Lulu,Pullar,CD_T9408,SYD,Sydney Swans,Swans,3,74.50000000000003,0,0,0,0,1,0,0,0,3,0,0,4,8,31,6,5,0,0,0,0,0,0,3,1,0,0,2,0,2,0,0,7,0,0,0,134,2,7,0,0,1,0,1,0,0,2,0,2,1,0,8,0,5,2026-09-20,data//AFLW_2026-09-20.csv,NA,NA,0.375,0.75,1,0.7142857142857143,1,NA,NA,7,0.2857142857142857,NA,0,0,0,CD_M20262640604,6,2026-09-19,Port Adelaide,CD_R202626406
CD_I1024296,22,MEDIUM_FORWARD,"https://s.afl.com.au/staticfile/AFL Tenant/AFL/Players/ChampIDImages/AFLW/2026264/1024296.png?im=Scale,width=0.6,height=0.6",Rachel,Kearns,CD_T8467,GEEL,Geelong Cats,Cats,6,77.40000000000003,1,0,0,0,0,0,0,0,7,0,0,2,10,45,6,3,2,0,2,30.8,1,1,5,5,0,0,0,0,2,0,0,5,1,0,0,127,0,9,0,0,0,0,3,0,3,0,0,2,2,0,10,1,3,2026-09-20,data//AFLW_2026-09-20.csv,NA,NA,0.7,0.6,3,0.6,0.6,NA,NA,1,0.2222222222222222,NA,0,0,0,CD_M20262640602,6,2026-09-19,Collingwood,CD_R202626406
CD_I1024299,26,RUCK,"https://s.afl.com.au/staticfile/AFL Tenant/AFL/Players/ChampIDImages/AFLW/2026264/1024299.png?im=Scale,width=0.6,height=0.6",Paige,Price,CD_T8786,GCFC,Gold Coast SUNS,SUNS,6,41.39999999999998,0,0,5,0,4,0,0,0,4,0,0,9,8,51,4,0,0,1,1,0,0,0,2,7,9,2,0,0,2,0,0,1,1,0,0,42,1,14,0,0,1,27,1,0,0,0,2,6,0,2,9,3,5,2026-09-20,data//AFLW_2026-09-20.csv,NA,NA,0.4444444444444444,0.5,4,0,0.5714285714285714,0.3333333333333333,0.07407407407407407,0.14285714285714285,0.42857142857142855,NA,0.38028169014084506,0.4166666666666667,0,CD_M20262640607,6,2026-09-20,Essendon,CD_R202626406
CD_I1024535,3,RUCK,"https://s.afl.com.au/staticfile/AFL Tenant/AFL/Players/ChampIDImages/AFLW/2026264/1024535.png?im=Scale,width=0.6,height=0.6",Darcie,Davies,CD_T8786,GCFC,Gold Coast SUNS,SUNS,6,81.09999999999997,0,0,7,1,2,0,2,0,6,0,0,3,9,70,8,4,0,1,3,25,1,0,3,5,14,6,1,0,4,0,0,4,2,0,0,74,2,12,0,0,0,29,3,0,0,2,0,7,0,1,10,1,4,2026-09-20,data//AFLW_2026-09-20.csv,0,NA,0.6,0.8888888888888888,4,1,0.8,0.4827586206896552,0.20689655172413793,0.8,0.5833333333333334,NA,0.4084507042253521,0.5833333333333334,0,CD_M20262640607,6,2026-09-20,Essendon,CD_R202626406
CD_I1024536,28,MIDFIELDER,"https://s.afl.com.au/staticfile/AFL Tenant/AFL/Players/ChampIDImages/AFLW/2026264/1024536.png?im=Scale,width=0.6,height=0.6",Tara,Harrington,CD_T8786,GCFC,Gold Coast SUNS,SUNS,1,56.6,0,0,0,0,0,0,0,0,1,0,0,4,2,12,1,1,0,0,0,0,1,0,1,1,0,0,0,0,1,0,0,1,1,1,0,14,0,6,0,0,0,0,1,0,0,0,0,1,1,0,2,1,1,2026-09-20,data//AFLW_2026-09-20.csv,NA,NA,0.5,0.5,0,1,0,NA,NA,1,0.16666666666666666,NA,0,0,0,CD_M20262640607,6,2026-09-20,Essendon,CD_R202626406
CD_I1024552,12,KEY_FORWARD,"https://s.afl.com.au/staticfile/AFL Tenant/AFL/Players/ChampIDImages/AFLW/2026264/1024552.png?im=Scale,width=0.6,height=0.6",Havana,Harris,CD_T8786,GCFC,Gold Coast SUNS,SUNS,6,93.29999999999995,1,0,0,0,2,0,0,2,6,2,1,1,11,68,9,3,2,2,0,34.8,0,2,3,6,4,0,2,0,1,0,0,5,2,2,0,132,1,11,0,0,0,15,4,0,3,0,1,6,6,1,12,1,6,2026-09-20,data//AFLW_2026-09-20.csv,NA,0.5,0.5,0.8181818181818182,6,0.6,1,0.26666666666666666,0,0.8333333333333334,0.5454545454545454,NA,0.2112676056338028,0,0,CD_M20262640607,6,2026-09-20,Essendon,CD_R202626406
CD_I1024553,28,KEY_DEFENDER,"https://s.afl.com.au/staticfile/AFL Tenant/AFL/Players/ChampIDImages/AFLW/2026264/1024553.png?im=Scale,width=0.6,height=0.6",Kaylee,Kimber,CD_T7387,WB,Western Bulldogs,Bulldogs,5,92.60000000000002,0,1,0,0,3,1,1,0,6,0,0,6,15,67,10,6,0,0,1,0,0,0,5,6,0,0,2,0,5,0,0,9,5,0,0,345,1,8,0,0,2,0,0,0,0,1,1,3,0,1,15,3,9,2026-09-20,data//AFLW_2026-09-20.csv,1,NA,0.4,0.6666666666666666,4,0.6666666666666666,0.6666666666666666,NA,NA,1.5,0.375,NA,0,0,0,CD_M20262640605,6,2026-09-19,Fremantle,CD_R202626406
CD_I1025163,38,KEY_FORWARD,"https://s.afl.com.au/staticfile/AFL Tenant/AFL/Players/ChampIDImages/AFLW/2026264/1025163.png?im=Scale,width=0.6,height=0.6",Jacqueline,Dupuy,CD_T9407,HAW,Hawthorn,Hawks,6,92,0,0,0,0,3,0,0,3,8,2,1,3,16,74,7,4,1,0,0,22.2,1,1,4,7,2,1,1,0,1,0,0,9,7,1,0,160,1,7,0,0,0,8,4,0,3,1,0,1,0,0,16,5,8,2026-09-20,data//AFLW_2026-09-20.csv,NA,0.5,0.5,0.4375,3,0.4444444444444444,0.42857142857142855,0.25,0.125,1.2857142857142858,0.14285714285714285,NA,0.17391304347826086,0,0,CD_M20262640601,6,2026-09-18,North Melbourne,CD_R202626406
CD_I1025419,16,MIDFIELDER,"https://s.afl.com.au/staticfile/AFL Tenant/AFL/Players/ChampIDImages/AFLW/2026264/1025419.png?im=Scale,width=0.6,height=0.6",Ashley,Centra,CD_T8097,COLL,Collingwood,Magpies,5,56.69999999999999,0,0,7,1,2,0,0,1,7,1,0,10,13,68,7,4,1,0,2,66.7,0,1,4,5,0,0,3,0,2,0,0,8,2,1,0,216,1,16,0,0,0,0,6,0,2,0,0,5,0,1,13,3,6,2026-09-20,data//AFLW_2026-09-20.csv,NA,0,0.5384615384615384,0.5384615384615384,3,0.5,0.6,NA,NA,1.6,0.3125,NA,0,0.28,0,CD_M20262640602,6,2026-09-19,Geelong Cats,CD_R202626406
CD_I1025421,21,MEDIUM_DEFENDER,"https://s.afl.com.au/staticfile/AFL Tenant/AFL/Players/ChampIDImages/AFLW/2026264/1025421.png?im=Scale,width=0.6,height=0.6",Amber,Schutte,CD_T8097,COLL,Collingwood,Magpies,6,92.40000000000009,0,1,0,0,0,1,3,0,1,0,0,4,7,34,5,1,0,0,0,0,0,0,1,4,0,0,0,0,0,0,0,3,3,1,0,107,1,5,0,0,2,0,1,0,0,0,0,2,0,0,7,1,6,2026-09-20,data//AFLW_2026-09-20.csv,0.3333333333333333,NA,0.14285714285714285,0.7142857142857143,4,0.3333333333333333,1,NA,NA,0.75,0.4,NA,0,0,0,CD_M20262640602,6,2026-09-19,Geelong Cats,CD_R202626406
CD_I1025428,7,MEDIUM_DEFENDER,"https://s.afl.com.au/staticfile/AFL Tenant/AFL/Players/ChampIDImages/AFLW/2026264/1025428.png?im=Scale,width=0.6,height=0.6",Jessica,Rentsch,CD_T8787,WCE,West Coast Eagles,Eagles,1,61.8,0,0,0,0,1,0,0,1,2,0,0,2,5,28,4,3,0,0,0,0,0,0,1,1,0,0,1,0,4,0,0,4,2,0,0,105,1,6,0,0,2,0,0,0,0,1,0,2,0,0,4,1,2,2026-09-20,data//AFLW_2026-09-20.csv,NA,NA,0.5,0.8,1,0.75,1,NA,NA,4,0.3333333333333333,NA,0,0,0,CD_M20262640608,6,2026-09-20,St Kilda,CD_R202626406
CD_I1025517,19,MEDIUM_FORWARD,"https://s.afl.com.au/staticfile/AFL Tenant/AFL/Players/ChampIDImages/AFLW/2026264/1025517.png?im=Scale,width=0.6,height=0.6",Heidi,Woodley,CD_T7387,WB,Western Bulldogs,Bulldogs,6,73.70000000000005,0,0,0,0,2,0,0,0,4,0,0,8,11,57,6,5,1,0,1,50,0,1,3,2,0,0,3,0,3,0,0,9,1,0,0,231,1,16,0,0,0,0,2,0,2,0,0,4,2,0,9,6,5,2026-09-20,data//AFLW_2026-09-20.csv,NA,NA,0.4444444444444444,0.5454545454545454,1,0.5555555555555556,0.5,NA,NA,4.5,0.25,NA,0,0,0,CD_M20262640605,6,2026-09-19,Fremantle,CD_R202626406
CD_I1025521,15,MEDIUM_DEFENDER,"https://s.afl.com.au/staticfile/AFL Tenant/AFL/Players/ChampIDImages/AFLW/2026264/1025521.png?im=Scale,width=0.6,height=0.6",Kyla,Forbes,CD_T8796,STK,St Kilda,St Kilda,2,83.2,0,0,0,0,1,0,0,0,3,0,0,6,7,20,6,5,0,1,0,0,0,0,2,2,0,0,0,0,2,4,4,5,0,0,0,178,1,7,0,0,4,0,1,0,0,0,0,1,0,0,4,1,1,2026-09-20,data//AFLW_2026-09-20.csv,NA,NA,0.75,0.8571428571428571,1,1,0.5,NA,NA,2.5,0.14285714285714285,1,0,0,0.6666666666666666,CD_M20262640608,6,2026-09-20,West Coast Eagles,CD_R202626406
CD_I1025525,23,MIDFIELDER,"https://s.afl.com.au/staticfile/AFL Tenant/AFL/Players/ChampIDImages/AFLW/2026264/1025525.png?im=Scale,width=0.6,height=0.6",Amy,Gaylor,CD_T9406,ESS,Essendon,Bombers,6,80,0,0,9,1,2,0,0,0,11,0,0,9,19,66,12,2,1,2,3,0,0,0,7,14,0,0,2,0,2,0,0,5,2,0,0,224,0,20,0,0,2,0,1,0,0,0,4,5,2,5,20,3,9,2026-09-20,data//AFLW_2026-09-20.csv,NA,NA,0.55,0.631578947368421,10,0.4,0.7142857142857143,NA,NA,0.35714285714285715,0.25,NA,0,0.75,0,CD_M20262640607,6,2026-09-20,Gold Coast SUNS,CD_R202626406
CD_I1025550,13,KEY_FORWARD,"https://s.afl.com.au/staticfile/AFL Tenant/AFL/Players/ChampIDImages/AFLW/2026264/1025550.png?im=Scale,width=0.6,height=0.6",Georgie,Brisbane,CD_T7886,FRE,Fremantle,Freo,4,38.79999999999998,0,0,0,0,1,0,0,0,3,0,0,3,4,21,2,1,2,0,0,50,0,1,3,3,2,0,0,0,1,0,0,1,0,0,0,57,0,8,0,0,0,3,1,0,1,0,0,1,1,0,4,2,1,2026-09-20,data//AFLW_2026-09-20.csv,NA,NA,0.75,0.5,1,1,0.3333333333333333,0.6666666666666666,0,0.3333333333333333,0.125,NA,0.047619047619047616,0,0,CD_M20262640605,6,2026-09-19,Western Bulldogs,CD_R202626406
CD_I1025564,26,KEY_FORWARD,"https://s.afl.com.au/staticfile/AFL Tenant/AFL/Players/ChampIDImages/AFLW/2026264/1025564.png?im=Scale,width=0.6,height=0.6",Mia,Austin,CD_T7386,MELB,Melbourne,Demons,5,88.89999999999998,0,0,0,0,4,0,0,1,6,4,1,0,7,40,3,1,2,1,0,71.4,0,1,5,2,0,0,3,0,2,0,0,5,2,2,0,75,0,4,0,0,0,1,2,0,2,0,0,3,2,0,8,5,2,2026-09-20,data//AFLW_2026-09-20.csv,NA,0.25,0.75,0.42857142857142855,2,0.2,1,0,0,2.5,0.75,NA,0.02127659574468085,0,0,CD_M20262640603,6,2026-09-19,Carlton,CD_R202626406
CD_I1025565,7,MEDIUM_FORWARD,"https://s.afl.com.au/staticfile/AFL Tenant/AFL/Players/ChampIDImages/AFLW/2026264/1025565.png?im=Scale,width=0.6,height=0.6",Grace,Belloni,CD_T9406,ESS,Essendon,Bombers,6,74.09999999999997,0,0,0,1,6,0,0,0,3,0,0,4,7,39,3,1,0,2,1,50,0,0,2,3,0,0,2,0,1,0,0,4,2,0,0,148,0,13,0,0,0,0,0,0,0,0,0,5,3,1,8,5,5,2026-09-20,data//AFLW_2026-09-20.csv,NA,NA,0.375,0.42857142857142855,2,0.25,0.6666666666666666,NA,NA,1.3333333333333333,0.38461538461538464,NA,0,0,0,CD_M20262640607,6,2026-09-20,Gold Coast SUNS,CD_R202626406
CD_I1025587,34,MEDIUM_DEFENDER,"https://s.afl.com.au/staticfile/AFL Tenant/AFL/Players/ChampIDImages/AFLW/2026264/1025587.png?im=Scale,width=0.6,height=0.6",Madison,Ibrahim,CD_T9406,ESS,Essendon,Bombers,2,40.9,1,0,0,0,1,0,0,0,4,0,0,3,5,19,2,0,3,1,0,0,0,0,4,2,0,0,1,0,1,0,0,3,0,0,0,88,0,8,0,0,0,0,2,0,2,0,0,2,0,0,6,1,2,2026-09-20,data//AFLW_2026-09-20.csv,NA,NA,0.6666666666666666,0.4,2,0,1,NA,NA,1.5,0.25,NA,0,0,0,CD_M20262640607,6,2026-09-20,Gold Coast SUNS,CD_R202626406
CD_I1025609,27,MIDFIELDER,"https://s.afl.com.au/staticfile/AFL Tenant/AFL/Players/ChampIDImages/AFLW/2026264/1025609.png?im=Scale,width=0.6,height=0.6",Lucille,Cronin,CD_T8097,COLL,Collingwood,Magpies,4,86.30000000000001,1,1,14,0,2,0,0,0,8,0,0,9,16,70,8,4,1,0,0,20,0,1,8,5,0,0,4,0,1,0,0,11,0,0,0,322,2,21,0,0,3,0,3,0,2,2,2,5,0,2,17,7,9,2026-09-20,data//AFLW_2026-09-20.csv,NA,NA,0.47058823529411764,0.5,4,0.36363636363636365,0.8,NA,NA,2.2,0.23809523809523808,NA,0,0.56,0,CD_M20262640602,6,2026-09-19,Geelong Cats,CD_R202626406
CD_I1025616,26,MEDIUM_DEFENDER,"https://s.afl.com.au/staticfile/AFL Tenant/AFL/Players/ChampIDImages/AFLW/2026264/1025616.png?im=Scale,width=0.6,height=0.6",Lara,Hausegger,CD_T9408,SYD,Sydney Swans,Swans,6,89.59999999999997,0,0,0,0,0,1,1,0,6,0,0,12,11,41,7,3,0,0,1,0,0,0,5,5,0,0,0,0,7,0,0,6,0,0,0,69,4,12,0,0,0,0,3,0,0,3,0,3,0,0,10,1,4,2026-09-20,data//AFLW_2026-09-20.csv,1,NA,0.6,0.6363636363636364,4,0.5,0.8,NA,NA,1.2,0.25,NA,0,0,0,CD_M20262640604,6,2026-09-19,Port Adelaide,CD_R202626406
CD_I1025617,20,MEDIUM_FORWARD,"https://s.afl.com.au/staticfile/AFL Tenant/AFL/Players/ChampIDImages/AFLW/2026264/1025617.png?im=Scale,width=0.6,height=0.6",Maggie,Mahony,CD_T7386,MELB,Melbourne,Demons,4,81.5,1,0,0,0,4,0,0,0,4,1,0,8,9,42,6,1,2,2,0,66.7,1,1,4,6,0,0,2,0,0,0,0,3,0,0,0,125,0,22,0,0,0,0,3,0,2,0,0,5,3,0,9,3,5,2026-09-20,data//AFLW_2026-09-20.csv,NA,0,0.4444444444444444,0.6666666666666666,5,0.3333333333333333,0.8333333333333334,NA,NA,0.5,0.22727272727272727,NA,0,0,0,CD_M20262640603,6,2026-09-19,Carlton,CD_R202626406
CD_I1025669,32,KEY_DEFENDER,"https://s.afl.com.au/staticfile/AFL Tenant/AFL/Players/ChampIDImages/AFLW/2026264/1025669.png?im=Scale,width=0.6,height=0.6",Annabelle,Embelton,CD_T9407,HAW,Hawthorn,Hawks,6,99.40000000000009,0,0,0,0,1,2,4,0,6,0,0,4,9,30,7,3,0,0,1,0,0,0,5,4,0,0,0,0,5,0,0,5,2,0,0,149,0,5,0,0,2,0,0,0,0,0,2,0,0,2,10,2,4,2026-09-20,data//AFLW_2026-09-20.csv,0.5,NA,0.6,0.7777777777777778,4,0.6,1,NA,NA,1.25,0,NA,0,0,0,CD_M20262640601,6,2026-09-18,North Melbourne,CD_R202626406
CD_I1025671,14,MIDFIELDER,"https://s.afl.com.au/staticfile/AFL Tenant/AFL/Players/ChampIDImages/AFLW/2026264/1025671.png?im=Scale,width=0.6,height=0.6",Daisy,Flockart,CD_T9407,HAW,Hawthorn,Hawks,6,50.10000000000002,0,0,5,1,1,0,0,0,6,0,0,4,6,54,5,3,0,0,3,0,0,0,3,2,0,0,3,0,2,0,0,4,1,0,0,93,0,13,0,0,0,0,1,0,0,0,2,8,2,3,7,2,1,2026-09-20,data//AFLW_2026-09-20.csv,NA,NA,0.8571428571428571,0.8333333333333334,2,0.75,1,NA,NA,2,0.6153846153846154,NA,0,0.45454545454545453,0,CD_M20262640601,6,2026-09-18,North Melbourne,CD_R202626406
CD_I1025674,1,KEY_FORWARD,"https://s.afl.com.au/staticfile/AFL Tenant/AFL/Players/ChampIDImages/AFLW/2026264/1025674.png?im=Scale,width=0.6,height=0.6",Emily,Gough,CD_T9406,ESS,Essendon,Bombers,6,74.90000000000003,1,0,0,0,3,0,1,0,4,1,0,1,8,47,4,3,2,0,1,40,0,1,3,2,1,0,0,0,5,0,0,6,0,0,0,155,3,7,0,0,1,5,2,0,2,2,0,4,3,0,7,4,3,2026-09-20,data//AFLW_2026-09-20.csv,0,0,0.5714285714285714,0.5,1,0.5,0.5,0.2,0,3,0.5714285714285714,NA,0.07042253521126761,0,0,CD_M20262640607,6,2026-09-20,Gold Coast SUNS,CD_R202626406
CD_I1025677,55,MEDIUM_FORWARD,"https://s.afl.com.au/staticfile/AFL Tenant/AFL/Players/ChampIDImages/AFLW/2026264/1025677.png?im=Scale,width=0.6,height=0.6",Sophie,McKay,CD_T8096,CARL,Carlton,Blues,3,71.1,0,0,0,0,2,0,0,0,1,1,0,1,11,47,6,4,1,0,0,33.3,0,1,1,4,0,0,2,0,1,0,0,7,4,1,1,150,0,6,0,0,0,0,3,0,1,0,0,0,0,0,11,3,10,2026-09-20,data//AFLW_2026-09-20.csv,NA,0,0.09090909090909091,0.5454545454545454,2,0.5714285714285714,0.5,NA,NA,1.75,0,NA,0,0,0,CD_M20262640603,6,2026-09-19,Melbourne,CD_R202626406
CD_I1025789,29,MIDFIELDER,"https://s.afl.com.au/staticfile/AFL Tenant/AFL/Players/ChampIDImages/AFLW/2026264/1025789.png?im=Scale,width=0.6,height=0.6",Tanya,Kennedy,CD_T9408,SYD,Sydney Swans,Swans,3,76.90000000000003,0,0,8,1,9,0,0,0,6,0,0,11,16,41,4,1,0,4,0,0,0,0,6,3,0,0,1,0,3,0,0,13,0,0,0,131,2,15,0,0,1,0,2,0,0,1,1,2,0,2,13,9,7,2026-09-20,data//AFLW_2026-09-20.csv,NA,NA,0.46153846153846156,0.25,3,0.07692307692307693,1,NA,NA,4.333333333333333,0.13333333333333333,NA,0,0.7272727272727273,0,CD_M20262640604,6,2026-09-19,Port Adelaide,CD_R202626406
CD_I1025819,19,MEDIUM_DEFENDER,"https://s.afl.com.au/staticfile/AFL Tenant/AFL/Players/ChampIDImages/AFLW/2026264/1025819.png?im=Scale,width=0.6,height=0.6",Laela,Ebert,CD_T7386,MELB,Melbourne,Demons,5,78.89999999999998,0,0,0,0,1,0,1,1,6,0,0,3,11,41,7,2,0,0,1,0,0,0,4,7,0,0,0,0,4,0,0,4,2,0,0,79,0,6,0,0,0,0,0,0,0,0,1,2,0,1,11,2,5,2026-09-20,data//AFLW_2026-09-20.csv,0,NA,0.5454545454545454,0.6363636363636364,5,0.5,0.7142857142857143,NA,NA,0.5714285714285714,0.3333333333333333,NA,0,0,0,CD_M20262640603,6,2026-09-19,Carlton,CD_R202626406
CD_I1025895,26,MEDIUM_DEFENDER,"https://s.afl.com.au/staticfile/AFL Tenant/AFL/Players/ChampIDImages/AFLW/2026264/1025895.png?im=Scale,width=0.6,height=0.6",Violet,Patterson,CD_T8097,COLL,Collingwood,Magpies,5,88.60000000000002,0,0,0,0,3,1,1,0,6,0,0,8,12,43,9,3,0,3,2,0,0,0,4,6,0,0,1,0,6,0,0,6,0,0,0,84,2,12,0,0,3,0,1,0,0,0,0,5,0,0,13,2,7,2026-09-20,data//AFLW_2026-09-20.csv,1,NA,0.46153846153846156,0.75,6,0.5,1,NA,NA,1,0.4166666666666667,NA,0,0,0,CD_M20262640602,6,2026-09-19,Geelong Cats,CD_R202626406
CD_I1025924,1,MEDIUM_DEFENDER,"https://s.afl.com.au/staticfile/AFL Tenant/AFL/Players/ChampIDImages/AFLW/2026264/1025924.png?im=Scale,width=0.6,height=0.6",Grace,Martin,CD_T7889,GWS,GWS GIANTS,GIANTS,6,50.400000000000034,0,0,0,0,2,0,0,0,1,0,0,2,9,52,6,4,0,0,1,50,0,1,0,3,0,0,1,0,4,0,0,6,3,0,0,169,0,6,0,0,1,0,3,0,1,0,0,3,0,0,9,3,8,2026-09-20,data//AFLW_2026-09-20.csv,NA,NA,0.1111111111111111,0.6666666666666666,2,0.6666666666666666,0.6666666666666666,NA,NA,2,0.5,NA,0,0,0,CD_M20262640606,6,2026-09-20,Richmond,CD_R202626406
CD_I1025962,12,RUCK,"https://s.afl.com.au/staticfile/AFL Tenant/AFL/Players/ChampIDImages/AFLW/2026264/1025962.png?im=Scale,width=0.6,height=0.6",Charlotte,Riggs,CD_T8787,WCE,West Coast Eagles,Eagles,6,71.5,0,0,8,1,3,0,0,0,12,0,0,4,11,63,7,3,0,1,2,0,0,0,7,6,15,2,2,0,2,0,0,5,2,0,0,244,7,12,0,0,3,29,1,0,0,3,6,4,0,7,14,2,2,2026-09-20,data//AFLW_2026-09-20.csv,NA,NA,0.8571428571428571,0.6363636363636364,4,0.6,0.6666666666666666,0.5172413793103449,0.06896551724137931,0.8333333333333334,0.3333333333333333,NA,0.6041666666666666,0.6666666666666666,0,CD_M20262640608,6,2026-09-20,St Kilda,CD_R202626406
CD_I1025995,20,MIDFIELDER,"https://s.afl.com.au/staticfile/AFL Tenant/AFL/Players/ChampIDImages/AFLW/2026264/1025995.png?im=Scale,width=0.6,height=0.6",Lily,Goss,CD_T8096,CARL,Carlton,Blues,6,64.20000000000005,0,0,4,0,2,0,0,0,5,0,0,9,8,34,5,3,1,0,0,50,1,0,5,5,0,0,1,0,2,0,0,3,1,0,0,114,0,12,0,0,1,0,2,0,0,0,0,3,0,0,8,2,3,2026-09-20,data//AFLW_2026-09-20.csv,NA,NA,0.625,0.625,2,1,0.4,NA,NA,0.6,0.25,NA,0,0.26666666666666666,0,CD_M20262640603,6,2026-09-19,Melbourne,CD_R202626406
CD_I1026016,8,MEDIUM_DEFENDER,"https://s.afl.com.au/staticfile/AFL Tenant/AFL/Players/ChampIDImages/AFLW/2026264/1026016.png?im=Scale,width=0.6,height=0.6",Montana,Beruldsen,CD_T8788,RICH,Richmond,Richmond,6,80.5,0,1,0,0,4,0,1,0,7,0,0,7,15,64,10,6,0,1,0,0,0,0,7,4,0,0,3,0,12,0,0,11,6,0,0,336,1,8,0,0,1,0,5,0,0,0,0,2,0,0,17,3,10,2026-09-20,data//AFLW_2026-09-20.csv,0,NA,0.4117647058823529,0.6666666666666666,4,0.5454545454545454,1,NA,NA,2.75,0.25,NA,0,0,0,CD_M20262640606,6,2026-09-20,GWS GIANTS,CD_R202626406
CD_I1026104,19,MEDIUM_DEFENDER,"https://s.afl.com.au/staticfile/AFL Tenant/AFL/Players/ChampIDImages/AFLW/2026264/1026104.png?im=Scale,width=0.6,height=0.6",Mia,Salisbury,CD_T8786,GCFC,Gold Coast SUNS,SUNS,3,4.099999999999994,0,0,0,0,0,0,0,0,0,0,0,2,0,4,0,0,0,0,0,0,0,0,0,0,0,0,0,0,0,0,0,0,0,0,0,0,0,2,0,0,0,0,0,0,0,0,0,1,0,0,0,0,0,2026-09-20,data//AFLW_2026-09-20.csv,NA,NA,NA,NA,0,NA,NA,NA,NA,NA,0.5,NA,0,0,0,CD_M20262640607,6,2026-09-20,Essendon,CD_R202626406
CD_I1026111,22,MEDIUM_FORWARD,"https://s.afl.com.au/staticfile/AFL Tenant/AFL/Players/ChampIDImages/AFLW/2026264/1026111.png?im=Scale,width=0.6,height=0.6",Sophie,Peters,CD_T7887,BL,Brisbane Lions,Lions,6,77.60000000000002,0,0,0,0,2,0,0,0,3,0,0,11,8,51,4,4,0,1,1,100,0,0,2,2,0,0,0,0,3,0,0,6,1,0,0,89,1,15,0,0,1,0,0,0,0,1,0,7,0,0,8,2,5,2026-09-20,data//AFLW_2026-09-20.csv,NA,NA,0.375,0.5,0,0.6666666666666666,0,NA,NA,3,0.4666666666666667,NA,0,0,0,CD_M20262640609,6,2026-09-20,Adelaide Crows,CD_R202626406
CD_I1026137,24,MEDIUM_DEFENDER,"https://s.afl.com.au/staticfile/AFL Tenant/AFL/Players/ChampIDImages/AFLW/2026264/1026137.png?im=Scale,width=0.6,height=0.6",Claudia,Wright,CD_T7887,BL,Brisbane Lions,Lions,6,57.39999999999998,0,0,0,0,2,0,0,0,3,0,0,4,10,44,8,5,0,0,0,0,0,0,3,3,0,0,3,0,5,0,0,7,3,1,0,212,2,5,0,0,1,0,2,0,0,2,0,2,1,0,10,4,7,2026-09-20,data//AFLW_2026-09-20.csv,NA,NA,0.3,0.8,3,0.7142857142857143,1,NA,NA,2.3333333333333335,0.4,NA,0,0,0,CD_M20262640609,6,2026-09-20,Adelaide Crows,CD_R202626406
CD_I1026143,26,MEDIUM_FORWARD,"https://s.afl.com.au/staticfile/AFL Tenant/AFL/Players/ChampIDImages/AFLW/2026264/1026143.png?im=Scale,width=0.6,height=0.6",Emily,Elkington,CD_T9409,PORT,Port Adelaide,Power,5,81.39999999999998,1,0,0,0,1,0,0,0,5,1,0,3,10,53,5,0,3,0,0,50,0,0,5,7,0,0,4,0,0,0,0,3,3,1,1,68,0,18,0,0,0,0,2,0,1,0,0,5,3,0,10,3,5,2026-09-20,data//AFLW_2026-09-20.csv,NA,0,0.5,0.5,5,0,0.7142857142857143,NA,NA,0.42857142857142855,0.2777777777777778,NA,0,0,0,CD_M20262640604,6,2026-09-19,Sydney Swans,CD_R202626406
CD_I1026166,6,MEDIUM_DEFENDER,"https://s.afl.com.au/staticfile/AFL Tenant/AFL/Players/ChampIDImages/AFLW/2026264/1026166.png?im=Scale,width=0.6,height=0.6",Madeleine,Scanlon,CD_T7886,FRE,Fremantle,Freo,3,68.1,0,0,0,0,2,0,1,0,6,0,0,4,10,39,4,2,1,0,1,0,0,0,5,3,0,0,2,0,5,2,2,7,1,0,0,162,3,5,0,0,2,0,0,0,0,3,0,2,0,0,7,2,1,2026-09-20,data//AFLW_2026-09-20.csv,0,NA,0.8571428571428571,0.4,2,0.2857142857142857,0.6666666666666666,NA,NA,2.3333333333333335,0.4,1,0,0,0.5,CD_M20262640605,6,2026-09-19,Western Bulldogs,CD_R202626406
CD_I1026227,15,MEDIUM_FORWARD,"https://s.afl.com.au/staticfile/AFL Tenant/AFL/Players/ChampIDImages/AFLW/2026264/1026227.png?im=Scale,width=0.6,height=0.6",Julia,Teakle,CD_T9409,PORT,Port Adelaide,Power,3,63.99999999999997,1,0,0,0,2,0,0,1,3,3,2,7,6,27,4,2,0,0,0,16.7,0,0,1,2,0,0,2,0,2,0,0,4,2,1,0,109,2,11,0,0,0,0,2,0,1,1,0,1,1,0,7,4,4,2026-09-20,data//AFLW_2026-09-20.csv,NA,0.6666666666666666,0.42857142857142855,0.6666666666666666,2,0.5,1,NA,NA,2,0.09090909090909091,NA,0,0,0,CD_M20262640604,6,2026-09-19,Sydney Swans,CD_R202626406
CD_I1026239,13,MEDIUM_DEFENDER,"https://s.afl.com.au/staticfile/AFL Tenant/AFL/Players/ChampIDImages/AFLW/2026264/1026239.png?im=Scale,width=0.6,height=0.6",Maya,Louvel-Finn,CD_T8796,STK,St Kilda,St Kilda,4,89.5,0,0,0,0,2,0,1,1,3,0,0,3,14,43,9,1,0,0,0,0,0,0,2,9,0,0,1,0,5,1,1,5,2,0,0,233,2,6,0,0,2,0,0,0,0,2,0,1,0,0,12,3,9,2026-09-20,data//AFLW_2026-09-20.csv,0,NA,0.25,0.6428571428571429,8,0.2,0.8888888888888888,NA,NA,0.5555555555555556,0.16666666666666666,1,0,0,0.16666666666666666,CD_M20262640608,6,2026-09-20,West Coast Eagles,CD_R202626406
CD_I1026281,11,MEDIUM_DEFENDER,"https://s.afl.com.au/staticfile/AFL Tenant/AFL/Players/ChampIDImages/AFLW/2026264/1026281.png?im=Scale,width=0.6,height=0.6",Evie,Cowcher,CD_T8467,GEEL,Geelong Cats,Cats,6,70.5,0,0,0,0,3,0,0,0,3,0,0,9,6,30,3,1,0,1,0,0,0,0,2,3,0,0,1,0,2,0,0,3,2,0,0,80,3,11,0,0,0,0,2,0,0,2,0,3,1,0,6,2,3,2026-09-20,data//AFLW_2026-09-20.csv,NA,NA,0.5,0.5,2,0.3333333333333333,0.6666666666666666,NA,NA,1,0.2727272727272727,NA,0,0,0,CD_M20262640602,6,2026-09-19,Collingwood,CD_R202626406
CD_I1026294,11,KEY_FORWARD,"https://s.afl.com.au/staticfile/AFL Tenant/AFL/Players/ChampIDImages/AFLW/2026264/1026294.png?im=Scale,width=0.6,height=0.6",Ariana,Hetherington,CD_T8097,COLL,Collingwood,Magpies,6,100.70000000000005,0,0,0,0,1,0,0,0,4,0,0,11,9,32,5,4,0,0,0,100,0,0,4,5,0,0,0,0,2,0,0,4,2,0,0,118,1,11,0,0,3,0,2,0,0,1,0,1,0,0,9,3,5,2026-09-20,data//AFLW_2026-09-20.csv,NA,NA,0.4444444444444444,0.5555555555555556,1,1,0.2,NA,NA,0.8,0.09090909090909091,NA,0,0,0,CD_M20262640602,6,2026-09-19,Geelong Cats,CD_R202626406
CD_I1026372,11,KEY_DEFENDER,"https://s.afl.com.au/staticfile/AFL Tenant/AFL/Players/ChampIDImages/AFLW/2026264/1026372.png?im=Scale,width=0.6,height=0.6",Molly,O'Hehir,CD_T7386,MELB,Melbourne,Demons,6,82.90000000000003,0,0,0,0,2,0,0,0,6,1,0,3,10,54,5,3,1,1,1,33.3,0,1,5,6,0,0,0,0,4,0,0,4,2,0,0,92,1,15,0,0,0,0,1,0,1,1,1,5,1,1,9,3,3,2026-09-20,data//AFLW_2026-09-20.csv,NA,0,0.6666666666666666,0.5,2,0.75,0.3333333333333333,NA,NA,0.6666666666666666,0.3333333333333333,NA,0,0,0,CD_M20262640603,6,2026-09-19,Carlton,CD_R202626406
CD_I1026479,12,KEY_FORWARD,"https://s.afl.com.au/staticfile/AFL Tenant/AFL/Players/ChampIDImages/AFLW/2026264/1026479.png?im=Scale,width=0.6,height=0.6",Olivia,Wolmarans,CD_T8788,RICH,Richmond,Richmond,6,95.90000000000009,1,0,0,0,4,0,0,4,8,3,2,2,15,93,9,7,1,3,2,45.5,0,3,2,3,0,0,5,0,0,0,0,12,9,4,3,282,1,13,0,0,0,0,8,0,4,1,0,3,2,0,15,3,7,2026-09-20,data//AFLW_2026-09-20.csv,NA,0.6666666666666666,0.5333333333333333,0.6,2,0.5833333333333334,0.6666666666666666,NA,NA,4,0.23076923076923078,NA,0,0,0,CD_M20262640606,6,2026-09-20,GWS GIANTS,CD_R202626406
CD_I1026494,8,MIDFIELDER,"https://s.afl.com.au/staticfile/AFL Tenant/AFL/Players/ChampIDImages/AFLW/2026264/1026494.png?im=Scale,width=0.6,height=0.6",Carys,D'Addario,CD_T8796,STK,St Kilda,St Kilda,2,9.399999999999999,0,0,2,0,0,0,0,0,0,0,0,0,1,9,1,0,0,0,0,0,0,0,0,1,0,0,0,0,0,0,0,0,1,0,0,0,0,2,0,0,0,0,0,0,0,0,0,1,0,0,1,0,1,2026-09-20,data//AFLW_2026-09-20.csv,NA,NA,0,1,1,NA,1,NA,NA,0,0.5,NA,0,0.16666666666666666,0,CD_M20262640608,6,2026-09-20,West Coast Eagles,CD_R202626406
CD_I1026531,24,MEDIUM_FORWARD,"https://s.afl.com.au/staticfile/AFL Tenant/AFL/Players/ChampIDImages/AFLW/2026264/1026531.png?im=Scale,width=0.6,height=0.6",Charli,Wicksteed,CD_T8788,RICH,Richmond,Richmond,6,70.79999999999995,0,0,0,0,1,0,0,0,7,0,0,1,16,68,10,7,1,0,2,40,0,0,5,4,0,0,4,0,6,0,0,12,2,0,0,347,0,9,0,0,1,0,3,0,0,0,1,4,0,1,13,3,6,2026-09-20,data//AFLW_2026-09-20.csv,NA,NA,0.5384615384615384,0.625,3,0.5833333333333334,0.75,NA,NA,3,0.4444444444444444,NA,0,0,0,CD_M20262640606,6,2026-09-20,GWS GIANTS,CD_R202626406
CD_I1026929,31,RUCK,"https://s.afl.com.au/staticfile/AFL Tenant/AFL/Players/ChampIDImages/AFLW/2026264/1026929.png?im=Scale,width=0.6,height=0.6",Lucy,Wales,CD_T9407,HAW,Hawthorn,Hawks,6,90.09999999999991,1,0,10,0,2,0,0,1,10,0,0,10,18,78,12,4,1,1,0,50,0,1,8,8,11,2,3,0,7,0,0,10,3,0,0,198,4,16,0,0,1,34,4,0,2,4,2,2,0,2,18,2,8,2026-09-20,data//AFLW_2026-09-20.csv,NA,NA,0.5555555555555556,0.6666666666666666,8,0.4,1,0.3235294117647059,0.058823529411764705,1.25,0.125,NA,0.7391304347826086,0.9090909090909091,0,CD_M20262640601,6,2026-09-18,North Melbourne,CD_R202626406
CD_I1026937,23,MEDIUM_FORWARD,"https://s.afl.com.au/staticfile/AFL Tenant/AFL/Players/ChampIDImages/AFLW/2026264/1026937.png?im=Scale,width=0.6,height=0.6",Rania,Crozier,CD_T7887,BL,Brisbane Lions,Lions,4,67,0,0,0,0,2,0,1,0,4,0,0,4,3,17,0,0,1,0,0,33.3,0,0,3,0,0,0,1,0,0,0,0,3,0,0,0,51,2,8,0,0,0,0,0,0,1,1,0,2,0,0,5,3,1,2026-09-20,data//AFLW_2026-09-20.csv,0,NA,0.8,0,0,0,NA,NA,NA,Inf,0.25,NA,0,0,0,CD_M20262640609,6,2026-09-20,Adelaide Crows,CD_R202626406
CD_I1026947,24,MEDIUM_FORWARD,"https://s.afl.com.au/staticfile/AFL Tenant/AFL/Players/ChampIDImages/AFLW/2026264/1026947.png?im=Scale,width=0.6,height=0.6",Chantal,Mason,CD_T8467,GEEL,Geelong Cats,Cats,6,75.20000000000005,0,0,7,0,2,0,0,1,4,2,0,6,11,78,8,4,1,0,0,33.3,1,1,3,5,4,2,1,0,0,0,0,6,4,3,2,192,3,10,0,0,0,11,6,0,2,3,0,7,0,0,11,3,7,2026-09-20,data//AFLW_2026-09-20.csv,NA,0,0.36363636363636365,0.7272727272727273,4,0.6666666666666666,0.8,0.36363636363636365,0.18181818181818182,1.2,0.7,NA,0.21153846153846154,0.28,0,CD_M20262640602,6,2026-09-19,Collingwood,CD_R202626406
CD_I1027055,25,MEDIUM_FORWARD,"https://s.afl.com.au/staticfile/AFL Tenant/AFL/Players/ChampIDImages/AFLW/2026264/1027055.png?im=Scale,width=0.6,height=0.6",Sienna,Gerardi,CD_T8787,WCE,West Coast Eagles,Eagles,2,44.39999999999999,0,0,0,0,4,0,0,0,4,1,0,1,5,10,2,1,1,2,0,0,0,0,4,2,0,0,1,0,2,0,0,3,1,1,0,85,0,6,0,0,0,0,1,0,1,0,0,0,0,0,6,5,2,2026-09-20,data//AFLW_2026-09-20.csv,NA,0,0.6666666666666666,0.4,1,0.3333333333333333,0.5,NA,NA,1.5,0,NA,0,0,0,CD_M20262640608,6,2026-09-20,St Kilda,CD_R202626406
CD_I1027057,11,MEDIUM_FORWARD,"https://s.afl.com.au/staticfile/AFL Tenant/AFL/Players/ChampIDImages/AFLW/2026264/1027057.png?im=Scale,width=0.6,height=0.6",Mia,Russo,CD_T8787,WCE,West Coast Eagles,Eagles,5,59.30000000000001,1,0,7,1,5,0,0,0,9,0,0,7,14,55,4,0,0,1,2,0,0,0,6,7,0,0,4,0,2,0,0,7,0,0,0,269,0,10,0,0,0,0,1,0,1,0,2,5,0,3,15,5,6,2026-09-20,data//AFLW_2026-09-20.csv,NA,NA,0.6,0.2857142857142857,4,0,0.5714285714285714,NA,NA,1,0.5,NA,0,0.5833333333333334,0,CD_M20262640608,6,2026-09-20,St Kilda,CD_R202626406
CD_I1027544,11,KEY_FORWARD,"https://s.afl.com.au/staticfile/AFL Tenant/AFL/Players/ChampIDImages/AFLW/2026264/1027544.png?im=Scale,width=0.6,height=0.6",Zoe,Besanko,CD_T8796,STK,St Kilda,St Kilda,6,88.29999999999995,0,0,4,1,4,0,0,2,8,0,0,3,12,44,6,2,0,1,1,0,0,0,5,8,4,0,0,0,3,0,0,4,2,0,0,185,0,5,0,0,1,18,3,0,0,0,0,2,0,1,12,2,4,2026-09-20,data//AFLW_2026-09-20.csv,NA,NA,0.6666666666666666,0.5,4,0.5,0.5,0.2222222222222222,0,0.5,0.4,NA,0.375,0.3333333333333333,0,CD_M20262640608,6,2026-09-20,West Coast Eagles,CD_R202626406
CD_I1027545,32,MIDFIELDER,"https://s.afl.com.au/staticfile/AFL Tenant/AFL/Players/ChampIDImages/AFLW/2026264/1027545.png?im=Scale,width=0.6,height=0.6",Kayla,Dalgleish,CD_T8787,WCE,West Coast Eagles,Eagles,3,88.9,2,0,0,0,1,0,0,0,8,0,0,1,14,61,9,5,3,1,1,25,1,1,7,5,0,0,1,0,1,0,0,9,2,1,1,99,0,8,0,0,0,0,4,0,5,0,0,3,2,0,15,2,7,2026-09-20,data//AFLW_2026-09-20.csv,NA,NA,0.5333333333333333,0.6428571428571429,4,0.5555555555555556,0.8,NA,NA,1.8,0.375,NA,0,0,0,CD_M20262640608,6,2026-09-20,St Kilda,CD_R202626406
CD_I1027611,16,KEY_DEFENDER,"https://s.afl.com.au/staticfile/AFL Tenant/AFL/Players/ChampIDImages/AFLW/2026264/1027611.png?im=Scale,width=0.6,height=0.6",Zoe,Wakfer,CD_T8787,WCE,West Coast Eagles,Eagles,6,79.29999999999995,0,0,0,0,2,0,0,0,1,0,0,2,5,22,3,3,0,1,1,0,0,0,0,1,0,0,0,0,4,0,0,4,2,0,0,78,2,3,0,0,1,0,0,0,0,2,0,1,0,0,4,3,3,2026-09-20,data//AFLW_2026-09-20.csv,NA,NA,0.25,0.6,0,0.75,0,NA,NA,4,0.3333333333333333,NA,0,0,0,CD_M20262640608,6,2026-09-20,St Kilda,CD_R202626406
CD_I1027783,30,RUCK,"https://s.afl.com.au/staticfile/AFL Tenant/AFL/Players/ChampIDImages/AFLW/2026264/1027783.png?im=Scale,width=0.6,height=0.6",Stephanie,Wales,CD_T9406,ESS,Essendon,Bombers,6,72.70000000000005,0,0,9,1,0,1,1,0,9,2,0,13,11,64,5,1,0,0,1,0,0,0,7,7,13,4,0,0,3,0,0,4,0,0,0,77,1,21,0,0,0,45,1,0,0,0,1,6,0,2,11,3,2,2026-09-20,data//AFLW_2026-09-20.csv,1,0,0.8181818181818182,0.45454545454545453,4,0.25,0.5714285714285714,0.28888888888888886,0.08888888888888889,0.5714285714285714,0.2857142857142857,NA,0.6338028169014085,0.75,0,CD_M20262640607,6,2026-09-20,Gold Coast SUNS,CD_R202626406
CD_I1028464,8,MIDFIELDER_FORWARD,"https://s.afl.com.au/staticfile/AFL Tenant/AFL/Players/ChampIDImages/AFLW/2026264/1028464.png?im=Scale,width=0.6,height=0.6",Dominique,Carruthers,CD_T7387,WB,Western Bulldogs,Bulldogs,6,53.299999999999955,0,0,2,0,2,0,0,0,3,0,0,4,8,36,6,3,2,2,0,100,0,0,3,3,0,0,1,0,1,0,0,5,3,0,1,98,0,9,0,0,0,0,1,0,0,0,1,3,1,1,9,4,6,2026-09-20,data//AFLW_2026-09-20.csv,NA,NA,0.3333333333333333,0.75,3,0.6,1,NA,NA,1.6666666666666667,0.3333333333333333,NA,0,0.14285714285714285,0,CD_M20262640605,6,2026-09-19,Fremantle,CD_R202626406
CD_I1028846,21,MEDIUM_FORWARD,"https://s.afl.com.au/staticfile/AFL Tenant/AFL/Players/ChampIDImages/AFLW/2026264/1028846.png?im=Scale,width=0.6,height=0.6",Heidi,Talbot,CD_T8786,GCFC,Gold Coast SUNS,SUNS,6,69.5,0,0,0,0,2,0,0,0,3,0,0,2,8,27,6,2,1,1,0,0,0,0,3,4,0,0,1,0,4,0,0,4,2,0,0,123,0,5,0,0,1,0,0,0,0,0,0,1,0,0,8,3,5,2026-09-20,data//AFLW_2026-09-20.csv,NA,NA,0.375,0.75,4,0.5,1,NA,NA,1,0.2,NA,0,0,0,CD_M20262640607,6,2026-09-20,Essendon,CD_R202626406
CD_I1029279,2,MEDIUM_FORWARD,"https://s.afl.com.au/staticfile/AFL Tenant/AFL/Players/ChampIDImages/AFLW/2026264/1029279.png?im=Scale,width=0.6,height=0.6",Holly,Cooper,CD_T9408,SYD,Sydney Swans,Swans,5,72.80000000000001,0,0,0,0,2,0,0,0,3,0,0,4,9,40,6,4,0,0,1,60,0,0,2,4,0,0,3,0,2,0,0,5,0,0,0,190,0,11,0,0,0,0,3,0,0,0,0,4,1,0,9,2,6,2026-09-20,data//AFLW_2026-09-20.csv,NA,NA,0.3333333333333333,0.6666666666666666,2,0.8,0.5,NA,NA,1.25,0.36363636363636365,NA,0,0,0,CD_M20262640604,6,2026-09-19,Port Adelaide,CD_R202626406
CD_I1029614,1,RUCK,"https://s.afl.com.au/staticfile/AFL Tenant/AFL/Players/ChampIDImages/AFLW/2026264/1029614.png?im=Scale,width=0.6,height=0.6",Eleanor,Hartill,CD_T7887,BL,Brisbane Lions,Lions,5,59.89999999999998,0,0,4,0,2,0,0,0,1,0,0,3,7,21,6,0,0,2,1,40,0,0,0,6,2,0,1,0,0,0,0,1,3,0,1,59,1,5,0,0,1,19,0,0,0,0,0,0,0,0,7,0,6,2026-09-20,data//AFLW_2026-09-20.csv,NA,NA,0.14285714285714285,0.8571428571428571,6,0,1,0.10526315789473684,0,0.16666666666666666,0,NA,0.27941176470588236,0.3076923076923077,0,CD_M20262640609,6,2026-09-20,Adelaide Crows,CD_R202626406
CD_I1029615,14,MEDIUM_DEFENDER,"https://s.afl.com.au/staticfile/AFL Tenant/AFL/Players/ChampIDImages/AFLW/2026264/1029615.png?im=Scale,width=0.6,height=0.6",Erika,O'Shea,CD_T8466,NMFC,North Melbourne,Kangaroos,5,97.60000000000002,0,1,0,0,5,0,2,0,7,0,0,6,17,47,10,2,0,2,0,0,0,0,7,9,0,0,0,0,8,0,0,8,1,0,0,223,2,12,0,0,3,0,1,0,0,2,0,2,0,0,17,8,10,2026-09-20,data//AFLW_2026-09-20.csv,0,NA,0.4117647058823529,0.5882352941176471,8,0.25,0.8888888888888888,NA,NA,0.8888888888888888,0.16666666666666666,NA,0,0,0,CD_M20262640601,6,2026-09-18,Hawthorn,CD_R202626406
CD_I1029617,25,KEY_DEFENDER,"https://s.afl.com.au/staticfile/AFL Tenant/AFL/Players/ChampIDImages/AFLW/2026264/1029617.png?im=Scale,width=0.6,height=0.6",Cambridge,McCormick,CD_T7889,GWS,GWS GIANTS,GIANTS,6,89.29999999999995,0,0,0,0,8,0,0,0,11,0,0,12,24,84,16,6,0,2,1,0,1,0,9,12,0,0,1,0,9,4,4,12,3,0,0,462,2,14,0,0,5,0,1,0,0,2,1,5,0,1,20,6,9,2026-09-20,data//AFLW_2026-09-20.csv,NA,NA,0.55,0.6666666666666666,10,0.5,0.8333333333333334,NA,NA,1,0.35714285714285715,1,0,0,0.2857142857142857,CD_M20262640606,6,2026-09-20,Richmond,CD_R202626406
CD_I1029618,13,MEDIUM_FORWARD,"https://s.afl.com.au/staticfile/AFL Tenant/AFL/Players/ChampIDImages/AFLW/2026264/1029618.png?im=Scale,width=0.6,height=0.6",Vikki,Wall,CD_T8466,NMFC,North Melbourne,Kangaroos,6,82.70000000000005,0,0,0,0,0,0,0,0,4,0,0,2,12,65,7,3,2,0,0,10,2,0,4,6,0,0,1,0,1,0,0,6,5,1,2,156,0,14,0,0,1,0,2,0,1,0,0,5,2,0,12,4,8,2026-09-20,data//AFLW_2026-09-20.csv,NA,NA,0.3333333333333333,0.5833333333333334,4,0.5,0.6666666666666666,NA,NA,1,0.35714285714285715,NA,0,0,0,CD_M20262640601,6,2026-09-18,Hawthorn,CD_R202626406
CD_I1029621,25,MIDFIELDER_FORWARD,"https://s.afl.com.au/staticfile/AFL Tenant/AFL/Players/ChampIDImages/AFLW/2026264/1029621.png?im=Scale,width=0.6,height=0.6",Megan,Kauffman,CD_T7886,FRE,Fremantle,Freo,6,72.29999999999995,0,0,1,0,1,0,0,1,6,0,0,3,11,48,5,3,1,1,1,66.7,0,0,4,4,0,0,2,0,4,0,0,7,3,0,0,190,0,14,0,0,1,0,2,0,0,0,1,3,3,1,11,3,5,2026-09-20,data//AFLW_2026-09-20.csv,NA,NA,0.5454545454545454,0.45454545454545453,2,0.42857142857142855,0.5,NA,NA,1.75,0.21428571428571427,NA,0,0.07142857142857142,0,CD_M20262640605,6,2026-09-19,Western Bulldogs,CD_R202626406
CD_I1029623,14,MIDFIELDER,"https://s.afl.com.au/staticfile/AFL Tenant/AFL/Players/ChampIDImages/AFLW/2026264/1029623.png?im=Scale,width=0.6,height=0.6",Orlagh,Lally,CD_T7886,FRE,Fremantle,Freo,6,51.599999999999966,0,0,0,0,0,0,0,0,2,0,0,1,5,19,3,1,1,0,0,0,0,0,2,3,0,0,1,0,0,0,0,2,1,0,0,78,0,6,0,0,0,0,1,0,0,0,0,1,0,0,5,0,3,2026-09-20,data//AFLW_2026-09-20.csv,NA,NA,0.4,0.6,2,0.5,0.6666666666666666,NA,NA,0.6666666666666666,0.16666666666666666,NA,0,0,0,CD_M20262640605,6,2026-09-19,Western Bulldogs,CD_R202626406
CD_I1029626,13,KEY_FORWARD,"https://s.afl.com.au/staticfile/AFL Tenant/AFL/Players/ChampIDImages/AFLW/2026264/1029626.png?im=Scale,width=0.6,height=0.6",Aine,McDonagh,CD_T9407,HAW,Hawthorn,Hawks,6,100.09999999999991,1,0,0,0,2,0,0,2,17,3,2,7,18,82,10,3,5,0,2,69.6,0,0,12,9,0,0,1,0,5,0,0,9,2,1,0,176,1,17,0,0,2,0,4,0,2,0,0,7,4,0,18,6,1,2026-09-20,data//AFLW_2026-09-20.csv,NA,0.6666666666666666,0.9444444444444444,0.5555555555555556,7,0.3333333333333333,0.7777777777777778,NA,NA,1,0.4117647058823529,NA,0,0,0,CD_M20262640601,6,2026-09-18,North Melbourne,CD_R202626406
CD_I1029938,30,MEDIUM_FORWARD,"https://s.afl.com.au/staticfile/AFL Tenant/AFL/Players/ChampIDImages/AFLW/2026264/1029938.png?im=Scale,width=0.6,height=0.6",Marlo,Graham,CD_T7887,BL,Brisbane Lions,Lions,5,73.80000000000001,0,0,5,0,1,0,0,1,5,0,0,9,13,58,8,1,0,0,2,50,0,0,2,9,0,0,2,0,1,0,0,4,2,0,1,102,0,18,0,0,0,0,1,0,0,0,0,5,0,0,12,3,7,2026-09-20,data//AFLW_2026-09-20.csv,NA,NA,0.4166666666666667,0.6153846153846154,7,0.25,0.7777777777777778,NA,NA,0.4444444444444444,0.2777777777777778,NA,0,0.38461538461538464,0,CD_M20262640609,6,2026-09-20,Adelaide Crows,CD_R202626406
CD_I1029952,4,MIDFIELDER,"https://s.afl.com.au/staticfile/AFL Tenant/AFL/Players/ChampIDImages/AFLW/2026264/1029952.png?im=Scale,width=0.6,height=0.6",Jade,McLay,CD_T8796,STK,St Kilda,St Kilda,4,84.10000000000002,2,0,1,0,1,0,0,0,4,0,0,1,7,30,3,2,1,0,0,50,0,1,3,2,0,0,1,0,2,0,0,5,1,1,1,176,3,1,0,0,0,0,4,0,3,2,0,0,0,0,7,2,3,2026-09-20,data//AFLW_2026-09-20.csv,NA,NA,0.5714285714285714,0.42857142857142855,1,0.4,0.5,NA,NA,2.5,0,NA,0,0.08333333333333333,0,CD_M20262640608,6,2026-09-20,West Coast Eagles,CD_R202626406
CD_I1030188,2,MIDFIELDER_FORWARD,"https://s.afl.com.au/staticfile/AFL Tenant/AFL/Players/ChampIDImages/AFLW/2026264/1030188.png?im=Scale,width=0.6,height=0.6",Sunny,Lappin,CD_T8786,GCFC,Gold Coast SUNS,SUNS,6,78.59999999999997,1,0,0,0,3,0,0,0,2,0,0,3,10,34,5,2,0,0,0,50,0,0,2,3,0,0,1,0,2,0,0,7,2,1,0,145,0,7,0,0,0,0,2,0,1,0,1,0,0,1,9,3,7,2026-09-20,data//AFLW_2026-09-20.csv,NA,NA,0.2222222222222222,0.5,3,0.2857142857142857,1,NA,NA,2.3333333333333335,0,NA,0,0,0,CD_M20262640607,6,2026-09-20,Essendon,CD_R202626406
CD_I1030189,10,MEDIUM_FORWARD,"https://s.afl.com.au/staticfile/AFL Tenant/AFL/Players/ChampIDImages/AFLW/2026264/1030189.png?im=Scale,width=0.6,height=0.6",Ava,Usher,CD_T8786,GCFC,Gold Coast SUNS,SUNS,6,79.70000000000005,1,4,4,0,3,0,0,0,6,0,0,7,15,75,9,6,2,0,0,37.5,1,1,5,6,0,0,6,0,0,0,0,9,3,1,1,336,0,14,0,0,3,0,5,0,2,0,2,5,2,2,15,2,9,2026-09-20,data//AFLW_2026-09-20.csv,NA,NA,0.4,0.6,3,0.6666666666666666,0.5,NA,NA,1.5,0.35714285714285715,NA,0,0.3333333333333333,0,CD_M20262640607,6,2026-09-20,Essendon,CD_R202626406
CD_I1030199,15,MEDIUM_FORWARD,"https://s.afl.com.au/staticfile/AFL Tenant/AFL/Players/ChampIDImages/AFLW/2026264/1030199.png?im=Scale,width=0.6,height=0.6",Alannah,Welsh,CD_T8786,GCFC,Gold Coast SUNS,SUNS,5,82.30000000000001,1,0,0,0,1,0,0,0,2,0,0,6,7,39,3,2,0,0,1,50,1,0,1,2,0,0,2,0,2,0,0,5,2,1,0,122,0,12,0,0,0,0,2,0,2,0,0,3,1,0,7,2,5,2026-09-20,data//AFLW_2026-09-20.csv,NA,NA,0.2857142857142857,0.42857142857142855,1,0.4,0.5,NA,NA,2.5,0.25,NA,0,0,0,CD_M20262640607,6,2026-09-20,Essendon,CD_R202626406
CD_I1030201,4,KEY_DEFENDER,"https://s.afl.com.au/staticfile/AFL Tenant/AFL/Players/ChampIDImages/AFLW/2026264/1030201.png?im=Scale,width=0.6,height=0.6",Georja,Davies,CD_T8786,GCFC,Gold Coast SUNS,SUNS,6,94.20000000000005,0,0,0,0,2,0,1,0,2,0,0,6,9,37,6,4,0,1,0,0,0,0,2,2,0,0,0,0,5,0,0,7,5,0,0,140,0,7,0,0,1,0,0,0,0,0,0,0,0,0,9,3,7,2026-09-20,data//AFLW_2026-09-20.csv,0,NA,0.2222222222222222,0.6666666666666666,2,0.5714285714285714,1,NA,NA,3.5,0,NA,0,0,0,CD_M20262640607,6,2026-09-20,Essendon,CD_R202626406
CD_I1030203,24,KEY_FORWARD,"https://s.afl.com.au/staticfile/AFL Tenant/AFL/Players/ChampIDImages/AFLW/2026264/1030203.png?im=Scale,width=0.6,height=0.6",Dekota,Baron,CD_T8786,GCFC,Gold Coast SUNS,SUNS,3,93.69999999999999,0,0,0,0,0,0,0,2,2,3,1,2,3,24,2,1,0,0,0,50,0,1,0,1,0,0,1,0,0,0,0,2,2,1,0,45,1,9,0,0,0,0,1,0,1,0,0,1,0,0,3,1,1,2026-09-20,data//AFLW_2026-09-20.csv,NA,0.3333333333333333,0.6666666666666666,0.6666666666666666,1,0.5,1,NA,NA,2,0.1111111111111111,NA,0,0,0,CD_M20262640607,6,2026-09-20,Essendon,CD_R202626406
CD_I1030952,21,MIDFIELDER_FORWARD,"https://s.afl.com.au/staticfile/AFL Tenant/AFL/Players/ChampIDImages/AFLW/2026264/1030952.png?im=Scale,width=0.6,height=0.6",Lucy,Waye,CD_T8098,ADEL,Adelaide Crows,Crows,3,60.30000000000001,0,0,0,0,1,0,0,0,3,0,0,0,7,27,5,1,2,1,0,33.3,1,0,3,6,0,0,1,0,0,0,0,1,1,0,1,15,0,7,0,0,0,0,3,0,0,0,0,3,2,0,7,1,4,2026-09-20,data//AFLW_2026-09-20.csv,NA,NA,0.42857142857142855,0.7142857142857143,4,1,0.6666666666666666,NA,NA,0.16666666666666666,0.42857142857142855,NA,0,0,0,CD_M20262640609,6,2026-09-20,Brisbane Lions,CD_R202626406
CD_I1030962,23,MIDFIELDER,"https://s.afl.com.au/staticfile/AFL Tenant/AFL/Players/ChampIDImages/AFLW/2026264/1030962.png?im=Scale,width=0.6,height=0.6",Sophie,Eaton,CD_T9409,PORT,Port Adelaide,Power,5,72.60000000000002,0,0,0,1,3,0,0,0,5,0,0,2,11,47,7,3,0,2,2,0,0,0,2,4,0,0,1,0,2,0,0,7,2,0,0,134,2,11,0,0,0,0,2,0,0,1,1,4,0,2,14,5,9,2026-09-20,data//AFLW_2026-09-20.csv,NA,NA,0.35714285714285715,0.6363636363636364,4,0.42857142857142855,1,NA,NA,1.75,0.36363636363636365,NA,0,0,0,CD_M20262640604,6,2026-09-19,Sydney Swans,CD_R202626406
CD_I1031248,37,MEDIUM_DEFENDER,"https://s.afl.com.au/staticfile/AFL Tenant/AFL/Players/ChampIDImages/AFLW/2026264/1031248.png?im=Scale,width=0.6,height=0.6",Fina,Dethlefsen,CD_T8788,RICH,Richmond,Richmond,4,71.30000000000004,0,0,1,0,1,1,1,0,2,0,0,11,3,18,3,1,0,1,0,0,0,0,2,2,2,0,1,0,2,0,0,1,0,0,0,50,0,16,0,0,0,5,1,0,0,0,0,3,0,0,3,1,1,2026-09-20,data//AFLW_2026-09-20.csv,1,NA,0.6666666666666666,1,2,1,1,0.4,0,0.5,0.1875,NA,0.08620689655172414,0.045454545454545456,0,CD_M20262640606,6,2026-09-20,GWS GIANTS,CD_R202626406
CD_I1031272,29,MIDFIELDER,"https://s.afl.com.au/staticfile/AFL Tenant/AFL/Players/ChampIDImages/AFLW/2026264/1031272.png?im=Scale,width=0.6,height=0.6",Indiana,West,CD_T7886,FRE,Fremantle,Freo,6,74.20000000000005,0,0,0,0,3,1,2,0,6,0,0,4,7,29,3,3,0,1,2,0,0,0,6,2,0,0,0,0,4,0,0,5,1,0,0,157,1,7,0,0,0,0,1,0,0,1,0,2,0,0,7,3,1,2026-09-20,data//AFLW_2026-09-20.csv,0.5,NA,0.8571428571428571,0.42857142857142855,0,0.6,0,NA,NA,2.5,0.2857142857142857,NA,0,0,0,CD_M20262640605,6,2026-09-19,Western Bulldogs,CD_R202626406
CD_I1031354,22,KEY_DEFENDER,"https://s.afl.com.au/staticfile/AFL Tenant/AFL/Players/ChampIDImages/AFLW/2026264/1031354.png?im=Scale,width=0.6,height=0.6",Claire,Mahony,CD_T8466,NMFC,North Melbourne,Kangaroos,6,83.29999999999995,0,0,0,0,3,0,0,0,4,0,0,7,14,50,10,6,0,1,0,0,0,0,4,5,0,0,0,0,7,3,3,9,4,0,0,254,0,10,0,0,5,0,1,0,0,0,0,1,0,0,12,6,8,2026-09-20,data//AFLW_2026-09-20.csv,NA,NA,0.3333333333333333,0.7142857142857143,4,0.6666666666666666,0.8,NA,NA,1.8,0.1,1,0,0,0.375,CD_M20262640601,6,2026-09-18,Hawthorn,CD_R202626406
CD_I1031366,11,KEY_DEFENDER,"https://s.afl.com.au/staticfile/AFL Tenant/AFL/Players/ChampIDImages/AFLW/2026264/1031366.png?im=Scale,width=0.6,height=0.6",Holly,Egan,CD_T7886,FRE,Fremantle,Freo,4,76.39999999999998,0,0,0,0,3,1,2,0,2,0,0,2,12,41,7,6,0,0,0,0,0,0,2,2,0,0,1,0,3,0,0,10,1,0,0,177,2,2,0,0,2,0,0,0,0,2,0,1,0,0,10,3,8,2026-09-20,data//AFLW_2026-09-20.csv,0.5,NA,0.2,0.5833333333333334,1,0.6,0.5,NA,NA,5,0.5,NA,0,0,0,CD_M20262640605,6,2026-09-19,Western Bulldogs,CD_R202626406
CD_I1031378,10,MIDFIELDER,"https://s.afl.com.au/staticfile/AFL Tenant/AFL/Players/ChampIDImages/AFLW/2026264/1031378.png?im=Scale,width=0.6,height=0.6",Holly,Ridewood,CD_T9406,ESS,Essendon,Bombers,6,89.90000000000003,0,0,0,0,1,0,0,0,6,0,0,2,8,48,5,2,1,0,0,0,0,0,5,6,0,0,1,0,4,0,0,2,2,0,0,79,1,8,0,0,2,0,0,0,0,0,1,6,4,1,8,1,2,2026-09-20,data//AFLW_2026-09-20.csv,NA,NA,0.75,0.625,3,1,0.5,NA,NA,0.3333333333333333,0.75,NA,0,0,0,CD_M20262640607,6,2026-09-20,Gold Coast SUNS,CD_R202626406
CD_I1031390,9,KEY_FORWARD,"https://s.afl.com.au/staticfile/AFL Tenant/AFL/Players/ChampIDImages/AFLW/2026264/1031390.png?im=Scale,width=0.6,height=0.6",Emma,McDonald,CD_T7387,WB,Western Bulldogs,Bulldogs,6,78.5,1,0,0,0,1,0,0,4,8,3,1,0,10,57,7,4,2,1,0,61.5,0,1,3,4,0,0,1,0,1,0,0,6,5,3,1,140,3,8,0,0,0,0,2,0,3,2,0,3,2,0,11,3,3,2026-09-20,data//AFLW_2026-09-20.csv,NA,0.3333333333333333,0.7272727272727273,0.7,3,0.6666666666666666,0.75,NA,NA,1.5,0.375,NA,0,0,0,CD_M20262640605,6,2026-09-19,Fremantle,CD_R202626406
CD_I1031398,11,MIDFIELDER,"https://s.afl.com.au/staticfile/AFL Tenant/AFL/Players/ChampIDImages/AFLW/2026264/1031398.png?im=Scale,width=0.6,height=0.6",Isabel,Bacon,CD_T8788,RICH,Richmond,Richmond,6,76,0,0,19,1,4,0,0,0,9,0,0,8,18,71,6,5,2,0,0,50,0,0,6,6,0,0,4,0,1,0,0,12,1,0,0,339,0,14,0,0,1,0,3,0,0,0,3,5,1,4,17,3,8,2026-09-20,data//AFLW_2026-09-20.csv,NA,NA,0.5294117647058824,0.3333333333333333,1,0.4166666666666667,0.16666666666666666,NA,NA,2,0.35714285714285715,NA,0,0.8636363636363636,0,CD_M20262640606,6,2026-09-20,GWS GIANTS,CD_R202626406
CD_I1031412,33,MEDIUM_FORWARD,"https://s.afl.com.au/staticfile/AFL Tenant/AFL/Players/ChampIDImages/AFLW/2026264/1031412.png?im=Scale,width=0.6,height=0.6",Mackenzie,Ford,CD_T8788,RICH,Richmond,Richmond,6,80.20000000000005,0,0,1,0,0,0,0,0,3,0,0,3,6,60,3,3,0,0,2,0,0,0,1,1,0,0,2,0,1,0,0,5,3,0,0,119,0,18,0,0,1,0,2,0,0,0,1,8,2,1,7,2,4,2026-09-20,data//AFLW_2026-09-20.csv,NA,NA,0.42857142857142855,0.5,0,0.6,0,NA,NA,5,0.4444444444444444,NA,0,0.045454545454545456,0,CD_M20262640606,6,2026-09-20,GWS GIANTS,CD_R202626406
CD_I1031562,28,MIDFIELDER,"https://s.afl.com.au/staticfile/AFL Tenant/AFL/Players/ChampIDImages/AFLW/2026264/1031562.png?im=Scale,width=0.6,height=0.6",Emma,Juneja,CD_T9408,SYD,Sydney Swans,Swans,4,60.900000000000006,0,0,0,0,4,0,0,0,4,0,0,4,12,52,6,2,1,0,1,100,0,0,3,5,0,0,4,0,6,0,0,7,4,0,0,150,0,7,0,0,0,0,1,0,0,0,0,2,0,0,11,4,7,2026-09-20,data//AFLW_2026-09-20.csv,NA,NA,0.36363636363636365,0.5,4,0.2857142857142857,0.8,NA,NA,1.4,0.2857142857142857,NA,0,0,0,CD_M20262640604,6,2026-09-19,Port Adelaide,CD_R202626406
CD_I1031784,20,MEDIUM_DEFENDER,"https://s.afl.com.au/staticfile/AFL Tenant/AFL/Players/ChampIDImages/AFLW/2026264/1031784.png?im=Scale,width=0.6,height=0.6",Cleo,Buttifant,CD_T7387,WB,Western Bulldogs,Bulldogs,6,67.09999999999997,0,2,10,3,6,0,0,0,11,0,0,3,15,70,9,4,0,2,2,100,0,1,4,5,0,0,1,0,5,0,0,10,4,1,0,391,3,10,0,0,4,0,1,0,1,1,2,4,2,5,19,5,8,2026-09-20,data//AFLW_2026-09-20.csv,NA,NA,0.5789473684210527,0.6,5,0.4,1,NA,NA,2,0.4,NA,0,0.7142857142857143,0,CD_M20262640605,6,2026-09-19,Fremantle,CD_R202626406
CD_I1032499,32,MIDFIELDER,"https://s.afl.com.au/staticfile/AFL Tenant/AFL/Players/ChampIDImages/AFLW/2026264/1032499.png?im=Scale,width=0.6,height=0.6",Bronte,Parker,CD_T8786,GCFC,Gold Coast SUNS,SUNS,6,72.59999999999997,0,0,0,0,0,0,0,0,2,0,0,4,8,37,6,4,0,0,0,0,0,0,2,3,0,0,2,0,2,0,0,5,0,0,0,140,0,9,0,0,0,0,2,0,0,0,0,4,0,0,8,0,6,2026-09-20,data//AFLW_2026-09-20.csv,NA,NA,0.25,0.75,2,0.8,0.6666666666666666,NA,NA,1.6666666666666667,0.4444444444444444,NA,0,0,0,CD_M20262640607,6,2026-09-20,Essendon,CD_R202626406
CD_I1032555,25,KEY_FORWARD,"https://s.afl.com.au/staticfile/AFL Tenant/AFL/Players/ChampIDImages/AFLW/2026264/1032555.png?im=Scale,width=0.6,height=0.6",Grace,Parsons,CD_T9409,PORT,Port Adelaide,Power,3,40.7,0,0,1,0,0,0,0,0,4,1,0,1,5,31,4,3,0,0,2,0,0,0,2,2,1,0,1,0,3,0,0,3,1,0,0,27,0,6,0,0,0,7,0,0,0,0,1,3,0,1,5,0,1,2026-09-20,data//AFLW_2026-09-20.csv,NA,0,0.8,0.8,1,1,0.5,0.14285714285714285,0,1.5,0.5,NA,0.16666666666666666,0.09090909090909091,0,CD_M20262640604,6,2026-09-19,Sydney Swans,CD_R202626406
CD_I1032556,19,KEY_FORWARD,"https://s.afl.com.au/staticfile/AFL Tenant/AFL/Players/ChampIDImages/AFLW/2026264/1032556.png?im=Scale,width=0.6,height=0.6",Maddie,Quinn,CD_T9408,SYD,Sydney Swans,Swans,6,53.400000000000034,1,0,2,0,2,0,0,0,3,1,1,4,4,20,0,0,1,0,0,25,0,0,2,2,2,0,0,0,2,0,0,2,1,0,0,35,1,5,0,0,0,10,1,0,1,0,0,1,1,0,5,2,2,2026-09-20,data//AFLW_2026-09-20.csv,NA,1,0.6,0,0,0,0,0.2,0,1,0.2,NA,0.2222222222222222,0.18181818181818182,0,CD_M20262640604,6,2026-09-19,Port Adelaide,CD_R202626406
CD_I1032571,16,MEDIUM_FORWARD,"https://s.afl.com.au/staticfile/AFL Tenant/AFL/Players/ChampIDImages/AFLW/2026264/1032571.png?im=Scale,width=0.6,height=0.6",Mikaylah,Antony,CD_T9407,HAW,Hawthorn,Hawks,5,78.5,0,0,0,0,1,0,0,0,7,1,0,4,10,41,7,2,1,0,1,33.3,0,0,4,5,0,0,1,0,3,0,0,5,1,0,0,59,3,13,0,0,0,0,2,0,0,1,0,3,0,0,11,1,4,2026-09-20,data//AFLW_2026-09-20.csv,NA,0,0.6363636363636364,0.7,5,0.4,1,NA,NA,1,0.23076923076923078,NA,0,0,0,CD_M20262640601,6,2026-09-18,North Melbourne,CD_R202626406
CD_I1032590,5,MEDIUM_FORWARD,"https://s.afl.com.au/staticfile/AFL Tenant/AFL/Players/ChampIDImages/AFLW/2026264/1032590.png?im=Scale,width=0.6,height=0.6",Chloe,Bown,CD_T8098,ADEL,Adelaide Crows,Crows,6,71.59999999999997,2,0,1,0,1,0,0,0,5,1,1,0,9,42,7,2,2,0,0,27.3,0,0,5,5,0,0,1,0,0,0,0,4,2,2,0,89,0,8,0,0,0,0,3,0,2,0,0,3,0,0,9,1,4,2026-09-20,data//AFLW_2026-09-20.csv,NA,1,0.5555555555555556,0.7777777777777778,5,0.5,1,NA,NA,0.8,0.375,NA,0,0.07692307692307693,0,CD_M20262640609,6,2026-09-20,Brisbane Lions,CD_R202626406
CD_I1032592,19,MIDFIELDER,"https://s.afl.com.au/staticfile/AFL Tenant/AFL/Players/ChampIDImages/AFLW/2026264/1032592.png?im=Scale,width=0.6,height=0.6",Asher,Fearn-Wannan,CD_T7887,BL,Brisbane Lions,Lions,3,71.5,1,2,0,0,1,0,1,0,7,0,0,5,13,57,7,2,1,0,1,50,0,1,5,7,0,0,1,0,4,0,0,6,3,0,0,199,1,9,0,0,2,0,2,0,2,0,0,2,0,0,14,4,7,2026-09-20,data//AFLW_2026-09-20.csv,0,NA,0.5,0.5384615384615384,5,0.3333333333333333,0.7142857142857143,NA,NA,0.8571428571428571,0.2222222222222222,NA,0,0,0,CD_M20262640609,6,2026-09-20,Adelaide Crows,CD_R202626406
CD_I1032594,37,RUCK,"https://s.afl.com.au/staticfile/AFL Tenant/AFL/Players/ChampIDImages/AFLW/2026264/1032594.png?im=Scale,width=0.6,height=0.6",Josephine,Bamford,CD_T8097,COLL,Collingwood,Magpies,6,85.40000000000003,0,0,15,0,2,0,0,0,10,3,0,8,8,36,5,0,2,1,0,0,0,0,7,7,6,1,0,0,1,0,0,1,0,0,0,-20,4,18,0,0,0,33,1,0,0,1,0,4,1,0,12,0,2,2026-09-20,data//AFLW_2026-09-20.csv,NA,0,0.8333333333333334,0.625,5,0,0.7142857142857143,0.18181818181818182,0.030303030303030304,0.14285714285714285,0.2222222222222222,NA,0.6346153846153846,0.6,0,CD_M20262640602,6,2026-09-19,Geelong Cats,CD_R202626406
CD_I1032967,32,MIDFIELDER,"https://s.afl.com.au/staticfile/AFL Tenant/AFL/Players/ChampIDImages/AFLW/2026264/1032967.png?im=Scale,width=0.6,height=0.6",Jordyn,Allen,CD_T7386,MELB,Melbourne,Demons,6,88,1,1,0,0,2,1,1,0,10,0,0,4,16,61,8,4,2,1,3,0,0,0,7,6,0,0,2,0,7,0,0,10,2,0,0,343,0,8,0,0,2,0,3,0,1,0,0,3,0,0,16,5,6,2026-09-20,data//AFLW_2026-09-20.csv,1,NA,0.625,0.5,4,0.4,0.6666666666666666,NA,NA,1.6666666666666667,0.375,NA,0,0,0,CD_M20262640603,6,2026-09-19,Carlton,CD_R202626406
CD_I1033016,33,MIDFIELDER,"https://s.afl.com.au/staticfile/AFL Tenant/AFL/Players/ChampIDImages/AFLW/2026264/1033016.png?im=Scale,width=0.6,height=0.6",Olivia,Gorman,CD_T8098,ADEL,Adelaide Crows,Crows,6,29.399999999999977,0,0,0,0,2,0,0,0,1,0,0,5,4,15,2,1,0,1,0,0,0,0,1,1,0,0,1,0,3,0,0,3,1,0,0,68,0,6,0,0,0,0,0,0,0,0,0,1,0,0,4,2,3,2026-09-20,data//AFLW_2026-09-20.csv,NA,NA,0.25,0.5,1,0.3333333333333333,1,NA,NA,3,0.16666666666666666,NA,0,0,0,CD_M20262640609,6,2026-09-20,Brisbane Lions,CD_R202626406
CD_I1033129,25,MIDFIELDER,"https://s.afl.com.au/staticfile/AFL Tenant/AFL/Players/ChampIDImages/AFLW/2026264/1033129.png?im=Scale,width=0.6,height=0.6",Renee,Morgan,CD_T8467,GEEL,Geelong Cats,Cats,3,47.500000000000014,0,0,14,0,2,0,0,0,5,0,0,2,9,34,4,0,1,1,1,0,0,0,4,6,0,0,0,0,3,0,0,3,1,0,0,58,0,5,0,0,1,0,2,0,0,0,0,3,0,0,10,2,5,2026-09-20,data//AFLW_2026-09-20.csv,NA,NA,0.5,0.4444444444444444,4,0,0.6666666666666666,NA,NA,0.5,0.6,NA,0,0.56,0,CD_M20262640602,6,2026-09-19,Collingwood,CD_R202626406
CD_I1033157,8,KEY_DEFENDER,"https://s.afl.com.au/staticfile/AFL Tenant/AFL/Players/ChampIDImages/AFLW/2026264/1033157.png?im=Scale,width=0.6,height=0.6",Jennifer,Dunne,CD_T7887,BL,Brisbane Lions,Lions,6,99.79999999999995,0,0,0,0,3,0,0,0,8,0,0,14,21,78,13,7,0,0,1,0,0,0,7,10,0,0,2,0,8,5,5,11,4,0,0,403,1,15,0,0,9,0,0,0,0,1,0,3,0,0,15,7,7,2026-09-20,data//AFLW_2026-09-20.csv,NA,NA,0.5333333333333333,0.6190476190476191,6,0.6363636363636364,0.6,NA,NA,1.1,0.2,1,0,0,0.5555555555555556,CD_M20262640609,6,2026-09-20,Adelaide Crows,CD_R202626406
CD_I1033158,17,MIDFIELDER,"https://s.afl.com.au/staticfile/AFL Tenant/AFL/Players/ChampIDImages/AFLW/2026264/1033158.png?im=Scale,width=0.6,height=0.6",Dayna,Finn,CD_T8096,CARL,Carlton,Blues,6,100,0,1,0,0,3,0,0,1,12,0,0,2,20,75,10,5,0,1,0,80,0,1,10,9,0,0,3,0,6,0,0,11,3,0,1,371,2,9,0,0,2,0,3,0,1,1,1,3,0,1,19,8,7,2026-09-20,data//AFLW_2026-09-20.csv,NA,NA,0.631578947368421,0.5,5,0.45454545454545453,0.5555555555555556,NA,NA,1.2222222222222223,0.3333333333333333,NA,0,0,0,CD_M20262640603,6,2026-09-19,Melbourne,CD_R202626406
CD_I1033159,19,MIDFIELDER,"https://s.afl.com.au/staticfile/AFL Tenant/AFL/Players/ChampIDImages/AFLW/2026264/1033159.png?im=Scale,width=0.6,height=0.6",Erone,Fitzpatrick,CD_T8096,CARL,Carlton,Blues,6,85.79999999999995,1,0,7,1,3,0,0,0,5,0,0,9,14,66,8,1,1,0,0,40,1,1,5,10,0,0,5,0,2,0,0,4,1,0,0,246,0,17,0,0,0,0,5,0,3,0,1,6,3,2,14,3,9,2026-09-20,data//AFLW_2026-09-20.csv,NA,NA,0.35714285714285715,0.5714285714285714,7,0.25,0.7,NA,NA,0.4,0.35294117647058826,NA,0,0.4666666666666667,0,CD_M20262640603,6,2026-09-19,Melbourne,CD_R202626406
CD_I1033163,7,MEDIUM_FORWARD,"https://s.afl.com.au/staticfile/AFL Tenant/AFL/Players/ChampIDImages/AFLW/2026264/1033163.png?im=Scale,width=0.6,height=0.6",Niamh,Martin,CD_T9407,HAW,Hawthorn,Hawks,3,82.30000000000001,0,0,0,0,1,0,0,0,8,1,0,4,10,43,5,2,1,1,2,50,0,0,5,6,0,0,1,0,5,0,0,4,0,0,0,104,0,14,0,0,1,0,1,0,1,0,0,5,1,0,10,2,2,2026-09-20,data//AFLW_2026-09-20.csv,NA,0,0.8,0.5,3,0.5,0.5,NA,NA,0.6666666666666666,0.35714285714285715,NA,0,0,0,CD_M20262640601,6,2026-09-18,North Melbourne,CD_R202626406
CD_I1033164,15,MEDIUM_FORWARD,"https://s.afl.com.au/staticfile/AFL Tenant/AFL/Players/ChampIDImages/AFLW/2026264/1033164.png?im=Scale,width=0.6,height=0.6",Paris,McCarthy,CD_T9408,SYD,Sydney Swans,Swans,5,78.19999999999999,1,0,0,0,3,0,0,0,4,0,0,4,8,47,4,1,0,1,1,50,0,0,3,5,0,0,1,0,1,0,0,3,3,0,0,87,1,13,0,0,0,0,3,0,1,0,0,5,2,0,7,3,3,2026-09-20,data//AFLW_2026-09-20.csv,NA,NA,0.5714285714285714,0.5,3,0.3333333333333333,0.6,NA,NA,0.6,0.38461538461538464,NA,0,0,0,CD_M20262640604,6,2026-09-19,Port Adelaide,CD_R202626406
CD_I1033165,11,MEDIUM_DEFENDER,"https://s.afl.com.au/staticfile/AFL Tenant/AFL/Players/ChampIDImages/AFLW/2026264/1033165.png?im=Scale,width=0.6,height=0.6",Niamh,McLaughlin,CD_T8786,GCFC,Gold Coast SUNS,SUNS,6,81.59999999999991,0,3,10,0,4,0,0,0,9,0,0,5,33,101,18,8,1,1,2,0,1,0,8,16,0,0,7,0,5,0,0,17,5,0,0,485,1,7,0,0,4,0,5,0,0,0,1,1,0,1,34,7,25,2026-09-20,data//AFLW_2026-09-20.csv,NA,NA,0.2647058823529412,0.5454545454545454,10,0.47058823529411764,0.625,NA,NA,1.0625,0.14285714285714285,NA,0,0.8333333333333334,0,CD_M20262640607,6,2026-09-20,Essendon,CD_R202626406
CD_I1033166,45,KEY_FORWARD,"https://s.afl.com.au/staticfile/AFL Tenant/AFL/Players/ChampIDImages/AFLW/2026264/1033166.png?im=Scale,width=0.6,height=0.6",Aishling,Moloney,CD_T8467,GEEL,Geelong Cats,Cats,6,83.5,0,0,0,0,2,0,0,0,3,0,0,0,20,105,14,8,3,0,0,66.7,1,3,3,8,0,0,5,0,0,0,0,12,5,1,3,412,0,8,0,0,0,0,10,0,3,0,0,5,3,0,19,1,16,2026-09-20,data//AFLW_2026-09-20.csv,NA,NA,0.15789473684210525,0.7,6,0.6666666666666666,0.75,NA,NA,1.5,0.625,NA,0,0,0,CD_M20262640602,6,2026-09-19,Collingwood,CD_R202626406
CD_I1033168,24,MIDFIELDER_FORWARD,"https://s.afl.com.au/staticfile/AFL Tenant/AFL/Players/ChampIDImages/AFLW/2026264/1033168.png?im=Scale,width=0.6,height=0.6",Julie,O'Sullivan,CD_T9408,SYD,Sydney Swans,Swans,6,70.79999999999995,0,0,0,0,1,0,2,0,5,0,0,5,8,35,4,3,0,0,1,33.3,0,0,4,2,0,0,0,0,4,0,0,6,0,0,0,182,1,6,0,0,0,0,2,0,0,1,0,3,0,0,7,3,2,2026-09-20,data//AFLW_2026-09-20.csv,0,NA,0.7142857142857143,0.5,1,0.5,0.5,NA,NA,3,0.5,NA,0,0,0,CD_M20262640604,6,2026-09-19,Port Adelaide,CD_R202626406
CD_I1033269,16,MEDIUM_FORWARD,"https://s.afl.com.au/staticfile/AFL Tenant/AFL/Players/ChampIDImages/AFLW/2026264/1033269.png?im=Scale,width=0.6,height=0.6",Evie,Long,CD_T7887,BL,Brisbane Lions,Lions,2,25.200000000000003,0,0,0,0,0,0,0,0,0,0,0,4,1,2,1,0,0,0,0,100,0,0,0,1,0,0,0,0,0,0,0,0,0,0,0,10,0,4,0,0,0,0,1,0,0,0,0,0,0,0,1,0,1,2026-09-20,data//AFLW_2026-09-20.csv,NA,NA,0,1,1,NA,1,NA,NA,0,0,NA,0,0,0,CD_M20262640609,6,2026-09-20,Adelaide Crows,CD_R202626406
CD_I1033348,1,MIDFIELDER,"https://s.afl.com.au/staticfile/AFL Tenant/AFL/Players/ChampIDImages/AFLW/2026264/1033348.png?im=Scale,width=0.6,height=0.6",Imogen,Brown,CD_T9408,SYD,Sydney Swans,Swans,6,64.79999999999995,1,0,0,0,2,0,0,0,3,0,0,6,9,48,3,2,0,1,0,33.3,0,0,3,3,0,0,1,0,1,0,0,6,2,1,0,152,0,10,0,0,1,0,3,0,1,0,0,5,0,0,9,5,6,2026-09-20,data//AFLW_2026-09-20.csv,NA,NA,0.3333333333333333,0.3333333333333333,1,0.3333333333333333,0.3333333333333333,NA,NA,2,0.5,NA,0,0,0,CD_M20262640604,6,2026-09-19,Port Adelaide,CD_R202626406
CD_I1033877,11,MEDIUM_FORWARD,"https://s.afl.com.au/staticfile/AFL Tenant/AFL/Players/ChampIDImages/AFLW/2026264/1033877.png?im=Scale,width=0.6,height=0.6",Nalu,Brothwell,CD_T9406,ESS,Essendon,Bombers,6,50.10000000000002,0,0,0,0,4,0,0,0,5,0,0,2,8,27,4,1,2,0,0,28.6,0,0,4,5,0,0,4,0,1,0,0,3,0,0,0,109,2,6,0,0,0,0,0,0,1,1,1,2,1,1,8,3,3,2026-09-20,data//AFLW_2026-09-20.csv,NA,NA,0.625,0.5,3,0.3333333333333333,0.6,NA,NA,0.6,0.3333333333333333,NA,0,0,0,CD_M20262640607,6,2026-09-20,Gold Coast SUNS,CD_R202626406
CD_I1034054,25,KEY_DEFENDER,"https://s.afl.com.au/staticfile/AFL Tenant/AFL/Players/ChampIDImages/AFLW/2026264/1034054.png?im=Scale,width=0.6,height=0.6",Zara,Neuwirth,CD_T8097,COLL,Collingwood,Magpies,4,43,0,0,0,0,0,1,3,0,0,0,0,0,0,0,0,0,0,0,0,0,0,0,0,0,0,0,0,0,0,0,0,0,0,0,0,-3,1,0,0,0,0,0,0,0,0,0,0,0,0,0,0,0,0,2026-09-20,data//AFLW_2026-09-20.csv,0.3333333333333333,NA,NA,NA,0,NA,NA,NA,NA,NA,NA,NA,0,0,0,CD_M20262640602,6,2026-09-19,Geelong Cats,CD_R202626406
CD_I1035371,12,MEDIUM_FORWARD,"https://s.afl.com.au/staticfile/AFL Tenant/AFL/Players/ChampIDImages/AFLW/2026264/1035371.png?im=Scale,width=0.6,height=0.6",Ryleigh,Wotherspoon,CD_T7386,MELB,Melbourne,Demons,6,77,1,0,0,0,4,0,0,0,3,0,0,3,11,41,5,3,2,1,0,50,1,0,3,3,0,0,1,0,1,0,0,8,3,0,0,134,2,7,0,0,0,0,4,0,2,1,0,1,1,0,11,3,8,2026-09-20,data//AFLW_2026-09-20.csv,NA,NA,0.2727272727272727,0.45454545454545453,2,0.375,0.6666666666666666,NA,NA,2.6666666666666665,0.14285714285714285,NA,0,0,0,CD_M20262640603,6,2026-09-19,Carlton,CD_R202626406
CD_I1035375,24,MEDIUM_FORWARD,"https://s.afl.com.au/staticfile/AFL Tenant/AFL/Players/ChampIDImages/AFLW/2026264/1035375.png?im=Scale,width=0.6,height=0.6",Amy,Boyle-Carr,CD_T8098,ADEL,Adelaide Crows,Crows,3,54.099999999999994,0,0,0,0,1,0,0,0,1,1,0,0,4,22,2,0,0,1,0,20,0,0,1,2,0,0,0,0,0,0,0,2,1,1,1,47,1,10,0,0,0,0,1,0,0,0,1,3,2,1,5,1,4,2026-09-20,data//AFLW_2026-09-20.csv,NA,0,0.2,0.5,2,0,1,NA,NA,1,0.3,NA,0,0,0,CD_M20262640609,6,2026-09-20,Brisbane Lions,CD_R202626406
CD_I1035558,22,MIDFIELDER_FORWARD,"https://s.afl.com.au/staticfile/AFL Tenant/AFL/Players/ChampIDImages/AFLW/2026264/1035558.png?im=Scale,width=0.6,height=0.6",Imogen,Trengove,CD_T8097,COLL,Collingwood,Magpies,6,65.09999999999997,0,0,0,0,1,0,0,0,4,0,0,2,2,9,1,0,0,0,0,0,0,0,1,1,0,0,0,0,0,0,0,1,0,0,0,-24,4,8,0,0,1,0,2,0,0,0,1,1,0,1,5,1,1,2026-09-20,data//AFLW_2026-09-20.csv,NA,NA,0.8,0.5,1,0,1,NA,NA,1,0.125,NA,0,0,0,CD_M20262640602,6,2026-09-19,Geelong Cats,CD_R202626406
CD_I1036083,15,MIDFIELDER,"https://s.afl.com.au/staticfile/AFL Tenant/AFL/Players/ChampIDImages/AFLW/2026264/1036083.png?im=Scale,width=0.6,height=0.6",Eilish,O'Dowd,CD_T7889,GWS,GWS GIANTS,GIANTS,6,88,0,0,2,0,2,0,0,0,8,1,1,6,15,61,8,1,6,0,2,0,1,0,7,10,6,2,3,0,4,0,0,5,2,0,0,190,0,14,0,0,0,9,2,0,0,0,0,3,0,0,14,5,6,2026-09-20,data//AFLW_2026-09-20.csv,NA,1,0.5714285714285714,0.5333333333333333,7,0.2,0.7,0.6666666666666666,0.2222222222222222,0.5,0.21428571428571427,NA,0.15517241379310345,0.09090909090909091,0,CD_M20262640606,6,2026-09-20,Richmond,CD_R202626406
CD_I1036297,18,RUCK,"https://s.afl.com.au/staticfile/AFL Tenant/AFL/Players/ChampIDImages/AFLW/2026264/1036297.png?im=Scale,width=0.6,height=0.6",Piper,Dunlop,CD_T8467,GEEL,Geelong Cats,Cats,5,77.5,0,0,18,1,0,0,2,1,5,0,0,3,8,55,8,2,0,0,1,100,0,0,2,6,29,12,2,0,1,0,0,2,1,0,0,108,1,8,0,0,1,41,8,0,0,1,0,1,0,1,9,0,4,2026-09-20,data//AFLW_2026-09-20.csv,0,NA,0.5555555555555556,1,6,1,1,0.7073170731707317,0.2926829268292683,0.3333333333333333,0.125,NA,0.7884615384615384,0.72,0,CD_M20262640602,6,2026-09-19,Collingwood,CD_R202626406
CD_I1036298,11,KEY_DEFENDER,"https://s.afl.com.au/staticfile/AFL Tenant/AFL/Players/ChampIDImages/AFLW/2026264/1036298.png?im=Scale,width=0.6,height=0.6",Caitlin,Fletcher,CD_T7889,GWS,GWS GIANTS,GIANTS,6,66.79999999999995,0,0,0,0,2,0,1,0,0,0,0,9,5,33,3,2,0,2,0,0,0,0,0,1,0,0,1,0,0,0,0,4,3,0,0,178,2,9,0,0,2,0,0,0,0,2,0,4,0,0,5,1,5,2026-09-20,data//AFLW_2026-09-20.csv,0,NA,0,0.6,1,0.5,1,NA,NA,4,0.4444444444444444,NA,0,0,0,CD_M20262640606,6,2026-09-20,Richmond,CD_R202626406
CD_I1036302,10,MEDIUM_FORWARD,"https://s.afl.com.au/staticfile/AFL Tenant/AFL/Players/ChampIDImages/AFLW/2026264/1036302.png?im=Scale,width=0.6,height=0.6",Blaithin,Bogue,CD_T8466,NMFC,North Melbourne,Kangaroos,6,80.90000000000003,2,0,0,0,0,0,0,0,4,0,0,2,13,66,7,5,1,0,2,50,1,1,2,3,0,0,1,0,2,0,0,10,4,3,1,165,0,9,0,0,1,0,6,0,4,0,0,2,0,0,11,1,7,2026-09-20,data//AFLW_2026-09-20.csv,NA,NA,0.36363636363636365,0.5384615384615384,2,0.5,0.6666666666666666,NA,NA,3.3333333333333335,0.2222222222222222,NA,0,0,0,CD_M20262640601,6,2026-09-18,Hawthorn,CD_R202626406
CD_I1037629,29,RUCK,"https://s.afl.com.au/staticfile/AFL Tenant/AFL/Players/ChampIDImages/AFLW/2026264/1037629.png?im=Scale,width=0.6,height=0.6",Yasmeen,Janschek,CD_T7889,GWS,GWS GIANTS,GIANTS,6,65,0,0,16,2,1,0,1,0,1,0,0,1,4,25,2,0,0,0,0,0,0,0,1,2,15,6,0,0,0,0,0,2,0,0,0,26,0,2,0,0,0,44,1,0,0,0,0,0,0,2,3,2,2,2026-09-20,data//AFLW_2026-09-20.csv,0,NA,0.3333333333333333,0.5,2,0,1,0.3409090909090909,0.13636363636363635,1,0,NA,0.7586206896551724,0.7272727272727273,0,CD_M20262640606,6,2026-09-20,Richmond,CD_R202626406
CD_I1042084,34,MIDFIELDER_FORWARD,"https://s.afl.com.au/staticfile/AFL Tenant/AFL/Players/ChampIDImages/AFLW/2026264/1042084.png?im=Scale,width=0.6,height=0.6",Baia,Pugh,CD_T8788,RICH,Richmond,Richmond,4,79.10000000000002,0,1,0,0,2,0,0,0,6,0,0,2,13,42,11,3,0,2,1,0,0,0,5,9,0,0,1,0,5,0,0,4,3,0,0,167,0,4,0,0,2,0,2,0,0,0,1,2,2,1,13,3,7,2026-09-20,data//AFLW_2026-09-20.csv,NA,NA,0.46153846153846156,0.8461538461538461,8,0.75,0.8888888888888888,NA,NA,0.4444444444444444,0.5,NA,0,0,0,CD_M20262640606,6,2026-09-20,GWS GIANTS,CD_R202626406
CD_I1042237,14,KEY_DEFENDER,"https://s.afl.com.au/staticfile/AFL Tenant/AFL/Players/ChampIDImages/AFLW/2026264/1042237.png?im=Scale,width=0.6,height=0.6",Siofra,O'Connell,CD_T8096,CARL,Carlton,Blues,6,83.5,0,0,0,0,7,0,3,0,11,0,0,8,17,56,8,4,0,3,2,0,0,0,10,6,0,0,0,0,13,0,0,11,2,0,0,270,1,9,0,0,2,0,1,0,0,1,1,3,0,1,16,6,5,2026-09-20,data//AFLW_2026-09-20.csv,0,NA,0.6875,0.47058823529411764,4,0.36363636363636365,0.6666666666666666,NA,NA,1.8333333333333333,0.3333333333333333,NA,0,0,0,CD_M20262640603,6,2026-09-19,Melbourne,CD_R202626406
CD_I1042264,21,MEDIUM_FORWARD,"https://s.afl.com.au/staticfile/AFL Tenant/AFL/Players/ChampIDImages/AFLW/2026264/1042264.png?im=Scale,width=0.6,height=0.6",Amy,Gavin Mangan,CD_T8466,NMFC,North Melbourne,Kangaroos,6,62.900000000000034,0,0,0,0,3,0,0,0,3,0,0,2,11,42,8,4,0,1,1,0,0,0,2,4,0,0,1,0,3,0,0,7,1,1,0,171,2,9,0,0,2,0,1,0,0,1,0,3,1,0,12,4,9,2026-09-20,data//AFLW_2026-09-20.csv,NA,NA,0.25,0.7272727272727273,4,0.5714285714285714,1,NA,NA,1.75,0.3333333333333333,NA,0,0,0,CD_M20262640601,6,2026-09-18,Hawthorn,CD_R202626406
CD_I1042277,16,MIDFIELDER,"https://s.afl.com.au/staticfile/AFL Tenant/AFL/Players/ChampIDImages/AFLW/2026264/1042277.png?im=Scale,width=0.6,height=0.6",Matilda,Banfield,CD_T7886,FRE,Fremantle,Freo,6,91.79999999999995,1,0,0,0,2,0,0,0,10,0,0,4,12,34,6,1,2,1,0,33.3,0,0,10,8,0,0,1,0,6,0,0,4,0,0,0,102,1,12,0,0,0,0,1,0,1,0,1,2,2,1,12,1,2,2026-09-20,data//AFLW_2026-09-20.csv,NA,NA,0.8333333333333334,0.5,5,0.25,0.625,NA,NA,0.5,0.16666666666666666,NA,0,0,0,CD_M20262640605,6,2026-09-19,Western Bulldogs,CD_R202626406
CD_I1042707,22,KEY_FORWARD,"https://s.afl.com.au/staticfile/AFL Tenant/AFL/Players/ChampIDImages/AFLW/2026264/1042707.png?im=Scale,width=0.6,height=0.6",Kayleigh,Cronin,CD_T8098,ADEL,Adelaide Crows,Crows,6,48.799999999999955,0,0,0,0,0,0,0,0,0,0,0,5,1,18,1,1,0,0,0,0,0,0,0,0,0,0,0,0,0,0,0,1,1,0,0,31,0,6,0,0,1,0,0,0,0,0,0,3,0,0,1,1,1,2026-09-20,data//AFLW_2026-09-20.csv,NA,NA,0,1,0,1,NA,NA,NA,Inf,0.5,NA,0,0,0,CD_M20262640609,6,2026-09-20,Brisbane Lions,CD_R202626406
CD_I1042794,13,MEDIUM_FORWARD,"https://s.afl.com.au/staticfile/AFL Tenant/AFL/Players/ChampIDImages/AFLW/2026264/1042794.png?im=Scale,width=0.6,height=0.6",Aoibhin,Cleary,CD_T8788,RICH,Richmond,Richmond,6,56.700000000000045,3,1,0,0,1,0,0,0,6,1,0,0,16,66,9,4,2,0,0,33.3,0,1,6,7,0,0,3,0,1,0,0,9,4,0,2,230,0,10,0,0,0,0,4,0,5,0,1,1,1,1,15,0,9,2026-09-20,data//AFLW_2026-09-20.csv,NA,0,0.4,0.5625,5,0.4444444444444444,0.7142857142857143,NA,NA,1.2857142857142858,0.1,NA,0,0,0,CD_M20262640606,6,2026-09-20,GWS GIANTS,CD_R202626406
CD_I1042797,27,MEDIUM_FORWARD,"https://s.afl.com.au/staticfile/AFL Tenant/AFL/Players/ChampIDImages/AFLW/2026264/1042797.png?im=Scale,width=0.6,height=0.6",Grace,Kos,CD_T7889,GWS,GWS GIANTS,GIANTS,6,70.40000000000003,0,0,15,1,2,0,0,0,4,0,0,5,8,30,5,2,0,1,1,0,0,0,2,4,0,0,0,0,0,0,0,4,0,0,0,100,0,11,0,0,1,0,1,0,0,0,2,3,0,3,8,4,4,2026-09-20,data//AFLW_2026-09-20.csv,NA,NA,0.5,0.625,3,0.5,0.75,NA,NA,1,0.2727272727272727,NA,0,0.6818181818181818,0,CD_M20262640606,6,2026-09-20,Richmond,CD_R202626406
CD_I1048151,33,RUCK,"https://s.afl.com.au/staticfile/AFL Tenant/AFL/Players/ChampIDImages/AFLW/2026264/1048151.png?im=Scale,width=0.6,height=0.6",Olivia,Lewis,CD_T8097,COLL,Collingwood,Magpies,1,78.3,2,0,0,0,2,0,0,3,7,1,1,0,10,44,4,2,3,0,0,33.3,0,1,4,3,0,0,2,0,0,0,0,7,3,0,0,138,1,2,0,0,0,0,7,0,3,1,0,0,0,0,10,2,3,2026-09-20,data//AFLW_2026-09-20.csv,NA,1,0.7,0.4,2,0.2857142857142857,0.6666666666666666,NA,NA,2.3333333333333335,0,NA,0,0,0,CD_M20262640602,6,2026-09-19,Geelong Cats,CD_R202626406
CD_I1048156,28,MEDIUM_DEFENDER,"https://s.afl.com.au/staticfile/AFL Tenant/AFL/Players/ChampIDImages/AFLW/2026264/1048156.png?im=Scale,width=0.6,height=0.6",Emma,Murray,CD_T8467,GEEL,Geelong Cats,Cats,6,85.79999999999995,0,0,0,0,1,0,0,0,2,0,0,7,9,49,7,2,0,0,1,75,1,1,1,5,0,0,1,0,2,0,0,4,0,0,0,69,2,15,0,0,1,0,4,0,1,1,1,5,0,1,8,2,6,2026-09-20,data//AFLW_2026-09-20.csv,NA,NA,0.25,0.7777777777777778,5,0.5,1,NA,NA,0.8,0.3333333333333333,NA,0,0,0,CD_M20262640602,6,2026-09-19,Collingwood,CD_R202626406
CD_I1048494,33,MEDIUM_DEFENDER,"https://s.afl.com.au/staticfile/AFL Tenant/AFL/Players/ChampIDImages/AFLW/2026264/1048494.png?im=Scale,width=0.6,height=0.6",Aoife,Healy,CD_T7886,FRE,Fremantle,Freo,6,78,0,1,0,0,3,0,0,0,3,0,0,4,9,34,6,4,0,1,0,0,0,0,3,2,0,0,0,0,4,0,0,7,4,0,0,115,0,6,0,0,5,0,0,0,0,0,1,0,0,1,9,2,6,2026-09-20,data//AFLW_2026-09-20.csv,NA,NA,0.3333333333333333,0.6666666666666666,2,0.5714285714285714,1,NA,NA,3.5,0,NA,0,0,0,CD_M20262640605,6,2026-09-19,Western Bulldogs,CD_R202626406
CD_I1048496,18,MIDFIELDER,"https://s.afl.com.au/staticfile/AFL Tenant/AFL/Players/ChampIDImages/AFLW/2026264/1048496.png?im=Scale,width=0.6,height=0.6",Saoirse,Lally,CD_T8796,STK,St Kilda,St Kilda,3,53.69999999999999,0,0,0,0,4,0,0,0,3,0,0,2,3,14,1,0,0,3,0,0,0,0,2,1,0,0,0,0,2,0,0,2,1,0,0,73,1,5,0,0,1,0,0,0,0,0,0,3,1,0,4,2,1,2026-09-20,data//AFLW_2026-09-20.csv,NA,NA,0.75,0.3333333333333333,1,0,1,NA,NA,2,0.6,NA,0,0,0,CD_M20262640608,6,2026-09-20,West Coast Eagles,CD_R202626406
CD_I296125,2,MIDFIELDER,"https://s.afl.com.au/staticfile/AFL Tenant/AFL/Players/ChampIDImages/AFLW/2026264/296125.png?im=Scale,width=0.6,height=0.6",Ellie,Blackburn,CD_T7387,WB,Western Bulldogs,Bulldogs,2,77.50000000000001,0,0,4,2,2,0,0,0,12,3,0,7,16,73,8,1,4,0,0,0,0,0,8,9,0,0,4,0,4,0,0,7,2,0,1,94,4,18,0,0,1,0,2,0,0,3,0,7,2,2,18,6,6,2026-09-20,data//AFLW_2026-09-20.csv,NA,0,0.6666666666666666,0.5,7,0.14285714285714285,0.7777777777777778,NA,NA,0.7777777777777778,0.3888888888888889,NA,0,0.2857142857142857,0,CD_M20262640605,6,2026-09-19,Fremantle,CD_R202626406
CD_I296141,14,RUCK,"https://s.afl.com.au/staticfile/AFL Tenant/AFL/Players/ChampIDImages/AFLW/2026264/296141.png?im=Scale,width=0.6,height=0.6",Louise,Stephenson,CD_T7387,WB,Western Bulldogs,Bulldogs,1,30.1,0,0,1,0,1,0,0,0,4,0,0,5,7,23,3,1,0,0,0,0,0,0,4,4,3,2,0,0,1,0,0,3,1,0,0,95,0,11,0,0,2,9,0,0,0,0,1,0,0,1,7,2,3,2026-09-20,data//AFLW_2026-09-20.csv,NA,NA,0.5714285714285714,0.42857142857142855,2,0.3333333333333333,0.5,0.3333333333333333,0.2222222222222222,0.75,0,NA,0.14285714285714285,0.07142857142857142,0,CD_M20262640605,6,2026-09-19,Fremantle,CD_R202626406
CD_I296154,25,MIDFIELDER,"https://s.afl.com.au/staticfile/AFL Tenant/AFL/Players/ChampIDImages/AFLW/2026264/296154.png?im=Scale,width=0.6,height=0.6",Jasmine,Garner,CD_T8466,NMFC,North Melbourne,Kangaroos,6,76.70000000000005,1,0,8,2,3,0,0,0,10,0,0,4,29,97,19,7,1,0,0,57.1,0,0,8,15,0,0,6,0,0,0,0,14,4,1,0,422,0,10,0,0,1,0,4,0,1,0,4,3,0,6,30,6,20,2026-09-20,data//AFLW_2026-09-20.csv,NA,NA,0.3333333333333333,0.6551724137931034,12,0.5,0.8,NA,NA,0.9333333333333333,0.3,NA,0,0.7272727272727273,0,CD_M20262640601,6,2026-09-18,Hawthorn,CD_R202626406
CD_I296158,35,MEDIUM_DEFENDER,"https://s.afl.com.au/staticfile/AFL Tenant/AFL/Players/ChampIDImages/AFLW/2026264/296158.png?im=Scale,width=0.6,height=0.6",Bianca,Jakobsson,CD_T8796,STK,St Kilda,St Kilda,6,100.40000000000009,0,0,0,0,5,0,3,1,4,0,0,6,7,20,3,1,0,2,0,0,0,0,3,5,0,0,0,0,4,0,0,2,2,0,0,23,1,7,0,0,1,0,1,0,0,1,0,1,0,0,8,2,4,2026-09-20,data//AFLW_2026-09-20.csv,0,NA,0.5,0.42857142857142855,2,0.5,0.4,NA,NA,0.4,0.14285714285714285,NA,0,0,0,CD_M20262640608,6,2026-09-20,West Coast Eagles,CD_R202626406
CD_I997649,10,MIDFIELDER_FORWARD,"https://s.afl.com.au/staticfile/AFL Tenant/AFL/Players/ChampIDImages/AFLW/2026264/997649.png?im=Scale,width=0.6,height=0.6",Kaitlyn,Ashmore,CD_T9407,HAW,Hawthorn,Hawks,6,60,0,0,0,0,1,0,0,0,3,1,0,6,12,38,6,2,0,1,1,33.3,0,0,2,6,0,0,1,0,3,0,0,6,2,0,0,158,2,9,0,0,1,0,0,0,0,1,0,1,0,0,12,3,9,2026-09-20,data//AFLW_2026-09-20.csv,NA,0,0.25,0.5,4,0.3333333333333333,0.6666666666666666,NA,NA,1,0.1111111111111111,NA,0,0,0,CD_M20262640601,6,2026-09-18,North Melbourne,CD_R202626406
CD_I997686,35,MEDIUM_FORWARD,"https://s.afl.com.au/staticfile/AFL Tenant/AFL/Players/ChampIDImages/AFLW/2026264/997686.png?im=Scale,width=0.6,height=0.6",Kirsty,Lamb,CD_T9409,PORT,Port Adelaide,Power,5,62.5,0,0,4,1,5,0,0,0,7,0,0,5,14,46,4,2,1,2,1,0,0,0,6,5,0,0,3,0,5,0,0,9,2,0,1,100,0,12,0,0,0,0,2,0,1,0,0,2,2,1,14,5,7,2026-09-20,data//AFLW_2026-09-20.csv,NA,NA,0.5,0.2857142857142857,2,0.2222222222222222,0.4,NA,NA,1.8,0.16666666666666666,NA,0,0.36363636363636365,0,CD_M20262640604,6,2026-09-19,Sydney Swans,CD_R202626406
CD_I997700,11,MEDIUM_DEFENDER,"https://s.afl.com.au/staticfile/AFL Tenant/AFL/Players/ChampIDImages/AFLW/2026264/997700.png?im=Scale,width=0.6,height=0.6",Eliza,Shannon,CD_T8466,NMFC,North Melbourne,Kangaroos,6,75.40000000000003,0,0,0,0,1,0,1,0,5,0,0,3,16,57,12,2,0,0,0,0,0,0,4,11,0,0,1,0,6,0,0,5,4,0,0,60,1,4,0,0,2,0,1,0,0,0,0,2,0,0,17,2,12,2026-09-20,data//AFLW_2026-09-20.csv,0,NA,0.29411764705882354,0.75,10,0.4,0.9090909090909091,NA,NA,0.45454545454545453,0.5,NA,0,0,0,CD_M20262640601,6,2026-09-18,Hawthorn,CD_R202626406
CD_I997708,14,MIDFIELDER,"https://s.afl.com.au/staticfile/AFL Tenant/AFL/Players/ChampIDImages/AFLW/2026264/997708.png?im=Scale,width=0.6,height=0.6",Lily,Mithen,CD_T8786,GCFC,Gold Coast SUNS,SUNS,5,63.900000000000006,0,0,0,0,0,1,1,0,1,0,0,7,12,36,10,4,0,0,0,0,0,0,1,6,0,0,0,0,1,0,0,6,2,0,0,132,0,12,0,0,2,0,3,0,0,0,1,0,0,1,11,2,10,2026-09-20,data//AFLW_2026-09-20.csv,1,NA,0.09090909090909091,0.8333333333333334,6,0.6666666666666666,1,NA,NA,1,0,NA,0,0,0,CD_M20262640607,6,2026-09-20,Essendon,CD_R202626406
CD_I997725,12,KEY_DEFENDER,"https://s.afl.com.au/staticfile/AFL Tenant/AFL/Players/ChampIDImages/AFLW/2026264/997725.png?im=Scale,width=0.6,height=0.6",Isabel,Huntington,CD_T7889,GWS,GWS GIANTS,GIANTS,6,49.10000000000002,0,0,0,0,1,0,0,0,0,0,0,2,8,45,4,2,0,0,0,71.4,0,1,0,2,0,0,1,0,0,0,0,6,3,1,1,147,1,5,0,0,0,0,3,0,1,1,0,2,0,0,8,2,8,2026-09-20,data//AFLW_2026-09-20.csv,NA,NA,0,0.5,2,0.3333333333333333,1,NA,NA,3,0.4,NA,0,0,0,CD_M20262640606,6,2026-09-20,Richmond,CD_R202626406
CD_I997729,8,MIDFIELDER,"https://s.afl.com.au/staticfile/AFL Tenant/AFL/Players/ChampIDImages/AFLW/2026264/997729.png?im=Scale,width=0.6,height=0.6",Brittany,Bonnici,CD_T8097,COLL,Collingwood,Magpies,6,82.70000000000005,0,0,19,1,4,0,1,1,5,0,0,7,11,58,7,4,0,2,0,25,0,1,3,5,0,0,0,0,2,0,0,6,2,1,0,170,0,15,0,0,2,0,3,0,1,0,1,6,2,2,10,3,5,2026-09-20,data//AFLW_2026-09-20.csv,0,NA,0.5,0.6363636363636364,3,0.6666666666666666,0.6,NA,NA,1.2,0.4,NA,0,0.76,0,CD_M20262640602,6,2026-09-19,Geelong Cats,CD_R202626406
CD_I997736,6,MEDIUM_DEFENDER,"https://s.afl.com.au/staticfile/AFL Tenant/AFL/Players/ChampIDImages/AFLW/2026264/997736.png?im=Scale,width=0.6,height=0.6",Jordyn,Allen,CD_T8097,COLL,Collingwood,Magpies,5,81.30000000000001,0,0,0,0,1,0,0,0,3,0,0,4,11,45,8,5,0,0,0,0,0,0,3,4,0,0,1,0,4,3,3,7,0,0,0,183,1,5,0,0,3,0,0,0,0,1,0,4,0,0,7,4,4,2026-09-20,data//AFLW_2026-09-20.csv,NA,NA,0.42857142857142855,0.7272727272727273,3,0.7142857142857143,0.75,NA,NA,1.75,0.8,1,0,0,0.5,CD_M20262640602,6,2026-09-19,Geelong Cats,CD_R202626406
CD_I997745,2,MIDFIELDER_FORWARD,"https://s.afl.com.au/staticfile/AFL Tenant/AFL/Players/ChampIDImages/AFLW/2026264/997745.png?im=Scale,width=0.6,height=0.6",Georgia,Gee,CD_T9406,ESS,Essendon,Bombers,6,76.09999999999997,0,0,0,1,1,0,0,0,2,0,0,4,12,39,7,3,0,0,1,33.3,0,0,1,5,0,0,3,0,4,0,0,7,1,1,0,143,0,11,0,0,0,0,1,0,1,0,0,1,0,1,9,3,7,2026-09-20,data//AFLW_2026-09-20.csv,NA,NA,0.2222222222222222,0.5833333333333334,4,0.42857142857142855,0.8,NA,NA,1.4,0.09090909090909091,NA,0,0,0,CD_M20262640607,6,2026-09-20,Gold Coast SUNS,CD_R202626406
CD_I998029,2,MEDIUM_FORWARD,"https://s.afl.com.au/staticfile/AFL Tenant/AFL/Players/ChampIDImages/AFLW/2026264/998029.png?im=Scale,width=0.6,height=0.6",Alicia,Eva,CD_T7889,GWS,GWS GIANTS,GIANTS,6,71.90000000000009,1,1,0,0,0,0,0,0,2,1,0,3,7,33,2,1,0,0,1,33.3,1,0,0,1,0,0,2,0,2,0,0,6,1,0,0,203,1,10,0,0,1,0,2,0,1,0,0,2,1,0,6,2,4,2026-09-20,data//AFLW_2026-09-20.csv,NA,0,0.3333333333333333,0.2857142857142857,1,0.16666666666666666,1,NA,NA,6,0.2,NA,0,0,0,CD_M20262640606,6,2026-09-20,Richmond,CD_R202626406
CD_I998030,2,MIDFIELDER,"https://s.afl.com.au/staticfile/AFL Tenant/AFL/Players/ChampIDImages/AFLW/2026264/998030.png?im=Scale,width=0.6,height=0.6",Kiara,Bowers,CD_T7886,FRE,Fremantle,Freo,6,90.29999999999995,1,0,13,3,5,0,0,0,14,0,0,10,24,118,12,8,2,2,4,12.5,0,1,7,6,0,0,5,0,4,0,0,18,5,0,1,423,1,22,0,0,2,0,2,0,3,0,6,8,2,9,24,8,10,2026-09-20,data//AFLW_2026-09-20.csv,NA,NA,0.5833333333333334,0.5,4,0.4444444444444444,0.6666666666666666,NA,NA,3,0.36363636363636365,NA,0,0.9285714285714286,0,CD_M20262640605,6,2026-09-19,Western Bulldogs,CD_R202626406
CD_I998032,13,MEDIUM_DEFENDER,"https://s.afl.com.au/staticfile/AFL Tenant/AFL/Players/ChampIDImages/AFLW/2026264/998032.png?im=Scale,width=0.6,height=0.6",Emma,Swanson,CD_T8787,WCE,West Coast Eagles,Eagles,6,93.09999999999991,0,0,2,0,4,0,0,1,6,0,0,3,11,30,8,3,0,3,0,0,0,0,5,5,0,0,3,0,5,0,0,6,1,0,0,163,2,6,0,0,2,0,1,0,0,2,1,2,0,1,12,3,6,2026-09-20,data//AFLW_2026-09-20.csv,NA,NA,0.5,0.7272727272727273,5,0.5,1,NA,NA,1.2,0.3333333333333333,NA,0,0.16666666666666666,0,CD_M20262640608,6,2026-09-20,St Kilda,CD_R202626406
CD_I998039,7,KEY_FORWARD,"https://s.afl.com.au/staticfile/AFL Tenant/AFL/Players/ChampIDImages/AFLW/2026264/998039.png?im=Scale,width=0.6,height=0.6",Tayla,Harris,CD_T7386,MELB,Melbourne,Demons,6,77.59999999999997,3,0,5,1,5,0,1,1,11,2,1,0,16,68,8,5,4,3,1,35.7,0,0,9,3,4,0,3,0,3,0,0,13,4,2,2,294,2,8,0,0,0,18,9,0,3,2,0,3,3,1,20,4,9,2026-09-20,data//AFLW_2026-09-20.csv,0,0.5,0.55,0.5,3,0.38461538461538464,1,0.2222222222222222,0,4.333333333333333,0.375,NA,0.3829787234042553,0.3333333333333333,0,CD_M20262640603,6,2026-09-19,Carlton,CD_R202626406
CD_I998040,19,MEDIUM_FORWARD,"https://s.afl.com.au/staticfile/AFL Tenant/AFL/Players/ChampIDImages/AFLW/2026264/998040.png?im=Scale,width=0.6,height=0.6",Hayley,Miller,CD_T7886,FRE,Fremantle,Freo,6,87.29999999999995,0,0,0,0,1,0,0,0,1,0,0,3,7,45,4,4,1,0,0,41.7,0,1,1,2,0,0,0,0,0,0,0,5,4,2,1,85,1,15,0,0,0,0,1,0,1,1,0,2,1,0,6,3,5,2026-09-20,data//AFLW_2026-09-20.csv,NA,NA,0.16666666666666666,0.5714285714285714,0,0.8,0,NA,NA,2.5,0.13333333333333333,NA,0,0,0,CD_M20262640605,6,2026-09-19,Western Bulldogs,CD_R202626406
CD_I998041,2,MEDIUM_FORWARD,"https://s.afl.com.au/staticfile/AFL Tenant/AFL/Players/ChampIDImages/AFLW/2026264/998041.png?im=Scale,width=0.6,height=0.6",Kellie,Gibson,CD_T8787,WCE,West Coast Eagles,Eagles,6,98.40000000000003,0,0,0,0,0,0,0,0,2,1,0,3,9,45,5,4,0,0,0,25,0,1,2,3,0,0,3,0,3,0,0,6,1,1,0,245,1,11,0,0,0,0,3,0,1,0,0,3,1,0,7,2,5,2026-09-20,data//AFLW_2026-09-20.csv,NA,0,0.2857142857142857,0.5555555555555556,1,0.6666666666666666,0.3333333333333333,NA,NA,2,0.2727272727272727,NA,0,0,0,CD_M20262640608,6,2026-09-20,St Kilda,CD_R202626406
CD_I998149,4,MEDIUM_DEFENDER,"https://s.afl.com.au/staticfile/AFL Tenant/AFL/Players/ChampIDImages/AFLW/2026264/998149.png?im=Scale,width=0.6,height=0.6",Paxy,Paxman,CD_T7386,MELB,Melbourne,Demons,6,56.10000000000002,1,0,0,0,2,0,0,0,0,0,0,4,9,35,5,3,0,1,0,33.3,0,0,0,4,0,0,1,0,0,0,0,5,2,0,0,99,0,7,0,0,0,0,2,0,1,0,0,2,1,0,10,2,10,2026-09-20,data//AFLW_2026-09-20.csv,NA,NA,0,0.5555555555555556,2,0.6,0.5,NA,NA,1.25,0.2857142857142857,NA,0,0,0,CD_M20262640603,6,2026-09-19,Carlton,CD_R202626406
CD_I998157,3,MEDIUM_FORWARD,"https://s.afl.com.au/staticfile/AFL Tenant/AFL/Players/ChampIDImages/AFLW/2026264/998157.png?im=Scale,width=0.6,height=0.6",Katie,Brennan,CD_T8788,RICH,Richmond,Richmond,6,82.59999999999997,0,0,0,0,2,0,0,0,3,0,0,3,14,49,8,5,1,2,0,37.5,0,0,3,4,0,0,3,0,1,0,0,10,3,0,0,267,0,6,0,0,0,0,2,0,0,0,0,2,1,0,14,3,11,2026-09-20,data//AFLW_2026-09-20.csv,NA,NA,0.21428571428571427,0.5714285714285714,3,0.5,0.75,NA,NA,2.5,0.3333333333333333,NA,0,0,0,CD_M20262640606,6,2026-09-20,GWS GIANTS,CD_R202626406
CD_I998164,2,MEDIUM_DEFENDER,"https://s.afl.com.au/staticfile/AFL Tenant/AFL/Players/ChampIDImages/AFLW/2026264/998164.png?im=Scale,width=0.6,height=0.6",Nicola,Stevens,CD_T8467,GEEL,Geelong Cats,Cats,3,76.50000000000003,0,0,0,0,0,0,2,0,4,0,0,8,7,25,4,2,1,0,0,0,0,0,3,4,0,0,0,0,4,0,0,3,0,0,0,66,5,8,0,0,1,0,1,0,0,4,0,2,0,0,8,3,4,2026-09-20,data//AFLW_2026-09-20.csv,0,NA,0.5,0.5714285714285714,2,0.6666666666666666,0.5,NA,NA,0.75,0.25,NA,0,0,0,CD_M20262640602,6,2026-09-19,Collingwood,CD_R202626406
