playerId,jumperNumber,playerPosition,photoURL,playerName.givenName,playerName.surname,team.teamId,team.teamAbbr,team.teamName,team.teamNickname,matchesPlayed,timeOnGroundPercentage,behinds,bounces,centreBounceAttendances,centreClearances,clangers,contestDefLosses,contestDefOneOnOnes,contestedMarks,contestedPossessions,contestOffOneOnOnes,contestOffWins,defHalfPressureActs,disposals,dreamTeamPoints,effectiveDisposals,effectiveKicks,f50GroundBallGets,freesAgainst,freesFor,goalAccuracy,goalAssists,goals,groundBallGets,handballs,hitouts,hitoutsToAdvantage,inside50s,interceptMarks,intercepts,kickins,kickinsPlayon,kicks,marks,marksInside50,marksOnLead,metresGained,onePercenters,pressureActs,ranking,ratingPoints,rebound50s,ruckContests,scoreInvolvements,scoreLaunches,shotsAtGoal,spoils,stoppageClearances,tackles,tacklesInside50,totalClearances,totalPossessions,turnovers,uncontestedPossessions,datePulled,filename,contestDefLossPercentage,contestOffWinsPercentage,contestedPossessionRate,disposalEfficiency,effectiveHandballs,kickEfficiency,handballEfficiency,hitoutWinPercentage,contestsToHTARate,kickToHandballRatio,effectiveTacklePerPressureAct,kickinPlayonRate,ruckContestShare,cbaAttendanceRate,kickInShare,matchId,round,date,opponent,roundId
CD_I1001686,60,KEY_FORWARD,"https://s.afl.com.au/staticfile/AFL Tenant/AFL/Players/ChampIDImages/AFLW/2026264/1001686.png?im=Scale,width=0.6,height=0.6",Emma,King,CD_T8466,NMFC,North Melbourne,Kangaroos,6,54.700000000000045,0,0,3,1,1,0,0,1,3,5,2,2,4,13,3,1,0,1,0,50,1,0,2,2,3,1,2,0,0,0,0,2,1,0,0,61,1,3,0,0,0,7,2,0,0,1,0,0,0,1,5,1,2,2026-09-27,data//AFLW_2026-09-27.csv,NA,0.4,0.6,0.75,2,0.5,1,0.42857142857142855,0.14285714285714285,1,0,NA,0.12280701754385964,0.15789473684210525,0,CD_M20262640705,7,2026-09-25,Melbourne,CD_R202626407
CD_I1003018,35,MIDFIELDER_FORWARD,"https://s.afl.com.au/staticfile/AFL Tenant/AFL/Players/ChampIDImages/AFLW/2026264/1003018.png?im=Scale,width=0.6,height=0.6",Jenna,Bruton,CD_T8466,NMFC,North Melbourne,Kangaroos,6,73.70000000000005,0,0,0,0,4,0,0,0,14,0,0,5,32,103,22,8,4,0,0,50,1,1,14,18,0,0,5,0,5,0,0,14,5,0,1,213,1,13,0,0,1,0,8,0,1,1,1,1,1,1,32,5,18,2026-09-27,data//AFLW_2026-09-27.csv,NA,NA,0.4375,0.6875,14,0.5714285714285714,0.7777777777777778,NA,NA,0.7777777777777778,0.07692307692307693,NA,0,0,0,CD_M20262640705,7,2026-09-25,Melbourne,CD_R202626407
CD_I1003019,1,RUCK,"https://s.afl.com.au/staticfile/AFL Tenant/AFL/Players/ChampIDImages/AFLW/2026264/1003019.png?im=Scale,width=0.6,height=0.6",Sabrina,Frederick,CD_T8097,COLL,Collingwood,Magpies,6,61.89999999999998,1,0,9,1,2,0,0,1,9,0,0,2,16,68,11,4,0,1,0,0,0,0,6,11,13,2,3,0,3,0,0,5,4,1,0,173,1,5,0,0,0,30,2,0,1,1,2,2,0,3,15,3,6,2026-09-27,data//AFLW_2026-09-27.csv,NA,NA,0.6,0.6875,7,0.8,0.6363636363636364,0.43333333333333335,0.06666666666666667,0.45454545454545453,0.4,NA,0.6818181818181818,0.8181818181818182,0,CD_M20262640706,7,2026-09-27,GWS GIANTS,CD_R202626407
CD_I1003020,3,MIDFIELDER,"https://s.afl.com.au/staticfile/AFL Tenant/AFL/Players/ChampIDImages/AFLW/2026264/1003020.png?im=Scale,width=0.6,height=0.6",Brianna,Davey,CD_T8097,COLL,Collingwood,Magpies,5,81.5,0,0,0,0,0,0,0,0,5,1,0,0,13,49,9,3,3,0,0,33.3,1,1,5,9,0,0,2,0,1,0,0,4,3,2,0,61,0,9,0,0,0,0,3,0,2,0,0,1,1,0,14,0,9,2026-09-27,data//AFLW_2026-09-27.csv,NA,0,0.35714285714285715,0.6923076923076923,6,0.75,0.6666666666666666,NA,NA,0.4444444444444444,0.1111111111111111,NA,0,0,0,CD_M20262640706,7,2026-09-27,GWS GIANTS,CD_R202626407
CD_I1003023,16,MEDIUM_FORWARD,"https://s.afl.com.au/staticfile/AFL Tenant/AFL/Players/ChampIDImages/AFLW/2026264/1003023.png?im=Scale,width=0.6,height=0.6",Tahlia,Randall,CD_T8466,NMFC,North Melbourne,Kangaroos,7,82.19999999999993,0,0,0,0,0,0,0,1,5,6,1,2,7,36,7,3,1,0,2,44.8,0,1,2,4,0,0,1,0,1,0,0,3,1,1,0,158,1,6,0,0,0,6,4,0,1,1,0,2,1,0,8,1,3,2026-09-27,data//AFLW_2026-09-27.csv,NA,0.16666666666666666,0.625,1,4,1,1,0,0,0.75,0.3333333333333333,NA,0.10526315789473684,0,0,CD_M20262640705,7,2026-09-25,Melbourne,CD_R202626407
CD_I1004415,9,MIDFIELDER,"https://s.afl.com.au/staticfile/AFL Tenant/AFL/Players/ChampIDImages/AFLW/2026264/1004415.png?im=Scale,width=0.6,height=0.6",Jaimee,Lambert,CD_T8796,STK,St Kilda,St Kilda,7,81.59999999999997,0,0,15,1,2,0,0,0,9,0,0,4,20,64,14,7,2,1,3,50,1,0,6,10,0,0,2,0,4,0,0,10,2,0,0,312,1,12,0,0,3,0,3,0,0,1,3,2,0,4,20,1,11,2026-09-27,data//AFLW_2026-09-27.csv,NA,NA,0.45,0.7,7,0.7,0.7,NA,NA,1,0.16666666666666666,NA,0,0.75,0,CD_M20262640709,7,2026-09-27,Gold Coast SUNS,CD_R202626407
CD_I1005258,2,MEDIUM_DEFENDER,"https://s.afl.com.au/staticfile/AFL Tenant/AFL/Players/ChampIDImages/AFLW/2026264/1005258.png?im=Scale,width=0.6,height=0.6",Eloise,Jones,CD_T8098,ADEL,Adelaide Crows,Crows,7,77.90000000000003,0,1,0,0,3,0,0,0,8,1,1,7,12,55,8,4,1,0,3,100,0,2,5,4,0,0,1,0,5,1,0,8,0,0,0,211,0,10,0,0,2,0,3,0,2,0,0,2,1,0,11,5,3,2026-09-27,data//AFLW_2026-09-27.csv,NA,1,0.7272727272727273,0.6666666666666666,4,0.5,1,NA,NA,2,0.2,0,0,0,0.2,CD_M20262640707,7,2026-09-27,Fremantle,CD_R202626407
CD_I1005264,8,MIDFIELDER,"https://s.afl.com.au/staticfile/AFL Tenant/AFL/Players/ChampIDImages/AFLW/2026264/1005264.png?im=Scale,width=0.6,height=0.6",Ashleigh,Woodland,CD_T9409,PORT,Port Adelaide,Power,7,80.89999999999998,0,1,10,0,4,0,0,0,4,0,0,2,11,33,6,4,2,3,0,42.9,1,1,3,4,0,0,1,0,1,0,0,7,1,0,1,119,0,9,0,0,1,0,3,0,2,0,0,1,0,0,11,3,7,2026-09-27,data//AFLW_2026-09-27.csv,NA,NA,0.36363636363636365,0.5454545454545454,2,0.5714285714285714,0.5,NA,NA,1.75,0.1111111111111111,NA,0,0.5,0,CD_M20262640703,7,2026-09-25,Western Bulldogs,CD_R202626407
CD_I1005269,34,MIDFIELDER,"https://s.afl.com.au/staticfile/AFL Tenant/AFL/Players/ChampIDImages/AFLW/2026264/1005269.png?im=Scale,width=0.6,height=0.6",Anne,Hatchard,CD_T8786,GCFC,Gold Coast SUNS,SUNS,7,81.10000000000002,1,0,9,4,1,0,0,0,7,2,0,4,19,83,15,3,0,0,2,30.8,1,1,4,14,0,0,3,0,1,0,0,5,1,1,0,181,0,15,0,0,0,0,9,0,2,0,1,7,3,5,19,1,12,2026-09-27,data//AFLW_2026-09-27.csv,NA,0,0.3684210526315789,0.7894736842105263,12,0.6,0.8571428571428571,NA,NA,0.35714285714285715,0.4666666666666667,NA,0,0.45,0,CD_M20262640709,7,2026-09-27,St Kilda,CD_R202626407
CD_I1005279,10,MIDFIELDER,"https://s.afl.com.au/staticfile/AFL Tenant/AFL/Players/ChampIDImages/AFLW/2026264/1005279.png?im=Scale,width=0.6,height=0.6",Ebony,Marinoff,CD_T8098,ADEL,Adelaide Crows,Crows,7,82.39999999999998,1,0,15,1,3,0,1,0,14,0,0,9,22,94,10,5,1,0,3,50,0,0,11,7,0,0,3,0,4,0,0,15,1,0,0,410,3,21,0,0,0,0,3,0,1,1,7,7,0,8,22,8,8,2026-09-27,data//AFLW_2026-09-27.csv,0,NA,0.6363636363636364,0.45454545454545453,5,0.3333333333333333,0.7142857142857143,NA,NA,2.142857142857143,0.3333333333333333,NA,0,0.8333333333333334,0,CD_M20262640707,7,2026-09-27,Fremantle,CD_R202626407
CD_I1005285,39,KEY_DEFENDER,"https://s.afl.com.au/staticfile/AFL Tenant/AFL/Players/ChampIDImages/AFLW/2026264/1005285.png?im=Scale,width=0.6,height=0.6",Sarah,Allan,CD_T8098,ADEL,Adelaide Crows,Crows,7,99.89999999999998,0,0,0,0,3,0,2,1,2,0,0,11,10,43,7,4,0,2,1,0,0,0,1,3,0,0,1,0,3,1,1,7,3,0,0,200,6,11,0,0,3,0,1,0,0,4,0,3,0,0,8,3,6,2026-09-27,data//AFLW_2026-09-27.csv,0,NA,0.25,0.7,3,0.5714285714285714,1,NA,NA,2.3333333333333335,0.2727272727272727,1,0,0,0.2,CD_M20262640707,7,2026-09-27,Fremantle,CD_R202626407
CD_I1005452,17,MEDIUM_DEFENDER,"https://s.afl.com.au/staticfile/AFL Tenant/AFL/Players/ChampIDImages/AFLW/2026264/1005452.png?im=Scale,width=0.6,height=0.6",Nicola,Barr,CD_T8796,STK,St Kilda,St Kilda,6,71.29999999999995,0,0,0,0,3,0,0,0,7,0,0,4,19,75,14,8,2,0,1,0,0,0,6,8,0,0,1,0,8,0,0,11,7,0,1,184,0,8,0,0,2,0,2,0,0,0,0,1,0,0,18,5,11,2026-09-27,data//AFLW_2026-09-27.csv,NA,NA,0.3888888888888889,0.7368421052631579,6,0.7272727272727273,0.75,NA,NA,1.375,0.125,NA,0,0,0,CD_M20262640709,7,2026-09-27,Gold Coast SUNS,CD_R202626407
CD_I1005453,6,MIDFIELDER,"https://s.afl.com.au/staticfile/AFL Tenant/AFL/Players/ChampIDImages/AFLW/2026264/1005453.png?im=Scale,width=0.6,height=0.6",Rebecca,Beeson,CD_T7889,GWS,GWS GIANTS,GIANTS,7,76.40000000000003,1,0,9,1,4,0,0,0,12,0,0,12,25,87,12,5,1,1,0,62.5,0,0,12,8,0,0,3,0,7,0,0,17,2,1,0,377,0,15,0,0,7,0,2,0,1,0,2,4,0,3,25,11,13,2026-09-27,data//AFLW_2026-09-27.csv,NA,NA,0.48,0.48,7,0.29411764705882354,0.875,NA,NA,2.125,0.26666666666666666,NA,0,0.8181818181818182,0,CD_M20262640706,7,2026-09-27,Collingwood,CD_R202626407
CD_I1005630,18,MIDFIELDER,"https://s.afl.com.au/staticfile/AFL Tenant/AFL/Players/ChampIDImages/AFLW/2026264/1005630.png?im=Scale,width=0.6,height=0.6",Alexandra,Anderson,CD_T7887,BL,Brisbane Lions,Lions,3,83.9,0,0,9,0,0,0,0,0,8,0,0,8,11,50,10,2,2,0,1,0,0,0,6,8,0,0,0,0,5,0,0,3,0,0,0,71,4,17,0,0,1,0,0,0,0,1,2,6,3,2,11,2,3,2026-09-27,data//AFLW_2026-09-27.csv,NA,NA,0.7272727272727273,0.9090909090909091,8,0.6666666666666666,1,NA,NA,0.375,0.35294117647058826,NA,0,0.75,0,CD_M20262640708,7,2026-09-27,Sydney Swans,CD_R202626407
CD_I1005661,3,MEDIUM_DEFENDER,"https://s.afl.com.au/staticfile/AFL Tenant/AFL/Players/ChampIDImages/AFLW/2026264/1005661.png?im=Scale,width=0.6,height=0.6",Breanna,Koenen,CD_T7887,BL,Brisbane Lions,Lions,7,86.09999999999991,0,0,0,0,2,1,1,1,3,0,0,4,8,30,8,3,0,2,0,0,0,0,2,5,0,0,2,0,2,0,0,3,3,0,0,-22,3,6,0,0,0,0,2,0,0,3,0,2,1,0,8,0,5,2026-09-27,data//AFLW_2026-09-27.csv,1,NA,0.375,1,5,1,1,NA,NA,0.6,0.3333333333333333,NA,0,0,0,CD_M20262640708,7,2026-09-27,Sydney Swans,CD_R202626407
CD_I1005955,1,MEDIUM_FORWARD,"https://s.afl.com.au/staticfile/AFL Tenant/AFL/Players/ChampIDImages/AFLW/2026264/1005955.png?im=Scale,width=0.6,height=0.6",Justine,Mules-Robinson,CD_T9409,PORT,Port Adelaide,Power,7,81.09999999999997,0,0,0,0,1,0,0,0,6,0,0,0,11,48,8,6,2,1,0,33.3,0,1,6,2,0,0,3,0,3,0,0,9,2,0,1,296,0,13,0,0,0,0,3,0,1,0,3,2,2,3,11,1,5,2026-09-27,data//AFLW_2026-09-27.csv,NA,NA,0.5454545454545454,0.7272727272727273,2,0.6666666666666666,1,NA,NA,4.5,0.15384615384615385,NA,0,0,0,CD_M20262640703,7,2026-09-25,Western Bulldogs,CD_R202626407
CD_I1006997,20,MIDFIELDER,"https://s.afl.com.au/staticfile/AFL Tenant/AFL/Players/ChampIDImages/AFLW/2026264/1006997.png?im=Scale,width=0.6,height=0.6",Stephanie,Cain,CD_T9406,ESS,Essendon,Bombers,7,72.80000000000007,1,0,6,0,3,0,0,0,6,0,0,7,11,44,7,5,0,0,2,25,0,1,2,4,0,0,0,0,3,0,0,7,2,1,0,151,1,11,0,0,1,0,3,0,2,0,2,0,0,2,11,3,5,2026-09-27,data//AFLW_2026-09-27.csv,NA,NA,0.5454545454545454,0.6363636363636364,2,0.7142857142857143,0.5,NA,NA,1.75,0,NA,0,0.42857142857142855,0,CD_M20262640702,7,2026-09-25,West Coast Eagles,CD_R202626407
CD_I1007011,8,MEDIUM_DEFENDER,"https://s.afl.com.au/staticfile/AFL Tenant/AFL/Players/ChampIDImages/AFLW/2026264/1007011.png?im=Scale,width=0.6,height=0.6",Sarah,Lampard,CD_T7386,MELB,Melbourne,Demons,7,99.69999999999993,0,0,0,0,2,3,5,0,5,0,0,4,10,39,6,3,0,1,1,0,0,0,3,3,0,0,0,0,6,0,0,7,2,0,0,84,3,7,0,0,2,0,0,0,0,3,2,2,0,2,9,4,4,2026-09-27,data//AFLW_2026-09-27.csv,0.6,NA,0.5555555555555556,0.6,3,0.42857142857142855,1,NA,NA,2.3333333333333335,0.2857142857142857,NA,0,0,0,CD_M20262640705,7,2026-09-25,North Melbourne,CD_R202626407
CD_I1007017,22,MIDFIELDER,"https://s.afl.com.au/staticfile/AFL Tenant/AFL/Players/ChampIDImages/AFLW/2026264/1007017.png?im=Scale,width=0.6,height=0.6",Tilly,Lucas-Rodd,CD_T7889,GWS,GWS GIANTS,GIANTS,7,99.20000000000016,0,0,0,0,1,0,0,0,10,0,0,9,25,101,16,8,0,0,4,0,0,0,6,9,0,0,3,0,7,3,3,16,1,0,0,364,0,14,0,0,6,0,0,0,0,0,1,7,0,1,22,5,12,2026-09-27,data//AFLW_2026-09-27.csv,NA,NA,0.45454545454545453,0.64,8,0.5,0.8888888888888888,NA,NA,1.7777777777777777,0.5,1,0,0,0.3,CD_M20262640706,7,2026-09-27,Collingwood,CD_R202626407
CD_I1007027,18,MEDIUM_FORWARD,"https://s.afl.com.au/staticfile/AFL Tenant/AFL/Players/ChampIDImages/AFLW/2026264/1007027.png?im=Scale,width=0.6,height=0.6",Ruby,Schleicher,CD_T8097,COLL,Collingwood,Magpies,6,96.59999999999991,2,0,0,0,4,0,0,1,5,5,1,1,10,61,4,2,3,1,1,40.9,0,1,3,3,0,0,2,0,1,0,0,7,4,2,0,217,2,10,0,0,1,0,3,0,5,1,0,4,3,0,11,3,6,2026-09-27,data//AFLW_2026-09-27.csv,NA,0.2,0.45454545454545453,0.4,2,0.2857142857142857,0.6666666666666666,NA,NA,2.3333333333333335,0.4,NA,0,0,0,CD_M20262640706,7,2026-09-27,GWS GIANTS,CD_R202626407
CD_I1007029,14,MEDIUM_DEFENDER,"https://s.afl.com.au/staticfile/AFL Tenant/AFL/Players/ChampIDImages/AFLW/2026264/1007029.png?im=Scale,width=0.6,height=0.6",Belinda,Smith,CD_T8787,WCE,West Coast Eagles,Eagles,7,71.10000000000002,0,1,0,0,1,0,0,0,2,0,0,4,9,43,9,4,0,1,0,0,0,0,2,5,0,0,0,0,4,1,0,4,4,0,0,88,1,6,0,0,0,0,2,0,0,1,0,3,0,0,9,1,7,2026-09-27,data//AFLW_2026-09-27.csv,NA,NA,0.2222222222222222,1,5,1,1,NA,NA,0.8,0.5,0,0,0,0.09090909090909091,CD_M20262640702,7,2026-09-25,Essendon,CD_R202626407
CD_I1007130,20,MEDIUM_DEFENDER,"https://s.afl.com.au/staticfile/AFL Tenant/AFL/Players/ChampIDImages/AFLW/2026264/1007130.png?im=Scale,width=0.6,height=0.6",Shannon,Campbell,CD_T7887,BL,Brisbane Lions,Lions,7,100.49999999999989,0,0,0,0,5,0,2,0,5,0,0,5,18,60,10,8,2,0,0,20,0,0,5,2,0,0,2,0,3,6,5,16,0,0,0,470,4,7,0,0,8,0,1,0,0,4,2,2,0,2,11,7,6,2026-09-27,data//AFLW_2026-09-27.csv,0,NA,0.45454545454545453,0.5555555555555556,2,0.5,1,NA,NA,8,0.2857142857142857,0.8333333333333334,0,0,0.8571428571428571,CD_M20262640708,7,2026-09-27,Sydney Swans,CD_R202626407
CD_I1007138,33,KEY_FORWARD,"https://s.afl.com.au/staticfile/AFL Tenant/AFL/Players/ChampIDImages/AFLW/2026264/1007138.png?im=Scale,width=0.6,height=0.6",Kate,Shierlaw,CD_T8466,NMFC,North Melbourne,Kangaroos,6,85.90000000000003,1,0,0,0,2,0,0,1,5,3,1,4,11,43,3,2,1,1,2,50,0,1,2,3,0,0,1,0,1,0,0,8,1,0,0,175,2,8,0,0,0,0,2,0,3,2,0,1,0,0,9,4,4,2026-09-27,data//AFLW_2026-09-27.csv,NA,0.3333333333333333,0.5555555555555556,0.2727272727272727,1,0.25,0.3333333333333333,NA,NA,2.6666666666666665,0.125,NA,0,0,0,CD_M20262640705,7,2026-09-25,Melbourne,CD_R202626407
CD_I1007141,27,KEY_FORWARD,"https://s.afl.com.au/staticfile/AFL Tenant/AFL/Players/ChampIDImages/AFLW/2026264/1007141.png?im=Scale,width=0.6,height=0.6",Gemma,Houghton,CD_T9409,PORT,Port Adelaide,Power,7,79.99999999999989,0,1,0,0,1,0,0,0,3,0,0,1,6,27,3,2,0,0,0,16.7,1,0,2,1,0,0,4,0,1,0,0,5,2,0,2,165,2,6,0,0,0,0,2,0,1,0,0,1,1,0,6,1,3,2026-09-27,data//AFLW_2026-09-27.csv,NA,NA,0.5,0.5,1,0.4,1,NA,NA,5,0.16666666666666666,NA,0,0,0,CD_M20262640703,7,2026-09-25,Western Bulldogs,CD_R202626407
CD_I1007144,9,MEDIUM_FORWARD,"https://s.afl.com.au/staticfile/AFL Tenant/AFL/Players/ChampIDImages/AFLW/2026264/1007144.png?im=Scale,width=0.6,height=0.6",Gabby,O'Sullivan,CD_T7886,FRE,Fremantle,Freo,7,76.70000000000005,0,0,0,0,1,0,0,1,5,2,1,0,10,42,5,3,1,0,1,61.5,1,1,2,4,0,0,2,0,3,0,0,6,3,1,1,117,2,5,0,0,0,0,3,0,1,0,0,0,0,0,9,3,4,2026-09-27,data//AFLW_2026-09-27.csv,NA,0.5,0.5555555555555556,0.5,2,0.5,0.5,NA,NA,1.5,0,NA,0,0,0,CD_M20262640707,7,2026-09-27,Adelaide Crows,CD_R202626407
CD_I1007152,21,KEY_DEFENDER,"https://s.afl.com.au/staticfile/AFL Tenant/AFL/Players/ChampIDImages/AFLW/2026264/1007152.png?im=Scale,width=0.6,height=0.6",Harriet,Cordner,CD_T8096,CARL,Carlton,Blues,7,100.20000000000005,0,0,0,0,3,0,0,0,7,0,0,9,19,93,15,10,0,0,1,0,0,0,5,5,0,0,1,0,11,0,0,14,8,0,0,347,4,10,0,0,6,0,2,0,0,3,0,4,0,0,21,2,14,2026-09-27,data//AFLW_2026-09-27.csv,NA,NA,0.3333333333333333,0.7894736842105263,5,0.7142857142857143,1,NA,NA,2.8,0.4,NA,0,0,0,CD_M20262640704,7,2026-09-25,Richmond,CD_R202626407
CD_I1007157,2,KEY_DEFENDER,"https://s.afl.com.au/staticfile/AFL Tenant/AFL/Players/ChampIDImages/AFLW/2026264/1007157.png?im=Scale,width=0.6,height=0.6",Libby,Birch,CD_T8466,NMFC,North Melbourne,Kangaroos,6,100.5,0,0,0,0,0,0,5,0,5,0,0,4,11,45,10,4,0,0,1,0,0,0,4,7,0,0,0,0,5,1,1,4,2,0,0,74,7,5,0,0,2,0,0,0,0,7,0,3,0,0,11,1,6,2026-09-27,data//AFLW_2026-09-27.csv,0,NA,0.45454545454545453,0.9090909090909091,6,1,0.8571428571428571,NA,NA,0.5714285714285714,0.6,1,0,0,0.25,CD_M20262640705,7,2026-09-25,Melbourne,CD_R202626407
CD_I1007313,32,RUCK,"https://s.afl.com.au/staticfile/AFL Tenant/AFL/Players/ChampIDImages/AFLW/2026264/1007313.png?im=Scale,width=0.6,height=0.6",Jess,Allan,CD_T8098,ADEL,Adelaide Crows,Crows,7,76.50000000000006,0,0,16,1,1,0,1,0,2,0,0,9,5,50,4,1,0,0,0,50,0,0,2,3,26,2,0,0,0,0,0,2,0,0,0,51,2,14,0,0,1,52,0,0,0,2,1,3,0,2,5,1,3,2026-09-27,data//AFLW_2026-09-27.csv,0,NA,0.4,0.8,3,0.5,1,0.5,0.038461538461538464,0.6666666666666666,0.21428571428571427,NA,0.8,0.8888888888888888,0,CD_M20262640707,7,2026-09-27,Fremantle,CD_R202626407
CD_I1007327,10,KEY_DEFENDER,"https://s.afl.com.au/staticfile/AFL Tenant/AFL/Players/ChampIDImages/AFLW/2026264/1007327.png?im=Scale,width=0.6,height=0.6",Montana,McKinnon,CD_T8788,RICH,Richmond,Richmond,2,79.89999999999999,0,0,0,0,1,1,2,1,3,0,0,8,5,30,4,3,0,0,0,0,0,0,2,2,0,0,0,0,2,0,0,3,3,0,0,33,8,11,0,0,2,0,0,0,0,7,0,2,0,0,5,3,2,2026-09-27,data//AFLW_2026-09-27.csv,0.5,NA,0.6,0.8,1,1,0.5,NA,NA,1.5,0.18181818181818182,NA,0,0,0,CD_M20262640704,7,2026-09-25,Carlton,CD_R202626407
CD_I1007342,14,MEDIUM_FORWARD,"https://s.afl.com.au/staticfile/AFL Tenant/AFL/Players/ChampIDImages/AFLW/2026264/1007342.png?im=Scale,width=0.6,height=0.6",Chloe,Scheer,CD_T8467,GEEL,Geelong Cats,Cats,7,71.79999999999995,1,0,0,0,1,0,0,1,2,1,0,0,10,61,7,5,0,1,1,57.7,0,2,0,3,0,0,2,0,0,0,0,7,5,4,3,170,1,4,0,0,0,0,6,0,3,1,0,2,2,0,10,4,8,2026-09-27,data//AFLW_2026-09-27.csv,NA,0,0.2,0.7,2,0.7142857142857143,0.6666666666666666,NA,NA,2.3333333333333335,0.5,NA,0,0,0,CD_M20262640701,7,2026-09-24,Hawthorn,CD_R202626407
CD_I1007360,2,MEDIUM_DEFENDER,"https://s.afl.com.au/staticfile/AFL Tenant/AFL/Players/ChampIDImages/AFLW/2026264/1007360.png?im=Scale,width=0.6,height=0.6",Ebony,O'Dea,CD_T9409,PORT,Port Adelaide,Power,7,84.00000000000006,0,0,0,0,3,0,1,0,1,0,0,7,6,22,2,2,0,1,0,0,0,0,1,0,0,0,0,0,2,1,1,6,1,0,0,145,2,9,0,0,3,0,1,0,0,2,1,1,0,1,4,2,3,2026-09-27,data//AFLW_2026-09-27.csv,0,NA,0.25,0.3333333333333333,0,0.3333333333333333,NA,NA,NA,Inf,0.1111111111111111,1,0,0,0.5,CD_M20262640703,7,2026-09-25,Western Bulldogs,CD_R202626407
CD_I1009764,35,KEY_FORWARD,"https://s.afl.com.au/staticfile/AFL Tenant/AFL/Players/ChampIDImages/AFLW/2026264/1009764.png?im=Scale,width=0.6,height=0.6",Eden,Zanker,CD_T7886,FRE,Fremantle,Freo,7,78.19999999999993,0,0,0,0,1,0,0,1,4,1,0,3,7,58,6,3,0,0,1,54.5,1,3,1,3,0,0,1,0,0,0,0,4,3,3,1,118,2,7,0,0,0,6,5,0,3,1,1,3,2,1,8,0,4,2026-09-27,data//AFLW_2026-09-27.csv,NA,0,0.5,0.8571428571428571,3,0.75,1,0,0,1.3333333333333333,0.42857142857142855,NA,0.09230769230769231,0,0,CD_M20262640707,7,2026-09-27,Adelaide Crows,CD_R202626407
CD_I1009765,27,MEDIUM_DEFENDER,"https://s.afl.com.au/staticfile/AFL Tenant/AFL/Players/ChampIDImages/AFLW/2026264/1009765.png?im=Scale,width=0.6,height=0.6",Sophie,Van De Heuvel,CD_T9406,ESS,Essendon,Bombers,5,74.80000000000001,0,0,0,0,2,0,0,0,3,0,0,3,10,39,6,3,1,0,0,50,0,1,3,3,0,0,0,0,2,0,0,7,2,0,1,127,1,4,0,0,2,0,2,0,1,1,1,0,0,1,9,1,6,2026-09-27,data//AFLW_2026-09-27.csv,NA,NA,0.3333333333333333,0.6,3,0.42857142857142855,1,NA,NA,2.3333333333333335,0,NA,0,0,0,CD_M20262640702,7,2026-09-25,West Coast Eagles,CD_R202626407
CD_I1009798,14,MIDFIELDER_FORWARD,"https://s.afl.com.au/staticfile/AFL Tenant/AFL/Players/ChampIDImages/AFLW/2026264/1009798.png?im=Scale,width=0.6,height=0.6",Mattea,Breed,CD_T8097,COLL,Collingwood,Magpies,5,72,1,0,7,1,4,0,1,0,13,0,0,5,16,77,8,5,4,2,3,20,0,0,8,7,0,0,3,0,2,0,0,9,2,0,0,209,2,16,0,0,1,0,3,0,2,0,6,8,3,7,17,3,4,2026-09-27,data//AFLW_2026-09-27.csv,0,NA,0.7647058823529411,0.5,3,0.5555555555555556,0.42857142857142855,NA,NA,1.2857142857142858,0.5,NA,0,0.6363636363636364,0,CD_M20262640706,7,2026-09-27,GWS GIANTS,CD_R202626407
CD_I1009799,3,MIDFIELDER,"https://s.afl.com.au/staticfile/AFL Tenant/AFL/Players/ChampIDImages/AFLW/2026264/1009799.png?im=Scale,width=0.6,height=0.6",Alyce,Parker,CD_T7889,GWS,GWS GIANTS,GIANTS,7,81.40000000000003,0,0,10,1,5,0,0,0,17,0,0,11,24,100,13,8,0,2,2,50,0,0,13,6,0,0,2,0,9,0,0,18,2,0,0,344,1,15,0,0,5,0,3,0,0,0,3,8,0,4,26,6,9,2026-09-27,data//AFLW_2026-09-27.csv,NA,NA,0.6538461538461539,0.5416666666666666,5,0.4444444444444444,0.8333333333333334,NA,NA,3,0.5333333333333333,NA,0,0.9090909090909091,0,CD_M20262640706,7,2026-09-27,Collingwood,CD_R202626407
CD_I1009803,30,KEY_DEFENDER,"https://s.afl.com.au/staticfile/AFL Tenant/AFL/Players/ChampIDImages/AFLW/2026264/1009803.png?im=Scale,width=0.6,height=0.6",Alexia,Hamilton,CD_T9408,SYD,Sydney Swans,Swans,6,89.40000000000009,0,0,0,0,2,0,1,0,6,0,0,9,14,65,7,6,0,0,2,0,1,0,5,2,0,0,2,0,8,3,3,12,1,0,0,305,4,10,0,0,4,0,2,0,0,4,0,5,0,0,9,5,3,2026-09-27,data//AFLW_2026-09-27.csv,0,NA,0.6666666666666666,0.5,1,0.5,0.5,NA,NA,6,0.5,1,0,0,0.6,CD_M20262640708,7,2026-09-27,Brisbane Lions,CD_R202626407
CD_I1009822,17,MEDIUM_FORWARD,"https://s.afl.com.au/staticfile/AFL Tenant/AFL/Players/ChampIDImages/AFLW/2026264/1009822.png?im=Scale,width=0.6,height=0.6",Georgia,Garnett,CD_T7889,GWS,GWS GIANTS,GIANTS,7,98.2000000000001,0,0,0,0,1,0,0,0,3,0,0,3,9,56,5,4,1,0,0,85.7,1,0,3,2,0,0,4,0,1,0,0,7,5,1,3,193,0,10,0,0,1,0,3,0,1,0,0,4,1,0,9,2,6,2026-09-27,data//AFLW_2026-09-27.csv,NA,NA,0.3333333333333333,0.5555555555555556,1,0.5714285714285714,0.5,NA,NA,3.5,0.4,NA,0,0,0,CD_M20262640706,7,2026-09-27,Collingwood,CD_R202626407
CD_I1009831,29,MEDIUM_DEFENDER,"https://s.afl.com.au/staticfile/AFL Tenant/AFL/Players/ChampIDImages/AFLW/2026264/1009831.png?im=Scale,width=0.6,height=0.6",Tarni,White,CD_T8097,COLL,Collingwood,Magpies,7,99.39999999999998,0,0,0,0,1,0,1,1,13,0,0,4,24,80,20,13,0,0,3,100,0,0,9,8,0,0,3,0,15,4,4,16,3,0,0,553,4,4,0,0,5,0,2,0,0,3,0,1,0,0,18,4,5,2026-09-27,data//AFLW_2026-09-27.csv,0,NA,0.7222222222222222,0.8333333333333334,7,0.8125,0.875,NA,NA,2,0.25,1,0,0,0.5714285714285714,CD_M20262640706,7,2026-09-27,GWS GIANTS,CD_R202626407
CD_I1009833,17,MIDFIELDER,"https://s.afl.com.au/staticfile/AFL Tenant/AFL/Players/ChampIDImages/AFLW/2026264/1009833.png?im=Scale,width=0.6,height=0.6",Isabel,Dawes,CD_T7887,BL,Brisbane Lions,Lions,7,81.80000000000007,1,0,11,1,2,0,0,0,10,0,0,7,24,75,12,7,2,0,2,14.3,0,0,4,8,0,0,6,0,4,0,0,16,0,0,0,492,0,12,0,0,2,0,3,0,1,0,5,2,0,6,20,7,10,2026-09-27,data//AFLW_2026-09-27.csv,NA,NA,0.5,0.5,5,0.4375,0.625,NA,NA,2,0.16666666666666666,NA,0,0.9166666666666666,0,CD_M20262640708,7,2026-09-27,Sydney Swans,CD_R202626407
CD_I1009836,10,MEDIUM_DEFENDER,"https://s.afl.com.au/staticfile/AFL Tenant/AFL/Players/ChampIDImages/AFLW/2026264/1009836.png?im=Scale,width=0.6,height=0.6",Natalie,Grider,CD_T7887,BL,Brisbane Lions,Lions,7,91.60000000000002,0,0,0,0,1,0,1,1,5,0,0,14,10,47,8,2,0,0,1,0,0,0,3,6,0,0,1,0,6,0,0,4,2,0,0,97,2,20,0,0,1,0,2,0,0,1,1,4,0,1,9,1,4,2026-09-27,data//AFLW_2026-09-27.csv,0,NA,0.5555555555555556,0.8,6,0.5,1,NA,NA,0.6666666666666666,0.2,NA,0,0,0,CD_M20262640708,7,2026-09-27,Sydney Swans,CD_R202626407
CD_I1009838,30,KEY_FORWARD,"https://s.afl.com.au/staticfile/AFL Tenant/AFL/Players/ChampIDImages/AFLW/2026264/1009838.png?im=Scale,width=0.6,height=0.6",Jesse,Tawhiao-Wardlaw,CD_T8796,STK,St Kilda,St Kilda,7,92,1,0,0,0,1,0,0,5,10,5,4,0,14,96,10,8,2,1,3,38.9,0,5,2,2,1,1,0,0,2,0,0,12,8,5,1,225,1,4,0,0,0,1,8,0,7,1,0,0,0,0,13,2,3,2026-09-27,data//AFLW_2026-09-27.csv,NA,0.8,0.7692307692307693,0.7142857142857143,2,0.6666666666666666,1,1,1,6,0,NA,0.02127659574468085,0,0,CD_M20262640709,7,2026-09-27,Gold Coast SUNS,CD_R202626407
CD_I1009843,7,MEDIUM_FORWARD,"https://s.afl.com.au/staticfile/AFL Tenant/AFL/Players/ChampIDImages/AFLW/2026264/1009843.png?im=Scale,width=0.6,height=0.6",Ellie,Hampson,CD_T9409,PORT,Port Adelaide,Power,1,73.9,0,0,0,0,6,0,0,1,4,0,0,0,12,61,8,8,0,3,0,75,1,3,3,0,0,0,4,0,2,0,0,12,4,4,0,418,1,3,0,0,1,0,6,0,4,1,0,1,0,0,11,3,7,2026-09-27,data//AFLW_2026-09-27.csv,NA,NA,0.36363636363636365,0.6666666666666666,0,0.6666666666666666,NA,NA,NA,Inf,0.3333333333333333,NA,0,0,0,CD_M20262640703,7,2026-09-25,Western Bulldogs,CD_R202626407
CD_I1009844,2,RUCK,"https://s.afl.com.au/staticfile/AFL Tenant/AFL/Players/ChampIDImages/AFLW/2026264/1009844.png?im=Scale,width=0.6,height=0.6",Tahlia,Hickie,CD_T7887,BL,Brisbane Lions,Lions,7,70.89999999999998,0,0,10,0,1,0,0,0,6,0,0,4,9,46,6,3,0,1,0,0,0,0,5,5,13,3,2,0,5,0,0,4,2,0,0,93,4,10,0,0,1,35,0,0,0,2,1,2,1,1,10,2,4,2026-09-27,data//AFLW_2026-09-27.csv,NA,NA,0.6,0.6666666666666666,3,0.75,0.6,0.37142857142857144,0.08571428571428572,0.8,0.2,NA,0.47297297297297297,0.8333333333333334,0,CD_M20262640708,7,2026-09-27,Sydney Swans,CD_R202626407
CD_I1009847,12,MIDFIELDER,"https://s.afl.com.au/staticfile/AFL Tenant/AFL/Players/ChampIDImages/AFLW/2026264/1009847.png?im=Scale,width=0.6,height=0.6",Sophie,Conway,CD_T7887,BL,Brisbane Lions,Lions,7,98.89999999999998,1,0,3,0,6,0,0,0,6,2,0,4,15,49,8,2,2,3,0,27.3,0,0,6,6,0,0,5,0,2,0,0,9,2,1,0,315,1,14,0,0,0,0,2,0,3,0,2,3,0,2,16,8,10,2026-09-27,data//AFLW_2026-09-27.csv,NA,0,0.375,0.5333333333333333,6,0.2222222222222222,1,NA,NA,1.5,0.21428571428571427,NA,0,0.25,0,CD_M20262640708,7,2026-09-27,Sydney Swans,CD_R202626407
CD_I1009853,5,MIDFIELDER,"https://s.afl.com.au/staticfile/AFL Tenant/AFL/Players/ChampIDImages/AFLW/2026264/1009853.png?im=Scale,width=0.6,height=0.6",Tyla,Hanks,CD_T7386,MELB,Melbourne,Demons,7,100.39999999999998,0,0,15,0,5,0,1,1,17,0,0,15,32,110,20,9,3,1,1,66.7,0,0,15,16,0,0,3,0,6,0,0,16,4,0,0,376,1,29,0,0,0,0,1,0,1,1,5,5,2,5,33,11,16,2026-09-27,data//AFLW_2026-09-27.csv,0,NA,0.5151515151515151,0.625,11,0.5625,0.6875,NA,NA,1,0.1724137931034483,NA,0,0.7894736842105263,0,CD_M20262640705,7,2026-09-25,North Melbourne,CD_R202626407
CD_I1009855,5,MEDIUM_FORWARD,"https://s.afl.com.au/staticfile/AFL Tenant/AFL/Players/ChampIDImages/AFLW/2026264/1009855.png?im=Scale,width=0.6,height=0.6",Darcy,Guttridge,CD_T8796,STK,St Kilda,St Kilda,6,68.5,0,0,0,0,2,0,0,0,1,0,0,3,3,37,2,1,1,0,0,25,0,0,1,1,0,0,0,0,0,0,0,2,3,0,2,72,1,13,0,0,0,0,0,0,0,1,0,5,1,0,4,3,3,2026-09-27,data//AFLW_2026-09-27.csv,NA,NA,0.25,0.6666666666666666,1,0.5,1,NA,NA,2,0.38461538461538464,NA,0,0,0,CD_M20262640709,7,2026-09-27,Gold Coast SUNS,CD_R202626407
CD_I1009856,3,MEDIUM_FORWARD,"https://s.afl.com.au/staticfile/AFL Tenant/AFL/Players/ChampIDImages/AFLW/2026264/1009856.png?im=Scale,width=0.6,height=0.6",Grace,Egan,CD_T8098,ADEL,Adelaide Crows,Crows,7,79.20000000000005,1,0,9,1,3,0,0,0,3,0,0,8,14,69,9,3,2,1,0,36.4,0,0,3,8,0,0,1,0,2,0,0,6,3,0,1,164,0,15,0,0,1,0,2,0,1,0,0,7,2,1,12,3,9,2026-09-27,data//AFLW_2026-09-27.csv,NA,NA,0.25,0.6428571428571429,6,0.5,0.75,NA,NA,0.75,0.4666666666666667,NA,0,0.5,0,CD_M20262640707,7,2026-09-27,Fremantle,CD_R202626407
CD_I1009857,17,MEDIUM_DEFENDER,"https://s.afl.com.au/staticfile/AFL Tenant/AFL/Players/ChampIDImages/AFLW/2026264/1009857.png?im=Scale,width=0.6,height=0.6",Georgia,Clarke,CD_T9406,ESS,Essendon,Bombers,6,80.5,0,0,0,0,6,0,1,0,3,0,0,5,14,51,9,5,0,0,1,0,0,0,3,5,0,0,0,0,4,2,2,9,3,0,0,267,1,8,0,0,2,0,0,0,0,1,0,1,0,0,11,6,8,2026-09-27,data//AFLW_2026-09-27.csv,0,NA,0.2727272727272727,0.6428571428571429,4,0.5555555555555556,0.8,NA,NA,1.8,0.125,1,0,0,0.2222222222222222,CD_M20262640702,7,2026-09-25,West Coast Eagles,CD_R202626407
CD_I1009860,21,MEDIUM_DEFENDER,"https://s.afl.com.au/staticfile/AFL Tenant/AFL/Players/ChampIDImages/AFLW/2026264/1009860.png?im=Scale,width=0.6,height=0.6",Rebecca,Webster,CD_T8467,GEEL,Geelong Cats,Cats,7,92.59999999999991,0,0,0,0,2,0,0,1,7,0,0,5,24,94,23,16,0,1,1,100,0,1,5,8,0,0,2,0,13,1,1,16,6,0,0,404,2,7,0,0,5,0,6,0,1,1,0,2,0,0,22,3,15,2026-09-27,data//AFLW_2026-09-27.csv,NA,NA,0.3181818181818182,0.9583333333333334,7,1,0.875,NA,NA,2,0.2857142857142857,1,0,0,0.25,CD_M20262640701,7,2026-09-24,Hawthorn,CD_R202626407
CD_I1009861,2,MIDFIELDER,"https://s.afl.com.au/staticfile/AFL Tenant/AFL/Players/ChampIDImages/AFLW/2026264/1009861.png?im=Scale,width=0.6,height=0.6",Olivia,Purcell,CD_T7386,MELB,Melbourne,Demons,7,79.19999999999999,0,0,15,1,3,0,0,0,9,0,0,11,23,69,20,5,2,2,1,100,0,0,7,16,0,0,1,0,2,0,0,7,3,0,0,185,1,20,0,0,2,0,3,0,0,0,1,3,1,2,24,4,15,2026-09-27,data//AFLW_2026-09-27.csv,NA,NA,0.375,0.8695652173913043,15,0.7142857142857143,0.9375,NA,NA,0.4375,0.15,NA,0,0.7894736842105263,0,CD_M20262640705,7,2026-09-25,North Melbourne,CD_R202626407
CD_I1009863,9,MIDFIELDER,"https://s.afl.com.au/staticfile/AFL Tenant/AFL/Players/ChampIDImages/AFLW/2026264/1009863.png?im=Scale,width=0.6,height=0.6",Nina,Morrison,CD_T8467,GEEL,Geelong Cats,Cats,7,78.49999999999989,0,2,18,2,3,0,0,0,8,0,0,6,24,91,17,5,1,1,2,80,0,0,6,13,0,0,7,0,4,0,0,11,3,0,0,379,0,25,0,0,1,0,6,0,0,0,1,6,2,3,25,4,17,2026-09-27,data//AFLW_2026-09-27.csv,NA,NA,0.32,0.7083333333333334,12,0.45454545454545453,0.9230769230769231,NA,NA,0.8461538461538461,0.24,NA,0,0.782608695652174,0,CD_M20262640701,7,2026-09-24,Hawthorn,CD_R202626407
CD_I1009865,9,MIDFIELDER,"https://s.afl.com.au/staticfile/AFL Tenant/AFL/Players/ChampIDImages/AFLW/2026264/1009865.png?im=Scale,width=0.6,height=0.6",Lucy,McEvoy,CD_T9408,SYD,Sydney Swans,Swans,7,73.2000000000001,0,0,10,1,2,0,0,0,9,0,0,11,11,43,9,3,0,1,0,0,0,0,7,6,0,0,0,0,4,0,0,5,1,0,0,101,2,16,0,0,2,0,4,0,0,0,4,4,0,5,12,2,3,2026-09-27,data//AFLW_2026-09-27.csv,NA,NA,0.75,0.8181818181818182,6,0.6,1,NA,NA,0.8333333333333334,0.25,NA,0,0.8333333333333334,0,CD_M20262640708,7,2026-09-27,Brisbane Lions,CD_R202626407
CD_I1009866,19,RUCK,"https://s.afl.com.au/staticfile/AFL Tenant/AFL/Players/ChampIDImages/AFLW/2026264/1009866.png?im=Scale,width=0.6,height=0.6",Rene,Caris,CD_T8796,STK,St Kilda,St Kilda,4,54.69999999999999,0,0,11,0,0,0,0,0,3,0,0,2,4,15,4,0,0,0,0,0,0,0,2,4,4,1,0,0,1,0,0,0,1,0,0,-9,1,3,0,0,0,22,0,0,0,0,1,0,0,1,5,0,2,2026-09-27,data//AFLW_2026-09-27.csv,NA,NA,0.6,1,4,NA,1,0.18181818181818182,0.045454545454545456,0,0,NA,0.46808510638297873,0.55,0,CD_M20262640709,7,2026-09-27,Gold Coast SUNS,CD_R202626407
CD_I1009867,21,MIDFIELDER,"https://s.afl.com.au/staticfile/AFL Tenant/AFL/Players/ChampIDImages/AFLW/2026264/1009867.png?im=Scale,width=0.6,height=0.6",Georgia,Patrikios,CD_T8796,STK,St Kilda,St Kilda,7,78.59999999999997,0,0,16,0,2,0,0,0,6,0,0,11,22,81,18,8,0,1,1,0,0,0,5,13,0,0,1,0,3,0,0,9,6,0,0,254,2,16,0,0,2,0,2,0,0,0,0,3,0,0,23,4,17,2026-09-27,data//AFLW_2026-09-27.csv,NA,NA,0.2608695652173913,0.8181818181818182,10,0.8888888888888888,0.7692307692307693,NA,NA,0.6923076923076923,0.1875,NA,0,0.8,0,CD_M20262640709,7,2026-09-27,Gold Coast SUNS,CD_R202626407
CD_I1009868,5,MIDFIELDER,"https://s.afl.com.au/staticfile/AFL Tenant/AFL/Players/ChampIDImages/AFLW/2026264/1009868.png?im=Scale,width=0.6,height=0.6",Maddy,Brancatisano,CD_T8786,GCFC,Gold Coast SUNS,SUNS,6,76.20000000000005,0,0,13,1,4,0,0,0,9,0,0,3,26,60,20,5,3,3,1,50,0,0,7,16,0,0,4,0,4,0,0,10,2,0,0,288,1,7,0,0,2,0,6,0,0,1,2,0,0,3,27,6,18,2026-09-27,data//AFLW_2026-09-27.csv,NA,NA,0.3333333333333333,0.7692307692307693,15,0.5,0.9375,NA,NA,0.625,0,NA,0,0.65,0,CD_M20262640709,7,2026-09-27,St Kilda,CD_R202626407
CD_I1009882,1,MIDFIELDER,"https://s.afl.com.au/staticfile/AFL Tenant/AFL/Players/ChampIDImages/AFLW/2026264/1009882.png?im=Scale,width=0.6,height=0.6",Gabrielle,Newton,CD_T7886,FRE,Fremantle,Freo,7,88.10000000000002,0,0,17,1,2,0,0,1,13,0,0,5,24,94,19,8,0,0,0,25,2,0,11,14,0,0,1,0,5,0,0,10,4,0,1,243,1,16,0,0,2,0,3,0,0,0,3,6,0,4,24,4,11,2026-09-27,data//AFLW_2026-09-27.csv,NA,NA,0.5416666666666666,0.7916666666666666,11,0.8,0.7857142857142857,NA,NA,0.7142857142857143,0.375,NA,0,0.9444444444444444,0,CD_M20262640707,7,2026-09-27,Adelaide Crows,CD_R202626407
CD_I1009885,4,MIDFIELDER,"https://s.afl.com.au/staticfile/AFL Tenant/AFL/Players/ChampIDImages/AFLW/2026264/1009885.png?im=Scale,width=0.6,height=0.6",Madison,Prespakis,CD_T9406,ESS,Essendon,Bombers,7,88.89999999999998,0,1,12,0,5,0,0,0,11,1,0,8,27,84,14,6,0,1,3,40,0,0,7,9,0,0,6,0,3,2,2,18,0,0,0,465,1,12,0,0,3,0,4,0,1,1,3,3,1,3,25,7,14,2026-09-27,data//AFLW_2026-09-27.csv,NA,0,0.44,0.5185185185185185,8,0.3333333333333333,0.8888888888888888,NA,NA,2,0.25,1,0,0.8571428571428571,0.2222222222222222,CD_M20262640702,7,2026-09-25,West Coast Eagles,CD_R202626407
CD_I1009906,1,MIDFIELDER,"https://s.afl.com.au/staticfile/AFL Tenant/AFL/Players/ChampIDImages/AFLW/2026264/1009906.png?im=Scale,width=0.6,height=0.6",Mikayla,Bowen,CD_T8467,GEEL,Geelong Cats,Cats,7,74.7999999999999,2,0,18,0,2,0,0,0,6,0,0,4,24,81,17,7,2,1,1,20,0,0,6,12,0,0,3,0,1,0,0,12,3,0,1,238,1,16,0,0,1,0,6,0,2,1,0,3,1,0,25,2,19,2026-09-27,data//AFLW_2026-09-27.csv,NA,NA,0.24,0.7083333333333334,10,0.5833333333333334,0.8333333333333334,NA,NA,1,0.1875,NA,0,0.782608695652174,0,CD_M20262640701,7,2026-09-24,Hawthorn,CD_R202626407
CD_I1009962,21,MEDIUM_DEFENDER,"https://s.afl.com.au/staticfile/AFL Tenant/AFL/Players/ChampIDImages/AFLW/2026264/1009962.png?im=Scale,width=0.6,height=0.6",Poppy,Boltz,CD_T7889,GWS,GWS GIANTS,GIANTS,7,20.500000000000114,0,0,0,0,1,0,2,0,1,0,0,1,2,8,1,1,0,0,0,0,0,0,1,1,0,0,0,0,1,0,0,1,1,0,0,18,2,1,0,0,1,0,0,0,0,2,0,0,0,0,2,0,1,2026-09-27,data//AFLW_2026-09-27.csv,0,NA,0.5,0.5,0,1,0,NA,NA,1,0,NA,0,0,0,CD_M20262640706,7,2026-09-27,Collingwood,CD_R202626407
CD_I1009963,2,RUCK,"https://s.afl.com.au/staticfile/AFL Tenant/AFL/Players/ChampIDImages/AFLW/2026264/1009963.png?im=Scale,width=0.6,height=0.6",Lauren,Bella,CD_T8096,CARL,Carlton,Blues,2,69.69999999999999,1,0,17,0,2,0,0,0,6,1,1,5,8,46,5,1,0,1,2,0,0,0,3,4,15,4,0,0,1,0,0,4,1,1,0,59,4,10,0,0,2,26,2,0,1,3,4,2,1,4,9,3,3,2026-09-27,data//AFLW_2026-09-27.csv,NA,1,0.6666666666666666,0.625,4,0.25,1,0.5769230769230769,0.15384615384615385,1,0.2,NA,0.5531914893617021,0.9444444444444444,0,CD_M20262640704,7,2026-09-25,Richmond,CD_R202626407
CD_I1009976,6,MEDIUM_DEFENDER,"https://s.afl.com.au/staticfile/AFL Tenant/AFL/Players/ChampIDImages/AFLW/2026264/1009976.png?im=Scale,width=0.6,height=0.6",Maddison,Gay,CD_T9406,ESS,Essendon,Bombers,3,83.79999999999998,0,0,2,0,4,0,2,0,1,0,0,7,15,54,10,8,0,1,0,0,0,0,1,4,0,0,2,0,1,5,5,11,4,0,0,386,5,10,0,0,6,0,3,0,0,3,0,1,0,0,11,3,10,2026-09-27,data//AFLW_2026-09-27.csv,0,NA,0.09090909090909091,0.6666666666666666,2,0.7272727272727273,0.5,NA,NA,2.75,0.1,1,0,0.14285714285714285,0.5555555555555556,CD_M20262640702,7,2026-09-25,West Coast Eagles,CD_R202626407
CD_I1009980,10,MIDFIELDER,"https://s.afl.com.au/staticfile/AFL Tenant/AFL/Players/ChampIDImages/AFLW/2026264/1009980.png?im=Scale,width=0.6,height=0.6",Kate,Hore,CD_T7386,MELB,Melbourne,Demons,7,101.40000000000009,0,0,12,1,4,0,0,0,12,0,0,6,16,76,9,7,2,1,1,31.3,0,1,7,4,0,0,2,0,5,0,0,12,4,1,0,238,4,16,0,0,4,0,1,0,1,1,2,4,1,3,19,5,7,2026-09-27,data//AFLW_2026-09-27.csv,NA,NA,0.631578947368421,0.5625,2,0.5833333333333334,0.5,NA,NA,3,0.25,NA,0,0.631578947368421,0,CD_M20262640705,7,2026-09-25,North Melbourne,CD_R202626407
CD_I1010097,31,MIDFIELDER,"https://s.afl.com.au/staticfile/AFL Tenant/AFL/Players/ChampIDImages/AFLW/2026264/1010097.png?im=Scale,width=0.6,height=0.6",Isabella,Shannon,CD_T8787,WCE,West Coast Eagles,Eagles,6,88.40000000000003,0,1,0,0,5,0,0,0,5,0,0,3,15,59,8,6,1,2,0,33.3,0,0,5,4,0,0,2,0,5,0,0,11,4,0,0,197,0,6,0,0,2,0,5,0,0,0,1,3,1,1,14,5,9,2026-09-27,data//AFLW_2026-09-27.csv,NA,NA,0.35714285714285715,0.5333333333333333,2,0.5454545454545454,0.5,NA,NA,2.75,0.5,NA,0,0,0,CD_M20262640702,7,2026-09-25,Essendon,CD_R202626407
CD_I1010102,35,MEDIUM_FORWARD,"https://s.afl.com.au/staticfile/AFL Tenant/AFL/Players/ChampIDImages/AFLW/2026264/1010102.png?im=Scale,width=0.6,height=0.6",Nell,Morris-Dalton,CD_T8096,CARL,Carlton,Blues,7,71.39999999999992,0,0,0,0,0,0,0,1,7,0,0,2,14,61,12,4,4,0,0,72.7,1,2,6,9,1,0,1,0,3,0,0,5,5,2,2,56,0,2,0,0,0,2,7,0,2,0,1,0,0,1,14,0,7,2026-09-27,data//AFLW_2026-09-27.csv,NA,NA,0.5,0.8571428571428571,8,0.8,0.8888888888888888,0.5,0,0.5555555555555556,0,NA,0.0425531914893617,0,0,CD_M20262640704,7,2026-09-25,Richmond,CD_R202626407
CD_I1010103,3,MEDIUM_DEFENDER,"https://s.afl.com.au/staticfile/AFL Tenant/AFL/Players/ChampIDImages/AFLW/2026264/1010103.png?im=Scale,width=0.6,height=0.6",Isabella,Grant,CD_T7387,WB,Western Bulldogs,Bulldogs,7,80.30000000000007,0,0,0,0,4,0,1,0,5,0,0,7,9,36,8,5,0,2,2,0,0,0,4,4,0,0,1,0,7,0,0,5,3,0,0,234,2,8,0,0,2,0,1,0,0,1,0,2,0,0,9,1,4,2026-09-27,data//AFLW_2026-09-27.csv,0,NA,0.5555555555555556,0.8888888888888888,3,1,0.75,NA,NA,1.25,0.25,NA,0,0,0,CD_M20262640703,7,2026-09-25,Port Adelaide,CD_R202626407
CD_I1010257,9,KEY_DEFENDER,"https://s.afl.com.au/staticfile/AFL Tenant/AFL/Players/ChampIDImages/AFLW/2026264/1010257.png?im=Scale,width=0.6,height=0.6",Clara,Fitzpatrick,CD_T8786,GCFC,Gold Coast SUNS,SUNS,7,93.30000000000007,0,0,0,0,2,3,4,0,3,0,0,8,8,34,7,2,0,2,1,0,0,0,2,5,0,0,1,0,4,0,0,3,0,0,0,49,1,8,0,0,0,0,1,0,0,0,0,5,0,0,7,1,4,2026-09-27,data//AFLW_2026-09-27.csv,0.75,NA,0.42857142857142855,0.875,5,0.6666666666666666,1,NA,NA,0.6,0.625,NA,0,0,0,CD_M20262640709,7,2026-09-27,St Kilda,CD_R202626407
CD_I1010263,5,MEDIUM_FORWARD,"https://s.afl.com.au/staticfile/AFL Tenant/AFL/Players/ChampIDImages/AFLW/2026264/1010263.png?im=Scale,width=0.6,height=0.6",Chloe,Molloy,CD_T9408,SYD,Sydney Swans,Swans,7,94.89999999999998,2,0,5,1,3,0,0,0,9,1,1,6,16,63,10,7,4,1,2,43.3,0,0,6,4,0,0,3,0,1,0,0,12,2,2,1,199,0,11,0,0,1,0,5,0,3,0,1,3,0,2,14,3,5,2026-09-27,data//AFLW_2026-09-27.csv,NA,1,0.6428571428571429,0.625,3,0.5833333333333334,0.75,NA,NA,3,0.2727272727272727,NA,0,0.4166666666666667,0,CD_M20262640708,7,2026-09-27,Brisbane Lions,CD_R202626407
CD_I1010264,25,MEDIUM_DEFENDER,"https://s.afl.com.au/staticfile/AFL Tenant/AFL/Players/ChampIDImages/AFLW/2026264/1010264.png?im=Scale,width=0.6,height=0.6",Alexandra,Morcom,CD_T9406,ESS,Essendon,Bombers,7,73.30000000000007,0,0,0,0,3,0,0,1,6,0,0,3,8,40,4,4,0,1,2,0,0,0,3,1,0,0,2,0,6,0,0,7,2,0,0,233,3,5,0,0,4,0,1,0,0,3,1,3,0,1,7,2,1,2026-09-27,data//AFLW_2026-09-27.csv,NA,NA,0.8571428571428571,0.5,0,0.5714285714285714,0,NA,NA,7,0.6,NA,0,0,0,CD_M20262640702,7,2026-09-25,West Coast Eagles,CD_R202626407
CD_I1010265,7,MIDFIELDER,"https://s.afl.com.au/staticfile/AFL Tenant/AFL/Players/ChampIDImages/AFLW/2026264/1010265.png?im=Scale,width=0.6,height=0.6",Ash,Riddell,CD_T8466,NMFC,North Melbourne,Kangaroos,7,83.29999999999995,0,0,16,1,2,0,0,0,16,0,0,12,33,112,17,8,3,1,2,50,0,0,13,16,0,0,3,0,5,0,0,17,2,1,0,338,0,26,0,0,3,0,7,0,0,0,3,6,0,4,33,9,17,2026-09-27,data//AFLW_2026-09-27.csv,NA,NA,0.48484848484848486,0.5151515151515151,9,0.47058823529411764,0.5625,NA,NA,1.0625,0.23076923076923078,NA,0,0.8421052631578947,0,CD_M20262640705,7,2026-09-25,Melbourne,CD_R202626407
CD_I1010279,12,MEDIUM_DEFENDER,"https://s.afl.com.au/staticfile/AFL Tenant/AFL/Players/ChampIDImages/AFLW/2026264/1010279.png?im=Scale,width=0.6,height=0.6",Bess,Keaney,CD_T9406,ESS,Essendon,Bombers,3,58.89999999999999,0,0,0,0,2,1,1,0,2,0,0,6,7,27,5,3,0,1,0,0,0,0,2,2,0,0,0,0,2,0,0,5,1,0,0,123,1,10,0,0,2,0,1,0,0,0,1,2,0,1,7,1,5,2026-09-27,data//AFLW_2026-09-27.csv,1,NA,0.2857142857142857,0.7142857142857143,2,0.6,1,NA,NA,2.5,0.2,NA,0,0,0,CD_M20262640702,7,2026-09-25,West Coast Eagles,CD_R202626407
CD_I1010662,4,MIDFIELDER,"https://s.afl.com.au/staticfile/AFL Tenant/AFL/Players/ChampIDImages/AFLW/2026264/1010662.png?im=Scale,width=0.6,height=0.6",Claudia,Whitfort,CD_T8096,CARL,Carlton,Blues,7,70.09999999999997,0,1,15,3,5,0,0,0,13,0,0,7,23,66,15,5,1,2,1,50,1,0,12,13,0,0,3,0,3,0,0,10,1,0,0,366,4,16,0,0,2,0,2,0,0,2,0,3,0,3,25,9,12,2026-09-27,data//AFLW_2026-09-27.csv,NA,NA,0.52,0.6521739130434783,10,0.5,0.7692307692307693,NA,NA,0.7692307692307693,0.1875,NA,0,0.8333333333333334,0,CD_M20262640704,7,2026-09-25,Richmond,CD_R202626407
CD_I1010663,24,MEDIUM_DEFENDER,"https://s.afl.com.au/staticfile/AFL Tenant/AFL/Players/ChampIDImages/AFLW/2026264/1010663.png?im=Scale,width=0.6,height=0.6",Ashleigh,Brazill,CD_T7886,FRE,Fremantle,Freo,6,89.70000000000005,0,0,0,0,2,0,1,2,7,0,0,4,14,60,12,8,0,0,1,0,0,0,3,5,0,0,1,0,7,0,0,9,6,0,0,243,3,5,0,0,3,0,0,0,0,1,0,1,0,0,14,6,7,2026-09-27,data//AFLW_2026-09-27.csv,0,NA,0.5,0.8571428571428571,4,0.8888888888888888,0.8,NA,NA,1.8,0.2,NA,0,0,0,CD_M20262640707,7,2026-09-27,Adelaide Crows,CD_R202626407
CD_I1010677,26,RUCK,"https://s.afl.com.au/staticfile/AFL Tenant/AFL/Players/ChampIDImages/AFLW/2026264/1010677.png?im=Scale,width=0.6,height=0.6",Kim,Rennie,CD_T8466,NMFC,North Melbourne,Kangaroos,7,77.89999999999998,0,0,16,0,1,0,0,0,2,0,0,9,7,43,5,2,0,1,0,0,0,0,2,5,21,6,1,0,3,0,0,2,3,0,0,45,2,10,0,0,2,44,1,0,0,2,0,0,0,0,7,1,5,2026-09-27,data//AFLW_2026-09-27.csv,NA,NA,0.2857142857142857,0.7142857142857143,3,1,0.6,0.4772727272727273,0.13636363636363635,0.4,0,NA,0.7719298245614035,0.8421052631578947,0,CD_M20262640705,7,2026-09-25,Melbourne,CD_R202626407
CD_I1010686,11,MEDIUM_DEFENDER,"https://s.afl.com.au/staticfile/AFL Tenant/AFL/Players/ChampIDImages/AFLW/2026264/1010686.png?im=Scale,width=0.6,height=0.6",Elle,Bennetts,CD_T7387,WB,Western Bulldogs,Bulldogs,7,78.00000000000011,0,0,0,0,3,0,0,0,2,0,0,6,13,47,10,4,0,1,0,100,0,0,2,7,0,0,2,0,1,0,0,6,2,0,0,257,0,8,0,0,2,0,0,0,0,0,1,3,0,1,13,5,11,2026-09-27,data//AFLW_2026-09-27.csv,NA,NA,0.15384615384615385,0.7692307692307693,6,0.6666666666666666,0.8571428571428571,NA,NA,0.8571428571428571,0.375,NA,0,0,0,CD_M20262640703,7,2026-09-25,Port Adelaide,CD_R202626407
CD_I1010690,8,KEY_FORWARD,"https://s.afl.com.au/staticfile/AFL Tenant/AFL/Players/ChampIDImages/AFLW/2026264/1010690.png?im=Scale,width=0.6,height=0.6",Bonnie,Toogood,CD_T9406,ESS,Essendon,Bombers,7,99.80000000000007,3,0,1,0,2,0,0,1,6,1,0,5,16,101,9,8,3,1,2,35,0,1,4,1,0,0,2,0,0,0,0,15,6,3,3,279,1,14,0,0,0,0,7,0,7,0,1,7,4,1,16,3,10,2026-09-27,data//AFLW_2026-09-27.csv,NA,0,0.375,0.5625,1,0.5333333333333333,1,NA,NA,15,0.5,NA,0,0.07142857142857142,0,CD_M20262640702,7,2026-09-25,West Coast Eagles,CD_R202626407
CD_I1011057,25,MIDFIELDER,"https://s.afl.com.au/staticfile/AFL Tenant/AFL/Players/ChampIDImages/AFLW/2026264/1011057.png?im=Scale,width=0.6,height=0.6",Teah,Charlton,CD_T8098,ADEL,Adelaide Crows,Crows,7,77.20000000000005,0,0,7,0,3,0,0,0,7,1,1,10,10,53,6,2,2,2,2,50,0,0,4,5,0,0,1,0,2,0,0,5,0,0,0,95,3,17,0,0,0,0,3,0,0,1,4,8,2,4,10,3,3,2026-09-27,data//AFLW_2026-09-27.csv,NA,1,0.7,0.6,4,0.4,0.8,NA,NA,1,0.47058823529411764,NA,0,0.3888888888888889,0,CD_M20262640707,7,2026-09-27,Fremantle,CD_R202626407
CD_I1011062,28,MEDIUM_DEFENDER,"https://s.afl.com.au/staticfile/AFL Tenant/AFL/Players/ChampIDImages/AFLW/2026264/1011062.png?im=Scale,width=0.6,height=0.6",Cheyenne,Hammond,CD_T9409,PORT,Port Adelaide,Power,7,73.49999999999994,0,0,0,0,2,0,0,0,2,0,0,14,4,35,2,2,0,0,1,0,0,0,0,1,0,0,1,0,2,0,0,3,1,0,0,85,2,18,0,0,1,0,0,0,0,0,0,5,0,0,5,2,3,2026-09-27,data//AFLW_2026-09-27.csv,NA,NA,0.4,0.5,0,0.6666666666666666,0,NA,NA,3,0.2777777777777778,NA,0,0,0,CD_M20262640703,7,2026-09-25,Western Bulldogs,CD_R202626407
CD_I1011069,6,MEDIUM_FORWARD,"https://s.afl.com.au/staticfile/AFL Tenant/AFL/Players/ChampIDImages/AFLW/2026264/1011069.png?im=Scale,width=0.6,height=0.6",Hannah,Munyard,CD_T8098,ADEL,Adelaide Crows,Crows,7,68.7000000000001,1,0,0,0,1,0,0,0,4,0,0,3,11,55,6,3,0,1,1,50,1,1,3,4,0,0,2,0,1,0,0,7,3,2,2,126,0,6,0,0,0,0,5,0,2,0,0,3,1,0,11,2,7,2026-09-27,data//AFLW_2026-09-27.csv,NA,NA,0.36363636363636365,0.5454545454545454,3,0.42857142857142855,0.75,NA,NA,1.75,0.5,NA,0,0,0,CD_M20262640707,7,2026-09-27,Fremantle,CD_R202626407
CD_I1011080,12,KEY_DEFENDER,"https://s.afl.com.au/staticfile/AFL Tenant/AFL/Players/ChampIDImages/AFLW/2026264/1011080.png?im=Scale,width=0.6,height=0.6",Chelsea,Biddell,CD_T8098,ADEL,Adelaide Crows,Crows,7,100.09999999999991,0,0,0,0,2,1,3,1,7,0,0,8,17,56,8,6,0,0,0,0,0,0,6,8,0,0,0,0,7,3,3,9,3,0,0,272,4,8,0,0,8,0,2,0,0,4,0,1,0,0,14,5,7,2026-09-27,data//AFLW_2026-09-27.csv,0.3333333333333333,NA,0.5,0.47058823529411764,2,0.6666666666666666,0.25,NA,NA,1.125,0.125,1,0,0,0.6,CD_M20262640707,7,2026-09-27,Fremantle,CD_R202626407
CD_I1011095,17,MIDFIELDER,"https://s.afl.com.au/staticfile/AFL Tenant/AFL/Players/ChampIDImages/AFLW/2026264/1011095.png?im=Scale,width=0.6,height=0.6",Madison,Newman,CD_T8098,ADEL,Adelaide Crows,Crows,7,83.30000000000007,1,0,0,0,2,0,0,0,6,0,0,6,19,58,14,5,2,0,0,44.4,1,0,6,10,0,0,0,0,3,0,0,9,2,1,0,200,0,12,0,0,1,0,3,0,2,0,2,1,0,2,19,3,13,2026-09-27,data//AFLW_2026-09-27.csv,NA,NA,0.3157894736842105,0.7368421052631579,9,0.5555555555555556,0.9,NA,NA,0.9,0.08333333333333333,NA,0,0,0,CD_M20262640707,7,2026-09-27,Fremantle,CD_R202626407
CD_I1012236,5,MIDFIELDER,"https://s.afl.com.au/staticfile/AFL Tenant/AFL/Players/ChampIDImages/AFLW/2026264/1012236.png?im=Scale,width=0.6,height=0.6",Sarah,Verrier,CD_T7886,FRE,Fremantle,Freo,7,80.99999999999994,0,3,0,0,1,1,1,0,1,0,0,9,11,45,9,8,0,0,0,100,0,0,1,2,0,0,0,0,3,5,4,9,2,0,0,135,1,9,0,0,2,0,1,0,0,0,0,2,0,0,6,3,5,2026-09-27,data//AFLW_2026-09-27.csv,1,NA,0.16666666666666666,0.8181818181818182,1,0.8888888888888888,0.5,NA,NA,4.5,0.2222222222222222,0.8,0,0,1,CD_M20262640707,7,2026-09-27,Adelaide Crows,CD_R202626407
CD_I1012241,5,MIDFIELDER,"https://s.afl.com.au/staticfile/AFL Tenant/AFL/Players/ChampIDImages/AFLW/2026264/1012241.png?im=Scale,width=0.6,height=0.6",Abbey,Dowrick,CD_T9409,PORT,Port Adelaide,Power,7,82.30000000000001,0,0,18,5,8,0,0,0,15,0,0,11,22,97,12,7,1,0,3,37.5,1,0,6,6,0,0,10,0,4,0,0,16,2,0,1,524,0,20,0,0,2,0,4,0,0,0,5,7,1,10,22,6,7,2026-09-27,data//AFLW_2026-09-27.csv,NA,NA,0.6818181818181818,0.5454545454545454,5,0.4375,0.8333333333333334,NA,NA,2.6666666666666665,0.35,NA,0,0.9,0,CD_M20262640703,7,2026-09-25,Western Bulldogs,CD_R202626407
CD_I1012253,17,MEDIUM_FORWARD,"https://s.afl.com.au/staticfile/AFL Tenant/AFL/Players/ChampIDImages/AFLW/2026264/1012253.png?im=Scale,width=0.6,height=0.6",Jasmin,Stewart,CD_T8467,GEEL,Geelong Cats,Cats,2,74.30000000000001,0,0,0,0,1,0,0,0,6,0,0,0,7,32,6,2,3,1,0,100,0,2,6,5,0,0,1,0,1,0,0,2,1,1,0,44,1,9,0,0,0,0,4,0,2,0,0,1,0,0,9,1,3,2026-09-27,data//AFLW_2026-09-27.csv,NA,NA,0.6666666666666666,0.8571428571428571,4,1,0.8,NA,NA,0.4,0.1111111111111111,NA,0,0,0,CD_M20262640701,7,2026-09-24,Hawthorn,CD_R202626407
CD_I1012259,18,MIDFIELDER,"https://s.afl.com.au/staticfile/AFL Tenant/AFL/Players/ChampIDImages/AFLW/2026264/1012259.png?im=Scale,width=0.6,height=0.6",Jaide,Britton,CD_T8787,WCE,West Coast Eagles,Eagles,7,83.20000000000005,0,1,0,0,1,0,0,0,4,0,0,4,13,67,11,8,2,0,1,50,0,2,3,3,0,0,1,0,0,0,0,10,2,0,0,207,1,6,0,0,2,0,3,0,3,1,1,3,0,1,12,2,8,2026-09-27,data//AFLW_2026-09-27.csv,NA,NA,0.3333333333333333,0.8461538461538461,3,0.8,1,NA,NA,3.3333333333333335,0.5,NA,0,0,0,CD_M20262640702,7,2026-09-25,Essendon,CD_R202626407
CD_I1012560,16,MEDIUM_DEFENDER,"https://s.afl.com.au/staticfile/AFL Tenant/AFL/Players/ChampIDImages/AFLW/2026264/1012560.png?im=Scale,width=0.6,height=0.6",Chantel,Emonson,CD_T8467,GEEL,Geelong Cats,Cats,7,89.30000000000007,0,0,0,0,0,0,1,0,3,0,0,2,14,58,14,10,0,0,1,0,1,0,2,4,0,0,3,0,2,3,3,10,5,0,1,272,2,6,0,0,2,0,5,0,0,2,0,1,0,0,11,0,8,2026-09-27,data//AFLW_2026-09-27.csv,0,NA,0.2727272727272727,1,4,1,1,NA,NA,2.5,0.16666666666666666,1,0,0,0.75,CD_M20262640701,7,2026-09-24,Hawthorn,CD_R202626407
CD_I1012575,12,MEDIUM_DEFENDER,"https://s.afl.com.au/staticfile/AFL Tenant/AFL/Players/ChampIDImages/AFLW/2026264/1012575.png?im=Scale,width=0.6,height=0.6",Casey,Sherriff,CD_T9407,HAW,Hawthorn,Hawks,7,80.39999999999998,0,0,0,0,3,0,1,0,1,0,0,8,9,27,6,3,0,1,0,0,0,0,1,3,0,0,2,0,2,0,0,6,2,0,0,214,4,9,0,0,4,0,0,0,0,4,0,0,0,0,10,6,9,2026-09-27,data//AFLW_2026-09-27.csv,0,NA,0.1,0.6666666666666666,3,0.5,1,NA,NA,2,0,NA,0,0,0,CD_M20262640701,7,2026-09-24,Geelong Cats,CD_R202626407
CD_I1012595,32,MEDIUM_DEFENDER,"https://s.afl.com.au/staticfile/AFL Tenant/AFL/Players/ChampIDImages/AFLW/2026264/1012595.png?im=Scale,width=0.6,height=0.6",Vaomua,Laloifi,CD_T7387,WB,Western Bulldogs,Bulldogs,7,93.2999999999999,0,0,0,0,1,0,0,0,6,0,0,5,12,42,3,2,0,0,1,0,0,0,4,5,0,0,0,0,7,0,0,7,2,0,0,196,6,6,0,0,5,0,0,0,0,5,0,1,0,0,13,4,7,2026-09-27,data//AFLW_2026-09-27.csv,NA,NA,0.46153846153846156,0.25,1,0.2857142857142857,0.2,NA,NA,1.4,0.16666666666666666,NA,0,0,0,CD_M20262640703,7,2026-09-25,Port Adelaide,CD_R202626407
CD_I1012637,21,MIDFIELDER,"https://s.afl.com.au/staticfile/AFL Tenant/AFL/Players/ChampIDImages/AFLW/2026264/1012637.png?im=Scale,width=0.6,height=0.6",Mikala,Cann,CD_T7387,WB,Western Bulldogs,Bulldogs,7,83.99999999999994,0,0,14,1,4,0,0,0,11,1,0,13,19,85,11,2,2,1,4,25,1,0,7,13,0,0,3,0,0,0,0,6,0,0,0,128,1,21,0,0,0,0,4,0,0,0,3,10,2,4,20,4,9,2026-09-27,data//AFLW_2026-09-27.csv,NA,0,0.55,0.5789473684210527,9,0.3333333333333333,0.6923076923076923,NA,NA,0.46153846153846156,0.47619047619047616,NA,0,0.7,0,CD_M20262640703,7,2026-09-25,Port Adelaide,CD_R202626407
CD_I1012640,6,MEDIUM_FORWARD,"https://s.afl.com.au/staticfile/AFL Tenant/AFL/Players/ChampIDImages/AFLW/2026264/1012640.png?im=Scale,width=0.6,height=0.6",Julia,Crockett-Grills,CD_T8467,GEEL,Geelong Cats,Cats,7,72.19999999999993,0,0,0,0,2,0,0,0,4,0,0,4,14,60,11,9,1,1,1,77.8,0,1,3,2,0,0,2,0,4,0,0,12,4,0,0,335,0,8,0,0,2,0,5,0,1,0,0,1,0,0,13,3,9,2026-09-27,data//AFLW_2026-09-27.csv,NA,NA,0.3076923076923077,0.7857142857142857,2,0.75,1,NA,NA,6,0.125,NA,0,0,0,CD_M20262640701,7,2026-09-24,Hawthorn,CD_R202626407
CD_I1012662,36,MIDFIELDER,"https://s.afl.com.au/staticfile/AFL Tenant/AFL/Players/ChampIDImages/AFLW/2026264/1012662.png?im=Scale,width=0.6,height=0.6",Airlie,Runnalls,CD_T8097,COLL,Collingwood,Magpies,7,87.60000000000002,0,0,0,0,2,1,1,0,4,1,1,2,15,60,10,4,0,0,1,100,0,1,3,8,0,0,1,0,1,0,0,7,0,0,0,192,0,9,0,0,0,0,2,0,1,0,1,4,0,1,15,2,11,2026-09-27,data//AFLW_2026-09-27.csv,1,1,0.26666666666666666,0.6666666666666666,6,0.5714285714285714,0.75,NA,NA,0.875,0.4444444444444444,NA,0,0,0,CD_M20262640706,7,2026-09-27,GWS GIANTS,CD_R202626407
CD_I1012668,9,KEY_FORWARD,"https://s.afl.com.au/staticfile/AFL Tenant/AFL/Players/ChampIDImages/AFLW/2026264/1012668.png?im=Scale,width=0.6,height=0.6",Caitlin,Greiser,CD_T8788,RICH,Richmond,Richmond,6,99.90000000000009,1,0,0,0,3,0,0,0,4,1,0,4,8,42,4,4,0,1,2,26.1,0,0,2,0,0,0,2,0,2,0,0,8,2,0,1,129,0,12,0,0,1,4,1,0,1,0,0,3,1,0,7,3,3,2026-09-27,data//AFLW_2026-09-27.csv,NA,0,0.5714285714285714,0.5,0,0.5,NA,0,0,Inf,0.25,NA,0.08695652173913043,0,0,CD_M20262640704,7,2026-09-25,Carlton,CD_R202626407
CD_I1012700,20,MEDIUM_DEFENDER,"https://s.afl.com.au/staticfile/AFL Tenant/AFL/Players/ChampIDImages/AFLW/2026264/1012700.png?im=Scale,width=0.6,height=0.6",Beth,Lynch,CD_T8788,RICH,Richmond,Richmond,7,82.00000000000006,0,0,0,0,1,0,0,0,9,0,0,9,13,64,8,6,0,0,1,0,0,0,8,5,0,0,1,0,9,0,0,8,3,0,0,240,3,12,0,0,4,0,1,0,0,2,1,5,0,1,15,4,6,2026-09-27,data//AFLW_2026-09-27.csv,NA,NA,0.6,0.6153846153846154,2,0.75,0.4,NA,NA,1.6,0.4166666666666667,NA,0,0,0,CD_M20262640704,7,2026-09-25,Carlton,CD_R202626407
CD_I1012713,30,MIDFIELDER,"https://s.afl.com.au/staticfile/AFL Tenant/AFL/Players/ChampIDImages/AFLW/2026264/1012713.png?im=Scale,width=0.6,height=0.6",Shelley,Heath-Barker,CD_T7386,MELB,Melbourne,Demons,7,36.900000000000034,0,0,3,1,1,0,1,0,5,0,0,4,6,20,3,0,2,0,0,100,0,0,5,5,0,0,0,0,3,0,0,1,1,0,0,30,0,6,0,0,0,0,0,0,0,0,1,1,0,2,6,1,1,2026-09-27,data//AFLW_2026-09-27.csv,0,NA,0.8333333333333334,0.5,3,0,0.6,NA,NA,0.2,0.16666666666666666,NA,0,0.15789473684210525,0,CD_M20262640705,7,2026-09-25,North Melbourne,CD_R202626407
CD_I1012964,17,MIDFIELDER,"https://s.afl.com.au/staticfile/AFL Tenant/AFL/Players/ChampIDImages/AFLW/2026264/1012964.png?im=Scale,width=0.6,height=0.6",Dominique,Carbone,CD_T8097,COLL,Collingwood,Magpies,6,64,1,0,3,0,4,0,0,0,5,0,0,4,9,27,5,2,0,2,2,66.7,0,0,3,5,0,0,3,0,2,0,0,4,0,0,0,141,0,11,0,0,1,0,2,0,1,0,0,2,1,0,10,4,5,2026-09-27,data//AFLW_2026-09-27.csv,NA,NA,0.5,0.5555555555555556,3,0.5,0.6,NA,NA,0.8,0.18181818181818182,NA,0,0.2727272727272727,0,CD_M20262640706,7,2026-09-27,GWS GIANTS,CD_R202626407
CD_I1012987,12,MEDIUM_DEFENDER,"https://s.afl.com.au/staticfile/AFL Tenant/AFL/Players/ChampIDImages/AFLW/2026264/1012987.png?im=Scale,width=0.6,height=0.6",Serene,Watson,CD_T8796,STK,St Kilda,St Kilda,7,93.39999999999998,0,0,0,0,5,0,1,0,6,0,0,9,25,102,20,17,0,2,0,0,0,0,6,5,0,0,1,0,5,2,2,20,10,0,0,270,2,12,0,0,7,0,1,0,0,1,1,2,0,1,24,5,18,2026-09-27,data//AFLW_2026-09-27.csv,0,NA,0.25,0.8,3,0.85,0.6,NA,NA,4,0.16666666666666666,1,0,0,0.2222222222222222,CD_M20262640709,7,2026-09-27,Gold Coast SUNS,CD_R202626407
CD_I1012989,3,KEY_FORWARD,"https://s.afl.com.au/staticfile/AFL Tenant/AFL/Players/ChampIDImages/AFLW/2026264/1012989.png?im=Scale,width=0.6,height=0.6",Taylor,Smith,CD_T9408,SYD,Sydney Swans,Swans,5,76.19999999999999,0,0,1,0,1,0,0,0,1,0,0,0,4,28,2,2,1,0,0,63.6,1,1,1,1,5,1,1,0,2,0,0,3,2,1,1,121,2,4,0,0,1,8,2,0,1,2,0,0,0,0,3,1,2,2026-09-27,data//AFLW_2026-09-27.csv,NA,NA,0.3333333333333333,0.5,0,0.6666666666666666,0,0.625,0.125,3,0,NA,0.10810810810810811,0.08333333333333333,0,CD_M20262640708,7,2026-09-27,Brisbane Lions,CD_R202626407
CD_I1012994,22,KEY_FORWARD,"https://s.afl.com.au/staticfile/AFL Tenant/AFL/Players/ChampIDImages/AFLW/2026264/1012994.png?im=Scale,width=0.6,height=0.6",Bella,Smith,CD_T7886,FRE,Fremantle,Freo,7,60.19999999999993,0,0,1,0,2,0,0,1,3,4,1,1,7,17,2,0,0,2,0,50,0,0,1,3,2,1,0,0,0,0,0,4,1,1,0,19,2,7,0,0,0,10,4,0,1,1,1,0,1,1,8,3,5,2026-09-27,data//AFLW_2026-09-27.csv,NA,0.25,0.375,0.2857142857142857,2,0,0.6666666666666666,0.2,0.1,1.3333333333333333,0,NA,0.15384615384615385,0.05555555555555555,0,CD_M20262640707,7,2026-09-27,Adelaide Crows,CD_R202626407
CD_I1013015,24,MEDIUM_DEFENDER,"https://s.afl.com.au/staticfile/AFL Tenant/AFL/Players/ChampIDImages/AFLW/2026264/1013015.png?im=Scale,width=0.6,height=0.6",Tamara,Smith,CD_T9407,HAW,Hawthorn,Hawks,7,72.19999999999993,0,0,0,0,2,0,0,0,5,0,0,8,8,26,6,2,0,1,1,0,0,0,4,4,0,0,0,0,5,0,0,4,0,0,0,126,2,10,0,0,2,0,0,0,0,2,0,2,0,0,9,2,4,2026-09-27,data//AFLW_2026-09-27.csv,NA,NA,0.5555555555555556,0.75,4,0.5,1,NA,NA,1,0.2,NA,0,0,0,CD_M20262640701,7,2026-09-24,Geelong Cats,CD_R202626407
CD_I1013017,1,MIDFIELDER_FORWARD,"https://s.afl.com.au/staticfile/AFL Tenant/AFL/Players/ChampIDImages/AFLW/2026264/1013017.png?im=Scale,width=0.6,height=0.6",Molly,McDonald,CD_T8796,STK,St Kilda,St Kilda,4,86.9,1,2,2,0,2,0,0,0,0,1,0,8,12,66,8,7,0,1,0,0,1,0,0,1,0,0,5,0,1,0,0,11,7,0,1,366,0,17,0,0,1,0,3,0,1,0,0,3,1,0,13,6,13,2026-09-27,data//AFLW_2026-09-27.csv,NA,0,0,0.6666666666666666,1,0.6363636363636364,1,NA,NA,11,0.17647058823529413,NA,0,0.1,0,CD_M20262640709,7,2026-09-27,Gold Coast SUNS,CD_R202626407
CD_I1013026,17,MEDIUM_DEFENDER,"https://s.afl.com.au/staticfile/AFL Tenant/AFL/Players/ChampIDImages/AFLW/2026264/1013026.png?im=Scale,width=0.6,height=0.6",Elisabeth,Georgostathis,CD_T7387,WB,Western Bulldogs,Bulldogs,5,74.60000000000002,0,0,0,0,2,0,0,0,3,0,0,5,16,61,10,9,0,0,3,100,0,0,2,3,0,0,1,0,6,0,0,13,3,0,0,291,2,6,0,0,3,0,3,0,0,2,0,1,0,0,13,3,10,2026-09-27,data//AFLW_2026-09-27.csv,NA,NA,0.23076923076923078,0.625,1,0.6923076923076923,0.3333333333333333,NA,NA,4.333333333333333,0.16666666666666666,NA,0,0,0,CD_M20262640703,7,2026-09-25,Port Adelaide,CD_R202626407
CD_I1013027,5,MIDFIELDER,"https://s.afl.com.au/staticfile/AFL Tenant/AFL/Players/ChampIDImages/AFLW/2026264/1013027.png?im=Scale,width=0.6,height=0.6",Abbie,McKay,CD_T8096,CARL,Carlton,Blues,7,74.19999999999999,0,0,14,3,0,0,0,0,12,0,0,3,27,85,20,8,0,0,0,50,0,1,7,16,0,0,5,0,3,0,0,11,2,0,0,372,0,11,0,0,1,0,8,0,1,0,2,2,1,5,26,3,14,2026-09-27,data//AFLW_2026-09-27.csv,NA,NA,0.46153846153846156,0.7407407407407407,12,0.7272727272727273,0.75,NA,NA,0.6875,0.18181818181818182,NA,0,0.7777777777777778,0,CD_M20262640704,7,2026-09-25,Richmond,CD_R202626407
CD_I1013032,18,MEDIUM_DEFENDER,"https://s.afl.com.au/staticfile/AFL Tenant/AFL/Players/ChampIDImages/AFLW/2026264/1013032.png?im=Scale,width=0.6,height=0.6",Britney,Gutknecht,CD_T7387,WB,Western Bulldogs,Bulldogs,7,67.10000000000002,0,1,0,0,1,0,0,0,2,1,0,3,9,32,7,4,0,0,1,0,0,0,1,3,0,0,1,0,3,0,0,6,1,0,0,167,1,6,0,0,2,0,3,0,0,1,0,1,0,0,10,2,8,2026-09-27,data//AFLW_2026-09-27.csv,NA,0,0.2,0.7777777777777778,3,0.6666666666666666,1,NA,NA,2,0.16666666666666666,NA,0,0,0,CD_M20262640703,7,2026-09-25,Port Adelaide,CD_R202626407
CD_I1013442,20,MEDIUM_DEFENDER,"https://s.afl.com.au/staticfile/AFL Tenant/AFL/Players/ChampIDImages/AFLW/2026264/1013442.png?im=Scale,width=0.6,height=0.6",Jasmine,Ferguson,CD_T8466,NMFC,North Melbourne,Kangaroos,7,100,0,0,0,0,0,0,4,0,2,0,0,1,5,15,4,1,0,0,0,0,0,0,2,3,0,0,0,0,4,0,0,2,1,0,0,19,5,2,0,0,1,0,0,0,0,5,0,0,0,0,4,1,2,2026-09-27,data//AFLW_2026-09-27.csv,0,NA,0.5,0.8,3,0.5,1,NA,NA,0.6666666666666666,0,NA,0,0,0,CD_M20262640705,7,2026-09-25,Melbourne,CD_R202626407
CD_I1013522,5,MIDFIELDER,"https://s.afl.com.au/staticfile/AFL Tenant/AFL/Players/ChampIDImages/AFLW/2026264/1013522.png?im=Scale,width=0.6,height=0.6",Georgia,Nanscawen,CD_T9406,ESS,Essendon,Bombers,7,76.69999999999993,2,0,7,2,1,0,0,0,8,0,0,2,11,40,6,3,0,0,1,0,1,0,6,4,0,0,4,0,1,0,0,7,0,0,0,163,1,9,0,0,1,0,5,0,3,1,2,2,0,4,11,2,3,2026-09-27,data//AFLW_2026-09-27.csv,NA,NA,0.7272727272727273,0.5454545454545454,3,0.42857142857142855,0.75,NA,NA,1.75,0.2222222222222222,NA,0,0.5,0,CD_M20262640702,7,2026-09-25,West Coast Eagles,CD_R202626407
CD_I1013706,7,MEDIUM_DEFENDER,"https://s.afl.com.au/staticfile/AFL Tenant/AFL/Players/ChampIDImages/AFLW/2026264/1013706.png?im=Scale,width=0.6,height=0.6",Sarah,Rowe,CD_T8097,COLL,Collingwood,Magpies,5,79.80000000000001,0,0,0,0,5,0,0,0,2,0,0,4,15,51,8,5,1,2,0,0,0,0,2,4,0,0,6,0,4,0,0,11,4,0,0,286,0,8,0,0,1,0,1,0,0,0,1,1,0,1,13,4,11,2026-09-27,data//AFLW_2026-09-27.csv,NA,NA,0.15384615384615385,0.5333333333333333,3,0.45454545454545453,0.75,NA,NA,2.75,0.125,NA,0,0,0,CD_M20262640706,7,2026-09-27,GWS GIANTS,CD_R202626407
CD_I1013937,4,MIDFIELDER,"https://s.afl.com.au/staticfile/AFL Tenant/AFL/Players/ChampIDImages/AFLW/2026264/1013937.png?im=Scale,width=0.6,height=0.6",Angelique,Stannett,CD_T7886,FRE,Fremantle,Freo,7,66.30000000000007,0,0,3,0,0,0,0,0,2,0,0,3,7,40,6,5,1,0,0,33.3,0,1,1,1,0,0,2,0,0,0,0,6,2,0,0,112,1,6,0,0,0,0,3,0,1,0,0,2,1,0,7,1,5,2026-09-27,data//AFLW_2026-09-27.csv,NA,NA,0.2857142857142857,0.8571428571428571,1,0.8333333333333334,1,NA,NA,6,0.3333333333333333,NA,0,0.16666666666666666,0,CD_M20262640707,7,2026-09-27,Adelaide Crows,CD_R202626407
CD_I1014034,7,MIDFIELDER,"https://s.afl.com.au/staticfile/AFL Tenant/AFL/Players/ChampIDImages/AFLW/2026264/1014034.png?im=Scale,width=0.6,height=0.6",Aisling,McCarthy,CD_T7886,FRE,Fremantle,Freo,5,71.39999999999998,1,0,7,1,4,0,0,0,10,1,0,3,19,61,12,8,2,4,2,16.7,0,0,5,5,0,0,5,0,3,0,0,14,2,0,0,413,2,11,0,0,2,0,2,0,1,1,1,3,0,2,20,4,10,2026-09-27,data//AFLW_2026-09-27.csv,NA,0,0.5,0.631578947368421,4,0.5714285714285714,0.8,NA,NA,2.8,0.2727272727272727,NA,0,0.3888888888888889,0,CD_M20262640707,7,2026-09-27,Adelaide Crows,CD_R202626407
CD_I1014359,31,MIDFIELDER,"https://s.afl.com.au/staticfile/AFL Tenant/AFL/Players/ChampIDImages/AFLW/2026264/1014359.png?im=Scale,width=0.6,height=0.6",Laura,Gardiner,CD_T9408,SYD,Sydney Swans,Swans,7,76.60000000000002,0,0,4,0,6,0,0,0,10,0,0,12,21,79,11,6,0,1,1,50,1,0,9,6,0,0,3,0,4,0,0,15,0,0,0,212,0,19,0,0,5,0,5,0,0,0,4,6,2,4,19,7,9,2026-09-27,data//AFLW_2026-09-27.csv,NA,NA,0.5263157894736842,0.5238095238095238,5,0.4,0.8333333333333334,NA,NA,2.5,0.3157894736842105,NA,0,0.3333333333333333,0,CD_M20262640708,7,2026-09-27,Brisbane Lions,CD_R202626407
CD_I1014367,6,MIDFIELDER,"https://s.afl.com.au/staticfile/AFL Tenant/AFL/Players/ChampIDImages/AFLW/2026264/1014367.png?im=Scale,width=0.6,height=0.6",Alyssa,Bannan,CD_T7386,MELB,Melbourne,Demons,7,85.40000000000003,1,0,0,0,5,0,0,0,4,0,0,10,12,54,5,3,1,2,1,25,0,0,2,3,1,0,1,0,2,0,0,9,4,1,0,148,3,16,0,0,1,2,1,0,1,3,0,3,1,0,12,4,8,2026-09-27,data//AFLW_2026-09-27.csv,NA,NA,0.3333333333333333,0.4166666666666667,2,0.3333333333333333,0.6666666666666666,0.5,0,3,0.1875,NA,0.03508771929824561,0,0,CD_M20262640705,7,2026-09-25,North Melbourne,CD_R202626407
CD_I1014372,23,MIDFIELDER,"https://s.afl.com.au/staticfile/AFL Tenant/AFL/Players/ChampIDImages/AFLW/2026264/1014372.png?im=Scale,width=0.6,height=0.6",Jess,Fitzgerald,CD_T7387,WB,Western Bulldogs,Bulldogs,7,82.19999999999993,1,1,11,1,2,0,0,0,5,0,0,6,21,97,18,10,1,1,1,66.7,0,1,3,8,0,0,3,0,1,1,1,13,7,0,1,384,2,10,0,0,0,0,5,0,2,1,0,4,0,1,21,2,16,2026-09-27,data//AFLW_2026-09-27.csv,NA,NA,0.23809523809523808,0.8571428571428571,8,0.7692307692307693,1,NA,NA,1.625,0.4,1,0,0.55,1,CD_M20262640703,7,2026-09-25,Port Adelaide,CD_R202626407
CD_I1014373,36,MEDIUM_DEFENDER,"https://s.afl.com.au/staticfile/AFL Tenant/AFL/Players/ChampIDImages/AFLW/2026264/1014373.png?im=Scale,width=0.6,height=0.6",Ciara,Fitzgerald,CD_T8096,CARL,Carlton,Blues,7,75.80000000000007,0,0,0,0,0,0,0,0,2,0,0,4,11,41,9,7,0,0,0,0,0,0,2,2,0,0,2,0,2,0,0,9,2,0,0,171,0,8,0,0,4,0,2,0,0,0,0,1,0,0,12,2,10,2026-09-27,data//AFLW_2026-09-27.csv,NA,NA,0.16666666666666666,0.8181818181818182,2,0.7777777777777778,1,NA,NA,4.5,0.125,NA,0,0,0,CD_M20262640704,7,2026-09-25,Richmond,CD_R202626407
CD_I1014375,22,MIDFIELDER,"https://s.afl.com.au/staticfile/AFL Tenant/AFL/Players/ChampIDImages/AFLW/2026264/1014375.png?im=Scale,width=0.6,height=0.6",Ellie,McKenzie,CD_T8788,RICH,Richmond,Richmond,3,82.5,1,0,14,2,3,0,0,0,8,0,0,15,26,85,19,2,0,1,0,25,0,0,4,19,0,0,0,0,2,0,0,7,0,0,0,222,3,24,0,0,2,0,1,0,1,2,2,7,0,4,25,4,17,2026-09-27,data//AFLW_2026-09-27.csv,NA,NA,0.32,0.7307692307692307,17,0.2857142857142857,0.8947368421052632,NA,NA,0.3684210526315789,0.2916666666666667,NA,0,0.7887323943661971,0,CD_M20262640704,7,2026-09-25,Carlton,CD_R202626407
CD_I1014599,1,KEY_FORWARD,"https://s.afl.com.au/staticfile/AFL Tenant/AFL/Players/ChampIDImages/AFLW/2026264/1014599.png?im=Scale,width=0.6,height=0.6",Caitlin,Gould,CD_T8098,ADEL,Adelaide Crows,Crows,7,73.99999999999989,1,0,2,0,4,0,0,1,5,4,1,0,11,50,6,2,1,0,1,37.5,1,0,2,5,5,1,1,0,1,0,0,6,5,2,0,76,0,3,0,0,0,13,4,0,1,0,0,0,0,0,11,3,6,2026-09-27,data//AFLW_2026-09-27.csv,NA,0.25,0.45454545454545453,0.5454545454545454,4,0.3333333333333333,0.8,0.38461538461538464,0.07692307692307693,1.2,0,NA,0.2,0.1111111111111111,0,CD_M20262640707,7,2026-09-27,Fremantle,CD_R202626407
CD_I1014663,26,KEY_DEFENDER,"https://s.afl.com.au/staticfile/AFL Tenant/AFL/Players/ChampIDImages/AFLW/2026264/1014663.png?im=Scale,width=0.6,height=0.6",Zoe,Prowse,CD_T9406,ESS,Essendon,Bombers,7,34.499999999999886,0,0,1,0,0,0,0,0,1,0,0,2,4,17,2,1,0,0,0,0,0,0,1,1,0,0,0,0,1,0,0,3,2,0,0,55,0,2,0,0,0,2,0,0,0,0,0,0,0,0,4,2,3,2026-09-27,data//AFLW_2026-09-27.csv,NA,NA,0.25,0.5,1,0.3333333333333333,1,0,0,3,0,NA,0.0392156862745098,0.07142857142857142,0,CD_M20262640702,7,2026-09-25,West Coast Eagles,CD_R202626407
CD_I1014793,17,KEY_DEFENDER,"https://s.afl.com.au/staticfile/AFL Tenant/AFL/Players/ChampIDImages/AFLW/2026264/1014793.png?im=Scale,width=0.6,height=0.6",Tahlia,Gillard,CD_T7386,MELB,Melbourne,Demons,7,100.39999999999998,0,0,0,0,2,2,9,1,10,0,0,15,14,64,11,8,0,1,1,0,0,0,6,4,0,0,2,0,11,4,2,10,4,0,0,249,9,16,0,0,5,0,1,0,0,7,1,4,0,1,14,4,4,2026-09-27,data//AFLW_2026-09-27.csv,0.2222222222222222,NA,0.7142857142857143,0.7857142857142857,3,0.8,0.75,NA,NA,2.5,0.25,0.5,0,0,0.8,CD_M20262640705,7,2026-09-25,North Melbourne,CD_R202626407
CD_I1014810,41,MIDFIELDER,"https://s.afl.com.au/staticfile/AFL Tenant/AFL/Players/ChampIDImages/AFLW/2026264/1014810.png?im=Scale,width=0.6,height=0.6",Georgie,Prespakis,CD_T8467,GEEL,Geelong Cats,Cats,7,88.80000000000007,1,5,21,6,7,0,0,0,15,0,0,1,29,89,17,8,2,2,2,20,0,0,14,13,0,0,5,0,4,0,0,16,2,0,0,655,0,7,0,0,2,0,6,0,1,0,1,3,0,7,31,6,16,2026-09-27,data//AFLW_2026-09-27.csv,NA,NA,0.4838709677419355,0.5862068965517241,9,0.5,0.6923076923076923,NA,NA,1.2307692307692308,0.42857142857142855,NA,0,0.9130434782608695,0,CD_M20262640701,7,2026-09-24,Hawthorn,CD_R202626407
CD_I1014841,22,MIDFIELDER,"https://s.afl.com.au/staticfile/AFL Tenant/AFL/Players/ChampIDImages/AFLW/2026264/1014841.png?im=Scale,width=0.6,height=0.6",Ashleigh,Richards,CD_T8796,STK,St Kilda,St Kilda,7,74.19999999999999,0,0,12,1,1,0,0,1,10,0,0,6,16,74,11,7,0,0,2,66.7,0,0,6,5,0,0,2,0,7,0,0,11,7,0,1,190,1,9,0,0,1,0,1,0,0,1,2,2,0,3,16,4,6,2026-09-27,data//AFLW_2026-09-27.csv,NA,NA,0.625,0.6875,4,0.6363636363636364,0.8,NA,NA,2.2,0.2222222222222222,NA,0,0.6,0,CD_M20262640709,7,2026-09-27,Gold Coast SUNS,CD_R202626407
CD_I1014869,11,MEDIUM_DEFENDER,"https://s.afl.com.au/staticfile/AFL Tenant/AFL/Players/ChampIDImages/AFLW/2026264/1014869.png?im=Scale,width=0.6,height=0.6",Jenna,Richardson,CD_T9407,HAW,Hawthorn,Hawks,7,100.20000000000005,0,0,0,0,1,0,3,3,6,0,0,11,12,53,11,7,0,1,1,100,0,0,2,5,0,0,1,0,8,3,3,7,4,0,0,204,6,11,0,0,5,0,3,0,0,6,0,3,0,0,9,1,3,2026-09-27,data//AFLW_2026-09-27.csv,0,NA,0.6666666666666666,0.9166666666666666,4,1,0.8,NA,NA,1.4,0.2727272727272727,1,0,0,0.3,CD_M20262640701,7,2026-09-24,Geelong Cats,CD_R202626407
CD_I1014882,16,KEY_DEFENDER,"https://s.afl.com.au/staticfile/AFL Tenant/AFL/Players/ChampIDImages/AFLW/2026264/1014882.png?im=Scale,width=0.6,height=0.6",Laura,McClelland,CD_T8788,RICH,Richmond,Richmond,7,100.19999999999993,0,0,0,0,1,0,0,0,7,0,0,10,9,31,3,2,0,0,0,0,0,0,5,3,0,0,0,0,6,0,0,6,1,0,0,157,4,15,0,0,4,4,0,0,0,1,0,1,0,0,10,1,3,2026-09-27,data//AFLW_2026-09-27.csv,NA,NA,0.7,0.3333333333333333,1,0.3333333333333333,0.3333333333333333,0,0,2,0.06666666666666667,NA,0.08695652173913043,0,0,CD_M20262640704,7,2026-09-25,Carlton,CD_R202626407
CD_I1014904,24,MEDIUM_FORWARD,"https://s.afl.com.au/staticfile/AFL Tenant/AFL/Players/ChampIDImages/AFLW/2026264/1014904.png?im=Scale,width=0.6,height=0.6",Megan,Fitzsimon,CD_T7386,MELB,Melbourne,Demons,7,81.10000000000002,0,0,8,0,5,0,1,0,8,0,0,11,16,71,10,6,1,4,0,54.5,0,1,5,5,0,0,0,0,2,0,0,11,2,1,0,189,1,26,0,0,0,0,4,0,1,0,3,7,4,3,18,4,10,2026-09-27,data//AFLW_2026-09-27.csv,0,NA,0.4444444444444444,0.625,4,0.5454545454545454,0.8,NA,NA,2.2,0.2692307692307692,NA,0,0.42105263157894735,0,CD_M20262640705,7,2026-09-25,North Melbourne,CD_R202626407
CD_I1014917,15,MIDFIELDER,"https://s.afl.com.au/staticfile/AFL Tenant/AFL/Players/ChampIDImages/AFLW/2026264/1014917.png?im=Scale,width=0.6,height=0.6",Lily-Rose,Williamson,CD_T7887,BL,Brisbane Lions,Lions,6,48.5,0,0,0,0,2,0,0,0,3,0,0,2,4,35,2,0,1,1,0,0,0,0,2,2,0,0,0,0,0,0,0,2,0,0,0,3,3,11,0,0,0,0,0,0,0,1,1,7,2,1,4,1,1,2026-09-27,data//AFLW_2026-09-27.csv,NA,NA,0.75,0.5,2,0,1,NA,NA,1,0.6363636363636364,NA,0,0,0,CD_M20262640708,7,2026-09-27,Sydney Swans,CD_R202626407
CD_I1014991,17,MEDIUM_FORWARD,"https://s.afl.com.au/staticfile/AFL Tenant/AFL/Players/ChampIDImages/AFLW/2026264/1014991.png?im=Scale,width=0.6,height=0.6",Keeley,Skepper,CD_T8787,WCE,West Coast Eagles,Eagles,7,71.50000000000011,1,0,0,0,2,0,0,0,3,0,0,1,6,29,3,2,0,0,0,44.4,0,0,3,1,0,0,3,0,1,0,0,5,1,1,0,116,0,9,0,0,0,0,2,0,1,0,1,2,1,1,5,2,2,2026-09-27,data//AFLW_2026-09-27.csv,NA,NA,0.6,0.5,1,0.4,1,NA,NA,5,0.2222222222222222,NA,0,0,0,CD_M20262640702,7,2026-09-25,Essendon,CD_R202626407
CD_I1015012,7,RUCK,"https://s.afl.com.au/staticfile/AFL Tenant/AFL/Players/ChampIDImages/AFLW/2026264/1015012.png?im=Scale,width=0.6,height=0.6",Ally,Morphett,CD_T9408,SYD,Sydney Swans,Swans,6,82.09999999999997,0,0,11,2,4,0,0,0,12,2,0,4,20,99,12,6,0,2,2,0,0,0,8,10,27,6,7,0,3,0,0,10,2,0,0,212,2,11,0,0,2,62,3,0,0,0,5,5,0,7,20,4,8,2026-09-27,data//AFLW_2026-09-27.csv,NA,0,0.6,0.6,6,0.6,0.6,0.43548387096774194,0.0967741935483871,1,0.45454545454545453,NA,0.8378378378378378,0.9166666666666666,0,CD_M20262640708,7,2026-09-27,Brisbane Lions,CD_R202626407
CD_I1015025,9,KEY_FORWARD,"https://s.afl.com.au/staticfile/AFL Tenant/AFL/Players/ChampIDImages/AFLW/2026264/1015025.png?im=Scale,width=0.6,height=0.6",Georgia,Gall,CD_T7386,MELB,Melbourne,Demons,7,53.39999999999998,0,0,0,0,1,0,0,0,4,3,0,1,5,23,3,2,0,1,0,71.4,0,0,3,3,0,0,0,0,1,0,0,2,2,0,0,50,1,6,0,0,0,0,1,0,0,0,0,2,1,0,6,2,2,2026-09-27,data//AFLW_2026-09-27.csv,NA,0,0.6666666666666666,0.6,1,1,0.3333333333333333,NA,NA,0.6666666666666666,0.3333333333333333,NA,0,0,0,CD_M20262640705,7,2026-09-25,North Melbourne,CD_R202626407
CD_I1015029,13,MEDIUM_DEFENDER,"https://s.afl.com.au/staticfile/AFL Tenant/AFL/Players/ChampIDImages/AFLW/2026264/1015029.png?im=Scale,width=0.6,height=0.6",Maeve,Chaplin,CD_T7386,MELB,Melbourne,Demons,5,86.5,0,0,4,1,6,1,2,0,9,0,0,15,19,75,12,3,0,2,0,0,0,0,8,10,0,0,2,0,9,1,1,9,2,0,0,312,3,19,0,0,2,0,2,0,0,2,0,7,2,1,20,7,11,2026-09-27,data//AFLW_2026-09-27.csv,0.5,NA,0.45,0.631578947368421,9,0.3333333333333333,0.9,NA,NA,0.9,0.3684210526315789,1,0,0.21052631578947367,0.2,CD_M20262640705,7,2026-09-25,North Melbourne,CD_R202626407
CD_I1015047,10,MIDFIELDER,"https://s.afl.com.au/staticfile/AFL Tenant/AFL/Players/ChampIDImages/AFLW/2026264/1015047.png?im=Scale,width=0.6,height=0.6",Mimi,Hill,CD_T8096,CARL,Carlton,Blues,7,78.90000000000003,1,1,16,0,3,0,1,0,6,0,0,8,26,105,16,6,1,0,0,28.6,0,1,3,13,0,0,5,0,1,0,0,13,3,0,0,336,2,21,0,0,0,1,7,0,3,1,3,6,1,3,27,4,21,2026-09-27,data//AFLW_2026-09-27.csv,0,NA,0.2222222222222222,0.6153846153846154,10,0.46153846153846156,0.7692307692307693,0,0,1,0.2857142857142857,NA,0.02127659574468085,0.8888888888888888,0,CD_M20262640704,7,2026-09-25,Richmond,CD_R202626407
CD_I1015068,8,MIDFIELDER,"https://s.afl.com.au/staticfile/AFL Tenant/AFL/Players/ChampIDImages/AFLW/2026264/1015068.png?im=Scale,width=0.6,height=0.6",Charlie,Rowbottom,CD_T8786,GCFC,Gold Coast SUNS,SUNS,7,78.90000000000009,0,0,15,5,3,0,0,0,21,0,0,1,38,105,29,6,3,1,2,100,0,0,14,27,0,0,6,0,6,0,0,11,1,0,1,309,1,13,0,0,1,0,6,0,0,0,4,4,2,9,39,6,18,2026-09-27,data//AFLW_2026-09-27.csv,NA,NA,0.5384615384615384,0.7631578947368421,23,0.5454545454545454,0.8518518518518519,NA,NA,0.4074074074074074,0.3076923076923077,NA,0,0.75,0,CD_M20262640709,7,2026-09-27,St Kilda,CD_R202626407
CD_I1015070,2,MEDIUM_FORWARD,"https://s.afl.com.au/staticfile/AFL Tenant/AFL/Players/ChampIDImages/AFLW/2026264/1015070.png?im=Scale,width=0.6,height=0.6",Eliza,James,CD_T8097,COLL,Collingwood,Magpies,4,53.00000000000003,0,0,0,0,4,0,0,0,4,2,0,4,10,33,2,2,2,1,1,40,0,0,3,3,0,0,2,0,2,0,0,7,0,0,0,176,1,8,0,0,0,0,0,0,2,1,0,2,0,0,9,6,5,2026-09-27,data//AFLW_2026-09-27.csv,NA,0,0.4444444444444444,0.2,0,0.2857142857142857,0,NA,NA,2.3333333333333335,0.25,NA,0,0,0,CD_M20262640706,7,2026-09-27,GWS GIANTS,CD_R202626407
CD_I1015091,15,MEDIUM_FORWARD,"https://s.afl.com.au/staticfile/AFL Tenant/AFL/Players/ChampIDImages/AFLW/2026264/1015091.png?im=Scale,width=0.6,height=0.6",Sarah,Hartwig,CD_T7387,WB,Western Bulldogs,Bulldogs,7,89.80000000000007,0,0,0,0,2,0,0,2,6,4,0,3,13,58,8,5,2,0,1,43.8,1,1,3,4,0,0,1,0,2,0,0,9,4,2,0,137,1,8,0,0,0,1,5,0,2,1,0,1,1,0,12,3,6,2026-09-27,data//AFLW_2026-09-27.csv,NA,0,0.5,0.6153846153846154,3,0.5555555555555556,0.75,0,0,2.25,0.125,NA,0.013888888888888888,0,0,CD_M20262640703,7,2026-09-25,Port Adelaide,CD_R202626407
CD_I1015105,28,MEDIUM_DEFENDER,"https://s.afl.com.au/staticfile/AFL Tenant/AFL/Players/ChampIDImages/AFLW/2026264/1015105.png?im=Scale,width=0.6,height=0.6",Daisy,Walker,CD_T7889,GWS,GWS GIANTS,GIANTS,5,98.60000000000002,0,0,0,0,5,1,3,1,7,0,0,7,13,53,4,1,0,1,0,0,0,0,6,7,0,0,1,0,7,0,0,6,4,0,0,117,7,8,0,0,3,0,0,0,0,6,0,3,0,0,14,4,7,2026-09-27,data//AFLW_2026-09-27.csv,0.3333333333333333,NA,0.5,0.3076923076923077,3,0.16666666666666666,0.42857142857142855,NA,NA,0.8571428571428571,0.375,NA,0,0,0,CD_M20262640706,7,2026-09-27,Collingwood,CD_R202626407
CD_I1015124,19,MIDFIELDER,"https://s.afl.com.au/staticfile/AFL Tenant/AFL/Players/ChampIDImages/AFLW/2026264/1015124.png?im=Scale,width=0.6,height=0.6",Ruby,Tripodi,CD_T8466,NMFC,North Melbourne,Kangaroos,7,57,0,0,9,0,0,0,0,0,7,0,0,10,16,74,13,4,1,0,2,66.7,1,0,6,10,0,0,0,0,4,0,0,6,2,1,0,132,1,15,0,0,1,0,4,0,0,1,1,7,2,1,16,3,9,2026-09-27,data//AFLW_2026-09-27.csv,NA,NA,0.4375,0.8125,9,0.6666666666666666,0.9,NA,NA,0.6,0.4666666666666667,NA,0,0.47368421052631576,0,CD_M20262640705,7,2026-09-25,Melbourne,CD_R202626407
CD_I1015137,4,MIDFIELDER,"https://s.afl.com.au/staticfile/AFL Tenant/AFL/Players/ChampIDImages/AFLW/2026264/1015137.png?im=Scale,width=0.6,height=0.6",Isabelle,Pritchard,CD_T7387,WB,Western Bulldogs,Bulldogs,7,80.49999999999994,0,0,19,2,5,0,0,1,15,1,1,8,23,92,12,3,2,1,1,50,1,0,11,14,0,0,3,0,1,0,0,9,1,0,0,302,1,13,0,0,1,0,5,0,0,0,6,9,0,8,23,4,8,2026-09-27,data//AFLW_2026-09-27.csv,NA,1,0.6521739130434783,0.5217391304347826,9,0.3333333333333333,0.6428571428571429,NA,NA,0.6428571428571429,0.6923076923076923,NA,0,0.95,0,CD_M20262640703,7,2026-09-25,Port Adelaide,CD_R202626407
CD_I1015147,26,MIDFIELDER,"https://s.afl.com.au/staticfile/AFL Tenant/AFL/Players/ChampIDImages/AFLW/2026264/1015147.png?im=Scale,width=0.6,height=0.6",Charlotte,Baskaran,CD_T8796,STK,St Kilda,St Kilda,7,78.39999999999998,0,1,5,0,2,0,0,0,5,0,0,5,11,57,7,6,0,1,2,66.7,1,1,3,3,0,0,3,0,2,0,0,8,2,2,0,232,0,22,0,0,1,0,4,0,1,0,0,4,0,0,10,2,5,2026-09-27,data//AFLW_2026-09-27.csv,NA,NA,0.5,0.6363636363636364,1,0.75,0.3333333333333333,NA,NA,2.6666666666666665,0.18181818181818182,NA,0,0.25,0,CD_M20262640709,7,2026-09-27,Gold Coast SUNS,CD_R202626407
CD_I1015152,18,MIDFIELDER,"https://s.afl.com.au/staticfile/AFL Tenant/AFL/Players/ChampIDImages/AFLW/2026264/1015152.png?im=Scale,width=0.6,height=0.6",Montana,Ham,CD_T9408,SYD,Sydney Swans,Swans,7,73.60000000000002,0,0,11,1,6,0,0,0,11,0,0,7,19,74,8,7,2,2,1,40,0,0,7,4,0,0,5,0,5,0,0,15,2,0,0,433,2,11,0,0,2,0,4,0,0,1,2,5,0,3,19,4,8,2026-09-27,data//AFLW_2026-09-27.csv,NA,NA,0.5789473684210527,0.42105263157894735,1,0.4666666666666667,0.25,NA,NA,3.75,0.45454545454545453,NA,0,0.9166666666666666,0,CD_M20262640708,7,2026-09-27,Brisbane Lions,CD_R202626407
CD_I1015174,17,MEDIUM_DEFENDER,"https://s.afl.com.au/staticfile/AFL Tenant/AFL/Players/ChampIDImages/AFLW/2026264/1015174.png?im=Scale,width=0.6,height=0.6",Ash,Van Loon,CD_T9408,SYD,Sydney Swans,Swans,7,91.09999999999997,0,0,0,0,2,0,2,1,6,0,0,8,9,54,4,2,0,0,0,0,0,0,5,3,0,0,0,0,6,0,0,6,2,0,0,73,3,11,0,0,2,0,1,0,0,3,0,6,0,0,9,5,3,2026-09-27,data//AFLW_2026-09-27.csv,0,NA,0.6666666666666666,0.4444444444444444,2,0.3333333333333333,0.6666666666666666,NA,NA,2,0.5454545454545454,NA,0,0,0,CD_M20262640708,7,2026-09-27,Brisbane Lions,CD_R202626407
CD_I1015175,5,MIDFIELDER,"https://s.afl.com.au/staticfile/AFL Tenant/AFL/Players/ChampIDImages/AFLW/2026264/1015175.png?im=Scale,width=0.6,height=0.6",Tess,Craven,CD_T8466,NMFC,North Melbourne,Kangaroos,7,74.99999999999994,0,0,0,0,1,0,0,0,6,0,0,9,18,59,14,10,1,0,2,60,0,0,5,6,0,0,2,0,5,1,1,12,3,0,0,175,4,14,0,0,2,0,2,0,0,3,0,0,0,0,17,5,11,2026-09-27,data//AFLW_2026-09-27.csv,NA,NA,0.35294117647058826,0.7777777777777778,4,0.8333333333333334,0.6666666666666666,NA,NA,2,0,1,0,0,0.25,CD_M20262640705,7,2026-09-25,Melbourne,CD_R202626407
CD_I1015189,24,MEDIUM_FORWARD,"https://s.afl.com.au/staticfile/AFL Tenant/AFL/Players/ChampIDImages/AFLW/2026264/1015189.png?im=Scale,width=0.6,height=0.6",Keeley,Hardingham,CD_T7387,WB,Western Bulldogs,Bulldogs,3,54.09999999999998,0,0,12,0,3,0,0,0,6,0,0,4,13,37,9,1,0,1,1,0,0,0,4,10,2,1,1,0,1,0,0,3,0,0,0,123,0,9,0,0,1,33,4,0,0,0,2,2,0,2,13,2,7,2026-09-27,data//AFLW_2026-09-27.csv,NA,NA,0.46153846153846156,0.6923076923076923,8,0.3333333333333333,0.8,0.06060606060606061,0.030303030303030304,0.3,0.2222222222222222,NA,0.4583333333333333,0.6,0,CD_M20262640703,7,2026-09-25,Port Adelaide,CD_R202626407
CD_I1015195,19,MEDIUM_DEFENDER,"https://s.afl.com.au/staticfile/AFL Tenant/AFL/Players/ChampIDImages/AFLW/2026264/1015195.png?im=Scale,width=0.6,height=0.6",Annie,Lee,CD_T8467,GEEL,Geelong Cats,Cats,4,59.50000000000003,0,0,0,0,3,2,2,0,5,0,0,7,13,38,11,4,1,1,0,0,1,0,5,8,0,0,0,0,5,0,0,5,2,0,0,113,2,9,0,0,2,0,3,0,0,2,0,1,0,0,13,1,8,2026-09-27,data//AFLW_2026-09-27.csv,1,NA,0.38461538461538464,0.8461538461538461,7,0.8,0.875,NA,NA,0.625,0.1111111111111111,NA,0,0,0,CD_M20262640701,7,2026-09-24,Hawthorn,CD_R202626407
CD_I1015201,26,MEDIUM_FORWARD,"https://s.afl.com.au/staticfile/AFL Tenant/AFL/Players/ChampIDImages/AFLW/2026264/1015201.png?im=Scale,width=0.6,height=0.6",Analea,McKee,CD_T7387,WB,Western Bulldogs,Bulldogs,2,55.800000000000004,0,0,8,0,1,0,0,0,5,0,0,3,8,56,8,3,0,1,2,100,0,1,4,5,9,1,1,0,2,0,0,3,1,0,0,75,0,12,0,0,0,35,2,0,1,0,2,5,1,2,7,0,2,2026-09-27,data//AFLW_2026-09-27.csv,NA,NA,0.7142857142857143,1,5,1,1,0.2571428571428571,0.02857142857142857,0.6,0.4166666666666667,NA,0.4861111111111111,0.4,0,CD_M20262640703,7,2026-09-25,Port Adelaide,CD_R202626407
CD_I1016938,29,MEDIUM_FORWARD,"https://s.afl.com.au/staticfile/AFL Tenant/AFL/Players/ChampIDImages/AFLW/2026264/1016938.png?im=Scale,width=0.6,height=0.6",Ruby,Svarc,CD_T7887,BL,Brisbane Lions,Lions,6,67.79999999999995,0,0,0,0,2,0,0,0,5,1,0,4,6,23,2,0,2,1,1,30,0,0,4,4,0,0,0,0,2,0,0,2,1,0,0,61,0,9,0,0,0,0,0,0,2,0,1,2,2,1,7,1,2,2026-09-27,data//AFLW_2026-09-27.csv,NA,0,0.7142857142857143,0.3333333333333333,2,0,0.5,NA,NA,0.5,0.2222222222222222,NA,0,0,0,CD_M20262640708,7,2026-09-27,Sydney Swans,CD_R202626407
CD_I1016971,25,MEDIUM_FORWARD,"https://s.afl.com.au/staticfile/AFL Tenant/AFL/Players/ChampIDImages/AFLW/2026264/1016971.png?im=Scale,width=0.6,height=0.6",Ellie,Gavalas,CD_T7387,WB,Western Bulldogs,Bulldogs,4,59.5,0,0,0,0,1,0,0,0,5,0,0,5,10,56,5,2,1,0,2,0,1,0,3,3,0,0,1,0,1,0,0,7,1,0,1,193,0,10,0,0,2,0,1,0,0,0,1,6,3,1,9,3,4,2026-09-27,data//AFLW_2026-09-27.csv,NA,NA,0.5555555555555556,0.5,3,0.2857142857142857,1,NA,NA,2.3333333333333335,0.6,NA,0,0,0,CD_M20262640703,7,2026-09-25,Port Adelaide,CD_R202626407
CD_I1017025,28,KEY_FORWARD,"https://s.afl.com.au/staticfile/AFL Tenant/AFL/Players/ChampIDImages/AFLW/2026264/1017025.png?im=Scale,width=0.6,height=0.6",Gabby,Seymour,CD_T8788,RICH,Richmond,Richmond,7,87.99999999999989,0,0,14,1,2,1,1,1,6,1,0,8,17,90,10,4,1,0,1,41.7,0,0,5,7,13,6,4,0,6,0,0,10,4,0,2,226,1,16,0,0,1,35,2,0,0,1,0,5,0,1,16,5,10,2026-09-27,data//AFLW_2026-09-27.csv,1,0,0.375,0.5882352941176471,6,0.4,0.8571428571428571,0.37142857142857144,0.17142857142857143,1.4285714285714286,0.3125,NA,0.7608695652173914,0.7887323943661971,0,CD_M20262640704,7,2026-09-25,Carlton,CD_R202626407
CD_I1017286,33,MEDIUM_DEFENDER,"https://s.afl.com.au/staticfile/AFL Tenant/AFL/Players/ChampIDImages/AFLW/2026264/1017286.png?im=Scale,width=0.6,height=0.6",Emily,Pease,CD_T7889,GWS,GWS GIANTS,GIANTS,5,76,0,0,0,0,3,0,0,0,2,0,0,4,6,29,5,1,0,2,0,0,0,0,2,4,0,0,0,0,2,0,0,2,3,0,0,64,0,5,0,0,3,0,0,0,0,0,0,3,0,0,6,2,4,2026-09-27,data//AFLW_2026-09-27.csv,NA,NA,0.3333333333333333,0.8333333333333334,4,0.5,1,NA,NA,0.5,0.6,NA,0,0,0,CD_M20262640706,7,2026-09-27,Collingwood,CD_R202626407
CD_I1017292,18,MEDIUM_FORWARD,"https://s.afl.com.au/staticfile/AFL Tenant/AFL/Players/ChampIDImages/AFLW/2026264/1017292.png?im=Scale,width=0.6,height=0.6",Tarni,Evans,CD_T7889,GWS,GWS GIANTS,GIANTS,7,98.50000000000011,2,1,0,0,4,0,0,2,5,2,0,5,11,70,4,4,1,0,1,50,0,2,2,0,0,0,1,0,1,0,0,11,6,3,4,260,0,10,0,0,0,0,4,0,4,0,0,1,0,0,11,6,6,2026-09-27,data//AFLW_2026-09-27.csv,NA,0,0.45454545454545453,0.36363636363636365,0,0.36363636363636365,NA,NA,NA,Inf,0.1,NA,0,0,0,CD_M20262640706,7,2026-09-27,Collingwood,CD_R202626407
CD_I1017314,20,MEDIUM_DEFENDER,"https://s.afl.com.au/staticfile/AFL Tenant/AFL/Players/ChampIDImages/AFLW/2026264/1017314.png?im=Scale,width=0.6,height=0.6",Daisy,D'Arcy,CD_T8786,GCFC,Gold Coast SUNS,SUNS,7,80.69999999999993,0,1,0,1,2,0,0,0,6,0,0,6,27,82,21,12,0,1,1,33.3,2,1,6,12,0,0,5,0,7,2,2,15,3,0,0,461,1,9,0,0,6,0,9,0,1,1,0,0,0,1,25,3,19,2026-09-27,data//AFLW_2026-09-27.csv,NA,NA,0.24,0.7777777777777778,9,0.8,0.75,NA,NA,1.25,0,1,0,0,0.6666666666666666,CD_M20262640709,7,2026-09-27,St Kilda,CD_R202626407
CD_I1017333,6,MIDFIELDER,"https://s.afl.com.au/staticfile/AFL Tenant/AFL/Players/ChampIDImages/AFLW/2026264/1017333.png?im=Scale,width=0.6,height=0.6",Isabella,Lewis,CD_T8787,WCE,West Coast Eagles,Eagles,7,81.30000000000001,1,2,12,2,2,0,0,0,8,0,0,4,18,65,12,7,0,1,2,22.2,0,0,5,7,0,0,1,0,3,0,0,11,2,0,1,233,1,11,0,0,2,0,7,0,1,0,2,3,0,4,19,3,11,2026-09-27,data//AFLW_2026-09-27.csv,NA,NA,0.42105263157894735,0.6666666666666666,5,0.6363636363636364,0.7142857142857143,NA,NA,1.5714285714285714,0.2727272727272727,NA,0,0.8571428571428571,0,CD_M20262640702,7,2026-09-25,Essendon,CD_R202626407
CD_I1017347,21,RUCK,"https://s.afl.com.au/staticfile/AFL Tenant/AFL/Players/ChampIDImages/AFLW/2026264/1017347.png?im=Scale,width=0.6,height=0.6",Mim,Strom,CD_T7886,FRE,Fremantle,Freo,6,87.90000000000003,0,1,17,0,1,1,2,0,8,1,0,6,15,73,9,4,0,0,0,50,0,0,6,7,20,5,4,0,4,0,0,8,1,1,1,165,3,12,0,0,0,49,1,0,0,3,0,3,0,0,15,3,7,2026-09-27,data//AFLW_2026-09-27.csv,0.5,0,0.5333333333333333,0.6,5,0.5,0.7142857142857143,0.40816326530612246,0.10204081632653061,1.1428571428571428,0.25,NA,0.7538461538461538,0.9444444444444444,0,CD_M20262640707,7,2026-09-27,Adelaide Crows,CD_R202626407
CD_I1018403,4,MIDFIELDER,"https://s.afl.com.au/staticfile/AFL Tenant/AFL/Players/ChampIDImages/AFLW/2026264/1018403.png?im=Scale,width=0.6,height=0.6",Eilish,Sheerin,CD_T8466,NMFC,North Melbourne,Kangaroos,6,77.29999999999995,0,0,14,2,6,0,0,0,18,0,0,16,26,106,17,5,4,1,0,33.3,0,0,14,13,0,0,6,0,4,0,0,13,0,0,0,407,3,26,0,0,3,0,6,0,1,0,8,11,0,10,26,4,8,2026-09-27,data//AFLW_2026-09-27.csv,NA,NA,0.6923076923076923,0.6538461538461539,12,0.38461538461538464,0.9230769230769231,NA,NA,1,0.4230769230769231,NA,0,0.7368421052631579,0,CD_M20262640705,7,2026-09-25,Melbourne,CD_R202626407
CD_I1018405,5,KEY_FORWARD,"https://s.afl.com.au/staticfile/AFL Tenant/AFL/Players/ChampIDImages/AFLW/2026264/1018405.png?im=Scale,width=0.6,height=0.6",Jacqueline,Parry,CD_T8467,GEEL,Geelong Cats,Cats,7,92.20000000000005,1,0,0,0,2,0,0,4,8,7,2,3,16,90,12,7,1,0,0,83.3,2,3,4,6,0,0,0,0,0,0,0,10,7,6,1,177,0,11,0,0,0,1,6,0,4,0,0,2,0,0,16,3,8,2026-09-27,data//AFLW_2026-09-27.csv,NA,0.2857142857142857,0.5,0.75,5,0.7,0.8333333333333334,0,0,1.6666666666666667,0.18181818181818182,NA,0.023809523809523808,0,0,CD_M20262640701,7,2026-09-24,Hawthorn,CD_R202626407
CD_I1018874,23,MIDFIELDER,"https://s.afl.com.au/staticfile/AFL Tenant/AFL/Players/ChampIDImages/AFLW/2026264/1018874.png?im=Scale,width=0.6,height=0.6",Niamh,Kelly,CD_T8098,ADEL,Adelaide Crows,Crows,7,83.69999999999993,0,0,0,0,2,0,0,0,6,0,0,4,16,49,8,3,1,1,0,33.3,0,0,6,7,0,0,3,0,4,0,0,9,1,0,0,259,0,5,0,0,2,0,2,0,0,0,0,2,0,0,14,6,8,2026-09-27,data//AFLW_2026-09-27.csv,NA,NA,0.42857142857142855,0.5,5,0.3333333333333333,0.7142857142857143,NA,NA,1.2857142857142858,0.4,NA,0,0,0,CD_M20262640707,7,2026-09-27,Fremantle,CD_R202626407
CD_I1018875,20,MEDIUM_FORWARD,"https://s.afl.com.au/staticfile/AFL Tenant/AFL/Players/ChampIDImages/AFLW/2026264/1018875.png?im=Scale,width=0.6,height=0.6",Grace,Kelly,CD_T8098,ADEL,Adelaide Crows,Crows,5,86.60000000000002,0,0,0,0,1,0,0,1,4,1,1,1,9,44,2,1,0,0,0,36.4,0,0,3,2,0,0,2,0,0,0,0,7,5,1,1,216,1,4,0,0,0,0,1,0,1,1,0,1,0,0,9,5,5,2026-09-27,data//AFLW_2026-09-27.csv,NA,1,0.4444444444444444,0.2222222222222222,1,0.14285714285714285,0.5,NA,NA,3.5,0.25,NA,0,0,0,CD_M20262640707,7,2026-09-27,Fremantle,CD_R202626407
CD_I1018955,7,MEDIUM_FORWARD,"https://s.afl.com.au/staticfile/AFL Tenant/AFL/Players/ChampIDImages/AFLW/2026264/1018955.png?im=Scale,width=0.6,height=0.6",Kate,Surman,CD_T8467,GEEL,Geelong Cats,Cats,4,79.80000000000004,0,0,0,0,0,0,0,0,4,0,0,4,11,53,10,4,0,0,1,50,0,0,4,6,0,0,0,0,2,0,0,5,3,0,0,34,1,8,0,0,0,0,3,0,0,0,1,4,1,1,11,0,7,2026-09-27,data//AFLW_2026-09-27.csv,NA,NA,0.36363636363636365,0.9090909090909091,6,0.8,1,NA,NA,0.8333333333333334,0.5,NA,0,0,0,CD_M20262640701,7,2026-09-24,Hawthorn,CD_R202626407
CD_I1019034,9,MIDFIELDER,"https://s.afl.com.au/staticfile/AFL Tenant/AFL/Players/ChampIDImages/AFLW/2026264/1019034.png?im=Scale,width=0.6,height=0.6",Orla,O'Dwyer,CD_T7887,BL,Brisbane Lions,Lions,7,93.10000000000002,0,0,0,0,4,0,0,0,4,0,0,9,14,69,4,3,0,2,0,80,0,0,3,3,0,0,2,0,2,0,0,11,0,0,0,274,1,25,0,0,1,0,1,0,0,0,0,9,3,0,13,5,9,2026-09-27,data//AFLW_2026-09-27.csv,NA,NA,0.3076923076923077,0.2857142857142857,1,0.2727272727272727,0.3333333333333333,NA,NA,3.6666666666666665,0.36,NA,0,0,0,CD_M20262640708,7,2026-09-27,Sydney Swans,CD_R202626407
CD_I1019053,25,MIDFIELDER_FORWARD,"https://s.afl.com.au/staticfile/AFL Tenant/AFL/Players/ChampIDImages/AFLW/2026264/1019053.png?im=Scale,width=0.6,height=0.6",Catherine,Svarc,CD_T7887,BL,Brisbane Lions,Lions,7,81.70000000000005,0,0,12,1,0,0,0,0,5,0,0,4,9,58,5,3,2,0,2,33.3,0,1,3,4,0,0,1,0,0,0,0,5,1,1,0,91,1,11,0,0,0,0,2,0,1,1,1,6,4,2,8,0,3,2026-09-27,data//AFLW_2026-09-27.csv,NA,NA,0.625,0.5555555555555556,2,0.6,0.5,NA,NA,1.25,0.5454545454545454,NA,0,1,0,CD_M20262640708,7,2026-09-27,Sydney Swans,CD_R202626407
CD_I1019057,14,KEY_FORWARD,"https://s.afl.com.au/staticfile/AFL Tenant/AFL/Players/ChampIDImages/AFLW/2026264/1019057.png?im=Scale,width=0.6,height=0.6",Dakota,Davidson,CD_T7887,BL,Brisbane Lions,Lions,6,82,0,0,0,0,6,0,1,0,1,1,0,1,7,36,2,2,0,1,1,47.1,0,1,0,0,0,0,3,0,2,0,0,7,1,1,0,173,1,6,0,0,0,5,1,0,1,1,0,2,1,0,4,2,3,2026-09-27,data//AFLW_2026-09-27.csv,0,0,0.25,0.2857142857142857,0,0.2857142857142857,NA,0,0,Inf,0.3333333333333333,NA,0.06756756756756757,0,0,CD_M20262640708,7,2026-09-27,Sydney Swans,CD_R202626407
CD_I1019059,9,MIDFIELDER,"https://s.afl.com.au/staticfile/AFL Tenant/AFL/Players/ChampIDImages/AFLW/2026264/1019059.png?im=Scale,width=0.6,height=0.6",Maria,Moloney,CD_T9409,PORT,Port Adelaide,Power,7,76.80000000000001,0,0,15,2,2,0,0,0,9,1,0,15,9,37,8,3,0,1,2,0,0,0,6,5,0,0,0,0,2,0,0,4,0,0,0,38,0,25,0,0,1,0,0,0,0,0,4,4,0,6,10,2,1,2026-09-27,data//AFLW_2026-09-27.csv,NA,0,0.9,0.8888888888888888,5,0.75,1,NA,NA,0.8,0.16,NA,0,0.75,0,CD_M20262640703,7,2026-09-25,Western Bulldogs,CD_R202626407
CD_I1019456,7,MEDIUM_DEFENDER,"https://s.afl.com.au/staticfile/AFL Tenant/AFL/Players/ChampIDImages/AFLW/2026264/1019456.png?im=Scale,width=0.6,height=0.6",Keeley,Kustermann,CD_T8098,ADEL,Adelaide Crows,Crows,7,69.20000000000005,0,0,0,0,1,0,1,0,6,0,0,3,7,21,7,2,0,0,1,0,0,0,5,5,0,0,0,0,5,0,0,2,0,0,0,84,3,3,0,0,1,0,0,0,0,2,1,1,0,1,8,0,2,2026-09-27,data//AFLW_2026-09-27.csv,0,NA,0.75,1,5,1,1,NA,NA,0.4,0.3333333333333333,NA,0,0,0,CD_M20262640707,7,2026-09-27,Fremantle,CD_R202626407
CD_I1019700,17,KEY_FORWARD,"https://s.afl.com.au/staticfile/AFL Tenant/AFL/Players/ChampIDImages/AFLW/2026264/1019700.png?im=Scale,width=0.6,height=0.6",Mackenzie,Eardley,CD_T9407,HAW,Hawthorn,Hawks,4,77.00000000000003,0,0,11,1,2,0,0,0,4,1,1,2,9,60,8,5,0,1,3,33.3,0,0,1,3,4,0,2,0,2,0,0,6,4,0,1,135,1,9,0,0,1,15,2,0,0,1,2,5,0,3,9,3,5,2026-09-27,data//AFLW_2026-09-27.csv,NA,1,0.4444444444444444,0.8888888888888888,3,0.8333333333333334,1,0.26666666666666666,0,2,0.5555555555555556,NA,0.35714285714285715,0.4782608695652174,0,CD_M20262640701,7,2026-09-24,Geelong Cats,CD_R202626407
CD_I1019702,40,MEDIUM_FORWARD,"https://s.afl.com.au/staticfile/AFL Tenant/AFL/Players/ChampIDImages/AFLW/2026264/1019702.png?im=Scale,width=0.6,height=0.6",Jorja,Livingstone,CD_T7386,MELB,Melbourne,Demons,2,48.2,0,0,0,0,2,0,0,1,1,1,0,5,3,23,1,0,0,1,0,100,0,0,0,2,0,0,0,0,1,0,0,1,1,1,0,-10,0,10,0,0,1,0,0,0,0,0,0,4,2,0,2,2,1,2026-09-27,data//AFLW_2026-09-27.csv,NA,0,0.5,0.3333333333333333,1,0,0.5,NA,NA,0.5,0.4,NA,0,0,0,CD_M20262640705,7,2026-09-25,North Melbourne,CD_R202626407
CD_I1019705,28,MIDFIELDER_FORWARD,"https://s.afl.com.au/staticfile/AFL Tenant/AFL/Players/ChampIDImages/AFLW/2026264/1019705.png?im=Scale,width=0.6,height=0.6",Mia,Busch,CD_T9406,ESS,Essendon,Bombers,7,80.30000000000007,0,0,0,0,0,0,0,0,2,0,0,7,6,48,4,2,0,0,2,0,0,0,1,2,0,0,1,0,1,0,0,4,2,0,0,64,0,14,0,0,0,0,1,0,0,0,0,6,3,0,7,2,5,2026-09-27,data//AFLW_2026-09-27.csv,NA,NA,0.2857142857142857,0.6666666666666666,2,0.5,1,NA,NA,2,0.42857142857142855,NA,0,0,0,CD_M20262640702,7,2026-09-25,West Coast Eagles,CD_R202626407
CD_I1019711,25,MIDFIELDER,"https://s.afl.com.au/staticfile/AFL Tenant/AFL/Players/ChampIDImages/AFLW/2026264/1019711.png?im=Scale,width=0.6,height=0.6",Keeley,Sherar,CD_T8096,CARL,Carlton,Blues,5,87.80000000000001,1,0,0,0,4,0,0,1,8,0,0,0,22,76,12,4,2,1,0,25,2,1,7,12,0,0,2,0,3,0,0,10,6,2,3,241,1,3,0,0,0,0,6,0,2,1,0,0,0,0,22,5,14,2026-09-27,data//AFLW_2026-09-27.csv,NA,NA,0.36363636363636365,0.5454545454545454,8,0.4,0.6666666666666666,NA,NA,0.8333333333333334,0,NA,0,0,0,CD_M20262640704,7,2026-09-25,Richmond,CD_R202626407
CD_I1019713,1,RUCK,"https://s.afl.com.au/staticfile/AFL Tenant/AFL/Players/ChampIDImages/AFLW/2026264/1019713.png?im=Scale,width=0.6,height=0.6",Georgia,Campbell,CD_T7386,MELB,Melbourne,Demons,7,68.60000000000002,0,0,10,1,1,0,0,0,4,0,0,6,9,40,6,2,1,0,1,0,0,0,3,5,10,3,0,0,2,0,0,4,1,0,0,52,1,10,0,0,0,28,0,0,0,0,1,1,0,2,9,2,5,2026-09-27,data//AFLW_2026-09-27.csv,NA,NA,0.4444444444444444,0.6666666666666666,4,0.5,0.8,0.35714285714285715,0.10714285714285714,0.8,0.1,NA,0.49122807017543857,0.5263157894736842,0,CD_M20262640705,7,2026-09-25,North Melbourne,CD_R202626407
CD_I1019724,30,MIDFIELDER,"https://s.afl.com.au/staticfile/AFL Tenant/AFL/Players/ChampIDImages/AFLW/2026264/1019724.png?im=Scale,width=0.6,height=0.6",Carly,Remmos,CD_T8097,COLL,Collingwood,Magpies,7,90.60000000000002,1,1,0,0,6,0,0,0,4,0,0,0,11,39,6,1,1,3,2,0,0,0,2,7,0,0,3,0,2,0,0,4,1,0,0,139,0,15,0,0,0,0,2,0,1,0,0,4,2,0,12,5,8,2026-09-27,data//AFLW_2026-09-27.csv,NA,NA,0.3333333333333333,0.5454545454545454,5,0.25,0.7142857142857143,NA,NA,0.5714285714285714,0.26666666666666666,NA,0,0,0,CD_M20262640706,7,2026-09-27,GWS GIANTS,CD_R202626407
CD_I1019736,11,MEDIUM_DEFENDER,"https://s.afl.com.au/staticfile/AFL Tenant/AFL/Players/ChampIDImages/AFLW/2026264/1019736.png?im=Scale,width=0.6,height=0.6",Yasmin,Duursma,CD_T8096,CARL,Carlton,Blues,7,53.99999999999994,0,1,0,0,2,0,0,0,4,0,0,2,11,45,8,4,0,0,1,33.3,0,0,3,4,0,0,2,0,1,0,0,7,1,0,0,173,1,7,0,0,2,0,0,0,0,1,1,3,1,1,11,3,7,2026-09-27,data//AFLW_2026-09-27.csv,NA,NA,0.36363636363636365,0.7272727272727273,4,0.5714285714285714,1,NA,NA,1.75,0.42857142857142855,NA,0,0,0,CD_M20262640704,7,2026-09-25,Richmond,CD_R202626407
CD_I1019762,5,MEDIUM_FORWARD,"https://s.afl.com.au/staticfile/AFL Tenant/AFL/Players/ChampIDImages/AFLW/2026264/1019762.png?im=Scale,width=0.6,height=0.6",Paige,Scott,CD_T8788,RICH,Richmond,Richmond,1,85.4,1,0,0,0,3,0,0,1,5,2,1,2,14,60,10,4,1,1,2,50,1,1,3,6,0,0,2,0,0,0,0,8,2,1,0,126,0,6,0,0,0,0,4,0,2,0,0,3,0,0,14,3,9,2026-09-27,data//AFLW_2026-09-27.csv,NA,0.5,0.35714285714285715,0.7142857142857143,6,0.5,1,NA,NA,1.3333333333333333,0.5,NA,0,0,0,CD_M20262640704,7,2026-09-25,Carlton,CD_R202626407
CD_I1019806,43,MEDIUM_DEFENDER,"https://s.afl.com.au/staticfile/AFL Tenant/AFL/Players/ChampIDImages/AFLW/2026264/1019806.png?im=Scale,width=0.6,height=0.6",Jemma,Rigoni,CD_T8097,COLL,Collingwood,Magpies,6,72.5,0,0,0,0,0,0,0,0,4,0,0,1,7,29,4,1,1,0,0,100,0,0,4,6,0,0,1,0,4,0,0,1,2,0,0,46,2,6,0,0,1,0,1,0,0,1,0,2,0,0,7,2,3,2026-09-27,data//AFLW_2026-09-27.csv,NA,NA,0.5714285714285714,0.5714285714285714,3,1,0.5,NA,NA,0.16666666666666666,0.3333333333333333,NA,0,0,0,CD_M20262640706,7,2026-09-27,GWS GIANTS,CD_R202626407
CD_I1019811,6,MEDIUM_FORWARD,"https://s.afl.com.au/staticfile/AFL Tenant/AFL/Players/ChampIDImages/AFLW/2026264/1019811.png?im=Scale,width=0.6,height=0.6",Alice,O'Loughlin,CD_T8466,NMFC,North Melbourne,Kangaroos,7,61.599999999999966,1,0,0,0,1,0,0,0,3,4,0,1,7,43,5,4,0,1,1,40,0,1,3,1,0,0,3,0,2,0,0,6,2,1,0,152,1,11,0,0,0,0,3,0,2,0,0,3,1,0,7,2,4,2026-09-27,data//AFLW_2026-09-27.csv,NA,0,0.42857142857142855,0.7142857142857143,1,0.6666666666666666,1,NA,NA,6,0.2727272727272727,NA,0,0,0,CD_M20262640705,7,2026-09-25,Melbourne,CD_R202626407
CD_I1019819,24,MEDIUM_DEFENDER,"https://s.afl.com.au/staticfile/AFL Tenant/AFL/Players/ChampIDImages/AFLW/2026264/1019819.png?im=Scale,width=0.6,height=0.6",Brooke,Vickers,CD_T8096,CARL,Carlton,Blues,6,66.5,0,0,0,0,2,1,1,0,3,0,0,1,11,37,8,2,0,0,1,0,0,0,2,7,0,0,0,0,4,0,0,4,2,0,0,14,2,3,0,0,1,0,0,0,0,2,0,1,0,0,11,1,8,2026-09-27,data//AFLW_2026-09-27.csv,1,NA,0.2727272727272727,0.7272727272727273,6,0.5,0.8571428571428571,NA,NA,0.5714285714285714,0.3333333333333333,NA,0,0,0,CD_M20262640704,7,2026-09-25,Richmond,CD_R202626407
CD_I1019821,5,MIDFIELDER,"https://s.afl.com.au/staticfile/AFL Tenant/AFL/Players/ChampIDImages/AFLW/2026264/1019821.png?im=Scale,width=0.6,height=0.6",Jasmine,Fleming,CD_T9407,HAW,Hawthorn,Hawks,6,53.200000000000045,0,0,11,1,4,0,0,0,8,0,0,10,17,54,7,3,0,1,3,20,0,0,4,8,0,0,2,0,1,0,0,9,1,0,1,217,1,12,0,0,2,0,2,0,0,0,1,2,0,2,19,5,11,2026-09-27,data//AFLW_2026-09-27.csv,NA,NA,0.42105263157894735,0.4117647058823529,4,0.3333333333333333,0.5,NA,NA,1.125,0.16666666666666666,NA,0,0.4782608695652174,0,CD_M20262640701,7,2026-09-24,Geelong Cats,CD_R202626407
CD_I1019828,9,MEDIUM_DEFENDER,"https://s.afl.com.au/staticfile/AFL Tenant/AFL/Players/ChampIDImages/AFLW/2026264/1019828.png?im=Scale,width=0.6,height=0.6",Keely,Coyne,CD_T9407,HAW,Hawthorn,Hawks,6,67.79999999999995,0,0,0,0,3,0,0,0,4,0,0,10,11,28,6,3,0,1,0,0,0,0,4,5,0,0,1,0,4,0,0,6,1,0,0,167,0,12,0,0,1,0,1,0,0,0,0,0,0,0,11,4,7,2026-09-27,data//AFLW_2026-09-27.csv,NA,NA,0.36363636363636365,0.5454545454545454,3,0.5,0.6,NA,NA,1.2,0,NA,0,0,0,CD_M20262640701,7,2026-09-24,Geelong Cats,CD_R202626407
CD_I1019830,19,MEDIUM_FORWARD,"https://s.afl.com.au/staticfile/AFL Tenant/AFL/Players/ChampIDImages/AFLW/2026264/1019830.png?im=Scale,width=0.6,height=0.6",Bridie,Hipwell,CD_T9407,HAW,Hawthorn,Hawks,5,59.30000000000001,0,0,0,0,1,0,0,0,2,0,0,11,7,32,5,3,0,0,0,0,0,0,2,4,0,0,0,0,2,0,0,3,1,0,0,130,0,14,0,0,1,0,0,0,0,0,0,3,1,0,8,2,6,2026-09-27,data//AFLW_2026-09-27.csv,NA,NA,0.25,0.7142857142857143,2,1,0.5,NA,NA,0.75,0.21428571428571427,NA,0,0,0,CD_M20262640701,7,2026-09-24,Geelong Cats,CD_R202626407
CD_I1019883,20,MEDIUM_DEFENDER,"https://s.afl.com.au/staticfile/AFL Tenant/AFL/Players/ChampIDImages/AFLW/2026264/1019883.png?im=Scale,width=0.6,height=0.6",Laura,Elliott,CD_T9407,HAW,Hawthorn,Hawks,7,79.89999999999998,0,1,0,0,2,1,1,0,3,0,0,10,20,76,17,16,0,0,0,0,0,0,3,1,0,0,4,0,3,7,7,19,3,0,0,629,2,12,0,0,8,0,3,0,0,1,0,2,0,0,12,3,9,2026-09-27,data//AFLW_2026-09-27.csv,1,NA,0.25,0.85,1,0.8421052631578947,1,NA,NA,19,0.16666666666666666,1,0,0,0.7,CD_M20262640701,7,2026-09-24,Geelong Cats,CD_R202626407
CD_I1019887,1,MEDIUM_DEFENDER,"https://s.afl.com.au/staticfile/AFL Tenant/AFL/Players/ChampIDImages/AFLW/2026264/1019887.png?im=Scale,width=0.6,height=0.6",Amelia,Velardo,CD_T8096,CARL,Carlton,Blues,7,63.499999999999886,1,0,0,0,2,1,1,0,3,0,0,4,15,40,10,3,0,2,0,0,0,0,2,7,0,0,2,0,4,3,2,8,1,0,0,223,2,8,0,0,2,0,4,0,1,1,0,1,0,0,15,1,12,2026-09-27,data//AFLW_2026-09-27.csv,1,NA,0.2,0.6666666666666666,7,0.375,1,NA,NA,1.1428571428571428,0.125,0.6666666666666666,0,0,1,CD_M20262640704,7,2026-09-25,Richmond,CD_R202626407
CD_I1021365,1,KEY_DEFENDER,"https://s.afl.com.au/staticfile/AFL Tenant/AFL/Players/ChampIDImages/AFLW/2026264/1021365.png?im=Scale,width=0.6,height=0.6",Annabel,Kievit,CD_T8786,GCFC,Gold Coast SUNS,SUNS,7,72.19999999999993,0,0,0,0,3,1,1,0,3,0,0,5,8,27,5,1,0,0,0,0,0,0,3,5,0,0,0,0,4,0,0,3,0,0,0,96,1,5,0,0,1,0,0,0,0,1,0,2,0,0,8,3,5,2026-09-27,data//AFLW_2026-09-27.csv,1,NA,0.375,0.625,4,0.3333333333333333,0.8,NA,NA,0.6,0.4,NA,0,0,0,CD_M20262640709,7,2026-09-27,St Kilda,CD_R202626407
CD_I1021399,30,MEDIUM_DEFENDER,"https://s.afl.com.au/staticfile/AFL Tenant/AFL/Players/ChampIDImages/AFLW/2026264/1021399.png?im=Scale,width=0.6,height=0.6",Jessica,Low,CD_T7886,FRE,Fremantle,Freo,7,69.20000000000005,0,0,0,0,0,0,0,0,4,0,0,2,9,35,8,4,1,0,0,0,0,0,4,5,0,0,2,0,4,0,0,4,3,0,0,100,2,9,0,0,0,0,0,0,0,1,0,1,0,0,9,1,5,2026-09-27,data//AFLW_2026-09-27.csv,NA,NA,0.4444444444444444,0.8888888888888888,4,1,0.8,NA,NA,0.8,0.1111111111111111,NA,0,0,0,CD_M20262640707,7,2026-09-27,Adelaide Crows,CD_R202626407
CD_I1021409,16,KEY_DEFENDER,"https://s.afl.com.au/staticfile/AFL Tenant/AFL/Players/ChampIDImages/AFLW/2026264/1021409.png?im=Scale,width=0.6,height=0.6",Matilda,Dyke,CD_T9406,ESS,Essendon,Bombers,7,97.60000000000002,0,1,1,1,3,1,1,0,8,0,0,7,12,36,8,5,0,1,0,0,0,0,8,4,0,0,2,0,7,0,0,8,1,0,0,230,1,7,0,0,3,1,1,0,0,0,0,1,0,1,13,6,5,2026-09-27,data//AFLW_2026-09-27.csv,1,NA,0.6153846153846154,0.6666666666666666,3,0.625,0.75,0,0,2,0.14285714285714285,NA,0.0196078431372549,0.07142857142857142,0,CD_M20262640702,7,2026-09-25,West Coast Eagles,CD_R202626407
CD_I1021410,21,MIDFIELDER,"https://s.afl.com.au/staticfile/AFL Tenant/AFL/Players/ChampIDImages/AFLW/2026264/1021410.png?im=Scale,width=0.6,height=0.6",Dana,East,CD_T8788,RICH,Richmond,Richmond,7,75.09999999999997,0,0,13,0,2,0,0,0,10,0,0,10,18,61,10,3,0,0,0,0,0,0,10,10,0,0,2,0,5,0,0,8,3,0,0,117,2,17,0,0,1,0,0,0,0,0,1,2,0,1,18,4,8,2026-09-27,data//AFLW_2026-09-27.csv,NA,NA,0.5555555555555556,0.5555555555555556,7,0.375,0.7,NA,NA,0.8,0.11764705882352941,NA,0,0.7323943661971831,0,CD_M20262640704,7,2026-09-25,Carlton,CD_R202626407
CD_I1021411,19,KEY_FORWARD,"https://s.afl.com.au/staticfile/AFL Tenant/AFL/Players/ChampIDImages/AFLW/2026264/1021411.png?im=Scale,width=0.6,height=0.6",Amy,Franklin,CD_T8787,WCE,West Coast Eagles,Eagles,7,89.50000000000011,3,4,0,0,3,0,0,2,5,1,1,1,13,70,4,3,1,1,0,52.6,0,1,2,1,0,0,3,0,1,0,0,12,6,4,2,330,2,5,0,0,0,0,6,0,5,1,0,2,2,0,14,5,9,2026-09-27,data//AFLW_2026-09-27.csv,NA,1,0.35714285714285715,0.3076923076923077,1,0.25,1,NA,NA,12,0.4,NA,0,0,0,CD_M20262640702,7,2026-09-25,Essendon,CD_R202626407
CD_I1021412,21,MEDIUM_FORWARD,"https://s.afl.com.au/staticfile/AFL Tenant/AFL/Players/ChampIDImages/AFLW/2026264/1021412.png?im=Scale,width=0.6,height=0.6",Maggie,MacLachlan,CD_T9406,ESS,Essendon,Bombers,6,59.39999999999998,0,0,0,0,2,0,0,0,2,0,0,1,2,-2,2,0,0,2,0,0,0,0,2,2,0,0,0,0,0,0,0,0,0,0,0,12,1,5,0,0,0,0,0,0,0,1,1,0,0,1,3,1,1,2026-09-27,data//AFLW_2026-09-27.csv,NA,NA,0.6666666666666666,1,2,NA,1,NA,NA,0,0,NA,0,0,0,CD_M20262640702,7,2026-09-25,West Coast Eagles,CD_R202626407
CD_I1021415,5,MIDFIELDER,"https://s.afl.com.au/staticfile/AFL Tenant/AFL/Players/ChampIDImages/AFLW/2026264/1021415.png?im=Scale,width=0.6,height=0.6",Courtney,Rowley,CD_T8787,WCE,West Coast Eagles,Eagles,1,70.5,0,0,0,0,2,0,0,1,6,0,0,7,9,29,7,4,0,1,0,0,0,0,4,4,0,0,0,0,7,0,0,5,3,0,0,49,1,9,0,0,3,0,3,0,0,0,0,0,0,0,9,1,3,2026-09-27,data//AFLW_2026-09-27.csv,NA,NA,0.6666666666666666,0.7777777777777778,3,0.8,0.75,NA,NA,1.25,0,NA,0,0,0,CD_M20262640702,7,2026-09-25,Essendon,CD_R202626407
CD_I1021416,30,KEY_DEFENDER,"https://s.afl.com.au/staticfile/AFL Tenant/AFL/Players/ChampIDImages/AFLW/2026264/1021416.png?im=Scale,width=0.6,height=0.6",Beth,Schilling,CD_T8787,WCE,West Coast Eagles,Eagles,3,65.6,0,0,0,0,5,0,1,0,0,0,0,2,2,0,1,0,0,4,0,0,0,0,0,1,0,0,0,0,1,0,0,1,1,0,0,32,1,3,0,0,1,0,0,0,0,0,0,1,0,0,2,0,2,2026-09-27,data//AFLW_2026-09-27.csv,0,NA,0,0.5,1,0,1,NA,NA,1,0.3333333333333333,NA,0,0,0,CD_M20262640702,7,2026-09-25,Essendon,CD_R202626407
CD_I1021417,28,MEDIUM_FORWARD,"https://s.afl.com.au/staticfile/AFL Tenant/AFL/Players/ChampIDImages/AFLW/2026264/1021417.png?im=Scale,width=0.6,height=0.6",Poppy,Stockwell,CD_T9407,HAW,Hawthorn,Hawks,7,62.7000000000001,0,0,0,0,1,0,0,0,2,1,0,0,7,19,3,1,1,0,0,42.9,0,0,2,2,0,0,1,0,2,0,0,5,0,0,0,96,0,5,0,0,0,0,1,0,0,0,1,0,0,1,5,3,3,2026-09-27,data//AFLW_2026-09-27.csv,NA,0,0.4,0.42857142857142855,2,0.2,1,NA,NA,2.5,0,NA,0,0,0,CD_M20262640701,7,2026-09-24,Geelong Cats,CD_R202626407
CD_I1021419,3,MEDIUM_DEFENDER,"https://s.afl.com.au/staticfile/AFL Tenant/AFL/Players/ChampIDImages/AFLW/2026264/1021419.png?im=Scale,width=0.6,height=0.6",Charlotte,Thomas,CD_T8787,WCE,West Coast Eagles,Eagles,6,87.90000000000009,1,0,0,0,7,1,1,0,6,0,0,3,19,65,11,8,0,2,0,66.7,0,0,5,6,0,0,1,0,6,9,7,13,5,2,1,225,1,5,0,0,5,0,2,0,1,1,1,1,0,1,13,7,7,2026-09-27,data//AFLW_2026-09-27.csv,1,NA,0.46153846153846156,0.5789473684210527,3,0.6153846153846154,0.5,NA,NA,2.1666666666666665,0.2,0.7777777777777778,0,0,0.8181818181818182,CD_M20262640702,7,2026-09-25,Essendon,CD_R202626407
CD_I1021436,13,MEDIUM_FORWARD,"https://s.afl.com.au/staticfile/AFL Tenant/AFL/Players/ChampIDImages/AFLW/2026264/1021436.png?im=Scale,width=0.6,height=0.6",Mikayla,Pauga,CD_T7889,GWS,GWS GIANTS,GIANTS,7,73.60000000000002,1,1,7,1,2,0,0,0,4,0,0,4,8,46,4,3,0,0,2,50,1,1,1,1,0,0,1,0,0,0,0,7,2,1,2,196,0,11,0,0,0,0,3,0,2,0,2,2,1,3,7,1,3,2026-09-27,data//AFLW_2026-09-27.csv,NA,NA,0.5714285714285714,0.5,1,0.42857142857142855,1,NA,NA,7,0.18181818181818182,NA,0,0.6363636363636364,0,CD_M20262640706,7,2026-09-27,Collingwood,CD_R202626407
CD_I1021441,28,MIDFIELDER,"https://s.afl.com.au/staticfile/AFL Tenant/AFL/Players/ChampIDImages/AFLW/2026264/1021441.png?im=Scale,width=0.6,height=0.6",Charlotte,Mullins,CD_T7887,BL,Brisbane Lions,Lions,6,80.90000000000003,0,0,1,0,4,0,0,0,4,0,0,6,14,58,9,2,1,0,0,60,0,0,4,9,0,0,1,0,2,0,0,5,3,0,1,106,0,12,0,0,0,0,1,0,0,0,1,4,0,1,14,1,10,2026-09-27,data//AFLW_2026-09-27.csv,NA,NA,0.2857142857142857,0.6428571428571429,7,0.4,0.7777777777777778,NA,NA,0.5555555555555556,0.3333333333333333,NA,0,0.08333333333333333,0,CD_M20262640708,7,2026-09-27,Sydney Swans,CD_R202626407
CD_I1021524,18,KEY_DEFENDER,"https://s.afl.com.au/staticfile/AFL Tenant/AFL/Players/ChampIDImages/AFLW/2026264/1021524.png?im=Scale,width=0.6,height=0.6",Libby,Graham,CD_T8788,RICH,Richmond,Richmond,7,96.50000000000011,0,0,0,0,5,1,2,1,2,0,0,10,19,86,15,10,0,1,0,0,0,0,1,5,0,0,1,0,4,6,6,14,7,0,0,365,4,11,0,0,8,0,1,0,0,3,0,4,0,0,13,4,11,2026-09-27,data//AFLW_2026-09-27.csv,0.5,NA,0.15384615384615385,0.7894736842105263,5,0.7142857142857143,1,NA,NA,2.8,0.36363636363636365,1,0,0,0.6,CD_M20262640704,7,2026-09-25,Carlton,CD_R202626407
CD_I1021530,11,MEDIUM_FORWARD,"https://s.afl.com.au/staticfile/AFL Tenant/AFL/Players/ChampIDImages/AFLW/2026264/1021530.png?im=Scale,width=0.6,height=0.6",Shanae,Davison,CD_T7887,BL,Brisbane Lions,Lions,7,79.5,0,0,0,0,2,0,0,0,4,1,0,1,12,60,5,4,3,0,0,44.4,0,0,4,2,0,0,3,0,2,0,0,10,2,1,2,221,1,8,0,0,0,0,1,0,1,1,0,5,5,0,9,4,5,2026-09-27,data//AFLW_2026-09-27.csv,NA,0,0.4444444444444444,0.4166666666666667,1,0.4,0.5,NA,NA,5,0.625,NA,0,0,0,CD_M20262640708,7,2026-09-27,Sydney Swans,CD_R202626407
CD_I1021793,10,KEY_DEFENDER,"https://s.afl.com.au/staticfile/AFL Tenant/AFL/Players/ChampIDImages/AFLW/2026264/1021793.png?im=Scale,width=0.6,height=0.6",Paige,Trudgeon,CD_T8796,STK,St Kilda,St Kilda,7,96.89999999999998,0,0,0,0,6,2,2,0,2,0,0,12,15,70,9,5,0,3,0,0,0,0,2,6,0,0,1,0,2,0,0,9,8,0,0,202,4,13,0,0,2,0,1,0,0,3,0,4,0,0,14,4,12,2026-09-27,data//AFLW_2026-09-27.csv,1,NA,0.14285714285714285,0.6,4,0.5555555555555556,0.6666666666666666,NA,NA,1.5,0.3076923076923077,NA,0,0,0,CD_M20262640709,7,2026-09-27,Gold Coast SUNS,CD_R202626407
CD_I1021819,2,KEY_FORWARD,"https://s.afl.com.au/staticfile/AFL Tenant/AFL/Players/ChampIDImages/AFLW/2026264/1021819.png?im=Scale,width=0.6,height=0.6",Sophie,Butterworth,CD_T8796,STK,St Kilda,St Kilda,6,75,0,0,0,0,2,0,1,0,3,0,0,6,10,40,9,9,0,1,3,40,0,0,0,1,0,0,0,0,5,4,4,9,1,0,0,87,3,6,0,0,3,0,0,0,0,3,0,2,0,0,5,1,2,2026-09-27,data//AFLW_2026-09-27.csv,0,NA,0.6,0.9,0,1,0,NA,NA,9,0.3333333333333333,1,0,0,0.4444444444444444,CD_M20262640709,7,2026-09-27,Gold Coast SUNS,CD_R202626407
CD_I1021822,27,MIDFIELDER,"https://s.afl.com.au/staticfile/AFL Tenant/AFL/Players/ChampIDImages/AFLW/2026264/1021822.png?im=Scale,width=0.6,height=0.6",Mikayla,Williamson,CD_T9407,HAW,Hawthorn,Hawks,7,81.50000000000011,0,0,8,0,3,0,0,0,9,0,0,7,10,43,3,1,1,1,1,20,0,0,6,5,0,0,1,0,4,0,0,5,0,0,0,150,2,13,0,0,2,0,0,0,1,0,2,5,0,2,12,6,3,2026-09-27,data//AFLW_2026-09-27.csv,NA,NA,0.75,0.3,2,0.2,0.4,NA,NA,1,0.38461538461538464,NA,0,0.34782608695652173,0,CD_M20262640701,7,2026-09-24,Geelong Cats,CD_R202626407
CD_I1021824,6,MIDFIELDER,"https://s.afl.com.au/staticfile/AFL Tenant/AFL/Players/ChampIDImages/AFLW/2026264/1021824.png?im=Scale,width=0.6,height=0.6",Hayley,McLaughlin,CD_T9407,HAW,Hawthorn,Hawks,7,81.79999999999995,0,0,4,1,4,0,0,0,5,0,0,9,13,47,6,3,1,1,0,0,0,0,5,6,0,0,2,0,4,0,0,7,3,0,0,233,0,15,0,0,2,0,2,0,0,0,1,2,0,2,13,5,8,2026-09-27,data//AFLW_2026-09-27.csv,NA,NA,0.38461538461538464,0.46153846153846156,3,0.42857142857142855,0.5,NA,NA,1.1666666666666667,0.13333333333333333,NA,0,0.17391304347826086,0,CD_M20262640701,7,2026-09-24,Geelong Cats,CD_R202626407
CD_I1021828,3,MEDIUM_FORWARD,"https://s.afl.com.au/staticfile/AFL Tenant/AFL/Players/ChampIDImages/AFLW/2026264/1021828.png?im=Scale,width=0.6,height=0.6",Alyssia,Pisano,CD_T7386,MELB,Melbourne,Demons,3,49.59999999999998,0,0,0,0,0,0,0,0,2,0,0,2,4,13,3,2,1,0,0,50,1,0,2,2,0,0,2,0,1,0,0,2,1,0,0,102,0,6,0,0,0,0,2,0,0,0,0,0,0,0,4,1,2,2026-09-27,data//AFLW_2026-09-27.csv,NA,NA,0.5,0.75,1,1,0.5,NA,NA,1,0,NA,0,0,0,CD_M20262640705,7,2026-09-25,North Melbourne,CD_R202626407
CD_I1021834,27,MEDIUM_FORWARD,"https://s.afl.com.au/staticfile/AFL Tenant/AFL/Players/ChampIDImages/AFLW/2026264/1021834.png?im=Scale,width=0.6,height=0.6",Georgia,Stubs,CD_T8788,RICH,Richmond,Richmond,5,76.60000000000002,0,2,0,1,2,0,0,0,4,1,1,1,9,34,6,3,0,1,2,50,0,0,2,3,0,0,3,0,0,0,0,6,1,0,0,178,0,13,0,0,0,0,2,0,0,0,0,2,-1,1,9,3,5,2026-09-27,data//AFLW_2026-09-27.csv,NA,1,0.4444444444444444,0.6666666666666666,3,0.5,1,NA,NA,2,0.15384615384615385,NA,0,0,0,CD_M20262640704,7,2026-09-25,Carlton,CD_R202626407
CD_I1021837,22,MIDFIELDER,"https://s.afl.com.au/staticfile/AFL Tenant/AFL/Players/ChampIDImages/AFLW/2026264/1021837.png?im=Scale,width=0.6,height=0.6",Laura,Stone,CD_T9407,HAW,Hawthorn,Hawks,6,62.39999999999998,0,0,13,1,1,0,0,0,3,0,0,5,11,58,9,6,0,0,0,66.7,2,0,3,4,0,0,2,0,0,0,0,7,3,0,0,241,0,16,0,0,0,0,2,0,0,0,0,5,1,1,11,3,8,2026-09-27,data//AFLW_2026-09-27.csv,NA,NA,0.2727272727272727,0.8181818181818182,3,0.8571428571428571,0.75,NA,NA,1.75,0.3125,NA,0,0.5652173913043478,0,CD_M20262640701,7,2026-09-24,Geelong Cats,CD_R202626407
CD_I1021853,37,MIDFIELDER_FORWARD,"https://s.afl.com.au/staticfile/AFL Tenant/AFL/Players/ChampIDImages/AFLW/2026264/1021853.png?im=Scale,width=0.6,height=0.6",Rylie,Wilcox,CD_T7387,WB,Western Bulldogs,Bulldogs,7,87.2000000000001,0,0,0,0,4,0,0,0,8,0,0,7,16,73,10,7,0,0,2,44.4,0,1,6,4,0,0,1,0,5,0,0,12,3,1,0,216,0,10,0,0,1,0,2,0,2,0,2,3,1,2,16,4,8,2026-09-27,data//AFLW_2026-09-27.csv,NA,NA,0.5,0.625,3,0.5833333333333334,0.75,NA,NA,3,0.3,NA,0,0,0,CD_M20262640703,7,2026-09-25,Port Adelaide,CD_R202626407
CD_I1021884,16,MEDIUM_FORWARD,"https://s.afl.com.au/staticfile/AFL Tenant/AFL/Players/ChampIDImages/AFLW/2026264/1021884.png?im=Scale,width=0.6,height=0.6",Sarah,Grunden,CD_T9408,SYD,Sydney Swans,Swans,7,54.5,0,0,0,0,0,0,0,0,2,2,1,1,3,19,2,1,1,0,1,62.5,0,1,2,1,0,0,0,0,0,0,0,2,0,0,0,28,0,7,0,0,0,0,1,0,1,0,0,1,0,0,3,0,1,2026-09-27,data//AFLW_2026-09-27.csv,NA,0.5,0.6666666666666666,0.6666666666666666,1,0.5,1,NA,NA,2,0.14285714285714285,NA,0,0,0,CD_M20262640708,7,2026-09-27,Brisbane Lions,CD_R202626407
CD_I1021894,23,MIDFIELDER,"https://s.afl.com.au/staticfile/AFL Tenant/AFL/Players/ChampIDImages/AFLW/2026264/1021894.png?im=Scale,width=0.6,height=0.6",Madison,Brazendale,CD_T7889,GWS,GWS GIANTS,GIANTS,7,74.50000000000006,0,0,0,0,2,0,0,0,7,0,0,7,16,71,11,2,0,1,2,100,0,0,5,10,0,0,2,0,6,0,0,6,2,0,0,169,1,10,0,0,3,0,1,0,0,1,0,7,1,0,15,2,8,2026-09-27,data//AFLW_2026-09-27.csv,NA,NA,0.4666666666666667,0.6875,9,0.3333333333333333,0.9,NA,NA,0.6,0.7,NA,0,0,0,CD_M20262640706,7,2026-09-27,Collingwood,CD_R202626407
CD_I1021895,30,MEDIUM_DEFENDER,"https://s.afl.com.au/staticfile/AFL Tenant/AFL/Players/ChampIDImages/AFLW/2026264/1021895.png?im=Scale,width=0.6,height=0.6",Georgia,Clark,CD_T7889,GWS,GWS GIANTS,GIANTS,4,66.5,0,0,0,0,2,0,0,1,5,1,1,12,7,39,5,5,0,1,2,0,0,0,2,1,0,0,1,0,2,0,0,6,4,0,0,136,0,14,0,0,1,0,1,0,0,0,0,2,0,0,9,2,4,2026-09-27,data//AFLW_2026-09-27.csv,NA,1,0.5555555555555556,0.7142857142857143,0,0.8333333333333334,0,NA,NA,6,0.14285714285714285,NA,0,0,0,CD_M20262640706,7,2026-09-27,Collingwood,CD_R202626407
CD_I1021923,6,MIDFIELDER,"https://s.afl.com.au/staticfile/AFL Tenant/AFL/Players/ChampIDImages/AFLW/2026264/1021923.png?im=Scale,width=0.6,height=0.6",Sierra,Grieves,CD_T8788,RICH,Richmond,Richmond,7,70.60000000000002,0,1,8,0,8,0,0,0,4,0,0,13,9,23,6,2,1,6,0,25,1,0,3,6,0,0,2,0,2,0,0,3,0,0,0,132,1,21,0,0,1,0,1,0,0,0,1,5,0,1,11,4,7,2026-09-27,data//AFLW_2026-09-27.csv,NA,NA,0.36363636363636365,0.6666666666666666,4,0.6666666666666666,0.6666666666666666,NA,NA,0.5,0.23809523809523808,NA,0,0.4507042253521127,0,CD_M20262640704,7,2026-09-25,Carlton,CD_R202626407
CD_I1021933,30,KEY_DEFENDER,"https://s.afl.com.au/staticfile/AFL Tenant/AFL/Players/ChampIDImages/AFLW/2026264/1021933.png?im=Scale,width=0.6,height=0.6",Alexis,Gregor,CD_T8467,GEEL,Geelong Cats,Cats,7,22.099999999999966,0,0,0,0,0,0,0,0,2,0,0,2,3,18,2,2,0,0,0,0,0,0,2,1,0,0,0,0,3,0,0,2,2,0,0,54,0,2,0,0,0,1,0,0,0,0,0,1,0,0,4,1,2,2026-09-27,data//AFLW_2026-09-27.csv,NA,NA,0.5,0.6666666666666666,0,1,0,0,0,2,0.5,NA,0.023809523809523808,0,0,CD_M20262640701,7,2026-09-24,Hawthorn,CD_R202626407
CD_I1022111,2,MIDFIELDER,"https://s.afl.com.au/staticfile/AFL Tenant/AFL/Players/ChampIDImages/AFLW/2026264/1022111.png?im=Scale,width=0.6,height=0.6",Eliza,West,CD_T9407,HAW,Hawthorn,Hawks,7,81.2000000000001,0,0,20,3,3,0,0,0,14,0,0,13,23,86,16,6,0,1,5,50,0,0,7,11,0,0,2,0,2,0,0,12,2,0,0,255,1,29,0,0,2,0,2,0,0,0,3,5,0,6,23,5,9,2026-09-27,data//AFLW_2026-09-27.csv,NA,NA,0.6086956521739131,0.6956521739130435,10,0.5,0.9090909090909091,NA,NA,1.0909090909090908,0.1724137931034483,NA,0,0.8695652173913043,0,CD_M20262640701,7,2026-09-24,Geelong Cats,CD_R202626407
CD_I1022127,26,KEY_DEFENDER,"https://s.afl.com.au/staticfile/AFL Tenant/AFL/Players/ChampIDImages/AFLW/2026264/1022127.png?im=Scale,width=0.6,height=0.6",Claudia,Gunjaca,CD_T8467,GEEL,Geelong Cats,Cats,7,99.60000000000002,0,1,0,0,2,0,3,0,5,0,0,5,16,60,14,8,0,1,0,0,0,0,5,7,0,0,1,0,7,0,0,9,6,0,0,353,7,6,0,0,4,1,0,0,0,6,0,1,0,0,15,7,10,2026-09-27,data//AFLW_2026-09-27.csv,0,NA,0.3333333333333333,0.875,6,0.8888888888888888,0.8571428571428571,0,0,1.2857142857142858,0.16666666666666666,NA,0.023809523809523808,0,0,CD_M20262640701,7,2026-09-24,Hawthorn,CD_R202626407
CD_I1022181,16,MIDFIELDER,"https://s.afl.com.au/staticfile/AFL Tenant/AFL/Players/ChampIDImages/AFLW/2026264/1022181.png?im=Scale,width=0.6,height=0.6",Shineah,Goody,CD_T9409,PORT,Port Adelaide,Power,7,69.89999999999998,0,0,9,0,1,0,0,0,6,0,0,3,12,70,7,3,0,0,1,60,0,2,5,5,0,0,3,0,4,0,0,7,2,0,1,184,1,12,0,0,2,0,4,0,2,1,1,5,0,1,12,1,6,2026-09-27,data//AFLW_2026-09-27.csv,NA,NA,0.5,0.5833333333333334,4,0.42857142857142855,0.8,NA,NA,1.4,0.4166666666666667,NA,0,0.45,0,CD_M20262640703,7,2026-09-25,Western Bulldogs,CD_R202626407
CD_I1022192,25,MEDIUM_DEFENDER,"https://s.afl.com.au/staticfile/AFL Tenant/AFL/Players/ChampIDImages/AFLW/2026264/1022192.png?im=Scale,width=0.6,height=0.6",Meara,Girvan,CD_T8786,GCFC,Gold Coast SUNS,SUNS,4,75.5,0,0,0,1,4,0,0,0,5,0,0,4,12,36,7,2,0,0,0,0,0,0,5,7,0,0,1,0,4,1,1,5,1,0,0,88,1,5,0,0,1,0,1,0,0,1,0,1,0,1,10,4,5,2026-09-27,data//AFLW_2026-09-27.csv,NA,NA,0.5,0.5833333333333334,5,0.4,0.7142857142857143,NA,NA,0.7142857142857143,0.2,1,0,0,0.3333333333333333,CD_M20262640709,7,2026-09-27,St Kilda,CD_R202626407
CD_I1022193,11,MIDFIELDER,"https://s.afl.com.au/staticfile/AFL Tenant/AFL/Players/ChampIDImages/AFLW/2026264/1022193.png?im=Scale,width=0.6,height=0.6",Sarah,Goodwin,CD_T8098,ADEL,Adelaide Crows,Crows,7,85.99999999999989,0,1,17,2,2,0,0,0,13,0,0,8,22,93,12,7,0,0,4,33.3,0,1,8,11,0,0,5,0,0,0,0,11,4,1,1,311,2,17,0,0,2,0,3,0,1,0,1,4,0,3,22,6,9,2026-09-27,data//AFLW_2026-09-27.csv,NA,NA,0.5909090909090909,0.5454545454545454,5,0.6363636363636364,0.45454545454545453,NA,NA,1,0.23529411764705882,NA,0,0.9444444444444444,0,CD_M20262640707,7,2026-09-27,Fremantle,CD_R202626407
CD_I1022196,4,MEDIUM_FORWARD,"https://s.afl.com.au/staticfile/AFL Tenant/AFL/Players/ChampIDImages/AFLW/2026264/1022196.png?im=Scale,width=0.6,height=0.6",Piper,Window,CD_T9409,PORT,Port Adelaide,Power,5,72.19999999999999,0,0,8,0,3,0,1,1,5,0,0,2,11,34,6,3,0,3,1,75,0,0,2,4,0,0,1,0,1,0,0,7,3,0,1,144,1,7,0,0,1,0,1,0,0,1,1,1,0,1,13,3,8,2026-09-27,data//AFLW_2026-09-27.csv,0,NA,0.38461538461538464,0.5454545454545454,3,0.42857142857142855,0.75,NA,NA,1.75,0.14285714285714285,NA,0,0.4,0,CD_M20262640703,7,2026-09-25,Western Bulldogs,CD_R202626407
CD_I1022203,5,MIDFIELDER_FORWARD,"https://s.afl.com.au/staticfile/AFL Tenant/AFL/Players/ChampIDImages/AFLW/2026264/1022203.png?im=Scale,width=0.6,height=0.6",Elaine,Grigg,CD_T7387,WB,Western Bulldogs,Bulldogs,7,84.60000000000002,0,0,0,0,2,0,0,0,6,0,0,4,10,56,7,3,4,1,1,33.3,2,0,4,6,0,0,2,0,4,0,0,4,2,2,0,66,1,14,0,0,0,0,3,0,1,0,0,7,2,0,12,3,6,2026-09-27,data//AFLW_2026-09-27.csv,NA,NA,0.5,0.7,4,0.75,0.6666666666666666,NA,NA,0.6666666666666666,0.5,NA,0,0,0,CD_M20262640703,7,2026-09-25,Port Adelaide,CD_R202626407
CD_I1022220,6,MEDIUM_DEFENDER,"https://s.afl.com.au/staticfile/AFL Tenant/AFL/Players/ChampIDImages/AFLW/2026264/1022220.png?im=Scale,width=0.6,height=0.6",Molly,Brooksby,CD_T9409,PORT,Port Adelaide,Power,7,83.7999999999999,0,0,0,0,5,0,0,0,6,0,0,10,11,49,6,4,0,1,0,0,0,0,5,3,0,0,0,0,7,1,1,8,2,0,0,206,4,13,0,0,4,0,0,0,0,2,0,4,0,0,12,5,6,2026-09-27,data//AFLW_2026-09-27.csv,NA,NA,0.5,0.5454545454545454,2,0.5,0.6666666666666666,NA,NA,2.6666666666666665,0.3076923076923077,1,0,0,0.5,CD_M20262640703,7,2026-09-25,Western Bulldogs,CD_R202626407
CD_I1022236,12,RUCK,"https://s.afl.com.au/staticfile/AFL Tenant/AFL/Players/ChampIDImages/AFLW/2026264/1022236.png?im=Scale,width=0.6,height=0.6",Jessica,Good,CD_T8096,CARL,Carlton,Blues,7,65.69999999999993,1,0,1,0,1,0,1,0,2,0,0,2,16,69,13,6,0,0,0,0,0,0,2,7,8,3,4,0,3,0,0,9,5,0,0,237,1,9,0,0,1,15,7,0,1,1,0,1,0,0,16,2,14,2026-09-27,data//AFLW_2026-09-27.csv,0,NA,0.125,0.8125,7,0.6666666666666666,1,0.5333333333333333,0.2,1.2857142857142858,0.1111111111111111,NA,0.3191489361702128,0.05555555555555555,0,CD_M20262640704,7,2026-09-25,Richmond,CD_R202626407
CD_I1022248,22,KEY_FORWARD,"https://s.afl.com.au/staticfile/AFL Tenant/AFL/Players/ChampIDImages/AFLW/2026264/1022248.png?im=Scale,width=0.6,height=0.6",Lauren,Young,CD_T9409,PORT,Port Adelaide,Power,6,77.40000000000003,0,0,0,0,5,0,0,0,6,0,0,1,14,60,5,3,1,1,1,35.7,1,1,5,3,0,0,1,0,0,0,0,11,3,1,1,179,1,8,0,0,0,6,4,0,1,1,0,2,0,0,14,4,8,2026-09-27,data//AFLW_2026-09-27.csv,NA,NA,0.42857142857142855,0.35714285714285715,2,0.2727272727272727,0.6666666666666666,0,0,3.6666666666666665,0.25,NA,0.08333333333333333,0,0,CD_M20262640703,7,2026-09-25,Western Bulldogs,CD_R202626407
CD_I1022299,21,KEY_DEFENDER,"https://s.afl.com.au/staticfile/AFL Tenant/AFL/Players/ChampIDImages/AFLW/2026264/1022299.png?im=Scale,width=0.6,height=0.6",Amelie,Borg,CD_T9409,PORT,Port Adelaide,Power,7,96.60000000000002,0,0,0,0,2,1,2,0,4,0,0,8,7,26,3,2,0,1,0,0,0,0,4,2,0,0,0,0,6,0,0,5,2,0,0,99,7,8,0,0,1,0,1,0,0,7,0,1,0,0,6,1,2,2026-09-27,data//AFLW_2026-09-27.csv,0.5,NA,0.6666666666666666,0.42857142857142855,1,0.4,0.5,NA,NA,2.5,0.125,NA,0,0,0,CD_M20262640703,7,2026-09-25,Western Bulldogs,CD_R202626407
CD_I1022350,10,MEDIUM_FORWARD,"https://s.afl.com.au/staticfile/AFL Tenant/AFL/Players/ChampIDImages/AFLW/2026264/1022350.png?im=Scale,width=0.6,height=0.6",Cynthia,Hamilton,CD_T9408,SYD,Sydney Swans,Swans,7,87.7999999999999,0,0,0,0,4,0,0,0,5,0,0,4,14,65,7,5,0,2,2,53.8,0,2,2,2,0,0,2,0,2,0,0,12,3,0,0,286,0,15,0,0,0,0,4,0,3,0,2,2,0,2,12,5,7,2026-09-27,data//AFLW_2026-09-27.csv,NA,NA,0.4166666666666667,0.5,2,0.4166666666666667,1,NA,NA,6,0.13333333333333333,NA,0,0,0,CD_M20262640708,7,2026-09-27,Brisbane Lions,CD_R202626407
CD_I1022695,10,MIDFIELDER,"https://s.afl.com.au/staticfile/AFL Tenant/AFL/Players/ChampIDImages/AFLW/2026264/1022695.png?im=Scale,width=0.6,height=0.6",Jasmyn,Smith,CD_T7387,WB,Western Bulldogs,Bulldogs,7,100.00000000000011,0,0,0,0,2,0,2,0,6,0,0,3,12,40,8,4,1,2,0,100,0,1,4,5,0,0,1,0,3,0,0,7,3,0,0,118,4,9,0,0,2,0,3,0,1,1,0,0,0,0,14,2,8,2026-09-27,data//AFLW_2026-09-27.csv,0,NA,0.42857142857142855,0.6666666666666666,4,0.5714285714285714,0.8,NA,NA,1.4,0,NA,0,0,0,CD_M20262640703,7,2026-09-25,Port Adelaide,CD_R202626407
CD_I1022701,24,MIDFIELDER,"https://s.afl.com.au/staticfile/AFL Tenant/AFL/Players/ChampIDImages/AFLW/2026264/1022701.png?im=Scale,width=0.6,height=0.6",Alana,Gee,CD_T8796,STK,St Kilda,St Kilda,7,81.80000000000007,0,0,0,0,4,0,0,0,6,1,1,11,15,47,7,2,2,0,0,0,0,0,6,8,0,0,3,0,2,0,0,7,2,0,0,220,1,22,0,0,2,0,2,0,0,1,1,1,0,1,14,5,8,2026-09-27,data//AFLW_2026-09-27.csv,NA,1,0.42857142857142855,0.4666666666666667,5,0.2857142857142857,0.625,NA,NA,0.875,0.045454545454545456,NA,0,0,0,CD_M20262640709,7,2026-09-27,Gold Coast SUNS,CD_R202626407
CD_I1022726,30,KEY_DEFENDER,"https://s.afl.com.au/staticfile/AFL Tenant/AFL/Players/ChampIDImages/AFLW/2026264/1022726.png?im=Scale,width=0.6,height=0.6",Teagan,Germech,CD_T9409,PORT,Port Adelaide,Power,7,90.89999999999998,0,0,0,0,1,0,4,1,4,0,0,1,9,30,8,5,0,1,0,0,0,0,3,4,0,0,2,0,4,0,0,5,2,0,0,198,7,3,0,0,0,0,1,0,0,7,0,1,0,0,7,1,3,2026-09-27,data//AFLW_2026-09-27.csv,0,NA,0.5714285714285714,0.8888888888888888,3,1,0.75,NA,NA,1.25,0.3333333333333333,NA,0,0,0,CD_M20262640703,7,2026-09-25,Western Bulldogs,CD_R202626407
CD_I1022736,5,MEDIUM_FORWARD,"https://s.afl.com.au/staticfile/AFL Tenant/AFL/Players/ChampIDImages/AFLW/2026264/1022736.png?im=Scale,width=0.6,height=0.6",Jessica,Doyle,CD_T7889,GWS,GWS GIANTS,GIANTS,7,62.60000000000002,0,0,1,1,4,0,1,0,4,1,0,5,4,20,3,0,0,2,2,60,0,0,2,3,0,0,0,0,2,0,0,1,1,0,1,24,0,5,0,0,1,1,0,0,0,0,0,3,0,1,5,2,1,2026-09-27,data//AFLW_2026-09-27.csv,0,0,0.8,0.75,3,0,1,0,0,0.3333333333333333,0.6,NA,0.022727272727272728,0.09090909090909091,0,CD_M20262640706,7,2026-09-27,Collingwood,CD_R202626407
CD_I1022744,49,MEDIUM_DEFENDER,"https://s.afl.com.au/staticfile/AFL Tenant/AFL/Players/ChampIDImages/AFLW/2026264/1022744.png?im=Scale,width=0.6,height=0.6",Madeline,Hendrie,CD_T8096,CARL,Carlton,Blues,7,97.10000000000002,0,0,0,0,1,1,3,0,0,0,0,6,7,27,5,3,0,1,0,0,0,0,0,4,0,0,0,0,3,0,0,3,3,0,0,-14,3,6,0,0,0,0,1,0,0,1,0,1,0,0,7,2,7,2026-09-27,data//AFLW_2026-09-27.csv,0.3333333333333333,NA,0,0.7142857142857143,2,1,0.5,NA,NA,0.75,0.16666666666666666,NA,0,0,0,CD_M20262640704,7,2026-09-25,Richmond,CD_R202626407
CD_I1022756,34,MEDIUM_DEFENDER,"https://s.afl.com.au/staticfile/AFL Tenant/AFL/Players/ChampIDImages/AFLW/2026264/1022756.png?im=Scale,width=0.6,height=0.6",Jemmika,Douglas,CD_T8098,ADEL,Adelaide Crows,Crows,6,63.299999999999955,0,0,0,0,3,1,1,0,3,0,0,10,5,25,3,3,0,2,1,100,0,0,2,1,0,0,0,0,2,0,0,4,0,0,0,44,0,11,0,0,2,0,0,0,0,0,0,4,0,0,6,1,3,2026-09-27,data//AFLW_2026-09-27.csv,1,NA,0.5,0.6,0,0.75,0,NA,NA,4,0.36363636363636365,NA,0,0,0,CD_M20262640707,7,2026-09-27,Fremantle,CD_R202626407
CD_I1022775,8,MIDFIELDER,"https://s.afl.com.au/staticfile/AFL Tenant/AFL/Players/ChampIDImages/AFLW/2026264/1022775.png?im=Scale,width=0.6,height=0.6",Lucia,Painter,CD_T8787,WCE,West Coast Eagles,Eagles,7,83,0,0,12,0,3,0,0,1,6,0,0,7,14,59,11,6,2,1,1,50,1,0,4,8,0,0,5,0,2,0,0,6,5,0,1,273,0,16,0,0,0,0,2,0,0,0,0,3,0,0,13,2,7,2026-09-27,data//AFLW_2026-09-27.csv,NA,NA,0.46153846153846156,0.7857142857142857,5,1,0.625,NA,NA,0.75,0.1875,NA,0,0.8571428571428571,0,CD_M20262640702,7,2026-09-25,Essendon,CD_R202626407
CD_I1022818,23,RUCK,"https://s.afl.com.au/staticfile/AFL Tenant/AFL/Players/ChampIDImages/AFLW/2026264/1022818.png?im=Scale,width=0.6,height=0.6",Sarah,Lakay,CD_T8787,WCE,West Coast Eagles,Eagles,6,52.299999999999955,0,0,4,0,1,0,0,0,2,0,0,1,4,30,3,2,0,1,2,66.7,0,1,0,1,7,1,2,0,0,0,0,3,1,0,0,101,1,7,0,0,0,11,1,0,1,1,2,1,1,2,4,1,2,2026-09-27,data//AFLW_2026-09-27.csv,NA,NA,0.5,0.75,1,0.6666666666666666,1,0.6363636363636364,0.09090909090909091,3,0.14285714285714285,NA,0.22,0.2857142857142857,0,CD_M20262640702,7,2026-09-25,Essendon,CD_R202626407
CD_I1022823,4,MIDFIELDER,"https://s.afl.com.au/staticfile/AFL Tenant/AFL/Players/ChampIDImages/AFLW/2026264/1022823.png?im=Scale,width=0.6,height=0.6",Ella,Roberts,CD_T8787,WCE,West Coast Eagles,Eagles,7,93.10000000000002,0,2,13,2,5,0,0,1,20,3,2,11,31,124,19,8,4,1,4,20,1,0,14,15,0,0,6,0,9,0,0,16,3,0,0,717,1,22,0,0,4,0,8,0,0,1,2,9,0,4,31,5,11,2026-09-27,data//AFLW_2026-09-27.csv,NA,0.6666666666666666,0.6451612903225806,0.6129032258064516,11,0.5,0.7333333333333333,NA,NA,1.0666666666666667,0.4090909090909091,NA,0,0.9285714285714286,0,CD_M20262640702,7,2026-09-25,Essendon,CD_R202626407
CD_I1022825,1,RUCK,"https://s.afl.com.au/staticfile/AFL Tenant/AFL/Players/ChampIDImages/AFLW/2026264/1022825.png?im=Scale,width=0.6,height=0.6",Lauren,Wakfer,CD_T8787,WCE,West Coast Eagles,Eagles,7,81.69999999999993,0,0,0,0,3,0,0,0,4,1,0,0,5,27,2,1,1,0,0,50,0,1,4,4,3,0,0,0,1,0,0,1,1,1,0,24,0,4,0,0,0,6,1,0,1,0,0,1,0,0,6,3,2,2026-09-27,data//AFLW_2026-09-27.csv,NA,0,0.6666666666666666,0.4,1,1,0.25,0.5,0,0.25,0.25,NA,0.12,0,0,CD_M20262640702,7,2026-09-25,Essendon,CD_R202626407
CD_I1022885,8,MIDFIELDER_FORWARD,"https://s.afl.com.au/staticfile/AFL Tenant/AFL/Players/ChampIDImages/AFLW/2026264/1022885.png?im=Scale,width=0.6,height=0.6",Taylah,Gatt,CD_T8466,NMFC,North Melbourne,Kangaroos,1,53.5,0,0,0,0,3,0,0,0,6,0,0,11,13,43,12,4,0,2,0,0,0,0,6,9,0,0,2,0,2,0,0,4,1,0,0,130,1,16,0,0,1,0,1,0,0,0,1,4,1,1,14,2,8,2026-09-27,data//AFLW_2026-09-27.csv,NA,NA,0.42857142857142855,0.9230769230769231,8,1,0.8888888888888888,NA,NA,0.4444444444444444,0.25,NA,0,0,0,CD_M20262640705,7,2026-09-25,Melbourne,CD_R202626407
CD_I1023389,15,MEDIUM_DEFENDER,"https://s.afl.com.au/staticfile/AFL Tenant/AFL/Players/ChampIDImages/AFLW/2026264/1023389.png?im=Scale,width=0.6,height=0.6",Chloe,Adams,CD_T9406,ESS,Essendon,Bombers,4,39.19999999999999,0,0,0,0,2,0,0,0,2,1,0,4,3,15,2,0,0,0,0,0,0,0,2,2,0,0,0,0,2,0,0,1,0,0,0,-2,1,5,0,0,0,0,0,0,0,1,0,2,0,0,3,2,1,2026-09-27,data//AFLW_2026-09-27.csv,NA,0,0.6666666666666666,0.6666666666666666,2,0,1,NA,NA,0.5,0.4,NA,0,0,0,CD_M20262640702,7,2026-09-25,West Coast Eagles,CD_R202626407
CD_I1023433,9,MIDFIELDER,"https://s.afl.com.au/staticfile/AFL Tenant/AFL/Players/ChampIDImages/AFLW/2026264/1023433.png?im=Scale,width=0.6,height=0.6",Sara,Howley,CD_T7889,GWS,GWS GIANTS,GIANTS,7,71.09999999999997,0,0,2,0,4,0,0,0,4,1,0,10,10,36,6,3,0,1,0,40,0,0,3,6,0,0,1,0,3,0,0,4,1,0,0,101,1,14,0,0,1,0,1,0,0,0,1,3,0,1,12,3,8,2026-09-27,data//AFLW_2026-09-27.csv,NA,0,0.3333333333333333,0.6,3,0.75,0.5,NA,NA,0.6666666666666666,0.21428571428571427,NA,0,0.18181818181818182,0,CD_M20262640706,7,2026-09-27,Collingwood,CD_R202626407
CD_I1023815,15,MIDFIELDER,"https://s.afl.com.au/staticfile/AFL Tenant/AFL/Players/ChampIDImages/AFLW/2026264/1023815.png?im=Scale,width=0.6,height=0.6",Abbygail,Bushby,CD_T8787,WCE,West Coast Eagles,Eagles,6,75.10000000000002,1,0,0,0,1,0,0,1,6,1,0,1,13,49,10,4,3,1,0,33.3,0,1,5,6,0,0,4,0,1,0,0,7,4,1,0,183,0,3,0,0,1,0,6,0,2,0,2,0,0,2,12,0,6,2026-09-27,data//AFLW_2026-09-27.csv,NA,0,0.5,0.7692307692307693,6,0.5714285714285714,1,NA,NA,1.1666666666666667,0,NA,0,0,0,CD_M20262640702,7,2026-09-25,Essendon,CD_R202626407
CD_I1023842,23,MEDIUM_DEFENDER,"https://s.afl.com.au/staticfile/AFL Tenant/AFL/Players/ChampIDImages/AFLW/2026264/1023842.png?im=Scale,width=0.6,height=0.6",Zippy,Fish,CD_T9408,SYD,Sydney Swans,Swans,7,100,0,0,2,0,2,0,0,0,8,0,0,12,14,67,8,4,1,0,2,0,0,0,5,5,0,0,0,0,2,1,1,9,0,0,0,171,0,20,0,0,4,0,0,0,0,0,2,7,0,2,11,2,3,2026-09-27,data//AFLW_2026-09-27.csv,NA,NA,0.7272727272727273,0.5714285714285714,4,0.4444444444444444,0.8,NA,NA,1.8,0.35,1,0,0.16666666666666666,0.2,CD_M20262640708,7,2026-09-27,Brisbane Lions,CD_R202626407
CD_I1023849,20,MEDIUM_FORWARD,"https://s.afl.com.au/staticfile/AFL Tenant/AFL/Players/ChampIDImages/AFLW/2026264/1023849.png?im=Scale,width=0.6,height=0.6",Noa,McNaughton,CD_T7886,FRE,Fremantle,Freo,5,63.900000000000006,1,0,0,0,2,0,0,0,0,0,0,1,7,17,3,1,0,2,0,57.1,0,0,0,2,0,0,4,0,0,0,0,5,1,0,1,165,0,4,0,0,0,0,3,0,1,0,0,0,0,0,7,4,7,2026-09-27,data//AFLW_2026-09-27.csv,NA,NA,0,0.42857142857142855,2,0.2,1,NA,NA,2.5,0,NA,0,0,0,CD_M20262640707,7,2026-09-27,Adelaide Crows,CD_R202626407
CD_I1023857,22,KEY_DEFENDER,"https://s.afl.com.au/staticfile/AFL Tenant/AFL/Players/ChampIDImages/AFLW/2026264/1023857.png?im=Scale,width=0.6,height=0.6",Georgie,Cleaver,CD_T8787,WCE,West Coast Eagles,Eagles,6,84.59999999999997,0,0,0,0,3,2,3,0,3,0,0,5,8,28,8,5,0,1,0,0,0,0,3,3,0,0,0,0,3,0,0,5,2,0,0,102,1,8,0,0,0,0,2,0,0,1,2,1,0,2,7,0,4,2026-09-27,data//AFLW_2026-09-27.csv,0.6666666666666666,NA,0.42857142857142855,1,3,1,1,NA,NA,1.6666666666666667,0.125,NA,0,0,0,CD_M20262640702,7,2026-09-25,Essendon,CD_R202626407
CD_I1023943,29,RUCK,"https://s.afl.com.au/staticfile/AFL Tenant/AFL/Players/ChampIDImages/AFLW/2026264/1023943.png?im=Scale,width=0.6,height=0.6",Matilda,Scholz,CD_T9409,PORT,Port Adelaide,Power,7,88.89999999999998,0,0,17,2,2,0,0,0,13,1,0,4,22,110,16,8,0,1,1,50,0,0,9,10,40,12,4,0,7,0,0,12,4,0,0,352,1,16,0,0,2,52,3,0,0,1,3,1,0,5,21,6,8,2026-09-27,data//AFLW_2026-09-27.csv,NA,0,0.6190476190476191,0.7272727272727273,8,0.6666666666666666,0.8,0.7692307692307693,0.23076923076923078,1.2,0.0625,NA,0.7222222222222222,0.85,0,CD_M20262640703,7,2026-09-25,Western Bulldogs,CD_R202626407
CD_I1023948,7,KEY_FORWARD,"https://s.afl.com.au/staticfile/AFL Tenant/AFL/Players/ChampIDImages/AFLW/2026264/1023948.png?im=Scale,width=0.6,height=0.6",Poppy,Scholz,CD_T8096,CARL,Carlton,Blues,7,92.79999999999984,0,0,0,0,4,0,0,0,10,3,2,4,13,67,10,4,6,0,0,33.3,2,1,8,6,2,0,1,0,4,0,0,7,2,1,2,55,2,12,0,0,0,3,6,0,2,1,0,5,2,0,13,2,3,2026-09-27,data//AFLW_2026-09-27.csv,NA,0.6666666666666666,0.7692307692307693,0.7692307692307693,6,0.5714285714285714,1,0.6666666666666666,0,1.1666666666666667,0.4166666666666667,NA,0.06382978723404255,0,0,CD_M20262640704,7,2026-09-25,Richmond,CD_R202626407
CD_I1023952,13,KEY_DEFENDER,"https://s.afl.com.au/staticfile/AFL Tenant/AFL/Players/ChampIDImages/AFLW/2026264/1023952.png?im=Scale,width=0.6,height=0.6",Lucy,Boyd,CD_T9409,PORT,Port Adelaide,Power,2,49,0,0,0,0,1,0,0,0,2,0,0,4,6,19,4,2,1,1,0,0,0,0,2,3,0,0,0,0,2,0,0,3,1,0,0,66,1,6,0,0,1,0,0,0,0,1,1,1,0,1,7,3,5,2026-09-27,data//AFLW_2026-09-27.csv,NA,NA,0.2857142857142857,0.6666666666666666,2,0.6666666666666666,0.6666666666666666,NA,NA,1,0.16666666666666666,NA,0,0,0,CD_M20262640703,7,2026-09-25,Western Bulldogs,CD_R202626407
CD_I1024085,8,MEDIUM_FORWARD,"https://s.afl.com.au/staticfile/AFL Tenant/AFL/Players/ChampIDImages/AFLW/2026264/1024085.png?im=Scale,width=0.6,height=0.6",India,Rasheed,CD_T8098,ADEL,Adelaide Crows,Crows,5,79.19999999999999,0,0,0,0,0,0,0,0,1,0,0,4,5,44,4,3,0,0,0,50,0,1,1,1,0,0,0,0,0,0,0,4,4,1,4,77,0,11,0,0,0,0,2,0,1,0,0,3,1,0,6,1,5,2026-09-27,data//AFLW_2026-09-27.csv,NA,NA,0.16666666666666666,0.8,1,0.75,1,NA,NA,4,0.2727272727272727,NA,0,0,0,CD_M20262640707,7,2026-09-27,Fremantle,CD_R202626407
CD_I1024294,12,MEDIUM_DEFENDER,"https://s.afl.com.au/staticfile/AFL Tenant/AFL/Players/ChampIDImages/AFLW/2026264/1024294.png?im=Scale,width=0.6,height=0.6",Lulu,Pullar,CD_T9408,SYD,Sydney Swans,Swans,4,92.29999999999998,0,0,0,0,2,0,0,0,3,0,0,7,10,52,2,1,0,1,0,0,0,0,2,3,0,0,0,0,2,0,0,7,0,0,0,96,0,15,0,0,2,0,0,0,0,0,1,7,1,1,9,5,6,2026-09-27,data//AFLW_2026-09-27.csv,NA,NA,0.3333333333333333,0.2,1,0.14285714285714285,0.3333333333333333,NA,NA,2.3333333333333335,0.4666666666666667,NA,0,0,0,CD_M20262640708,7,2026-09-27,Brisbane Lions,CD_R202626407
CD_I1024296,22,MEDIUM_FORWARD,"https://s.afl.com.au/staticfile/AFL Tenant/AFL/Players/ChampIDImages/AFLW/2026264/1024296.png?im=Scale,width=0.6,height=0.6",Rachel,Kearns,CD_T8467,GEEL,Geelong Cats,Cats,7,80.7999999999999,0,0,0,0,6,0,0,0,9,0,0,1,15,61,10,4,2,3,1,33.3,0,2,5,6,0,0,3,0,6,0,0,9,2,1,0,179,2,15,0,0,0,0,8,0,5,0,2,3,1,2,16,5,7,2026-09-27,data//AFLW_2026-09-27.csv,NA,NA,0.5625,0.6666666666666666,6,0.4444444444444444,1,NA,NA,1.5,0.2,NA,0,0,0,CD_M20262640701,7,2026-09-24,Hawthorn,CD_R202626407
CD_I1024299,26,RUCK,"https://s.afl.com.au/staticfile/AFL Tenant/AFL/Players/ChampIDImages/AFLW/2026264/1024299.png?im=Scale,width=0.6,height=0.6",Paige,Price,CD_T8786,GCFC,Gold Coast SUNS,SUNS,7,41.60000000000002,0,0,8,0,0,0,0,0,6,0,0,2,7,36,7,2,0,0,2,0,0,0,4,5,7,3,0,0,2,0,0,2,1,0,0,76,3,5,0,0,0,16,2,0,0,1,1,2,0,1,8,1,2,2026-09-27,data//AFLW_2026-09-27.csv,NA,NA,0.75,1,5,1,1,0.4375,0.1875,0.4,0.4,NA,0.3404255319148936,0.4,0,CD_M20262640709,7,2026-09-27,St Kilda,CD_R202626407
CD_I1024535,3,RUCK,"https://s.afl.com.au/staticfile/AFL Tenant/AFL/Players/ChampIDImages/AFLW/2026264/1024535.png?im=Scale,width=0.6,height=0.6",Darcie,Davies,CD_T8786,GCFC,Gold Coast SUNS,SUNS,7,65.90000000000003,0,0,12,0,1,0,0,2,4,1,0,6,9,72,6,2,0,0,1,40,0,1,1,5,23,10,1,0,2,0,0,4,4,1,0,66,2,9,0,0,0,29,2,0,1,2,0,2,0,0,9,2,5,2026-09-27,data//AFLW_2026-09-27.csv,NA,0,0.4444444444444444,0.6666666666666666,4,0.5,0.8,0.7931034482758621,0.3448275862068966,0.8,0.2222222222222222,NA,0.6170212765957447,0.6,0,CD_M20262640709,7,2026-09-27,St Kilda,CD_R202626407
CD_I1024552,12,KEY_FORWARD,"https://s.afl.com.au/staticfile/AFL Tenant/AFL/Players/ChampIDImages/AFLW/2026264/1024552.png?im=Scale,width=0.6,height=0.6",Havana,Harris,CD_T8786,GCFC,Gold Coast SUNS,SUNS,7,75.39999999999998,2,0,0,0,3,0,0,0,5,2,2,0,12,55,7,3,1,1,2,30.8,1,0,3,5,0,0,3,0,1,0,0,7,5,1,5,106,2,4,0,0,0,2,6,0,3,0,1,2,2,1,15,4,10,2026-09-27,data//AFLW_2026-09-27.csv,NA,1,0.3333333333333333,0.5833333333333334,4,0.42857142857142855,0.8,0,0,1.4,0.5,NA,0.0425531914893617,0,0,CD_M20262640709,7,2026-09-27,St Kilda,CD_R202626407
CD_I1024553,28,KEY_DEFENDER,"https://s.afl.com.au/staticfile/AFL Tenant/AFL/Players/ChampIDImages/AFLW/2026264/1024553.png?im=Scale,width=0.6,height=0.6",Kaylee,Kimber,CD_T7387,WB,Western Bulldogs,Bulldogs,6,94.59999999999991,0,1,0,0,6,0,3,0,8,0,0,9,13,56,9,3,0,1,2,0,0,0,7,6,0,0,1,0,9,0,0,7,4,0,0,274,4,12,0,0,5,0,0,0,0,4,0,3,0,0,14,1,6,2026-09-27,data//AFLW_2026-09-27.csv,0,NA,0.5714285714285714,0.6923076923076923,6,0.42857142857142855,1,NA,NA,1.1666666666666667,0.25,NA,0,0,0,CD_M20262640703,7,2026-09-25,Port Adelaide,CD_R202626407
CD_I1024636,18,MEDIUM_DEFENDER,"https://s.afl.com.au/staticfile/AFL Tenant/AFL/Players/ChampIDImages/AFLW/2026264/1024636.png?im=Scale,width=0.6,height=0.6",Lily,Johnson,CD_T7886,FRE,Fremantle,Freo,2,61.5,1,0,0,0,0,0,0,0,4,1,0,0,11,48,6,1,2,0,0,0,0,0,4,5,0,0,2,0,0,0,0,6,5,2,1,113,0,8,0,0,0,0,3,0,1,0,0,1,0,0,11,2,7,2026-09-27,data//AFLW_2026-09-27.csv,NA,0,0.36363636363636365,0.5454545454545454,5,0.16666666666666666,1,NA,NA,1.2,0.125,NA,0,0,0,CD_M20262640707,7,2026-09-27,Adelaide Crows,CD_R202626407
CD_I1025163,38,KEY_FORWARD,"https://s.afl.com.au/staticfile/AFL Tenant/AFL/Players/ChampIDImages/AFLW/2026264/1025163.png?im=Scale,width=0.6,height=0.6",Jacqueline,Dupuy,CD_T9407,HAW,Hawthorn,Hawks,7,92.69999999999993,0,0,0,0,2,0,0,3,11,6,3,1,12,60,6,4,3,1,3,28.6,0,2,5,3,2,0,3,0,1,0,0,9,3,1,0,229,0,5,0,0,0,2,3,0,3,0,0,1,1,0,14,7,3,2026-09-27,data//AFLW_2026-09-27.csv,NA,0.5,0.7857142857142857,0.5,2,0.4444444444444444,0.6666666666666666,1,0,3,0.2,NA,0.047619047619047616,0,0,CD_M20262640701,7,2026-09-24,Geelong Cats,CD_R202626407
CD_I1025415,36,MIDFIELDER,"https://s.afl.com.au/staticfile/AFL Tenant/AFL/Players/ChampIDImages/AFLW/2026264/1025415.png?im=Scale,width=0.6,height=0.6",Chelsea,Sutton,CD_T8796,STK,St Kilda,St Kilda,1,73.4,0,0,0,0,3,0,0,0,4,0,0,4,9,28,6,4,2,2,0,0,1,0,4,4,0,0,2,0,2,0,0,5,1,0,1,152,0,9,0,0,0,0,2,0,0,0,1,2,0,1,9,3,5,2026-09-27,data//AFLW_2026-09-27.csv,NA,NA,0.4444444444444444,0.6666666666666666,2,0.8,0.5,NA,NA,1.25,0.2222222222222222,NA,0,0,0,CD_M20262640709,7,2026-09-27,Gold Coast SUNS,CD_R202626407
CD_I1025419,16,MIDFIELDER_FORWARD,"https://s.afl.com.au/staticfile/AFL Tenant/AFL/Players/ChampIDImages/AFLW/2026264/1025419.png?im=Scale,width=0.6,height=0.6",Ashley,Centra,CD_T8097,COLL,Collingwood,Magpies,6,69.90000000000003,1,0,9,1,2,0,0,3,11,1,1,4,18,87,11,5,1,0,2,62.5,0,1,4,6,0,0,3,0,0,0,0,12,6,0,1,259,1,13,0,0,1,0,2,0,2,0,3,3,0,4,19,3,8,2026-09-27,data//AFLW_2026-09-27.csv,NA,1,0.5789473684210527,0.6111111111111112,6,0.4166666666666667,1,NA,NA,2,0.23076923076923078,NA,0,0.8181818181818182,0,CD_M20262640706,7,2026-09-27,GWS GIANTS,CD_R202626407
CD_I1025421,21,MEDIUM_DEFENDER,"https://s.afl.com.au/staticfile/AFL Tenant/AFL/Players/ChampIDImages/AFLW/2026264/1025421.png?im=Scale,width=0.6,height=0.6",Amber,Schutte,CD_T8097,COLL,Collingwood,Magpies,7,84.69999999999993,0,0,0,0,0,1,1,0,3,0,0,1,5,23,5,3,0,0,0,0,0,0,3,2,0,0,0,0,3,0,0,3,2,0,0,80,1,1,0,0,1,0,0,0,0,1,0,1,0,0,5,0,2,2026-09-27,data//AFLW_2026-09-27.csv,1,NA,0.6,1,2,1,1,NA,NA,1.5,1,NA,0,0,0,CD_M20262640706,7,2026-09-27,GWS GIANTS,CD_R202626407
CD_I1025428,7,MEDIUM_DEFENDER,"https://s.afl.com.au/staticfile/AFL Tenant/AFL/Players/ChampIDImages/AFLW/2026264/1025428.png?im=Scale,width=0.6,height=0.6",Jessica,Rentsch,CD_T8787,WCE,West Coast Eagles,Eagles,2,59.2,0,0,0,0,2,0,0,0,2,0,0,7,7,20,5,3,0,1,0,0,0,0,2,2,0,0,1,0,4,0,0,5,0,0,0,85,0,8,0,0,1,0,1,0,0,0,0,1,0,0,6,2,4,2026-09-27,data//AFLW_2026-09-27.csv,NA,NA,0.3333333333333333,0.7142857142857143,2,0.6,1,NA,NA,2.5,0.125,NA,0,0,0,CD_M20262640702,7,2026-09-25,Essendon,CD_R202626407
CD_I1025517,19,MEDIUM_FORWARD,"https://s.afl.com.au/staticfile/AFL Tenant/AFL/Players/ChampIDImages/AFLW/2026264/1025517.png?im=Scale,width=0.6,height=0.6",Heidi,Woodley,CD_T7387,WB,Western Bulldogs,Bulldogs,7,73.69999999999993,0,0,0,0,3,0,0,0,5,0,0,1,18,94,13,9,1,0,0,70,0,4,4,5,0,0,4,0,0,0,0,13,3,1,0,379,1,10,0,0,0,0,7,0,4,0,1,3,0,1,18,3,13,2026-09-27,data//AFLW_2026-09-27.csv,NA,NA,0.2777777777777778,0.7222222222222222,4,0.6923076923076923,0.8,NA,NA,2.6,0.3,NA,0,0,0,CD_M20262640703,7,2026-09-25,Port Adelaide,CD_R202626407
CD_I1025521,15,MEDIUM_DEFENDER,"https://s.afl.com.au/staticfile/AFL Tenant/AFL/Players/ChampIDImages/AFLW/2026264/1025521.png?im=Scale,width=0.6,height=0.6",Kyla,Forbes,CD_T8796,STK,St Kilda,St Kilda,3,59.20000000000002,0,0,0,0,2,0,1,0,2,0,0,7,11,46,8,7,0,0,0,0,0,0,2,3,0,0,0,0,4,3,3,8,4,0,0,165,0,7,0,0,3,0,2,0,0,0,0,1,0,0,8,2,6,2026-09-27,data//AFLW_2026-09-27.csv,0,NA,0.25,0.7272727272727273,1,0.875,0.3333333333333333,NA,NA,2.6666666666666665,0.14285714285714285,1,0,0,0.3333333333333333,CD_M20262640709,7,2026-09-27,Gold Coast SUNS,CD_R202626407
CD_I1025525,23,MIDFIELDER,"https://s.afl.com.au/staticfile/AFL Tenant/AFL/Players/ChampIDImages/AFLW/2026264/1025525.png?im=Scale,width=0.6,height=0.6",Amy,Gaylor,CD_T9406,ESS,Essendon,Bombers,7,79.19999999999993,1,0,11,1,4,1,2,2,14,0,0,3,20,74,9,4,2,1,1,0,0,0,9,9,0,0,3,0,5,0,0,11,4,1,0,300,1,10,0,0,3,0,4,0,1,1,1,3,2,2,20,6,6,2026-09-27,data//AFLW_2026-09-27.csv,0.5,NA,0.7,0.45,5,0.36363636363636365,0.5555555555555556,NA,NA,1.2222222222222223,0.3,NA,0,0.7857142857142857,0,CD_M20262640702,7,2026-09-25,West Coast Eagles,CD_R202626407
CD_I1025564,26,KEY_FORWARD,"https://s.afl.com.au/staticfile/AFL Tenant/AFL/Players/ChampIDImages/AFLW/2026264/1025564.png?im=Scale,width=0.6,height=0.6",Mia,Austin,CD_T7386,MELB,Melbourne,Demons,6,91.70000000000005,1,0,0,0,0,0,0,1,5,7,2,1,10,70,8,4,1,0,2,68.4,0,3,2,4,0,0,2,0,2,0,0,6,1,1,0,148,1,12,0,0,0,3,5,0,5,1,1,5,2,1,10,0,5,2026-09-27,data//AFLW_2026-09-27.csv,NA,0.2857142857142857,0.5,0.8,4,0.6666666666666666,1,0,0,1.5,0.4166666666666667,NA,0.05263157894736842,0,0,CD_M20262640705,7,2026-09-25,North Melbourne,CD_R202626407
CD_I1025565,7,MEDIUM_FORWARD,"https://s.afl.com.au/staticfile/AFL Tenant/AFL/Players/ChampIDImages/AFLW/2026264/1025565.png?im=Scale,width=0.6,height=0.6",Grace,Belloni,CD_T9406,ESS,Essendon,Bombers,7,78.40000000000003,0,0,3,0,2,0,0,0,6,1,1,6,16,52,11,2,1,0,1,50,0,0,6,11,0,0,3,0,2,0,0,5,2,1,1,107,0,11,0,0,0,0,3,0,0,0,0,2,0,0,16,4,10,2026-09-27,data//AFLW_2026-09-27.csv,NA,1,0.375,0.6875,9,0.4,0.8181818181818182,NA,NA,0.45454545454545453,0.18181818181818182,NA,0,0.21428571428571427,0,CD_M20262640702,7,2026-09-25,West Coast Eagles,CD_R202626407
CD_I1025609,27,MIDFIELDER,"https://s.afl.com.au/staticfile/AFL Tenant/AFL/Players/ChampIDImages/AFLW/2026264/1025609.png?im=Scale,width=0.6,height=0.6",Lucille,Cronin,CD_T8097,COLL,Collingwood,Magpies,5,79.30000000000001,0,2,4,1,2,0,0,0,10,0,0,4,18,67,5,1,3,0,0,16.7,0,0,10,7,0,0,5,0,4,0,0,11,0,0,0,319,1,11,0,0,1,0,3,0,1,1,1,5,2,2,18,5,8,2026-09-27,data//AFLW_2026-09-27.csv,NA,NA,0.5555555555555556,0.2777777777777778,4,0.09090909090909091,0.5714285714285714,NA,NA,1.5714285714285714,0.45454545454545453,NA,0,0.36363636363636365,0,CD_M20262640706,7,2026-09-27,GWS GIANTS,CD_R202626407
CD_I1025611,1,MEDIUM_FORWARD,"https://s.afl.com.au/staticfile/AFL Tenant/AFL/Players/ChampIDImages/AFLW/2026264/1025611.png?im=Scale,width=0.6,height=0.6",Sarah,Poustie,CD_T7387,WB,Western Bulldogs,Bulldogs,6,39.700000000000045,0,0,3,0,2,0,0,0,4,0,0,7,9,39,5,4,1,0,1,0,0,0,3,4,0,0,1,0,2,0,0,5,1,0,0,60,1,12,0,0,0,0,2,0,0,0,0,3,0,0,9,2,5,2026-09-27,data//AFLW_2026-09-27.csv,NA,NA,0.4444444444444444,0.5555555555555556,1,0.8,0.25,NA,NA,1.25,0.25,NA,0,0.15,0,CD_M20262640703,7,2026-09-25,Port Adelaide,CD_R202626407
CD_I1025616,26,MEDIUM_DEFENDER,"https://s.afl.com.au/staticfile/AFL Tenant/AFL/Players/ChampIDImages/AFLW/2026264/1025616.png?im=Scale,width=0.6,height=0.6",Lara,Hausegger,CD_T9408,SYD,Sydney Swans,Swans,7,97.00000000000006,0,0,0,0,2,0,2,0,5,0,0,7,8,41,4,2,0,1,1,0,0,0,4,3,0,0,0,0,4,0,0,5,2,0,0,96,1,8,0,0,3,0,0,0,0,1,1,4,0,1,8,1,3,2026-09-27,data//AFLW_2026-09-27.csv,0,NA,0.625,0.5,2,0.4,0.6666666666666666,NA,NA,1.6666666666666667,0.5,NA,0,0,0,CD_M20262640708,7,2026-09-27,Brisbane Lions,CD_R202626407
CD_I1025617,20,MEDIUM_FORWARD,"https://s.afl.com.au/staticfile/AFL Tenant/AFL/Players/ChampIDImages/AFLW/2026264/1025617.png?im=Scale,width=0.6,height=0.6",Maggie,Mahony,CD_T7386,MELB,Melbourne,Demons,5,77,0,0,0,0,2,0,0,0,5,0,0,5,12,56,5,1,3,0,0,60,0,0,5,5,0,0,2,0,2,0,0,7,3,1,2,77,1,17,0,0,0,0,1,0,1,0,0,4,4,0,11,1,6,2026-09-27,data//AFLW_2026-09-27.csv,NA,NA,0.45454545454545453,0.4166666666666667,4,0.14285714285714285,0.8,NA,NA,1.4,0.23529411764705882,NA,0,0,0,CD_M20262640705,7,2026-09-25,North Melbourne,CD_R202626407
CD_I1025662,45,MEDIUM_FORWARD,"https://s.afl.com.au/staticfile/AFL Tenant/AFL/Players/ChampIDImages/AFLW/2026264/1025662.png?im=Scale,width=0.6,height=0.6",Zoe,Barbakos,CD_T8796,STK,St Kilda,St Kilda,1,56.8,0,0,0,0,2,0,0,0,4,0,0,6,7,33,4,2,0,2,1,0,0,0,3,2,0,0,2,0,0,0,0,5,1,1,0,73,0,15,0,0,0,0,1,0,0,0,0,4,1,0,7,4,3,2026-09-27,data//AFLW_2026-09-27.csv,NA,NA,0.5714285714285714,0.5714285714285714,2,0.4,1,NA,NA,2.5,0.26666666666666666,NA,0,0,0,CD_M20262640709,7,2026-09-27,Gold Coast SUNS,CD_R202626407
CD_I1025669,32,KEY_DEFENDER,"https://s.afl.com.au/staticfile/AFL Tenant/AFL/Players/ChampIDImages/AFLW/2026264/1025669.png?im=Scale,width=0.6,height=0.6",Annabelle,Embelton,CD_T9407,HAW,Hawthorn,Hawks,7,100.39999999999998,0,0,0,0,1,2,6,0,3,0,0,4,4,10,2,1,0,1,0,0,0,0,3,3,0,0,0,0,3,0,0,1,0,0,0,-15,5,5,0,0,1,0,0,0,0,3,0,1,0,0,4,1,1,2026-09-27,data//AFLW_2026-09-27.csv,0.3333333333333333,NA,0.75,0.5,1,1,0.3333333333333333,NA,NA,0.3333333333333333,0.2,NA,0,0,0,CD_M20262640701,7,2026-09-24,Geelong Cats,CD_R202626407
CD_I1025671,14,MIDFIELDER,"https://s.afl.com.au/staticfile/AFL Tenant/AFL/Players/ChampIDImages/AFLW/2026264/1025671.png?im=Scale,width=0.6,height=0.6",Daisy,Flockart,CD_T9407,HAW,Hawthorn,Hawks,7,42.69999999999999,0,0,4,0,3,0,0,0,5,1,1,1,8,34,6,3,2,2,1,33.3,1,1,4,3,0,0,1,0,3,0,0,5,0,0,0,150,2,6,0,0,0,0,2,0,1,0,0,3,1,0,9,3,4,2026-09-27,data//AFLW_2026-09-27.csv,NA,1,0.5555555555555556,0.75,3,0.6,1,NA,NA,1.6666666666666667,0.5,NA,0,0.17391304347826086,0,CD_M20262640701,7,2026-09-24,Geelong Cats,CD_R202626407
CD_I1025674,1,KEY_FORWARD,"https://s.afl.com.au/staticfile/AFL Tenant/AFL/Players/ChampIDImages/AFLW/2026264/1025674.png?im=Scale,width=0.6,height=0.6",Emily,Gough,CD_T9406,ESS,Essendon,Bombers,7,88.09999999999997,1,0,2,0,2,0,0,0,2,0,0,0,8,27,4,1,0,1,1,37.5,1,0,1,4,5,0,0,0,1,0,0,4,1,1,0,93,1,3,0,0,0,17,3,0,1,1,1,0,0,1,9,2,7,2026-09-27,data//AFLW_2026-09-27.csv,NA,NA,0.2222222222222222,0.5,3,0.25,0.75,0.29411764705882354,0,1,0,NA,0.3333333333333333,0.14285714285714285,0,CD_M20262640702,7,2026-09-25,West Coast Eagles,CD_R202626407
CD_I1025677,55,MEDIUM_FORWARD,"https://s.afl.com.au/staticfile/AFL Tenant/AFL/Players/ChampIDImages/AFLW/2026264/1025677.png?im=Scale,width=0.6,height=0.6",Sophie,McKay,CD_T8096,CARL,Carlton,Blues,4,75.70000000000002,2,1,0,0,1,0,0,0,2,1,0,0,19,63,11,2,1,0,0,30,1,1,2,11,0,0,0,0,3,0,0,8,3,2,1,209,0,6,0,0,0,0,8,0,4,0,0,0,0,0,18,2,16,2026-09-27,data//AFLW_2026-09-27.csv,NA,0,0.1111111111111111,0.5789473684210527,9,0.25,0.8181818181818182,NA,NA,0.7272727272727273,0,NA,0,0,0,CD_M20262640704,7,2026-09-25,Richmond,CD_R202626407
CD_I1025789,29,MIDFIELDER,"https://s.afl.com.au/staticfile/AFL Tenant/AFL/Players/ChampIDImages/AFLW/2026264/1025789.png?im=Scale,width=0.6,height=0.6",Tanya,Kennedy,CD_T9408,SYD,Sydney Swans,Swans,4,86.89999999999998,0,0,4,0,1,0,0,0,5,0,0,10,15,91,7,7,1,0,0,100,0,1,4,2,0,0,0,0,2,0,0,13,2,1,0,180,2,17,0,0,2,0,4,0,1,2,2,9,2,2,9,3,4,2026-09-27,data//AFLW_2026-09-27.csv,NA,NA,0.5555555555555556,0.4666666666666667,0,0.5384615384615384,0,NA,NA,6.5,0.5294117647058824,NA,0,0.3333333333333333,0,CD_M20262640708,7,2026-09-27,Brisbane Lions,CD_R202626407
CD_I1025819,19,MEDIUM_DEFENDER,"https://s.afl.com.au/staticfile/AFL Tenant/AFL/Players/ChampIDImages/AFLW/2026264/1025819.png?im=Scale,width=0.6,height=0.6",Laela,Ebert,CD_T7386,MELB,Melbourne,Demons,6,70.5,0,0,0,1,2,1,3,0,4,0,0,8,12,45,9,7,0,0,0,0,0,0,4,3,0,0,3,0,3,0,0,9,4,0,0,276,2,8,0,0,5,0,0,0,0,1,0,0,0,1,12,4,8,2026-09-27,data//AFLW_2026-09-27.csv,0.3333333333333333,NA,0.3333333333333333,0.75,2,0.7777777777777778,0.6666666666666666,NA,NA,3,0,NA,0,0,0,CD_M20262640705,7,2026-09-25,North Melbourne,CD_R202626407
CD_I1025895,26,MEDIUM_DEFENDER,"https://s.afl.com.au/staticfile/AFL Tenant/AFL/Players/ChampIDImages/AFLW/2026264/1025895.png?im=Scale,width=0.6,height=0.6",Violet,Patterson,CD_T8097,COLL,Collingwood,Magpies,6,91,0,0,0,0,2,0,0,0,4,0,0,8,8,29,7,3,0,1,1,0,0,0,2,4,0,0,1,0,5,0,0,4,1,0,0,135,2,9,0,0,0,0,1,0,0,0,0,2,0,0,10,2,6,2026-09-27,data//AFLW_2026-09-27.csv,NA,NA,0.4,0.875,4,0.75,1,NA,NA,1,0.2222222222222222,NA,0,0,0,CD_M20262640706,7,2026-09-27,GWS GIANTS,CD_R202626407
CD_I1025962,12,RUCK,"https://s.afl.com.au/staticfile/AFL Tenant/AFL/Players/ChampIDImages/AFLW/2026264/1025962.png?im=Scale,width=0.6,height=0.6",Charlotte,Riggs,CD_T8787,WCE,West Coast Eagles,Eagles,7,71.59999999999997,0,0,10,1,4,0,0,1,2,1,0,6,14,69,7,3,0,1,0,0,0,0,1,5,8,2,4,0,1,0,0,9,5,0,0,314,1,9,0,0,1,33,1,0,0,1,0,3,0,1,14,4,12,2026-09-27,data//AFLW_2026-09-27.csv,NA,0,0.14285714285714285,0.5,4,0.3333333333333333,0.8,0.24242424242424243,0.06060606060606061,1.8,0.3333333333333333,NA,0.66,0.7142857142857143,0,CD_M20262640702,7,2026-09-25,Essendon,CD_R202626407
CD_I1025995,20,MIDFIELDER,"https://s.afl.com.au/staticfile/AFL Tenant/AFL/Players/ChampIDImages/AFLW/2026264/1025995.png?im=Scale,width=0.6,height=0.6",Lily,Goss,CD_T8096,CARL,Carlton,Blues,7,75.19999999999993,0,0,7,0,5,0,0,0,7,0,0,5,15,64,10,4,1,2,3,42.9,0,0,5,6,0,0,3,0,4,0,0,9,4,1,0,162,1,10,0,0,0,0,2,0,1,1,0,4,0,0,15,5,8,2026-09-27,data//AFLW_2026-09-27.csv,NA,NA,0.4666666666666667,0.6666666666666666,6,0.4444444444444444,1,NA,NA,1.5,0.4,NA,0,0.3888888888888889,0,CD_M20262640704,7,2026-09-25,Richmond,CD_R202626407
CD_I1026016,8,MEDIUM_DEFENDER,"https://s.afl.com.au/staticfile/AFL Tenant/AFL/Players/ChampIDImages/AFLW/2026264/1026016.png?im=Scale,width=0.6,height=0.6",Montana,Beruldsen,CD_T8788,RICH,Richmond,Richmond,7,90,0,2,0,0,7,1,1,0,5,0,0,10,14,54,9,8,0,1,0,0,0,0,5,2,0,0,0,0,5,4,4,12,3,0,0,256,0,14,0,0,2,0,1,0,0,0,0,2,0,0,11,7,6,2026-09-27,data//AFLW_2026-09-27.csv,1,NA,0.45454545454545453,0.6428571428571429,1,0.6666666666666666,0.5,NA,NA,6,0.14285714285714285,1,0,0,0.4,CD_M20262640704,7,2026-09-25,Carlton,CD_R202626407
CD_I1026111,22,MEDIUM_FORWARD,"https://s.afl.com.au/staticfile/AFL Tenant/AFL/Players/ChampIDImages/AFLW/2026264/1026111.png?im=Scale,width=0.6,height=0.6",Sophie,Peters,CD_T7887,BL,Brisbane Lions,Lions,7,76.09999999999991,0,0,0,0,2,0,0,0,3,0,0,6,9,33,7,4,0,1,2,100,0,0,1,3,0,0,0,0,3,0,0,6,2,0,0,111,1,7,0,0,2,0,1,0,0,1,1,1,0,1,10,3,7,2026-09-27,data//AFLW_2026-09-27.csv,NA,NA,0.3,0.7777777777777778,3,0.6666666666666666,1,NA,NA,2,0.14285714285714285,NA,0,0,0,CD_M20262640708,7,2026-09-27,Sydney Swans,CD_R202626407
CD_I1026137,24,MEDIUM_DEFENDER,"https://s.afl.com.au/staticfile/AFL Tenant/AFL/Players/ChampIDImages/AFLW/2026264/1026137.png?im=Scale,width=0.6,height=0.6",Claudia,Wright,CD_T7887,BL,Brisbane Lions,Lions,7,46.80000000000001,0,1,0,0,1,1,1,0,4,0,0,3,8,33,4,4,0,1,2,0,1,0,2,1,0,0,3,0,3,0,0,7,1,0,0,196,2,5,0,0,1,0,2,0,0,2,0,2,1,0,9,2,5,2026-09-27,data//AFLW_2026-09-27.csv,1,NA,0.4444444444444444,0.5,0,0.5714285714285714,0,NA,NA,7,0.4,NA,0,0,0,CD_M20262640708,7,2026-09-27,Sydney Swans,CD_R202626407
CD_I1026143,26,MEDIUM_FORWARD,"https://s.afl.com.au/staticfile/AFL Tenant/AFL/Players/ChampIDImages/AFLW/2026264/1026143.png?im=Scale,width=0.6,height=0.6",Emily,Elkington,CD_T9409,PORT,Port Adelaide,Power,6,69.40000000000003,0,0,0,0,2,0,0,0,4,0,0,8,5,30,3,1,1,1,2,50,0,0,2,3,0,0,0,0,1,0,0,2,1,0,0,50,0,14,0,0,1,0,1,0,0,0,0,4,1,0,5,1,1,2026-09-27,data//AFLW_2026-09-27.csv,NA,NA,0.8,0.6,2,0.5,0.6666666666666666,NA,NA,0.6666666666666666,0.2857142857142857,NA,0,0,0,CD_M20262640703,7,2026-09-25,Western Bulldogs,CD_R202626407
CD_I1026218,50,RUCK,"https://s.afl.com.au/staticfile/AFL Tenant/AFL/Players/ChampIDImages/AFLW/2026264/1026218.png?im=Scale,width=0.6,height=0.6",Emmelie,Fiedler,CD_T8796,STK,St Kilda,St Kilda,1,45.3,0,0,9,1,5,0,0,1,5,0,0,8,5,17,4,0,0,4,1,0,0,0,3,5,3,1,0,0,3,0,0,0,1,0,0,4,0,13,0,0,0,23,1,0,0,0,0,3,0,1,5,0,0,2026-09-27,data//AFLW_2026-09-27.csv,NA,NA,1,0.8,4,NA,0.8,0.13043478260869565,0.043478260869565216,0,0.23076923076923078,NA,0.48936170212765956,0.45,0,CD_M20262640709,7,2026-09-27,Gold Coast SUNS,CD_R202626407
CD_I1026227,15,MEDIUM_FORWARD,"https://s.afl.com.au/staticfile/AFL Tenant/AFL/Players/ChampIDImages/AFLW/2026264/1026227.png?im=Scale,width=0.6,height=0.6",Julia,Teakle,CD_T9409,PORT,Port Adelaide,Power,4,56.60000000000002,0,0,3,2,1,0,0,0,4,3,0,2,7,30,4,1,1,0,1,16.7,0,0,3,4,5,1,1,0,1,0,0,3,1,0,0,92,1,6,0,0,1,14,0,0,0,1,0,1,0,2,7,3,3,2026-09-27,data//AFLW_2026-09-27.csv,NA,0,0.5714285714285714,0.5714285714285714,3,0.3333333333333333,0.75,0.35714285714285715,0.07142857142857142,0.75,0.16666666666666666,NA,0.19444444444444445,0.15,0,CD_M20262640703,7,2026-09-25,Western Bulldogs,CD_R202626407
CD_I1026239,13,MEDIUM_DEFENDER,"https://s.afl.com.au/staticfile/AFL Tenant/AFL/Players/ChampIDImages/AFLW/2026264/1026239.png?im=Scale,width=0.6,height=0.6",Maya,Louvel-Finn,CD_T8796,STK,St Kilda,St Kilda,5,80.60000000000002,0,1,0,0,2,0,2,0,5,0,0,7,18,73,12,7,0,1,1,0,1,0,4,6,0,0,0,0,7,0,0,12,5,0,1,244,2,8,0,0,4,0,2,0,0,2,0,3,0,0,18,4,13,2026-09-27,data//AFLW_2026-09-27.csv,0,NA,0.2777777777777778,0.6666666666666666,5,0.5833333333333334,0.8333333333333334,NA,NA,2,0.375,NA,0,0,0,CD_M20262640709,7,2026-09-27,Gold Coast SUNS,CD_R202626407
CD_I1026281,11,MEDIUM_DEFENDER,"https://s.afl.com.au/staticfile/AFL Tenant/AFL/Players/ChampIDImages/AFLW/2026264/1026281.png?im=Scale,width=0.6,height=0.6",Evie,Cowcher,CD_T8467,GEEL,Geelong Cats,Cats,7,74.89999999999998,0,0,0,0,3,2,5,1,4,0,0,3,15,61,11,6,0,1,0,0,0,0,3,7,0,0,1,0,7,0,0,8,6,0,1,192,4,6,0,0,3,0,2,0,0,3,0,2,0,0,15,4,11,2026-09-27,data//AFLW_2026-09-27.csv,0.4,NA,0.26666666666666666,0.7333333333333333,5,0.75,0.7142857142857143,NA,NA,1.1428571428571428,0.3333333333333333,NA,0,0,0,CD_M20262640701,7,2026-09-24,Hawthorn,CD_R202626407
CD_I1026294,11,KEY_DEFENDER,"https://s.afl.com.au/staticfile/AFL Tenant/AFL/Players/ChampIDImages/AFLW/2026264/1026294.png?im=Scale,width=0.6,height=0.6",Ariana,Hetherington,CD_T8097,COLL,Collingwood,Magpies,7,99.69999999999993,0,0,0,0,2,0,2,0,6,0,0,2,7,25,5,4,0,1,1,100,0,0,4,1,0,0,2,0,7,0,0,6,1,0,0,155,4,5,0,0,3,0,2,0,0,3,0,1,0,0,9,4,3,2026-09-27,data//AFLW_2026-09-27.csv,0,NA,0.6666666666666666,0.7142857142857143,1,0.6666666666666666,1,NA,NA,6,0.2,NA,0,0,0,CD_M20262640706,7,2026-09-27,GWS GIANTS,CD_R202626407
CD_I1026372,11,KEY_DEFENDER,"https://s.afl.com.au/staticfile/AFL Tenant/AFL/Players/ChampIDImages/AFLW/2026264/1026372.png?im=Scale,width=0.6,height=0.6",Molly,O'Hehir,CD_T7386,MELB,Melbourne,Demons,7,80.59999999999997,1,0,0,0,0,0,1,1,7,0,0,9,11,40,5,2,2,0,1,25,0,0,4,6,0,0,1,0,4,0,0,5,1,0,0,120,1,15,0,0,0,0,1,0,1,0,0,2,1,0,12,2,5,2026-09-27,data//AFLW_2026-09-27.csv,0,NA,0.5833333333333334,0.45454545454545453,3,0.4,0.5,NA,NA,0.8333333333333334,0.13333333333333333,NA,0,0,0,CD_M20262640705,7,2026-09-25,North Melbourne,CD_R202626407
CD_I1026384,26,KEY_DEFENDER,"https://s.afl.com.au/staticfile/AFL Tenant/AFL/Players/ChampIDImages/AFLW/2026264/1026384.png?im=Scale,width=0.6,height=0.6",Indi,Strom,CD_T7886,FRE,Fremantle,Freo,4,91.20000000000005,0,1,0,0,2,0,1,0,2,0,0,1,5,25,4,3,0,1,0,0,0,0,0,1,0,0,1,0,4,0,0,4,2,0,0,170,5,6,0,0,3,0,1,0,0,3,0,2,0,0,5,1,3,2026-09-27,data//AFLW_2026-09-27.csv,0,NA,0.4,0.8,1,0.75,1,NA,NA,4,0.3333333333333333,NA,0,0,0,CD_M20262640707,7,2026-09-27,Adelaide Crows,CD_R202626407
CD_I1026479,12,KEY_FORWARD,"https://s.afl.com.au/staticfile/AFL Tenant/AFL/Players/ChampIDImages/AFLW/2026264/1026479.png?im=Scale,width=0.6,height=0.6",Olivia,Wolmarans,CD_T8788,RICH,Richmond,Richmond,7,100.19999999999993,0,0,0,0,4,0,0,0,8,1,0,0,11,53,6,3,6,1,0,50,0,2,6,6,0,0,0,0,0,0,0,5,3,2,2,71,2,7,0,0,0,0,6,0,2,0,0,2,1,0,13,6,5,2026-09-27,data//AFLW_2026-09-27.csv,NA,0,0.6153846153846154,0.5454545454545454,3,0.6,0.5,NA,NA,0.8333333333333334,0.2857142857142857,NA,0,0,0,CD_M20262640704,7,2026-09-25,Carlton,CD_R202626407
CD_I1026531,24,MIDFIELDER_FORWARD,"https://s.afl.com.au/staticfile/AFL Tenant/AFL/Players/ChampIDImages/AFLW/2026264/1026531.png?im=Scale,width=0.6,height=0.6",Charli,Wicksteed,CD_T8788,RICH,Richmond,Richmond,7,76.30000000000007,0,0,0,0,2,0,0,0,3,0,0,3,14,64,8,3,0,0,1,40,0,0,2,5,0,0,2,0,4,0,0,9,6,0,2,171,1,12,0,0,2,0,2,0,0,0,0,2,0,0,14,4,11,2026-09-27,data//AFLW_2026-09-27.csv,NA,NA,0.21428571428571427,0.5714285714285714,5,0.3333333333333333,1,NA,NA,1.8,0.16666666666666666,NA,0,0,0,CD_M20262640704,7,2026-09-25,Carlton,CD_R202626407
CD_I1026929,31,RUCK,"https://s.afl.com.au/staticfile/AFL Tenant/AFL/Players/ChampIDImages/AFLW/2026264/1026929.png?im=Scale,width=0.6,height=0.6",Lucy,Wales,CD_T9407,HAW,Hawthorn,Hawks,7,91.60000000000002,1,0,12,0,1,0,2,2,10,2,1,7,15,97,9,5,1,0,4,33.3,1,0,4,7,18,5,0,0,8,0,0,8,4,1,0,149,2,19,0,0,2,25,4,0,2,3,0,6,1,0,15,2,5,2026-09-27,data//AFLW_2026-09-27.csv,0,0.5,0.6666666666666666,0.6,4,0.625,0.5714285714285714,0.72,0.2,1.1428571428571428,0.3157894736842105,NA,0.5952380952380952,0.5217391304347826,0,CD_M20262640701,7,2026-09-24,Geelong Cats,CD_R202626407
CD_I1026937,23,MEDIUM_FORWARD,"https://s.afl.com.au/staticfile/AFL Tenant/AFL/Players/ChampIDImages/AFLW/2026264/1026937.png?im=Scale,width=0.6,height=0.6",Rania,Crozier,CD_T7887,BL,Brisbane Lions,Lions,5,44.5,0,0,0,0,0,0,0,0,3,0,0,2,6,34,5,2,2,0,1,40,0,1,2,3,0,0,0,0,0,0,0,3,0,0,0,48,0,6,0,0,0,0,2,0,2,0,0,3,1,0,6,1,3,2026-09-27,data//AFLW_2026-09-27.csv,NA,NA,0.5,0.8333333333333334,3,0.6666666666666666,1,NA,NA,1,0.5,NA,0,0,0,CD_M20262640708,7,2026-09-27,Sydney Swans,CD_R202626407
CD_I1026947,24,MEDIUM_FORWARD,"https://s.afl.com.au/staticfile/AFL Tenant/AFL/Players/ChampIDImages/AFLW/2026264/1026947.png?im=Scale,width=0.6,height=0.6",Chantal,Mason,CD_T8467,GEEL,Geelong Cats,Cats,7,76.29999999999995,2,0,7,0,3,0,0,0,3,2,0,4,12,54,7,4,0,1,0,25,2,0,3,4,2,1,5,0,1,0,0,8,3,0,1,249,2,7,0,0,1,15,6,0,2,2,0,3,0,0,12,3,9,2026-09-27,data//AFLW_2026-09-27.csv,NA,0,0.25,0.5833333333333334,3,0.5,0.75,0.13333333333333333,0.06666666666666667,2,0.42857142857142855,NA,0.35714285714285715,0.30434782608695654,0,CD_M20262640701,7,2026-09-24,Hawthorn,CD_R202626407
CD_I1027057,11,MIDFIELDER,"https://s.afl.com.au/staticfile/AFL Tenant/AFL/Players/ChampIDImages/AFLW/2026264/1027057.png?im=Scale,width=0.6,height=0.6",Mia,Russo,CD_T8787,WCE,West Coast Eagles,Eagles,6,43.5,0,0,5,1,2,0,0,0,5,0,0,1,7,17,6,2,1,1,0,0,0,0,4,5,0,0,2,0,1,0,0,2,0,0,0,71,1,2,0,0,0,0,1,0,0,0,2,1,0,3,8,3,3,2026-09-27,data//AFLW_2026-09-27.csv,NA,NA,0.625,0.8571428571428571,4,1,0.8,NA,NA,0.4,0.5,NA,0,0.35714285714285715,0,CD_M20262640702,7,2026-09-25,Essendon,CD_R202626407
CD_I1027544,11,KEY_FORWARD,"https://s.afl.com.au/staticfile/AFL Tenant/AFL/Players/ChampIDImages/AFLW/2026264/1027544.png?im=Scale,width=0.6,height=0.6",Zoe,Besanko,CD_T8796,STK,St Kilda,St Kilda,7,90.39999999999998,0,0,0,0,2,0,0,0,2,1,0,1,7,18,4,2,0,1,1,0,1,0,1,5,0,0,1,0,0,0,0,2,0,0,0,78,0,5,0,0,0,1,1,0,0,0,0,1,0,0,8,3,6,2026-09-27,data//AFLW_2026-09-27.csv,NA,0,0.25,0.5714285714285714,2,1,0.4,0,0,0.4,0.2,NA,0.02127659574468085,0,0,CD_M20262640709,7,2026-09-27,Gold Coast SUNS,CD_R202626407
CD_I1027545,32,MEDIUM_FORWARD,"https://s.afl.com.au/staticfile/AFL Tenant/AFL/Players/ChampIDImages/AFLW/2026264/1027545.png?im=Scale,width=0.6,height=0.6",Kayla,Dalgleish,CD_T8787,WCE,West Coast Eagles,Eagles,4,75.69999999999999,0,0,0,0,2,0,0,0,3,0,0,2,5,33,3,1,2,1,1,25,0,0,2,3,0,0,0,0,2,0,0,2,1,1,0,30,0,16,0,0,0,0,1,0,0,0,0,5,2,0,7,1,4,2026-09-27,data//AFLW_2026-09-27.csv,NA,NA,0.42857142857142855,0.6,2,0.5,0.6666666666666666,NA,NA,0.6666666666666666,0.3125,NA,0,0,0,CD_M20262640702,7,2026-09-25,Essendon,CD_R202626407
CD_I1027783,30,RUCK,"https://s.afl.com.au/staticfile/AFL Tenant/AFL/Players/ChampIDImages/AFLW/2026264/1027783.png?im=Scale,width=0.6,height=0.6",Stephanie,Wales,CD_T9406,ESS,Essendon,Bombers,7,89.89999999999998,0,0,10,2,3,0,0,2,16,2,2,8,20,86,15,7,3,2,2,50,0,1,10,11,13,6,1,0,5,0,0,9,6,1,1,179,2,9,0,0,1,31,7,0,1,1,1,1,0,3,23,1,7,2026-09-27,data//AFLW_2026-09-27.csv,NA,1,0.6956521739130435,0.75,8,0.7777777777777778,0.7272727272727273,0.41935483870967744,0.1935483870967742,0.8181818181818182,0.1111111111111111,NA,0.6078431372549019,0.7142857142857143,0,CD_M20262640702,7,2026-09-25,West Coast Eagles,CD_R202626407
CD_I1028846,21,MEDIUM_FORWARD,"https://s.afl.com.au/staticfile/AFL Tenant/AFL/Players/ChampIDImages/AFLW/2026264/1028846.png?im=Scale,width=0.6,height=0.6",Heidi,Talbot,CD_T8786,GCFC,Gold Coast SUNS,SUNS,7,81.30000000000007,0,0,0,0,3,0,0,0,7,0,0,2,17,64,9,3,1,0,1,0,1,0,6,9,0,0,0,0,4,0,0,8,3,1,0,188,2,12,0,0,1,0,4,0,1,1,2,3,1,2,16,6,9,2026-09-27,data//AFLW_2026-09-27.csv,NA,NA,0.4375,0.5294117647058824,6,0.375,0.6666666666666666,NA,NA,0.8888888888888888,0.25,NA,0,0,0,CD_M20262640709,7,2026-09-27,St Kilda,CD_R202626407
CD_I1029279,2,MEDIUM_FORWARD,"https://s.afl.com.au/staticfile/AFL Tenant/AFL/Players/ChampIDImages/AFLW/2026264/1029279.png?im=Scale,width=0.6,height=0.6",Holly,Cooper,CD_T9408,SYD,Sydney Swans,Swans,6,55,0,0,0,0,1,0,0,0,4,0,0,1,6,16,4,1,0,1,0,60,0,0,2,3,0,0,1,0,2,0,0,3,0,0,0,82,2,7,0,0,0,0,3,0,0,0,0,1,0,0,7,1,3,2026-09-27,data//AFLW_2026-09-27.csv,NA,NA,0.5714285714285714,0.6666666666666666,3,0.3333333333333333,1,NA,NA,1,0.14285714285714285,NA,0,0,0,CD_M20262640708,7,2026-09-27,Brisbane Lions,CD_R202626407
CD_I1029614,1,RUCK,"https://s.afl.com.au/staticfile/AFL Tenant/AFL/Players/ChampIDImages/AFLW/2026264/1029614.png?im=Scale,width=0.6,height=0.6",Eleanor,Hartill,CD_T7887,BL,Brisbane Lions,Lions,6,79.09999999999997,0,0,2,0,3,0,1,0,6,1,0,3,10,35,7,2,0,1,1,40,0,0,2,6,9,3,1,0,0,0,0,4,0,0,0,33,2,11,0,0,1,34,2,0,0,2,2,1,0,2,11,2,5,2026-09-27,data//AFLW_2026-09-27.csv,0,0,0.5454545454545454,0.7,5,0.5,0.8333333333333334,0.2647058823529412,0.08823529411764706,0.6666666666666666,0.09090909090909091,NA,0.4594594594594595,0.16666666666666666,0,CD_M20262640708,7,2026-09-27,Sydney Swans,CD_R202626407
CD_I1029615,14,MEDIUM_DEFENDER,"https://s.afl.com.au/staticfile/AFL Tenant/AFL/Players/ChampIDImages/AFLW/2026264/1029615.png?im=Scale,width=0.6,height=0.6",Erika,O'Shea,CD_T8466,NMFC,North Melbourne,Kangaroos,6,91.59999999999991,0,1,0,0,4,0,1,1,7,0,0,11,21,82,14,7,0,1,0,50,0,1,6,8,0,0,0,0,6,0,0,13,4,0,0,375,4,11,0,0,1,0,3,0,1,3,0,3,0,0,21,8,14,2026-09-27,data//AFLW_2026-09-27.csv,0,NA,0.3333333333333333,0.6666666666666666,7,0.5384615384615384,0.875,NA,NA,1.625,0.2727272727272727,NA,0,0,0,CD_M20262640705,7,2026-09-25,Melbourne,CD_R202626407
CD_I1029617,25,KEY_DEFENDER,"https://s.afl.com.au/staticfile/AFL Tenant/AFL/Players/ChampIDImages/AFLW/2026264/1029617.png?im=Scale,width=0.6,height=0.6",Cambridge,McCormick,CD_T7889,GWS,GWS GIANTS,GIANTS,7,87.89999999999998,0,1,0,0,3,0,2,0,4,0,0,9,16,58,11,9,0,0,1,0,0,0,2,3,0,0,2,0,4,7,7,13,0,0,0,475,2,12,0,0,6,0,0,0,0,1,1,3,0,1,8,6,4,2026-09-27,data//AFLW_2026-09-27.csv,0,NA,0.5,0.6875,2,0.6923076923076923,0.6666666666666666,NA,NA,4.333333333333333,0.25,1,0,0,0.7,CD_M20262640706,7,2026-09-27,Collingwood,CD_R202626407
CD_I1029618,13,MEDIUM_FORWARD,"https://s.afl.com.au/staticfile/AFL Tenant/AFL/Players/ChampIDImages/AFLW/2026264/1029618.png?im=Scale,width=0.6,height=0.6",Vikki,Wall,CD_T8466,NMFC,North Melbourne,Kangaroos,7,87.69999999999993,0,0,0,0,6,0,0,0,5,2,2,3,18,79,14,4,2,2,0,18.2,3,1,4,10,0,0,2,0,3,0,0,8,5,2,2,242,4,11,0,0,1,0,7,0,1,2,0,5,1,0,17,6,12,2026-09-27,data//AFLW_2026-09-27.csv,NA,1,0.29411764705882354,0.7777777777777778,10,0.5,1,NA,NA,0.8,0.45454545454545453,NA,0,0,0,CD_M20262640705,7,2026-09-25,Melbourne,CD_R202626407
CD_I1029621,25,MIDFIELDER_FORWARD,"https://s.afl.com.au/staticfile/AFL Tenant/AFL/Players/ChampIDImages/AFLW/2026264/1029621.png?im=Scale,width=0.6,height=0.6",Megan,Kauffman,CD_T7886,FRE,Fremantle,Freo,7,75.89999999999998,0,0,3,0,2,0,0,0,5,0,0,5,12,53,8,7,0,1,0,66.7,0,0,4,1,0,0,1,0,3,0,0,11,3,1,1,241,1,9,0,0,2,0,1,0,0,0,2,3,0,2,13,2,8,2026-09-27,data//AFLW_2026-09-27.csv,NA,NA,0.38461538461538464,0.6666666666666666,1,0.6363636363636364,1,NA,NA,11,0.3333333333333333,NA,0,0.16666666666666666,0,CD_M20262640707,7,2026-09-27,Adelaide Crows,CD_R202626407
CD_I1029623,14,MIDFIELDER,"https://s.afl.com.au/staticfile/AFL Tenant/AFL/Players/ChampIDImages/AFLW/2026264/1029623.png?im=Scale,width=0.6,height=0.6",Orlagh,Lally,CD_T7886,FRE,Fremantle,Freo,7,47.900000000000034,0,0,0,0,0,0,0,0,4,0,0,7,8,39,4,2,0,0,1,0,0,0,3,2,0,0,2,0,1,0,0,6,0,0,0,142,1,13,0,0,1,0,1,0,1,1,2,4,0,2,8,1,4,2026-09-27,data//AFLW_2026-09-27.csv,NA,NA,0.5,0.5,2,0.3333333333333333,1,NA,NA,3,0.3076923076923077,NA,0,0,0,CD_M20262640707,7,2026-09-27,Adelaide Crows,CD_R202626407
CD_I1029626,13,KEY_FORWARD,"https://s.afl.com.au/staticfile/AFL Tenant/AFL/Players/ChampIDImages/AFLW/2026264/1029626.png?im=Scale,width=0.6,height=0.6",Aine,McDonagh,CD_T9407,HAW,Hawthorn,Hawks,7,95.80000000000007,2,0,0,0,1,0,0,1,8,3,0,2,12,66,6,4,2,0,2,64.3,1,2,4,2,0,0,2,0,1,0,0,10,4,2,2,209,2,7,0,0,0,0,5,0,5,0,0,1,1,0,14,3,6,2026-09-27,data//AFLW_2026-09-27.csv,NA,0,0.5714285714285714,0.5,2,0.4,1,NA,NA,5,0.14285714285714285,NA,0,0,0,CD_M20262640701,7,2026-09-24,Geelong Cats,CD_R202626407
CD_I1029952,4,MEDIUM_FORWARD,"https://s.afl.com.au/staticfile/AFL Tenant/AFL/Players/ChampIDImages/AFLW/2026264/1029952.png?im=Scale,width=0.6,height=0.6",Jade,McLay,CD_T8796,STK,St Kilda,St Kilda,5,63.89999999999998,1,0,10,1,4,0,0,0,8,0,0,10,14,45,8,3,0,0,0,45.5,0,0,6,9,0,0,3,0,1,0,0,5,1,0,0,111,2,18,0,0,1,0,1,0,1,1,2,2,0,3,15,1,7,2026-09-27,data//AFLW_2026-09-27.csv,NA,NA,0.5333333333333333,0.5714285714285714,5,0.6,0.5555555555555556,NA,NA,0.5555555555555556,0.1111111111111111,NA,0,0.5,0,CD_M20262640709,7,2026-09-27,Gold Coast SUNS,CD_R202626407
CD_I1030188,2,MEDIUM_FORWARD,"https://s.afl.com.au/staticfile/AFL Tenant/AFL/Players/ChampIDImages/AFLW/2026264/1030188.png?im=Scale,width=0.6,height=0.6",Sunny,Lappin,CD_T8786,GCFC,Gold Coast SUNS,SUNS,7,73.2000000000001,0,0,2,0,4,0,0,0,1,0,0,3,12,49,8,5,0,1,0,50,2,1,1,4,0,0,2,0,0,0,0,8,2,0,2,269,0,10,0,0,1,0,5,0,2,0,1,2,1,1,13,5,12,2026-09-27,data//AFLW_2026-09-27.csv,NA,NA,0.07692307692307693,0.6666666666666666,3,0.625,0.75,NA,NA,2,0.2,NA,0,0.1,0,CD_M20262640709,7,2026-09-27,St Kilda,CD_R202626407
CD_I1030189,10,MEDIUM_FORWARD,"https://s.afl.com.au/staticfile/AFL Tenant/AFL/Players/ChampIDImages/AFLW/2026264/1030189.png?im=Scale,width=0.6,height=0.6",Ava,Usher,CD_T8786,GCFC,Gold Coast SUNS,SUNS,7,95.79999999999995,2,1,4,0,7,0,0,0,4,1,0,3,17,65,11,7,1,3,2,35,0,1,2,5,0,0,3,0,1,0,0,12,2,0,0,307,0,8,0,0,0,0,6,0,4,0,1,3,0,1,18,6,14,2026-09-27,data//AFLW_2026-09-27.csv,NA,0,0.2222222222222222,0.6470588235294118,4,0.5833333333333334,0.8,NA,NA,2.4,0.375,NA,0,0.2,0,CD_M20262640709,7,2026-09-27,St Kilda,CD_R202626407
CD_I1030199,15,MEDIUM_FORWARD,"https://s.afl.com.au/staticfile/AFL Tenant/AFL/Players/ChampIDImages/AFLW/2026264/1030199.png?im=Scale,width=0.6,height=0.6",Alannah,Welsh,CD_T8786,GCFC,Gold Coast SUNS,SUNS,6,65.70000000000005,1,0,0,0,3,0,0,1,2,0,0,3,9,49,5,4,0,0,2,50,0,1,0,1,0,0,2,0,0,0,0,8,2,1,0,186,0,7,0,0,1,0,5,0,2,0,0,2,0,0,8,3,6,2026-09-27,data//AFLW_2026-09-27.csv,NA,NA,0.25,0.5555555555555556,1,0.5,1,NA,NA,8,0.2857142857142857,NA,0,0,0,CD_M20262640709,7,2026-09-27,St Kilda,CD_R202626407
CD_I1030201,4,KEY_DEFENDER,"https://s.afl.com.au/staticfile/AFL Tenant/AFL/Players/ChampIDImages/AFLW/2026264/1030201.png?im=Scale,width=0.6,height=0.6",Georja,Davies,CD_T8786,GCFC,Gold Coast SUNS,SUNS,7,86.69999999999993,0,0,0,0,5,1,2,1,7,0,0,3,9,26,6,5,0,2,1,0,0,0,5,2,0,0,0,0,8,0,0,7,2,0,0,149,3,3,0,0,2,0,1,0,0,3,0,0,0,0,10,2,3,2026-09-27,data//AFLW_2026-09-27.csv,0.5,NA,0.7,0.6666666666666666,1,0.7142857142857143,0.5,NA,NA,3.5,0,NA,0,0,0,CD_M20262640709,7,2026-09-27,St Kilda,CD_R202626407
CD_I1030203,24,KEY_FORWARD,"https://s.afl.com.au/staticfile/AFL Tenant/AFL/Players/ChampIDImages/AFLW/2026264/1030203.png?im=Scale,width=0.6,height=0.6",Dekota,Baron,CD_T8786,GCFC,Gold Coast SUNS,SUNS,4,75.5,1,2,0,0,3,0,0,1,4,0,0,1,11,58,10,4,1,3,1,62.5,0,3,3,6,0,0,4,0,2,0,0,5,4,2,1,203,0,3,0,0,0,0,7,0,4,0,0,2,2,0,12,2,8,2026-09-27,data//AFLW_2026-09-27.csv,NA,NA,0.3333333333333333,0.9090909090909091,6,0.8,1,NA,NA,0.8333333333333334,0.6666666666666666,NA,0,0,0,CD_M20262640709,7,2026-09-27,St Kilda,CD_R202626407
CD_I1030952,21,MEDIUM_FORWARD,"https://s.afl.com.au/staticfile/AFL Tenant/AFL/Players/ChampIDImages/AFLW/2026264/1030952.png?im=Scale,width=0.6,height=0.6",Lucy,Waye,CD_T8098,ADEL,Adelaide Crows,Crows,4,51.89999999999998,0,0,0,0,2,0,0,0,1,0,0,1,5,16,3,1,1,0,0,25,0,0,1,3,0,0,0,0,0,0,0,2,0,0,0,40,1,3,0,0,0,0,3,0,1,1,0,1,0,0,5,2,4,2026-09-27,data//AFLW_2026-09-27.csv,NA,NA,0.2,0.6,2,0.5,0.6666666666666666,NA,NA,0.6666666666666666,0.3333333333333333,NA,0,0,0,CD_M20262640707,7,2026-09-27,Fremantle,CD_R202626407
CD_I1030962,23,MIDFIELDER,"https://s.afl.com.au/staticfile/AFL Tenant/AFL/Players/ChampIDImages/AFLW/2026264/1030962.png?im=Scale,width=0.6,height=0.6",Sophie,Eaton,CD_T9409,PORT,Port Adelaide,Power,6,77.79999999999995,0,1,0,0,4,0,1,0,3,1,0,4,10,35,7,4,0,1,1,0,0,0,2,4,0,0,1,0,1,0,0,6,1,0,0,179,1,8,0,0,1,0,1,0,0,1,0,2,0,0,11,1,8,2026-09-27,data//AFLW_2026-09-27.csv,0,0,0.2727272727272727,0.7,3,0.6666666666666666,0.75,NA,NA,1.5,0.25,NA,0,0,0,CD_M20262640703,7,2026-09-25,Western Bulldogs,CD_R202626407
CD_I1030964,3,MEDIUM_FORWARD,"https://s.afl.com.au/staticfile/AFL Tenant/AFL/Players/ChampIDImages/AFLW/2026264/1030964.png?im=Scale,width=0.6,height=0.6",Jasmine,Evans,CD_T9409,PORT,Port Adelaide,Power,1,60.8,0,0,0,0,2,0,0,0,2,0,0,2,4,7,2,1,0,1,0,0,0,0,2,2,0,0,0,0,1,0,0,2,0,0,0,43,1,6,0,0,1,0,0,0,0,1,1,0,0,1,4,1,2,2026-09-27,data//AFLW_2026-09-27.csv,NA,NA,0.5,0.5,1,0.5,0.5,NA,NA,1,0,NA,0,0,0,CD_M20262640703,7,2026-09-25,Western Bulldogs,CD_R202626407
CD_I1031248,37,MEDIUM_DEFENDER,"https://s.afl.com.au/staticfile/AFL Tenant/AFL/Players/ChampIDImages/AFLW/2026264/1031248.png?im=Scale,width=0.6,height=0.6",Fina,Dethlefsen,CD_T8788,RICH,Richmond,Richmond,5,65.39999999999998,0,0,3,0,2,0,0,1,5,0,0,5,8,39,6,3,0,0,0,0,0,0,4,3,0,0,1,0,5,0,0,5,2,0,0,146,1,10,0,0,1,3,1,0,0,0,0,3,0,0,8,2,3,2026-09-27,data//AFLW_2026-09-27.csv,NA,NA,0.625,0.75,3,0.6,1,0,0,1.6666666666666667,0.3,NA,0.06521739130434782,0.16901408450704225,0,CD_M20262640704,7,2026-09-25,Carlton,CD_R202626407
CD_I1031272,29,MEDIUM_DEFENDER,"https://s.afl.com.au/staticfile/AFL Tenant/AFL/Players/ChampIDImages/AFLW/2026264/1031272.png?im=Scale,width=0.6,height=0.6",Indiana,West,CD_T7886,FRE,Fremantle,Freo,7,81.19999999999993,0,0,0,0,3,1,1,0,2,0,0,4,7,41,6,5,1,2,1,0,2,0,1,1,0,0,0,0,1,0,0,6,2,0,0,110,3,10,0,0,1,0,4,0,0,2,1,5,2,1,7,1,5,2026-09-27,data//AFLW_2026-09-27.csv,1,NA,0.2857142857142857,0.8571428571428571,1,0.8333333333333334,1,NA,NA,6,0.5,NA,0,0,0,CD_M20262640707,7,2026-09-27,Adelaide Crows,CD_R202626407
CD_I1031354,22,KEY_DEFENDER,"https://s.afl.com.au/staticfile/AFL Tenant/AFL/Players/ChampIDImages/AFLW/2026264/1031354.png?im=Scale,width=0.6,height=0.6",Claire,Mahony,CD_T8466,NMFC,North Melbourne,Kangaroos,7,63.80000000000007,0,0,0,0,0,0,0,1,2,0,0,6,6,28,4,2,0,0,0,0,0,0,1,4,0,0,0,0,1,0,0,2,2,0,0,38,2,6,0,0,1,0,1,0,0,0,0,2,0,0,6,0,4,2026-09-27,data//AFLW_2026-09-27.csv,NA,NA,0.3333333333333333,0.6666666666666666,2,1,0.5,NA,NA,0.5,0.3333333333333333,NA,0,0,0,CD_M20262640705,7,2026-09-25,Melbourne,CD_R202626407
CD_I1031366,11,KEY_DEFENDER,"https://s.afl.com.au/staticfile/AFL Tenant/AFL/Players/ChampIDImages/AFLW/2026264/1031366.png?im=Scale,width=0.6,height=0.6",Holly,Egan,CD_T7886,FRE,Fremantle,Freo,5,75.10000000000002,0,0,0,0,1,1,1,0,5,0,0,7,8,31,7,3,0,1,0,0,0,0,5,4,0,0,0,0,7,0,0,4,2,0,0,86,3,9,0,0,0,0,0,0,0,2,0,2,0,0,8,1,3,2026-09-27,data//AFLW_2026-09-27.csv,1,NA,0.625,0.875,4,0.75,1,NA,NA,1,0.2222222222222222,NA,0,0,0,CD_M20262640707,7,2026-09-27,Adelaide Crows,CD_R202626407
CD_I1031378,10,MIDFIELDER,"https://s.afl.com.au/staticfile/AFL Tenant/AFL/Players/ChampIDImages/AFLW/2026264/1031378.png?im=Scale,width=0.6,height=0.6",Holly,Ridewood,CD_T9406,ESS,Essendon,Bombers,7,90.90000000000003,0,0,0,1,0,0,0,0,11,0,0,4,14,42,12,6,1,0,1,0,0,0,10,8,0,0,3,0,7,0,0,6,1,0,0,171,2,7,0,0,2,0,4,0,0,2,1,1,0,2,14,1,3,2026-09-27,data//AFLW_2026-09-27.csv,NA,NA,0.7857142857142857,0.8571428571428571,6,1,0.75,NA,NA,0.75,0.14285714285714285,NA,0,0,0,CD_M20262640702,7,2026-09-25,West Coast Eagles,CD_R202626407
CD_I1031390,9,KEY_FORWARD,"https://s.afl.com.au/staticfile/AFL Tenant/AFL/Players/ChampIDImages/AFLW/2026264/1031390.png?im=Scale,width=0.6,height=0.6",Emma,McDonald,CD_T7387,WB,Western Bulldogs,Bulldogs,7,87.60000000000002,1,0,0,0,1,0,0,1,3,2,0,1,10,50,8,5,1,0,0,57.1,0,0,2,3,0,0,3,0,0,0,0,7,6,1,3,176,2,2,0,0,0,3,3,0,1,2,0,1,0,0,10,3,7,2026-09-27,data//AFLW_2026-09-27.csv,NA,0,0.3,0.8,3,0.7142857142857143,1,0,0,2.3333333333333335,0.5,NA,0.041666666666666664,0,0,CD_M20262640703,7,2026-09-25,Port Adelaide,CD_R202626407
CD_I1031398,11,MIDFIELDER,"https://s.afl.com.au/staticfile/AFL Tenant/AFL/Players/ChampIDImages/AFLW/2026264/1031398.png?im=Scale,width=0.6,height=0.6",Isabel,Bacon,CD_T8788,RICH,Richmond,Richmond,7,70.69999999999993,0,0,13,3,3,0,0,0,9,0,0,12,18,68,14,4,0,0,2,50,1,0,6,11,0,0,2,0,3,0,0,7,1,0,0,193,0,17,0,0,2,0,3,0,0,0,3,5,0,6,17,3,8,2026-09-27,data//AFLW_2026-09-27.csv,NA,NA,0.5294117647058824,0.7777777777777778,10,0.5714285714285714,0.9090909090909091,NA,NA,0.6363636363636364,0.29411764705882354,NA,0,0.7323943661971831,0,CD_M20262640704,7,2026-09-25,Carlton,CD_R202626407
CD_I1031412,33,MIDFIELDER_FORWARD,"https://s.afl.com.au/staticfile/AFL Tenant/AFL/Players/ChampIDImages/AFLW/2026264/1031412.png?im=Scale,width=0.6,height=0.6",Mackenzie,Ford,CD_T8788,RICH,Richmond,Richmond,7,71.99999999999989,0,0,6,0,0,0,0,0,4,1,0,4,11,57,7,3,1,0,1,0,0,0,3,4,0,0,4,0,1,0,0,7,1,1,0,235,0,21,0,0,0,0,2,0,1,0,2,6,0,2,11,3,7,2026-09-27,data//AFLW_2026-09-27.csv,NA,0,0.36363636363636365,0.6363636363636364,4,0.42857142857142855,1,NA,NA,1.75,0.2857142857142857,NA,0,0.3380281690140845,0,CD_M20262640704,7,2026-09-25,Carlton,CD_R202626407
CD_I1031562,28,MIDFIELDER,"https://s.afl.com.au/staticfile/AFL Tenant/AFL/Players/ChampIDImages/AFLW/2026264/1031562.png?im=Scale,width=0.6,height=0.6",Emma,Juneja,CD_T9408,SYD,Sydney Swans,Swans,5,41.89999999999998,0,0,0,0,2,0,0,0,2,0,0,8,4,22,1,0,0,0,1,100,0,0,1,2,0,0,0,0,1,0,0,2,1,0,0,55,1,10,0,0,0,0,1,0,0,1,0,2,1,0,5,0,3,2026-09-27,data//AFLW_2026-09-27.csv,NA,NA,0.4,0.25,1,0,0.5,NA,NA,1,0.2,NA,0,0,0,CD_M20262640708,7,2026-09-27,Brisbane Lions,CD_R202626407
CD_I1031564,21,MEDIUM_FORWARD,"https://s.afl.com.au/staticfile/AFL Tenant/AFL/Players/ChampIDImages/AFLW/2026264/1031564.png?im=Scale,width=0.6,height=0.6",Amelia,Martin,CD_T9408,SYD,Sydney Swans,Swans,1,75.9,0,0,0,0,3,0,1,0,2,0,0,4,5,21,3,2,0,2,0,0,0,0,2,1,0,0,2,0,3,1,1,4,3,0,0,119,1,5,0,0,1,0,0,0,0,1,1,1,0,1,5,3,3,2026-09-27,data//AFLW_2026-09-27.csv,0,NA,0.4,0.6,1,0.5,1,NA,NA,4,0.2,1,0,0,0.2,CD_M20262640708,7,2026-09-27,Brisbane Lions,CD_R202626407
CD_I1031784,20,MEDIUM_DEFENDER,"https://s.afl.com.au/staticfile/AFL Tenant/AFL/Players/ChampIDImages/AFLW/2026264/1031784.png?im=Scale,width=0.6,height=0.6",Cleo,Buttifant,CD_T7387,WB,Western Bulldogs,Bulldogs,7,63.2000000000001,0,0,10,1,3,0,0,0,6,0,0,7,15,52,12,4,1,2,0,100,0,0,6,8,0,0,3,0,2,0,0,7,3,0,0,231,0,10,0,0,2,0,2,0,0,0,2,3,1,3,16,2,10,2026-09-27,data//AFLW_2026-09-27.csv,NA,NA,0.375,0.8,8,0.5714285714285714,1,NA,NA,0.875,0.3,NA,0,0.5,0,CD_M20262640703,7,2026-09-25,Port Adelaide,CD_R202626407
CD_I1032495,27,MEDIUM_DEFENDER,"https://s.afl.com.au/staticfile/AFL Tenant/AFL/Players/ChampIDImages/AFLW/2026264/1032495.png?im=Scale,width=0.6,height=0.6",Rhianna,Ingram,CD_T8786,GCFC,Gold Coast SUNS,SUNS,1,77.3,0,0,0,0,1,0,0,0,2,0,0,7,13,53,8,3,0,1,1,0,0,0,1,5,0,0,1,0,3,0,0,8,3,0,0,118,1,8,0,0,0,0,3,0,0,1,0,3,0,0,12,1,10,2026-09-27,data//AFLW_2026-09-27.csv,NA,NA,0.16666666666666666,0.6153846153846154,5,0.375,1,NA,NA,1.6,0.375,NA,0,0,0,CD_M20262640709,7,2026-09-27,St Kilda,CD_R202626407
CD_I1032499,32,MEDIUM_FORWARD,"https://s.afl.com.au/staticfile/AFL Tenant/AFL/Players/ChampIDImages/AFLW/2026264/1032499.png?im=Scale,width=0.6,height=0.6",Bronte,Parker,CD_T8786,GCFC,Gold Coast SUNS,SUNS,7,66.90000000000003,0,0,0,0,1,0,0,0,3,0,0,6,12,44,8,2,0,0,0,0,0,0,3,7,0,0,0,0,4,0,0,5,1,0,0,3,0,10,0,0,0,0,3,0,0,0,0,3,0,0,10,1,7,2026-09-27,data//AFLW_2026-09-27.csv,NA,NA,0.3,0.6666666666666666,6,0.4,0.8571428571428571,NA,NA,0.7142857142857143,0.3,NA,0,0,0,CD_M20262640709,7,2026-09-27,St Kilda,CD_R202626407
CD_I1032556,19,KEY_FORWARD,"https://s.afl.com.au/staticfile/AFL Tenant/AFL/Players/ChampIDImages/AFLW/2026264/1032556.png?im=Scale,width=0.6,height=0.6",Maddie,Quinn,CD_T9408,SYD,Sydney Swans,Swans,7,46.900000000000034,1,0,0,0,1,0,0,0,0,3,0,2,3,11,1,1,0,1,0,20,0,0,0,1,2,1,1,0,0,0,0,2,1,1,0,67,0,7,0,0,0,4,1,0,1,0,0,0,0,0,3,2,3,2026-09-27,data//AFLW_2026-09-27.csv,NA,0,0,0.3333333333333333,0,0.5,0,0.5,0.25,2,0,NA,0.05405405405405406,0,0,CD_M20262640708,7,2026-09-27,Brisbane Lions,CD_R202626407
CD_I1032569,4,MEDIUM_DEFENDER,"https://s.afl.com.au/staticfile/AFL Tenant/AFL/Players/ChampIDImages/AFLW/2026264/1032569.png?im=Scale,width=0.6,height=0.6",Kiera,Yerbury,CD_T7889,GWS,GWS GIANTS,GIANTS,4,55.5,0,0,0,0,1,1,1,0,3,0,0,2,5,22,2,1,0,0,0,0,0,0,3,3,0,0,1,0,2,0,0,2,2,0,0,114,0,3,0,0,0,0,1,0,0,0,0,1,0,0,5,1,2,2026-09-27,data//AFLW_2026-09-27.csv,1,NA,0.6,0.4,1,0.5,0.3333333333333333,NA,NA,0.6666666666666666,0.3333333333333333,NA,0,0,0,CD_M20262640706,7,2026-09-27,Collingwood,CD_R202626407
CD_I1032571,16,MEDIUM_FORWARD,"https://s.afl.com.au/staticfile/AFL Tenant/AFL/Players/ChampIDImages/AFLW/2026264/1032571.png?im=Scale,width=0.6,height=0.6",Mikaylah,Antony,CD_T9407,HAW,Hawthorn,Hawks,6,70.70000000000005,0,2,0,0,2,0,0,0,3,0,0,4,10,54,5,3,0,0,0,50,0,1,3,3,0,0,2,0,2,0,0,7,3,1,2,201,0,10,0,0,1,0,2,0,1,0,0,3,2,0,8,2,5,2026-09-27,data//AFLW_2026-09-27.csv,NA,NA,0.375,0.5,2,0.42857142857142855,0.6666666666666666,NA,NA,2.3333333333333335,0.3,NA,0,0,0,CD_M20262640701,7,2026-09-24,Geelong Cats,CD_R202626407
CD_I1032580,26,MIDFIELDER,"https://s.afl.com.au/staticfile/AFL Tenant/AFL/Players/ChampIDImages/AFLW/2026264/1032580.png?im=Scale,width=0.6,height=0.6",Tayla,McMillan,CD_T8096,CARL,Carlton,Blues,1,61,0,0,0,0,0,0,0,0,3,1,1,4,14,80,12,6,1,0,0,100,0,1,3,6,0,0,2,0,1,0,0,8,6,1,1,144,0,9,0,0,0,0,4,0,1,0,1,5,1,1,14,3,11,2026-09-27,data//AFLW_2026-09-27.csv,NA,1,0.21428571428571427,0.8571428571428571,6,0.75,1,NA,NA,1.3333333333333333,0.5555555555555556,NA,0,0,0,CD_M20262640704,7,2026-09-25,Richmond,CD_R202626407
CD_I1032590,5,MEDIUM_FORWARD,"https://s.afl.com.au/staticfile/AFL Tenant/AFL/Players/ChampIDImages/AFLW/2026264/1032590.png?im=Scale,width=0.6,height=0.6",Chloe,Bown,CD_T8098,ADEL,Adelaide Crows,Crows,7,71.30000000000007,0,0,6,0,2,0,0,1,4,0,0,2,11,46,6,4,0,1,1,27.3,0,0,2,3,0,0,2,0,1,0,0,8,2,0,0,190,0,9,0,0,1,0,3,0,0,0,0,3,2,0,13,2,9,2026-09-27,data//AFLW_2026-09-27.csv,NA,NA,0.3076923076923077,0.5454545454545454,2,0.5,0.6666666666666666,NA,NA,2.6666666666666665,0.3333333333333333,NA,0,0.3333333333333333,0,CD_M20262640707,7,2026-09-27,Fremantle,CD_R202626407
CD_I1032592,19,MIDFIELDER,"https://s.afl.com.au/staticfile/AFL Tenant/AFL/Players/ChampIDImages/AFLW/2026264/1032592.png?im=Scale,width=0.6,height=0.6",Asher,Fearn-Wannan,CD_T7887,BL,Brisbane Lions,Lions,4,76.30000000000001,0,0,0,0,4,0,0,2,9,0,0,2,14,40,9,3,0,1,0,50,1,0,6,8,0,0,4,0,6,0,0,6,3,0,0,228,1,5,0,0,1,0,2,0,0,0,0,0,0,0,16,2,7,2026-09-27,data//AFLW_2026-09-27.csv,NA,NA,0.5625,0.6428571428571429,6,0.5,0.75,NA,NA,0.75,0,NA,0,0,0,CD_M20262640708,7,2026-09-27,Sydney Swans,CD_R202626407
CD_I1032594,37,RUCK,"https://s.afl.com.au/staticfile/AFL Tenant/AFL/Players/ChampIDImages/AFLW/2026264/1032594.png?im=Scale,width=0.6,height=0.6",Josephine,Bamford,CD_T8097,COLL,Collingwood,Magpies,7,39.2999999999999,0,0,2,0,3,0,0,0,2,0,0,4,4,30,2,1,0,2,2,0,0,0,0,1,4,1,0,0,1,0,0,3,1,1,0,72,0,8,0,0,2,13,0,0,1,0,1,4,1,1,4,3,2,2026-09-27,data//AFLW_2026-09-27.csv,NA,NA,0.5,0.5,1,0.3333333333333333,1,0.3076923076923077,0.07692307692307693,3,0.5,NA,0.29545454545454547,0.18181818181818182,0,CD_M20262640706,7,2026-09-27,GWS GIANTS,CD_R202626407
CD_I1032967,32,MIDFIELDER,"https://s.afl.com.au/staticfile/AFL Tenant/AFL/Players/ChampIDImages/AFLW/2026264/1032967.png?im=Scale,width=0.6,height=0.6",Jordyn S.,Allen,CD_T7386,MELB,Melbourne,Demons,7,80.69999999999993,0,0,0,0,0,0,0,0,4,0,0,10,12,37,8,5,1,0,0,0,0,0,4,3,0,0,4,0,6,0,0,9,0,0,0,218,0,17,0,0,1,0,0,0,0,0,0,1,0,0,11,5,7,2026-09-27,data//AFLW_2026-09-27.csv,NA,NA,0.36363636363636365,0.6666666666666666,3,0.5555555555555556,1,NA,NA,3,0.058823529411764705,NA,0,0,0,CD_M20262640705,7,2026-09-25,North Melbourne,CD_R202626407
CD_I1033016,33,MEDIUM_DEFENDER,"https://s.afl.com.au/staticfile/AFL Tenant/AFL/Players/ChampIDImages/AFLW/2026264/1033016.png?im=Scale,width=0.6,height=0.6",Olivia,Gorman,CD_T8098,ADEL,Adelaide Crows,Crows,7,63.60000000000002,0,0,0,0,0,0,0,0,7,0,0,3,10,27,9,2,0,0,1,0,0,0,6,7,0,0,0,0,6,0,0,3,1,0,0,58,0,3,0,0,0,0,2,0,0,0,0,0,0,0,10,0,3,2026-09-27,data//AFLW_2026-09-27.csv,NA,NA,0.7,0.9,7,0.6666666666666666,1,NA,NA,0.42857142857142855,0,NA,0,0,0,CD_M20262640707,7,2026-09-27,Fremantle,CD_R202626407
CD_I1033157,8,KEY_DEFENDER,"https://s.afl.com.au/staticfile/AFL Tenant/AFL/Players/ChampIDImages/AFLW/2026264/1033157.png?im=Scale,width=0.6,height=0.6",Jennifer,Dunne,CD_T7887,BL,Brisbane Lions,Lions,7,99.89999999999998,0,0,0,0,3,0,2,1,6,0,0,5,10,59,7,4,0,0,1,0,0,0,3,4,0,0,1,0,8,1,1,6,4,0,0,177,4,7,0,0,2,0,1,0,0,3,0,5,0,0,9,2,3,2026-09-27,data//AFLW_2026-09-27.csv,0,NA,0.6666666666666666,0.7,3,0.6666666666666666,0.75,NA,NA,1.5,0.7142857142857143,1,0,0,0.14285714285714285,CD_M20262640708,7,2026-09-27,Sydney Swans,CD_R202626407
CD_I1033158,17,MIDFIELDER,"https://s.afl.com.au/staticfile/AFL Tenant/AFL/Players/ChampIDImages/AFLW/2026264/1033158.png?im=Scale,width=0.6,height=0.6",Dayna,Finn,CD_T8096,CARL,Carlton,Blues,7,91,1,0,0,0,2,0,0,0,11,0,0,3,27,73,19,7,0,2,1,66.7,1,0,10,16,0,0,4,0,6,0,0,11,4,0,0,288,0,10,0,0,4,0,6,0,1,0,1,0,0,1,27,4,16,2026-09-27,data//AFLW_2026-09-27.csv,NA,NA,0.4074074074074074,0.7037037037037037,12,0.6363636363636364,0.75,NA,NA,0.6875,0,NA,0,0,0,CD_M20262640704,7,2026-09-25,Richmond,CD_R202626407
CD_I1033159,19,MIDFIELDER,"https://s.afl.com.au/staticfile/AFL Tenant/AFL/Players/ChampIDImages/AFLW/2026264/1033159.png?im=Scale,width=0.6,height=0.6",Erone,Fitzpatrick,CD_T8096,CARL,Carlton,Blues,7,78.80000000000007,1,1,2,1,1,0,0,0,6,0,0,9,16,90,13,7,0,0,2,47.4,1,3,5,6,0,0,5,0,4,0,0,10,1,0,0,371,0,15,0,0,0,0,8,0,4,0,0,6,0,1,16,2,10,2026-09-27,data//AFLW_2026-09-27.csv,NA,NA,0.375,0.8125,6,0.7,1,NA,NA,1.6666666666666667,0.4,NA,0,0.1111111111111111,0,CD_M20262640704,7,2026-09-25,Richmond,CD_R202626407
CD_I1033163,7,MEDIUM_FORWARD,"https://s.afl.com.au/staticfile/AFL Tenant/AFL/Players/ChampIDImages/AFLW/2026264/1033163.png?im=Scale,width=0.6,height=0.6",Niamh,Martin,CD_T9407,HAW,Hawthorn,Hawks,4,74.09999999999997,0,0,0,0,1,0,0,0,4,0,0,1,7,34,5,1,1,0,0,66.7,1,1,4,4,0,0,1,0,1,0,0,3,1,0,0,60,1,7,0,0,0,0,3,0,1,0,0,2,1,0,6,2,2,2026-09-27,data//AFLW_2026-09-27.csv,NA,NA,0.6666666666666666,0.7142857142857143,4,0.3333333333333333,1,NA,NA,0.75,0.2857142857142857,NA,0,0,0,CD_M20262640701,7,2026-09-24,Geelong Cats,CD_R202626407
CD_I1033164,15,MEDIUM_FORWARD,"https://s.afl.com.au/staticfile/AFL Tenant/AFL/Players/ChampIDImages/AFLW/2026264/1033164.png?im=Scale,width=0.6,height=0.6",Paris,McCarthy,CD_T9408,SYD,Sydney Swans,Swans,6,75,0,0,0,0,2,0,0,0,4,1,0,4,7,40,2,1,2,0,0,42.9,0,0,4,3,0,0,0,0,2,0,0,4,2,1,1,32,1,12,0,0,0,0,3,0,1,0,0,4,0,0,7,1,3,2026-09-27,data//AFLW_2026-09-27.csv,NA,0,0.5714285714285714,0.2857142857142857,1,0.25,0.3333333333333333,NA,NA,1.3333333333333333,0.3333333333333333,NA,0,0,0,CD_M20262640708,7,2026-09-27,Brisbane Lions,CD_R202626407
CD_I1033165,11,MIDFIELDER,"https://s.afl.com.au/staticfile/AFL Tenant/AFL/Players/ChampIDImages/AFLW/2026264/1033165.png?im=Scale,width=0.6,height=0.6",Niamh,McLaughlin,CD_T8786,GCFC,Gold Coast SUNS,SUNS,7,89.60000000000002,1,6,17,2,4,0,0,0,7,0,0,4,27,66,21,6,1,1,0,0,0,0,5,16,0,0,5,0,2,0,0,11,1,0,1,362,0,10,0,0,2,0,3,0,1,0,2,0,0,4,27,3,20,2026-09-27,data//AFLW_2026-09-27.csv,NA,NA,0.25925925925925924,0.7777777777777778,15,0.5454545454545454,0.9375,NA,NA,0.6875,0,NA,0,0.85,0,CD_M20262640709,7,2026-09-27,St Kilda,CD_R202626407
CD_I1033166,45,KEY_FORWARD,"https://s.afl.com.au/staticfile/AFL Tenant/AFL/Players/ChampIDImages/AFLW/2026264/1033166.png?im=Scale,width=0.6,height=0.6",Aishling,Moloney,CD_T8467,GEEL,Geelong Cats,Cats,7,90.30000000000007,1,0,0,0,3,0,0,1,8,2,1,6,18,78,11,7,4,1,1,61.1,2,1,4,4,0,0,6,0,2,0,0,14,5,1,1,403,4,12,0,0,0,0,8,0,3,1,1,2,0,1,20,5,12,2026-09-27,data//AFLW_2026-09-27.csv,NA,0.5,0.4,0.6111111111111112,4,0.5,1,NA,NA,3.5,0.16666666666666666,NA,0,0,0,CD_M20262640701,7,2026-09-24,Hawthorn,CD_R202626407
CD_I1033168,24,MIDFIELDER_FORWARD,"https://s.afl.com.au/staticfile/AFL Tenant/AFL/Players/ChampIDImages/AFLW/2026264/1033168.png?im=Scale,width=0.6,height=0.6",Julie,O'Sullivan,CD_T9408,SYD,Sydney Swans,Swans,7,66.39999999999998,0,0,0,0,3,0,0,0,1,0,0,10,5,26,1,0,0,0,0,33.3,0,0,1,1,0,0,0,0,3,0,0,4,0,0,0,86,1,11,0,0,1,0,1,0,0,1,1,3,0,1,3,3,2,2026-09-27,data//AFLW_2026-09-27.csv,NA,NA,0.3333333333333333,0.2,1,0,1,NA,NA,4,0.2727272727272727,NA,0,0,0,CD_M20262640708,7,2026-09-27,Brisbane Lions,CD_R202626407
CD_I1033269,16,MEDIUM_FORWARD,"https://s.afl.com.au/staticfile/AFL Tenant/AFL/Players/ChampIDImages/AFLW/2026264/1033269.png?im=Scale,width=0.6,height=0.6",Evie,Long,CD_T7887,BL,Brisbane Lions,Lions,3,30.700000000000003,1,0,0,0,0,0,0,0,3,0,0,4,8,35,5,1,0,0,1,50,0,0,1,5,0,0,1,0,2,0,0,3,2,1,0,71,0,7,0,0,1,0,1,0,1,0,1,2,0,1,8,2,5,2026-09-27,data//AFLW_2026-09-27.csv,NA,NA,0.375,0.625,4,0.3333333333333333,0.8,NA,NA,0.6,0.2857142857142857,NA,0,0,0,CD_M20262640708,7,2026-09-27,Sydney Swans,CD_R202626407
CD_I1033348,1,MEDIUM_FORWARD,"https://s.afl.com.au/staticfile/AFL Tenant/AFL/Players/ChampIDImages/AFLW/2026264/1033348.png?im=Scale,width=0.6,height=0.6",Imogen,Brown,CD_T9408,SYD,Sydney Swans,Swans,7,58.200000000000045,0,0,0,0,1,0,0,0,2,0,0,13,4,23,1,0,0,1,0,33.3,0,0,1,2,0,0,1,0,3,0,0,2,0,0,0,56,1,18,0,0,1,0,1,0,0,0,0,4,0,0,4,3,2,2026-09-27,data//AFLW_2026-09-27.csv,NA,NA,0.5,0.25,1,0,0.5,NA,NA,1,0.2222222222222222,NA,0,0,0,CD_M20262640708,7,2026-09-27,Brisbane Lions,CD_R202626407
CD_I1033877,11,MEDIUM_FORWARD,"https://s.afl.com.au/staticfile/AFL Tenant/AFL/Players/ChampIDImages/AFLW/2026264/1033877.png?im=Scale,width=0.6,height=0.6",Nalu,Brothwell,CD_T9406,ESS,Essendon,Bombers,7,62.80000000000001,1,0,0,0,2,0,0,0,4,0,0,2,7,42,4,3,0,0,2,25,0,0,2,1,0,0,1,0,1,0,0,6,1,0,0,166,1,5,0,0,1,0,1,0,1,1,0,4,2,0,7,1,3,2026-09-27,data//AFLW_2026-09-27.csv,NA,NA,0.5714285714285714,0.5714285714285714,1,0.5,1,NA,NA,6,0.8,NA,0,0,0,CD_M20262640702,7,2026-09-25,West Coast Eagles,CD_R202626407
CD_I1035371,12,MEDIUM_FORWARD,"https://s.afl.com.au/staticfile/AFL Tenant/AFL/Players/ChampIDImages/AFLW/2026264/1035371.png?im=Scale,width=0.6,height=0.6",Ryleigh,Wotherspoon,CD_T7386,MELB,Melbourne,Demons,7,72.60000000000002,0,0,0,0,4,0,0,0,5,0,0,4,12,51,8,2,2,1,0,50,1,0,5,7,0,0,2,0,3,0,0,5,3,1,1,132,1,13,0,0,1,0,2,0,0,1,0,4,2,0,11,3,6,2026-09-27,data//AFLW_2026-09-27.csv,NA,NA,0.45454545454545453,0.6666666666666666,6,0.4,0.8571428571428571,NA,NA,0.7142857142857143,0.3076923076923077,NA,0,0,0,CD_M20262640705,7,2026-09-25,North Melbourne,CD_R202626407
CD_I1035375,24,MEDIUM_FORWARD,"https://s.afl.com.au/staticfile/AFL Tenant/AFL/Players/ChampIDImages/AFLW/2026264/1035375.png?im=Scale,width=0.6,height=0.6",Amy,Boyle-Carr,CD_T8098,ADEL,Adelaide Crows,Crows,4,71.69999999999999,0,0,0,0,0,0,0,0,5,0,0,9,12,37,8,4,0,0,0,20,0,0,5,6,0,0,1,0,3,0,0,6,1,0,1,108,0,12,0,0,0,0,2,0,0,0,1,1,0,1,11,2,6,2026-09-27,data//AFLW_2026-09-27.csv,NA,NA,0.45454545454545453,0.6666666666666666,4,0.6666666666666666,0.6666666666666666,NA,NA,1,0.08333333333333333,NA,0,0,0,CD_M20262640707,7,2026-09-27,Fremantle,CD_R202626407
CD_I1035558,22,MEDIUM_FORWARD,"https://s.afl.com.au/staticfile/AFL Tenant/AFL/Players/ChampIDImages/AFLW/2026264/1035558.png?im=Scale,width=0.6,height=0.6",Imogen,Trengove,CD_T8097,COLL,Collingwood,Magpies,7,66.2000000000001,0,0,0,0,1,0,0,0,1,1,0,0,4,16,1,1,0,0,0,0,0,0,1,3,0,0,1,0,0,0,0,1,1,0,0,77,0,7,0,0,0,0,1,0,0,0,0,1,1,0,4,2,3,2026-09-27,data//AFLW_2026-09-27.csv,NA,0,0.25,0.25,0,1,0,NA,NA,0.3333333333333333,0.14285714285714285,NA,0,0,0,CD_M20262640706,7,2026-09-27,GWS GIANTS,CD_R202626407
CD_I1036083,15,MIDFIELDER_FORWARD,"https://s.afl.com.au/staticfile/AFL Tenant/AFL/Players/ChampIDImages/AFLW/2026264/1036083.png?im=Scale,width=0.6,height=0.6",Eilish,O'Dowd,CD_T7889,GWS,GWS GIANTS,GIANTS,7,74.39999999999998,0,0,0,0,3,0,0,0,3,0,0,4,3,8,2,1,1,2,0,0,0,0,3,1,2,1,3,0,0,0,0,2,0,0,0,79,1,8,0,0,0,8,0,0,0,1,1,1,0,1,4,2,1,2026-09-27,data//AFLW_2026-09-27.csv,NA,NA,0.75,0.6666666666666666,1,0.5,1,0.25,0.125,2,0.125,NA,0.18181818181818182,0,0,CD_M20262640706,7,2026-09-27,Collingwood,CD_R202626407
CD_I1036297,18,RUCK,"https://s.afl.com.au/staticfile/AFL Tenant/AFL/Players/ChampIDImages/AFLW/2026264/1036297.png?im=Scale,width=0.6,height=0.6",Piper,Dunlop,CD_T8467,GEEL,Geelong Cats,Cats,6,64.09999999999997,0,0,16,1,3,0,1,1,4,1,0,1,10,41,7,2,0,0,1,100,0,0,1,8,11,0,3,0,1,0,0,2,1,0,0,71,3,5,0,0,0,24,2,0,0,2,0,1,0,1,10,3,6,2026-09-27,data//AFLW_2026-09-27.csv,0,0,0.4,0.7,5,1,0.625,0.4583333333333333,0,0.25,0.2,NA,0.5714285714285714,0.6956521739130435,0,CD_M20262640701,7,2026-09-24,Hawthorn,CD_R202626407
CD_I1036298,11,KEY_DEFENDER,"https://s.afl.com.au/staticfile/AFL Tenant/AFL/Players/ChampIDImages/AFLW/2026264/1036298.png?im=Scale,width=0.6,height=0.6",Caitlin,Fletcher,CD_T7889,GWS,GWS GIANTS,GIANTS,7,81.39999999999998,0,0,0,0,0,1,3,0,1,0,0,4,5,21,4,3,0,0,0,0,0,0,1,1,0,0,0,0,3,0,0,4,1,0,0,45,4,4,0,0,0,0,0,0,0,3,0,1,0,0,3,0,2,2026-09-27,data//AFLW_2026-09-27.csv,0.3333333333333333,NA,0.3333333333333333,0.8,1,0.75,1,NA,NA,4,0.25,NA,0,0,0,CD_M20262640706,7,2026-09-27,Collingwood,CD_R202626407
CD_I1036302,10,MEDIUM_FORWARD,"https://s.afl.com.au/staticfile/AFL Tenant/AFL/Players/ChampIDImages/AFLW/2026264/1036302.png?im=Scale,width=0.6,height=0.6",Blaithin,Bogue,CD_T8466,NMFC,North Melbourne,Kangaroos,7,81.7999999999999,0,0,0,0,7,0,0,0,5,3,1,3,14,59,9,4,2,0,2,50,0,1,4,5,0,0,1,0,6,0,0,9,2,0,0,180,2,8,0,0,3,0,3,0,2,2,0,2,0,0,14,7,9,2026-09-27,data//AFLW_2026-09-27.csv,NA,0.3333333333333333,0.35714285714285715,0.6428571428571429,5,0.4444444444444444,1,NA,NA,1.8,0.25,NA,0,0,0,CD_M20262640705,7,2026-09-25,Melbourne,CD_R202626407
CD_I1037629,29,RUCK,"https://s.afl.com.au/staticfile/AFL Tenant/AFL/Players/ChampIDImages/AFLW/2026264/1037629.png?im=Scale,width=0.6,height=0.6",Yasmeen,Janschek,CD_T7889,GWS,GWS GIANTS,GIANTS,7,83.39999999999998,0,0,10,0,2,0,0,0,2,0,0,4,5,32,5,2,0,1,0,0,0,0,1,3,13,4,0,0,5,0,0,2,2,0,0,41,3,8,0,0,1,35,0,0,0,2,0,1,0,0,6,2,4,2026-09-27,data//AFLW_2026-09-27.csv,NA,NA,0.3333333333333333,1,3,1,1,0.37142857142857144,0.11428571428571428,0.6666666666666666,0.125,NA,0.7954545454545454,0.9090909090909091,0,CD_M20262640706,7,2026-09-27,Collingwood,CD_R202626407
CD_I1037639,35,MEDIUM_FORWARD,"https://s.afl.com.au/staticfile/AFL Tenant/AFL/Players/ChampIDImages/AFLW/2026264/1037639.png?im=Scale,width=0.6,height=0.6",Lily,Quigley,CD_T8786,GCFC,Gold Coast SUNS,SUNS,6,70.59999999999997,0,0,0,0,1,0,0,0,3,1,0,4,10,41,9,3,1,0,1,50,1,1,2,6,0,0,2,0,1,0,0,4,2,1,0,60,0,7,0,0,0,0,5,0,1,0,0,1,0,0,10,1,7,2026-09-27,data//AFLW_2026-09-27.csv,NA,0,0.3,0.9,6,0.75,1,NA,NA,0.6666666666666666,0.14285714285714285,NA,0,0,0,CD_M20262640709,7,2026-09-27,St Kilda,CD_R202626407
CD_I1042084,34,MIDFIELDER_FORWARD,"https://s.afl.com.au/staticfile/AFL Tenant/AFL/Players/ChampIDImages/AFLW/2026264/1042084.png?im=Scale,width=0.6,height=0.6",Baia,Pugh,CD_T8788,RICH,Richmond,Richmond,5,2,0,0,0,0,0,0,0,0,0,0,0,0,0,0,0,0,0,0,0,0,0,0,0,0,0,0,0,0,0,0,0,0,0,0,0,0,0,0,0,0,0,0,0,0,0,0,0,0,0,0,0,0,0,2026-09-27,data//AFLW_2026-09-27.csv,NA,NA,NA,NA,0,NA,NA,NA,NA,NA,NA,NA,0,0,0,CD_M20262640704,7,2026-09-25,Carlton,CD_R202626407
CD_I1042236,13,MEDIUM_FORWARD,"https://s.afl.com.au/staticfile/AFL Tenant/AFL/Players/ChampIDImages/AFLW/2026264/1042236.png?im=Scale,width=0.6,height=0.6",Aisling,Reidy,CD_T8096,CARL,Carlton,Blues,3,68.5,0,0,0,0,1,0,0,0,6,0,0,2,9,27,5,2,2,1,1,0,0,0,5,5,0,0,0,0,3,0,0,4,1,0,1,83,0,6,0,0,0,0,4,0,0,0,0,1,0,0,9,4,3,2026-09-27,data//AFLW_2026-09-27.csv,NA,NA,0.6666666666666666,0.5555555555555556,3,0.5,0.6,NA,NA,0.8,0.16666666666666666,NA,0,0,0,CD_M20262640704,7,2026-09-25,Richmond,CD_R202626407
CD_I1042237,14,KEY_DEFENDER,"https://s.afl.com.au/staticfile/AFL Tenant/AFL/Players/ChampIDImages/AFLW/2026264/1042237.png?im=Scale,width=0.6,height=0.6",Siofra,O'Connell,CD_T8096,CARL,Carlton,Blues,7,80.09999999999997,0,0,0,0,3,0,1,0,9,0,0,9,14,53,9,3,1,1,2,0,0,0,7,8,0,0,1,0,7,0,0,6,0,0,0,189,1,11,0,0,2,0,1,0,0,1,0,5,0,0,13,3,4,2026-09-27,data//AFLW_2026-09-27.csv,0,NA,0.6923076923076923,0.6428571428571429,6,0.5,0.75,NA,NA,0.75,0.45454545454545453,NA,0,0,0,CD_M20262640704,7,2026-09-25,Richmond,CD_R202626407
CD_I1042264,21,MIDFIELDER,"https://s.afl.com.au/staticfile/AFL Tenant/AFL/Players/ChampIDImages/AFLW/2026264/1042264.png?im=Scale,width=0.6,height=0.6",Amy,Gavin Mangan,CD_T8466,NMFC,North Melbourne,Kangaroos,7,67.40000000000003,0,0,0,0,5,0,0,0,3,0,0,7,11,65,9,8,1,1,1,33.3,3,1,1,1,0,0,2,0,3,0,0,10,3,1,0,221,1,12,0,0,2,0,7,0,2,0,0,5,1,0,12,2,9,2026-09-27,data//AFLW_2026-09-27.csv,NA,NA,0.25,0.8181818181818182,1,0.8,1,NA,NA,10,0.4166666666666667,NA,0,0,0,CD_M20262640705,7,2026-09-25,Melbourne,CD_R202626407
CD_I1042277,16,MIDFIELDER,"https://s.afl.com.au/staticfile/AFL Tenant/AFL/Players/ChampIDImages/AFLW/2026264/1042277.png?im=Scale,width=0.6,height=0.6",Matilda,Banfield,CD_T7886,FRE,Fremantle,Freo,7,87.30000000000007,0,0,0,0,3,0,0,0,3,1,0,9,10,51,8,3,1,2,0,33.3,1,0,3,5,0,0,1,0,5,0,0,5,4,0,0,100,2,17,0,0,0,0,4,0,0,1,1,5,0,1,10,1,7,2026-09-27,data//AFLW_2026-09-27.csv,NA,0,0.3,0.8,5,0.6,1,NA,NA,1,0.29411764705882354,NA,0,0,0,CD_M20262640707,7,2026-09-27,Adelaide Crows,CD_R202626407
CD_I1042707,22,KEY_FORWARD,"https://s.afl.com.au/staticfile/AFL Tenant/AFL/Players/ChampIDImages/AFLW/2026264/1042707.png?im=Scale,width=0.6,height=0.6",Kayleigh,Cronin,CD_T8098,ADEL,Adelaide Crows,Crows,7,62.700000000000045,0,0,0,0,2,0,2,0,4,0,0,7,6,26,4,1,0,0,0,0,0,0,3,4,0,0,1,0,4,0,0,2,0,0,0,69,4,8,0,0,3,0,1,0,0,2,0,3,0,0,7,2,3,2026-09-27,data//AFLW_2026-09-27.csv,0,NA,0.5714285714285714,0.6666666666666666,3,0.5,0.75,NA,NA,0.5,0.375,NA,0,0,0,CD_M20262640707,7,2026-09-27,Fremantle,CD_R202626407
CD_I1042794,13,MEDIUM_FORWARD,"https://s.afl.com.au/staticfile/AFL Tenant/AFL/Players/ChampIDImages/AFLW/2026264/1042794.png?im=Scale,width=0.6,height=0.6",Aoibhin,Cleary,CD_T8788,RICH,Richmond,Richmond,7,52.69999999999999,0,0,0,0,2,0,0,0,0,0,0,0,5,16,2,0,0,1,0,33.3,0,0,0,3,0,0,1,0,1,0,0,2,1,0,0,39,1,3,0,0,0,0,1,0,0,0,0,1,1,0,5,2,5,2026-09-27,data//AFLW_2026-09-27.csv,NA,NA,0,0.4,2,0,0.6666666666666666,NA,NA,0.6666666666666666,0.3333333333333333,NA,0,0,0,CD_M20262640704,7,2026-09-25,Carlton,CD_R202626407
CD_I1042797,27,MIDFIELDER,"https://s.afl.com.au/staticfile/AFL Tenant/AFL/Players/ChampIDImages/AFLW/2026264/1042797.png?im=Scale,width=0.6,height=0.6",Grace,Kos,CD_T7889,GWS,GWS GIANTS,GIANTS,7,71.49999999999994,0,0,5,0,3,1,1,0,2,0,0,6,4,22,3,1,0,3,0,0,0,0,2,3,0,0,1,0,0,0,0,1,2,0,0,62,0,11,0,0,1,0,0,0,0,0,1,4,0,1,6,1,4,2026-09-27,data//AFLW_2026-09-27.csv,1,NA,0.3333333333333333,0.75,2,1,0.6666666666666666,NA,NA,0.3333333333333333,0.36363636363636365,NA,0,0.45454545454545453,0,CD_M20262640706,7,2026-09-27,Collingwood,CD_R202626407
CD_I1048151,33,KEY_FORWARD,"https://s.afl.com.au/staticfile/AFL Tenant/AFL/Players/ChampIDImages/AFLW/2026264/1048151.png?im=Scale,width=0.6,height=0.6",Olivia,Lewis,CD_T8097,COLL,Collingwood,Magpies,2,37.3,0,0,0,0,1,0,0,0,3,2,1,0,2,4,1,0,2,0,0,33.3,0,0,3,2,0,0,0,0,0,0,0,0,0,0,0,-5,0,0,0,0,0,1,0,0,0,0,0,0,0,0,3,1,0,2026-09-27,data//AFLW_2026-09-27.csv,NA,0.5,1,0.5,1,NA,0.5,0,0,0,NA,NA,0.022727272727272728,0,0,CD_M20262640706,7,2026-09-27,GWS GIANTS,CD_R202626407
CD_I1048156,28,MIDFIELDER,"https://s.afl.com.au/staticfile/AFL Tenant/AFL/Players/ChampIDImages/AFLW/2026264/1048156.png?im=Scale,width=0.6,height=0.6",Emma,Murray,CD_T8467,GEEL,Geelong Cats,Cats,7,94.00000000000011,1,0,0,0,3,0,0,0,4,0,0,8,13,47,12,4,0,2,1,60,0,0,2,8,0,0,1,0,4,0,0,5,0,0,0,115,2,19,0,0,0,0,4,0,1,0,0,5,1,0,13,1,9,2026-09-27,data//AFLW_2026-09-27.csv,NA,NA,0.3076923076923077,0.9230769230769231,8,0.8,1,NA,NA,0.625,0.2631578947368421,NA,0,0,0,CD_M20262640701,7,2026-09-24,Hawthorn,CD_R202626407
CD_I1048494,33,MEDIUM_DEFENDER,"https://s.afl.com.au/staticfile/AFL Tenant/AFL/Players/ChampIDImages/AFLW/2026264/1048494.png?im=Scale,width=0.6,height=0.6",Aoife,Healy,CD_T7886,FRE,Fremantle,Freo,7,82.19999999999993,0,1,0,0,1,0,0,0,4,0,0,4,11,41,9,2,0,0,1,0,0,0,3,8,0,0,1,0,5,0,0,3,1,0,0,120,4,5,0,0,3,0,0,0,0,4,1,3,0,1,10,2,6,2026-09-27,data//AFLW_2026-09-27.csv,NA,NA,0.4,0.8181818181818182,7,0.6666666666666666,0.875,NA,NA,0.375,0.6,NA,0,0,0,CD_M20262640707,7,2026-09-27,Adelaide Crows,CD_R202626407
CD_I1048495,26,MEDIUM_FORWARD,"https://s.afl.com.au/staticfile/AFL Tenant/AFL/Players/ChampIDImages/AFLW/2026264/1048495.png?im=Scale,width=0.6,height=0.6",Ana,Mulholland,CD_T8788,RICH,Richmond,Richmond,1,55.7,0,1,0,0,2,0,0,0,4,1,1,3,10,29,5,2,0,1,0,0,0,0,4,4,0,0,0,0,3,0,0,6,2,0,0,73,1,7,0,0,1,0,0,0,0,1,0,0,0,0,11,3,7,2026-09-27,data//AFLW_2026-09-27.csv,NA,1,0.36363636363636365,0.5,3,0.3333333333333333,0.75,NA,NA,1.5,0,NA,0,0,0,CD_M20262640704,7,2026-09-25,Carlton,CD_R202626407
CD_I296125,2,MIDFIELDER,"https://s.afl.com.au/staticfile/AFL Tenant/AFL/Players/ChampIDImages/AFLW/2026264/296125.png?im=Scale,width=0.6,height=0.6",Ellie,Blackburn,CD_T7387,WB,Western Bulldogs,Bulldogs,3,70.09999999999997,0,0,3,0,2,0,0,0,1,0,0,2,9,40,8,4,0,1,0,50,1,1,1,4,0,0,1,0,0,0,0,5,2,0,0,86,0,8,0,0,1,0,3,0,1,0,1,2,0,1,9,2,8,2026-09-27,data//AFLW_2026-09-27.csv,NA,NA,0.1111111111111111,0.8888888888888888,4,0.8,1,NA,NA,1.25,0.25,NA,0,0.15,0,CD_M20262640703,7,2026-09-25,Port Adelaide,CD_R202626407
CD_I296154,25,MIDFIELDER,"https://s.afl.com.au/staticfile/AFL Tenant/AFL/Players/ChampIDImages/AFLW/2026264/296154.png?im=Scale,width=0.6,height=0.6",Jasmine,Garner,CD_T8466,NMFC,North Melbourne,Kangaroos,7,81.60000000000002,0,0,17,5,5,0,0,0,11,0,0,4,31,118,18,8,1,0,2,66.7,0,2,5,12,0,0,6,0,3,0,0,19,1,0,1,484,2,13,0,0,0,0,8,0,2,0,1,5,1,6,30,7,19,2026-09-27,data//AFLW_2026-09-27.csv,NA,NA,0.36666666666666664,0.5806451612903226,10,0.42105263157894735,0.8333333333333334,NA,NA,1.5833333333333333,0.38461538461538464,NA,0,0.8947368421052632,0,CD_M20262640705,7,2026-09-25,Melbourne,CD_R202626407
CD_I296158,35,MEDIUM_DEFENDER,"https://s.afl.com.au/staticfile/AFL Tenant/AFL/Players/ChampIDImages/AFLW/2026264/296158.png?im=Scale,width=0.6,height=0.6",Bianca,Jakobsson,CD_T8796,STK,St Kilda,St Kilda,7,100.49999999999989,0,0,0,0,1,0,0,0,2,0,0,5,6,22,4,3,0,0,0,0,0,0,2,2,0,0,1,0,2,0,0,4,2,0,0,75,2,5,0,0,1,0,0,0,0,2,0,0,0,0,5,3,3,2026-09-27,data//AFLW_2026-09-27.csv,NA,NA,0.4,0.6666666666666666,1,0.75,0.5,NA,NA,2,0,NA,0,0,0,CD_M20262640709,7,2026-09-27,Gold Coast SUNS,CD_R202626407
CD_I997649,10,MEDIUM_DEFENDER,"https://s.afl.com.au/staticfile/AFL Tenant/AFL/Players/ChampIDImages/AFLW/2026264/997649.png?im=Scale,width=0.6,height=0.6",Kaitlyn,Ashmore,CD_T9407,HAW,Hawthorn,Hawks,7,72.5,0,0,9,1,3,0,0,0,5,0,0,10,11,37,8,3,1,2,0,33.3,0,0,5,6,0,0,2,0,5,0,0,5,4,0,0,130,1,13,0,0,2,0,1,0,0,0,0,1,0,1,11,3,6,2026-09-27,data//AFLW_2026-09-27.csv,NA,NA,0.45454545454545453,0.7272727272727273,5,0.6,0.8333333333333334,NA,NA,0.8333333333333334,0.07692307692307693,NA,0,0.391304347826087,0,CD_M20262640701,7,2026-09-24,Geelong Cats,CD_R202626407
CD_I997686,35,MIDFIELDER_FORWARD,"https://s.afl.com.au/staticfile/AFL Tenant/AFL/Players/ChampIDImages/AFLW/2026264/997686.png?im=Scale,width=0.6,height=0.6",Kirsty,Lamb,CD_T9409,PORT,Port Adelaide,Power,6,72.70000000000005,0,0,0,0,3,0,0,0,6,0,0,4,9,27,4,2,1,3,1,0,0,0,5,3,0,0,1,0,1,0,0,6,1,0,0,123,0,13,0,0,0,0,0,0,1,0,1,2,0,1,10,4,4,2026-09-27,data//AFLW_2026-09-27.csv,NA,NA,0.6,0.4444444444444444,2,0.3333333333333333,0.6666666666666666,NA,NA,2,0.15384615384615385,NA,0,0,0,CD_M20262640703,7,2026-09-25,Western Bulldogs,CD_R202626407
CD_I997700,11,MEDIUM_DEFENDER,"https://s.afl.com.au/staticfile/AFL Tenant/AFL/Players/ChampIDImages/AFLW/2026264/997700.png?im=Scale,width=0.6,height=0.6",Eliza,Shannon,CD_T8466,NMFC,North Melbourne,Kangaroos,7,65.90000000000003,0,0,1,0,0,1,1,0,5,0,0,6,9,38,7,2,0,0,0,0,0,0,5,7,0,0,0,0,6,0,0,2,2,0,0,76,2,8,0,0,2,0,1,0,0,2,0,3,0,0,9,2,4,2026-09-27,data//AFLW_2026-09-27.csv,1,NA,0.5555555555555556,0.7777777777777778,5,1,0.7142857142857143,NA,NA,0.2857142857142857,0.375,NA,0,0.05263157894736842,0,CD_M20262640705,7,2026-09-25,Melbourne,CD_R202626407
CD_I997708,14,MIDFIELDER,"https://s.afl.com.au/staticfile/AFL Tenant/AFL/Players/ChampIDImages/AFLW/2026264/997708.png?im=Scale,width=0.6,height=0.6",Lily,Mithen,CD_T8786,GCFC,Gold Coast SUNS,SUNS,6,72.29999999999995,0,0,0,0,1,0,1,0,3,0,0,5,14,45,10,4,0,0,0,0,0,0,3,7,0,0,1,0,2,0,0,7,2,0,1,166,1,8,0,0,3,0,1,0,0,1,0,1,0,0,14,1,11,2026-09-27,data//AFLW_2026-09-27.csv,0,NA,0.21428571428571427,0.7142857142857143,6,0.5714285714285714,0.8571428571428571,NA,NA,1,0.125,NA,0,0,0,CD_M20262640709,7,2026-09-27,St Kilda,CD_R202626407
CD_I997709,3,MIDFIELDER,"https://s.afl.com.au/staticfile/AFL Tenant/AFL/Players/ChampIDImages/AFLW/2026264/997709.png?im=Scale,width=0.6,height=0.6",Amy,McDonald,CD_T8467,GEEL,Geelong Cats,Cats,3,58.59999999999998,0,0,12,3,4,0,0,0,8,0,0,2,17,50,11,4,0,2,1,100,1,0,6,10,0,0,4,0,2,0,0,7,2,1,0,287,1,6,0,0,1,0,4,0,0,0,1,2,0,4,20,7,12,2026-09-27,data//AFLW_2026-09-27.csv,NA,NA,0.4,0.6470588235294118,7,0.5714285714285714,0.7,NA,NA,0.7,0.3333333333333333,NA,0,0.5217391304347826,0,CD_M20262640701,7,2026-09-24,Hawthorn,CD_R202626407
CD_I997725,12,KEY_DEFENDER,"https://s.afl.com.au/staticfile/AFL Tenant/AFL/Players/ChampIDImages/AFLW/2026264/997725.png?im=Scale,width=0.6,height=0.6",Isabel,Huntington,CD_T7889,GWS,GWS GIANTS,GIANTS,7,60.99999999999994,1,0,0,0,0,0,0,3,4,1,1,1,7,49,2,2,0,0,1,50,0,0,0,1,0,0,0,0,0,0,0,6,5,4,2,111,0,5,0,0,0,0,3,0,3,0,0,3,2,0,8,1,4,2026-09-27,data//AFLW_2026-09-27.csv,NA,1,0.5,0.2857142857142857,0,0.3333333333333333,0,NA,NA,6,0.6,NA,0,0,0,CD_M20262640706,7,2026-09-27,Collingwood,CD_R202626407
CD_I997729,8,MIDFIELDER,"https://s.afl.com.au/staticfile/AFL Tenant/AFL/Players/ChampIDImages/AFLW/2026264/997729.png?im=Scale,width=0.6,height=0.6",Brittany,Bonnici,CD_T8097,COLL,Collingwood,Magpies,7,93.60000000000002,1,1,10,1,2,0,0,0,8,0,0,0,16,52,11,6,1,1,1,20,1,0,7,7,0,0,4,0,3,0,0,9,0,0,0,275,0,17,0,0,2,0,3,0,1,0,1,3,1,2,16,4,8,2026-09-27,data//AFLW_2026-09-27.csv,NA,NA,0.5,0.6875,5,0.6666666666666666,0.7142857142857143,NA,NA,1.2857142857142858,0.17647058823529413,NA,0,0.9090909090909091,0,CD_M20262640706,7,2026-09-27,GWS GIANTS,CD_R202626407
CD_I997736,6,MEDIUM_DEFENDER,"https://s.afl.com.au/staticfile/AFL Tenant/AFL/Players/ChampIDImages/AFLW/2026264/997736.png?im=Scale,width=0.6,height=0.6",Jordyn,Allen,CD_T8097,COLL,Collingwood,Magpies,6,84.09999999999997,0,0,0,0,0,0,0,0,3,0,0,1,8,25,5,2,0,0,0,0,0,0,3,3,0,0,0,0,3,3,3,5,0,0,0,146,2,2,0,0,3,0,1,0,0,2,0,1,0,0,5,1,2,2026-09-27,data//AFLW_2026-09-27.csv,NA,NA,0.6,0.625,3,0.4,1,NA,NA,1.6666666666666667,0.5,1,0,0,0.42857142857142855,CD_M20262640706,7,2026-09-27,GWS GIANTS,CD_R202626407
CD_I997745,2,MIDFIELDER_FORWARD,"https://s.afl.com.au/staticfile/AFL Tenant/AFL/Players/ChampIDImages/AFLW/2026264/997745.png?im=Scale,width=0.6,height=0.6",Georgia,Gee,CD_T9406,ESS,Essendon,Bombers,7,93.09999999999997,0,0,0,0,3,0,0,0,9,0,0,2,16,54,5,1,2,0,1,25,0,0,8,6,0,0,4,0,4,0,0,10,1,0,1,193,0,7,0,0,2,0,5,0,1,0,0,2,0,0,14,3,5,2026-09-27,data//AFLW_2026-09-27.csv,NA,NA,0.6428571428571429,0.3125,4,0.1,0.6666666666666666,NA,NA,1.6666666666666667,0.2857142857142857,NA,0,0,0,CD_M20262640702,7,2026-09-25,West Coast Eagles,CD_R202626407
CD_I998029,2,MEDIUM_FORWARD,"https://s.afl.com.au/staticfile/AFL Tenant/AFL/Players/ChampIDImages/AFLW/2026264/998029.png?im=Scale,width=0.6,height=0.6",Alicia,Eva,CD_T7889,GWS,GWS GIANTS,GIANTS,7,87.39999999999998,0,0,0,0,5,0,0,0,3,0,0,4,6,29,4,1,1,3,0,33.3,0,0,3,3,0,0,1,0,1,0,0,3,1,1,0,31,0,12,0,0,1,0,1,0,0,0,0,5,1,0,4,6,1,2026-09-27,data//AFLW_2026-09-27.csv,NA,NA,0.75,0.6666666666666666,3,0.3333333333333333,1,NA,NA,1,0.4166666666666667,NA,0,0,0,CD_M20262640706,7,2026-09-27,Collingwood,CD_R202626407
CD_I998030,2,MIDFIELDER,"https://s.afl.com.au/staticfile/AFL Tenant/AFL/Players/ChampIDImages/AFLW/2026264/998030.png?im=Scale,width=0.6,height=0.6",Kiara,Bowers,CD_T7886,FRE,Fremantle,Freo,7,85.70000000000005,1,1,14,2,6,0,0,0,10,0,0,9,29,130,15,9,2,3,0,25,0,2,9,6,0,0,5,0,5,0,0,23,3,0,1,610,2,23,0,0,0,0,4,0,4,0,3,9,1,5,27,7,17,2026-09-27,data//AFLW_2026-09-27.csv,NA,NA,0.37037037037037035,0.5172413793103449,6,0.391304347826087,1,NA,NA,3.8333333333333335,0.391304347826087,NA,0,0.7777777777777778,0,CD_M20262640707,7,2026-09-27,Adelaide Crows,CD_R202626407
CD_I998032,13,MEDIUM_DEFENDER,"https://s.afl.com.au/staticfile/AFL Tenant/AFL/Players/ChampIDImages/AFLW/2026264/998032.png?im=Scale,width=0.6,height=0.6",Emma,Swanson,CD_T8787,WCE,West Coast Eagles,Eagles,7,89.90000000000009,1,3,0,0,1,0,1,0,3,0,0,7,14,75,9,8,0,0,1,0,0,0,2,3,0,0,1,0,4,1,1,11,6,0,0,322,2,11,0,0,7,0,3,0,1,1,0,4,0,0,13,3,10,2026-09-27,data//AFLW_2026-09-27.csv,0,NA,0.23076923076923078,0.6428571428571429,1,0.7272727272727273,0.3333333333333333,NA,NA,3.6666666666666665,0.36363636363636365,1,0,0,0.09090909090909091,CD_M20262640702,7,2026-09-25,Essendon,CD_R202626407
CD_I998039,7,KEY_FORWARD,"https://s.afl.com.au/staticfile/AFL Tenant/AFL/Players/ChampIDImages/AFLW/2026264/998039.png?im=Scale,width=0.6,height=0.6",Tayla,Harris,CD_T7386,MELB,Melbourne,Demons,7,82.7000000000001,0,0,9,0,5,0,0,2,6,1,0,10,17,76,8,6,1,1,3,33.3,1,0,3,5,17,5,7,0,5,0,0,12,3,0,0,346,1,13,0,0,1,24,2,0,1,1,0,1,0,0,17,6,11,2026-09-27,data//AFLW_2026-09-27.csv,NA,0,0.35294117647058826,0.47058823529411764,2,0.5,0.4,0.7083333333333334,0.20833333333333334,2.4,0.07692307692307693,NA,0.42105263157894735,0.47368421052631576,0,CD_M20262640705,7,2026-09-25,North Melbourne,CD_R202626407
CD_I998040,19,MEDIUM_FORWARD,"https://s.afl.com.au/staticfile/AFL Tenant/AFL/Players/ChampIDImages/AFLW/2026264/998040.png?im=Scale,width=0.6,height=0.6",Hayley,Miller,CD_T7886,FRE,Fremantle,Freo,7,76.89999999999998,1,0,10,2,2,0,0,1,10,0,0,3,20,92,13,7,1,1,2,46.7,0,2,6,8,0,0,4,0,3,0,0,12,4,2,1,239,0,12,0,0,0,0,5,0,3,0,1,4,1,3,20,3,10,2026-09-27,data//AFLW_2026-09-27.csv,NA,NA,0.5,0.65,6,0.5833333333333334,0.75,NA,NA,1.5,0.3333333333333333,NA,0,0.5555555555555556,0,CD_M20262640707,7,2026-09-27,Adelaide Crows,CD_R202626407
CD_I998041,2,MEDIUM_FORWARD,"https://s.afl.com.au/staticfile/AFL Tenant/AFL/Players/ChampIDImages/AFLW/2026264/998041.png?im=Scale,width=0.6,height=0.6",Kellie,Gibson,CD_T8787,WCE,West Coast Eagles,Eagles,7,82.99999999999994,0,0,0,0,6,0,0,0,7,0,0,5,11,40,3,2,3,1,0,25,1,0,7,5,0,0,4,0,2,0,0,6,1,0,0,216,1,20,0,0,0,0,4,0,0,0,0,3,0,0,10,7,3,2026-09-27,data//AFLW_2026-09-27.csv,NA,NA,0.7,0.2727272727272727,1,0.3333333333333333,0.2,NA,NA,1.2,0.15,NA,0,0,0,CD_M20262640702,7,2026-09-25,Essendon,CD_R202626407
CD_I998149,4,MEDIUM_DEFENDER,"https://s.afl.com.au/staticfile/AFL Tenant/AFL/Players/ChampIDImages/AFLW/2026264/998149.png?im=Scale,width=0.6,height=0.6",Paxy,Paxman,CD_T7386,MELB,Melbourne,Demons,7,51.19999999999999,0,0,0,0,2,0,0,0,1,0,0,1,7,22,4,2,1,0,0,33.3,0,0,1,2,0,0,0,0,0,0,0,5,1,0,0,125,1,2,0,0,1,0,1,0,0,0,0,0,0,0,7,3,6,2026-09-27,data//AFLW_2026-09-27.csv,NA,NA,0.14285714285714285,0.5714285714285714,2,0.4,1,NA,NA,2.5,0,NA,0,0,0,CD_M20262640705,7,2026-09-25,North Melbourne,CD_R202626407
CD_I998150,9,MEDIUM_DEFENDER,"https://s.afl.com.au/staticfile/AFL Tenant/AFL/Players/ChampIDImages/AFLW/2026264/998150.png?im=Scale,width=0.6,height=0.6",Emma,Kearney,CD_T8466,NMFC,North Melbourne,Kangaroos,5,78.10000000000002,0,0,0,0,3,1,1,0,5,0,0,7,23,69,16,8,0,1,1,0,0,0,4,11,0,0,1,0,6,2,2,12,3,1,0,271,0,7,0,0,2,0,1,0,0,0,0,1,0,0,21,5,16,2026-09-27,data//AFLW_2026-09-27.csv,1,NA,0.23809523809523808,0.6956521739130435,8,0.6666666666666666,0.7272727272727273,NA,NA,1.0909090909090908,0.14285714285714285,1,0,0,0.5,CD_M20262640705,7,2026-09-25,Melbourne,CD_R202626407
CD_I998157,3,MEDIUM_FORWARD,"https://s.afl.com.au/staticfile/AFL Tenant/AFL/Players/ChampIDImages/AFLW/2026264/998157.png?im=Scale,width=0.6,height=0.6",Katie,Brennan,CD_T8788,RICH,Richmond,Richmond,7,82.7000000000001,0,2,0,0,5,0,0,0,5,0,0,5,20,70,11,3,0,0,1,37.5,0,0,2,10,0,0,4,0,2,0,0,10,5,1,2,267,1,7,0,0,0,0,1,0,0,0,1,1,0,1,22,6,17,2026-09-27,data//AFLW_2026-09-27.csv,NA,NA,0.22727272727272727,0.55,8,0.3,0.8,NA,NA,1,0.14285714285714285,NA,0,0,0,CD_M20262640704,7,2026-09-25,Carlton,CD_R202626407
CD_I998164,2,MEDIUM_DEFENDER,"https://s.afl.com.au/staticfile/AFL Tenant/AFL/Players/ChampIDImages/AFLW/2026264/998164.png?im=Scale,width=0.6,height=0.6",Nicola,Stevens,CD_T8467,GEEL,Geelong Cats,Cats,4,71.29999999999995,0,0,0,0,4,2,2,0,2,0,0,4,2,1,2,1,0,4,0,0,0,0,1,1,0,0,0,0,2,0,0,1,0,0,0,12,2,6,0,0,0,0,0,0,0,1,0,2,0,0,3,0,1,2026-09-27,data//AFLW_2026-09-27.csv,1,NA,0.6666666666666666,1,1,1,1,NA,NA,1,0.3333333333333333,NA,0,0,0,CD_M20262640701,7,2026-09-24,Hawthorn,CD_R202626407
